STARTFONT 2.1
FONT -FontForge-Bremlin-Regular-R-Normal--40-380-75-75-P-267-ISO10646-1
SIZE 38 75 75
FONTBOUNDINGBOX 116 58 -43 -18
COMMENT "Generated by fontforge, http://fontforge.sourceforge.net"
COMMENT "Copyright \(c\) 2022 by Akhmad Reza Fauzi. All rights reserved."
STARTPROPERTIES 40
FOUNDRY "FontForge"
FAMILY_NAME "Bremlin"
WEIGHT_NAME "Regular"
SLANT "R"
SETWIDTH_NAME "Normal"
ADD_STYLE_NAME ""
PIXEL_SIZE 40
POINT_SIZE 380
RESOLUTION_X 75
RESOLUTION_Y 75
SPACING "P"
AVERAGE_WIDTH 267
CHARSET_REGISTRY "ISO10646"
CHARSET_ENCODING "1"
FONTNAME_REGISTRY ""
CHARSET_COLLECTIONS "ISO10646-1"
FONT_NAME "Bremlin-Regular"
FACE_NAME "Bremlin Regular"
COPYRIGHT "Copyright \(c\) 2022 by Akhmad Reza Fauzi. All rights reserved."
FONT_VERSION "Version 1.000"
FONT_ASCENT 32
FONT_DESCENT 8
UNDERLINE_POSITION -5
UNDERLINE_THICKNESS 2
X_HEIGHT 20
CAP_HEIGHT 26
DEFAULT_CHAR 1
RAW_ASCENT 800
RAW_DESCENT 200
NORM_SPACE 9
RELATIVE_WEIGHT 40
RELATIVE_SETWIDTH 50
SUPERSCRIPT_X 0
SUPERSCRIPT_Y 14
SUPERSCRIPT_SIZE 24
SUBSCRIPT_X 0
SUBSCRIPT_Y 3
SUBSCRIPT_SIZE 24
AVG_LOWERCASE_WIDTH 238
AVG_UPPERCASE_WIDTH 271
ENDPROPERTIES
CHARS 551
STARTCHAR uni0000
ENCODING 0
SWIDTH 0 0
DWIDTH 0 0
BBX 1 1 0 0
BITMAP
00
ENDCHAR
STARTCHAR uni000A
ENCODING 10
SWIDTH 333 0
DWIDTH 13 0
BBX 1 1 0 0
BITMAP
00
ENDCHAR
STARTCHAR uni000D
ENCODING 13
SWIDTH 250 0
DWIDTH 10 0
BBX 1 1 0 0
BITMAP
00
ENDCHAR
STARTCHAR space
ENCODING 32
SWIDTH 220 0
DWIDTH 9 0
BBX 1 1 0 0
BITMAP
00
ENDCHAR
STARTCHAR exclam
ENCODING 33
SWIDTH 270 0
DWIDTH 11 0
BBX 9 30 1 -1
BITMAP
3E00
7F00
FF00
FF80
FF80
FF80
FF00
7F00
7F00
7F00
7F00
7F00
7E00
3E00
3E00
3E00
3E00
3C00
1C00
1800
0000
0000
3E00
7F00
FF00
FF80
FF80
FF00
7F00
3E00
ENDCHAR
STARTCHAR quotedbl
ENCODING 34
SWIDTH 419 0
DWIDTH 17 0
BBX 15 12 1 17
BITMAP
3878
7CFC
FEFC
FEFE
FEFC
7EFC
7CFC
7C7C
7C78
3878
3838
3830
ENDCHAR
STARTCHAR numbersign
ENCODING 35
SWIDTH 694 0
DWIDTH 28 0
BBX 26 28 1 -1
BITMAP
000F0780
001F0F00
001E0F00
003E1F00
003C1E00
003C1E00
007C3C00
00783C00
0FFFFF80
1FFFFFC0
1FFFFFC0
01E0F000
01E0F000
03E1F000
03C1E000
03C1E000
07C3E000
FFFFFC00
FFFFFE00
FFFFFC00
0F078000
1F0F8000
1E0F0000
3E1F0000
3C1E0000
3C1E0000
7C3C0000
783C0000
ENDCHAR
STARTCHAR dollar
ENCODING 36
SWIDTH 705 0
DWIDTH 28 0
BBX 26 37 1 -5
BITMAP
000C0000
000C0000
000C0000
000C0000
00FFE000
07FFFC00
1FFFFE00
3FFFFF00
3FCCFF80
7F8C7F80
7F8C7F80
7F8C7F80
7F8C7F80
7FCC3F00
7FEC0C00
3FFC0000
3FFF0000
1FFFE000
07FFF800
03FFFE00
00FFFF00
001FFF80
1C0FFFC0
7F0CFFC0
FF0C7FC0
FF0C7FC0
FF8C7FC0
FF8C7FC0
FFCCFF80
7FFFFF00
3FFFFE00
0FFFFC00
01FFC000
000C0000
000C0000
000C0000
000C0000
ENDCHAR
STARTCHAR percent
ENCODING 37
SWIDTH 971 0
DWIDTH 39 0
BBX 37 30 1 -1
BITMAP
07F0000000
1FFC001E00
3FFE003C00
7E3F007800
7E3F007000
FC3F80F000
FC1F81E000
FC1F83C000
FC1F878000
FC1F878000
FC3F8F0000
7E3F1E0000
7E3F3C0000
3FFE3C0000
1FFC787F00
07F0F1FFC0
0001E3FFE0
0001C7E3F0
0003C7E3F0
00078FC3F8
000F0FC1F8
001E0FC1F8
001E0FC1F8
003C0FC1F8
00780FC3F8
00F007E3F0
00F007E3F0
01E003FFE0
03C001FFC0
0000007F00
ENDCHAR
STARTCHAR ampersand
ENCODING 38
SWIDTH 689 0
DWIDTH 28 0
BBX 26 30 1 -1
BITMAP
00FC0000
03FF0000
07FF8000
0FFFC000
0F87C000
1F87C000
1F87E000
1F87C000
0FCFC000
0FCFC000
0FFF8000
07FF8000
07FF0000
03FE3F80
0FFC3F80
1FFC3F00
3FFE1E00
7FFF1C00
7F3F1C00
FE3F9C00
FC1FFC00
FC0FF800
FC0FF800
FE07F800
FE03FC00
7F03FFC0
7FFFFFC0
3FFFFFC0
1FFF7F80
07F83E00
ENDCHAR
STARTCHAR quotesingle
ENCODING 39
SWIDTH 228 0
DWIDTH 9 0
BBX 7 12 1 17
BITMAP
38
7C
FE
FE
FE
7E
7C
7C
7C
38
38
38
ENDCHAR
STARTCHAR parenleft
ENCODING 40
SWIDTH 323 0
DWIDTH 13 0
BBX 11 32 1 -2
BITMAP
00E0
03C0
0780
0F80
0F00
1F00
3F00
3E00
3E00
7E00
7E00
7E00
FE00
FC00
FC00
FC00
FC00
FC00
FC00
FE00
7E00
7E00
7E00
3E00
3E00
3F00
1F00
0F00
0F80
0780
03C0
00E0
ENDCHAR
STARTCHAR parenright
ENCODING 41
SWIDTH 323 0
DWIDTH 13 0
BBX 11 32 1 -2
BITMAP
E000
7000
7800
3C00
3E00
1F00
1F00
1F80
0F80
0FC0
0FC0
0FC0
0FC0
0FE0
0FE0
0FE0
0FE0
0FE0
0FE0
0FC0
0FC0
0FC0
0FC0
0F80
1F80
1F00
1F00
3E00
3E00
7C00
7800
E000
ENDCHAR
STARTCHAR asterisk
ENCODING 42
SWIDTH 424 0
DWIDTH 17 0
BBX 15 16 1 13
BITMAP
0380
0380
0380
739C
FBBE
FFFE
7FFC
0FE0
0FE0
7FFC
FFFE
FBBE
739C
0380
0380
0380
ENDCHAR
STARTCHAR plus
ENCODING 43
SWIDTH 430 0
DWIDTH 17 0
BBX 15 15 1 6
BITMAP
0380
0380
0380
0380
0380
0380
FFFE
FFFE
FFFE
0380
0380
0380
0380
0380
0380
ENDCHAR
STARTCHAR comma
ENCODING 44
SWIDTH 269 0
DWIDTH 11 0
BBX 9 12 1 -5
BITMAP
3C00
7F00
FF00
FF00
FF80
FF00
7F00
3F00
0E00
1C00
3C00
3000
ENDCHAR
STARTCHAR hyphen
ENCODING 45
SWIDTH 415 0
DWIDTH 17 0
BBX 14 3 1 10
BITMAP
FFFC
FFFC
FFFC
ENDCHAR
STARTCHAR period
ENCODING 46
SWIDTH 269 0
DWIDTH 11 0
BBX 9 8 1 -1
BITMAP
3E00
7F00
FF00
FF80
FF80
FF00
7F00
3E00
ENDCHAR
STARTCHAR slash
ENCODING 47
SWIDTH 506 0
DWIDTH 20 0
BBX 19 31 1 -2
BITMAP
0001E0
0003C0
0003C0
000780
000780
000F00
000F00
001E00
001E00
003C00
003C00
007800
007800
00F000
00F000
01E000
01E000
03C000
03C000
078000
078000
0F0000
0F0000
1E0000
1E0000
3C0000
3C0000
780000
780000
F00000
E00000
ENDCHAR
STARTCHAR zero
ENCODING 48
SWIDTH 617 0
DWIDTH 25 0
BBX 23 30 1 -1
BITMAP
00FE00
03FF80
07FFC0
0FFFE0
1FC7F0
3F83F8
3F83F8
7F01FC
7F01FC
7F01FC
7F01FC
FF01FE
FF01FE
FF01FE
FF01FE
FF01FE
FF01FE
FF01FE
FF01FE
7F01FC
7F01FC
7F01FC
7F01FC
3F83F8
3F83F8
1FC7F0
0FFFE0
07FFC0
03FF80
00FE00
ENDCHAR
STARTCHAR one
ENCODING 49
SWIDTH 294 0
DWIDTH 12 0
BBX 10 29 1 -1
BITMAP
0300
0F00
3F00
FF00
FF00
FF00
7F00
7F00
3F00
3F00
3F00
3F00
3F00
3F00
3F00
3F00
3F00
3F00
3F00
3F00
3F00
3F00
3F00
7F80
7F80
7FC0
FFC0
FFC0
7F80
ENDCHAR
STARTCHAR two
ENCODING 50
SWIDTH 606 0
DWIDTH 24 0
BBX 22 30 1 -1
BITMAP
01FE00
07FFC0
1FFFE0
3FFFF0
7FC3F8
7F83F8
7F83FC
7F83FC
7F83FC
7F03FC
1F07FC
000FF8
001FF8
003FF0
007FE0
01FFC0
03FF80
07FE00
0FFC00
1FF000
3F8000
7F0000
7C001C
78003C
FFFFFC
FFFFFC
FFFFFC
FFFFFC
FFFFF8
FFFFF8
ENDCHAR
STARTCHAR three
ENCODING 51
SWIDTH 605 0
DWIDTH 24 0
BBX 23 30 0 -1
BITMAP
00FF00
07FFE0
1FFFF0
3FFFF8
3FC3FC
7FC1FC
7F81FE
7F81FE
3F81FE
3F81FE
0E03FC
0007FC
003FF8
003FF8
003FF0
003FF8
0007FC
0001FC
0001FE
3E00FE
7F00FE
7F00FE
FF80FE
FF80FE
7F81FE
7FC3FC
3FFFFC
1FFFF8
0FFFE0
01FF00
ENDCHAR
STARTCHAR four
ENCODING 52
SWIDTH 566 0
DWIDTH 23 0
BBX 22 28 0 -1
BITMAP
0007C0
000FE0
000FE0
001FE0
003FE0
007FE0
00FFE0
00FFE0
01EFE0
03EFE0
07CFE0
0F8FE0
0F0FE0
1E0FE0
3E0FE0
7C0FE0
7FFFF8
FFFFFC
FFFFFC
7FFFFC
000FE0
000FE0
000FE0
000FF0
001FF0
001FF0
001FF0
001FF0
ENDCHAR
STARTCHAR five
ENCODING 53
SWIDTH 605 0
DWIDTH 24 0
BBX 23 29 0 -1
BITMAP
07FFFC
07FFFE
0FFFFE
0FFFFE
0FFFFE
0FFFFC
0E0000
1E0000
1E0000
1E0000
1EFF00
1FFFE0
1FFFF8
3FFFFC
3F03FC
3C01FE
0001FE
0000FE
1C00FE
3F00FE
7F00FE
FF80FE
FF81FE
7F81FE
7FC3FC
3FFFF8
1FFFF0
0FFFE0
01FF00
ENDCHAR
STARTCHAR six
ENCODING 54
SWIDTH 607 0
DWIDTH 24 0
BBX 22 30 1 -1
BITMAP
00FF00
07FFC0
0FFFF0
1FFFF8
3F87F8
3F83FC
7F03FC
7F03FC
7F01F8
FF00F0
FE0000
FE3800
FFFF80
FFFFE0
FFFFF0
FF87F8
FF03F8
FF03FC
FF01FC
FE01FC
FE01FC
FE01FC
7E01FC
7F01FC
7F03FC
3F87F8
1FFFF0
0FFFE0
07FFC0
00FE00
ENDCHAR
STARTCHAR seven
ENCODING 55
SWIDTH 517 0
DWIDTH 21 0
BBX 20 28 1 -1
BITMAP
FFFFF0
FFFFF0
FFFFF0
FFFFE0
FFFFE0
FFFFC0
0007C0
000F80
001F80
001F00
003F00
003E00
007E00
00FC00
00FC00
01FC00
01F800
03F800
03F800
03F000
07F000
07F000
07F000
0FF000
0FF000
0FE000
0FE000
0FE000
ENDCHAR
STARTCHAR eight
ENCODING 56
SWIDTH 597 0
DWIDTH 24 0
BBX 23 30 0 -1
BITMAP
00FF00
07FFC0
0FFFF0
1FFFF8
3FC3F8
3F81FC
3F81FC
7F81FC
7F81FE
7F81FC
3F81FC
3F83FC
1FC3F8
1FFFF8
07FFE0
1FFFF8
3FFFFC
7F83FC
7F81FE
7F00FE
FF00FE
FF00FE
FF00FE
7F00FE
7F81FE
3F83FC
3FFFFC
1FFFF0
07FFE0
00FF00
ENDCHAR
STARTCHAR nine
ENCODING 57
SWIDTH 607 0
DWIDTH 24 0
BBX 22 30 1 -1
BITMAP
01FE00
0FFF80
1FFFC0
3FFFE0
7F87F0
7F03F8
FF01F8
FE01FC
FE01FC
FE01FC
FE01FC
FF01FC
FF03FC
7F03FC
7F87FC
3FFFFC
0FFFFC
07FFFC
0071FC
0001FC
1E01FC
7F03FC
7F03F8
7F03F8
7F07F0
7F87F0
7FFFE0
3FFFC0
0FFF80
03FE00
ENDCHAR
STARTCHAR colon
ENCODING 58
SWIDTH 269 0
DWIDTH 11 0
BBX 9 23 1 -1
BITMAP
3C00
7F00
FF00
FF80
FF80
FF00
7F00
3E00
0000
0000
0000
0000
0000
0000
0000
3E00
7F00
FF00
FF80
FF80
FF00
7F00
3E00
ENDCHAR
STARTCHAR semicolon
ENCODING 59
SWIDTH 269 0
DWIDTH 11 0
BBX 9 27 1 -5
BITMAP
3C00
7F00
FF00
FF80
FF80
FF00
7F00
3E00
0000
0000
0000
0000
0000
0000
0000
3E00
7F00
FF00
FF00
FF80
FF00
7F00
3F00
0E00
1C00
3C00
3000
ENDCHAR
STARTCHAR less
ENCODING 60
SWIDTH 560 0
DWIDTH 22 0
BBX 20 18 1 3
BITMAP
000070
0001F0
000FF0
007FF0
01FFC0
0FFE00
7FF000
FFC000
FE0000
FE0000
FFC000
3FF800
0FFE00
01FFC0
003FF0
000FF0
0001F0
000030
ENDCHAR
STARTCHAR equal
ENCODING 61
SWIDTH 404 0
DWIDTH 16 0
BBX 14 8 1 10
BITMAP
FFFC
FFFC
FFFC
0000
0000
FFFC
FFFC
FFFC
ENDCHAR
STARTCHAR greater
ENCODING 62
SWIDTH 560 0
DWIDTH 22 0
BBX 20 18 1 3
BITMAP
E00000
FC0000
FF0000
7FE000
1FFC00
07FF00
00FFE0
001FF0
0007F0
0007F0
003FF0
00FFE0
07FF00
3FF800
FFE000
FF0000
F80000
E00000
ENDCHAR
STARTCHAR question
ENCODING 63
SWIDTH 573 0
DWIDTH 23 0
BBX 21 30 1 -1
BITMAP
03FC00
1FFF80
3FFFC0
7FFFE0
7F87F0
FF07F0
FF07F8
FF07F8
7E07F8
3E0FF0
000FF0
001FE0
003FC0
003F80
007E00
007800
00F000
00F000
00F000
006000
000000
000000
00F000
01F800
03FC00
03FC00
03FC00
03FC00
01F800
00F000
ENDCHAR
STARTCHAR at
ENCODING 64
SWIDTH 864 0
DWIDTH 35 0
BBX 32 30 1 -1
BITMAP
000FFC00
007FFF80
01FFFFE0
03FC07F0
07E001F8
0F8000FC
1F0FC67E
3E1FEF3E
3E3FFF1F
7C7C3F1F
7C7C3F1F
787C3F0F
F8FC3F0F
F8F83F0F
F8F83F0F
F8F83F0F
F8FC3F1F
F87C3F1E
787C3F1E
7C7C3F3C
7C3E7F7C
3E1FEFF8
3E0FC7E0
1F000000
1F80001C
0FE00078
03FC07F0
01FFFFC0
007FFF80
000FFC00
ENDCHAR
STARTCHAR A
ENCODING 65
SWIDTH 689 0
DWIDTH 28 0
BBX 26 28 1 -1
BITMAP
01FC0000
03FF0000
03FF0000
01FF0000
00FF8000
00FF8000
00FFC000
00FFC000
01FFC000
01FFE000
03FFE000
03CFE000
03CFF000
07CFF000
0787F800
0787F800
0F03F800
0F03FC00
1FFFFC00
1FFFFE00
1FFFFE00
3FFFFE00
3C00FF00
7C00FF80
FE01FF80
FE01FFC0
FE01FFC0
FE01FF80
ENDCHAR
STARTCHAR B
ENCODING 66
SWIDTH 673 0
DWIDTH 27 0
BBX 25 28 1 -1
BITMAP
7FFE0000
FFFFE000
FFFFF000
7FFFF800
7F83FC00
7F01FC00
3F01FE00
3F01FE00
3F01FE00
3F01FE00
3F01FC00
3F83FC00
3FFFF800
3FFFF000
3FFFFC00
3FFFFE00
3F81FF00
3F007F80
3F007F80
3F003F80
3F003F80
3F007F80
7F007F80
7F80FF00
7FFFFF00
FFFFFE00
FFFFF800
7FFFC000
ENDCHAR
STARTCHAR C
ENCODING 67
SWIDTH 734 0
DWIDTH 29 0
BBX 27 30 1 -1
BITMAP
003FC000
01FFF800
03FFFE00
07FFFF00
0FE1FF80
1FC0FFC0
3F807FC0
3F807FE0
7F007FE0
7F007FE0
7F007FE0
FE003FC0
FE003F80
FE000F00
FE000000
FE000000
FF000000
FF000020
FF800060
7F8000E0
7FC001E0
7FE007C0
3FF81FC0
3FFFFF80
1FFFFF00
0FFFFF00
07FFFE00
03FFF800
00FFF000
003F8000
ENDCHAR
STARTCHAR D
ENCODING 68
SWIDTH 657 0
DWIDTH 26 0
BBX 24 28 1 -1
BITMAP
7FFC00
FFFF80
FFFFE0
7FFFF0
7F83F8
7F01FC
3F00FC
3F00FE
3F00FE
3F007F
3F007F
3F007F
3F007F
3F007F
3F007F
3F007F
3F007F
3F007F
3F007F
3F00FE
3F00FE
3F01FC
7F01FC
7F83F8
7FFFF0
FFFFE0
FFFF80
7FFC00
ENDCHAR
STARTCHAR E
ENCODING 69
SWIDTH 577 0
DWIDTH 23 0
BBX 21 31 1 -1
BITMAP
0000E0
7FFFF0
FFFFF0
FFFFF0
FFFFF8
7F80F8
7F0078
3F0078
3F0038
3F0000
3F0000
3F0000
3F0080
3F01C0
3FFFC0
3FFFC0
3FFFC0
3FFFC0
3F03C0
3F0180
3F0000
3F0000
3F0000
3F0038
3F0038
7F0078
7F80F8
FFFFF8
FFFFF8
FFFFF0
7FFFF0
ENDCHAR
STARTCHAR F
ENCODING 70
SWIDTH 567 0
DWIDTH 23 0
BBX 21 31 1 -1
BITMAP
0000E0
7FFFF0
FFFFF0
FFFFF0
7FFFF8
7F80F8
7F0078
3F0078
3F0038
3F0000
3F0000
3F0000
3F0180
3F03C0
3FFFC0
3FFFC0
3FFFC0
3FFFC0
3F01C0
3F0080
3F0000
3F0000
3F0000
3F0000
3F8000
7F8000
7F8000
FFC000
FFC000
FFC000
7F8000
ENDCHAR
STARTCHAR G
ENCODING 71
SWIDTH 736 0
DWIDTH 29 0
BBX 28 30 1 -1
BITMAP
001FF000
00FFFC00
03FFFF00
07FFFF80
0FF07FC0
1FC07FC0
3FC03FC0
3F803FC0
7F001FC0
7F001FC0
7F000F80
FF000000
FE000000
FE000000
FE001FE0
FE003FF0
FE003FF0
FF001FE0
FF001FE0
7F001FC0
7F800FC0
7F800FC0
3FC00FC0
3FE01FC0
1FFCFFC0
0FFFFF80
07FFFF00
03FFFE00
00FFF800
003FC000
ENDCHAR
STARTCHAR H
ENCODING 72
SWIDTH 693 0
DWIDTH 28 0
BBX 26 28 1 -1
BITMAP
7F807F80
FFC0FFC0
FFC0FFC0
FFC0FFC0
7F807F80
7F807F80
3F803F00
3F003F00
3F003F00
3F003F00
3F003F00
3F003F00
3FFFFF00
3FFFFF00
3FFFFF00
3FFFFF00
3F003F00
3F003F00
3F003F00
3F003F00
3F003F00
3F003F00
7F807F80
7F807F80
7FC0FFC0
FFC0FFC0
FFC0FFC0
7F807F80
ENDCHAR
STARTCHAR I
ENCODING 73
SWIDTH 294 0
DWIDTH 12 0
BBX 10 28 1 -1
BITMAP
7F80
FFC0
FFC0
7FC0
7F80
7F80
3F80
3F00
3F00
3F00
3F00
3F00
3F00
3F00
3F00
3F00
3F00
3F00
3F00
3F00
3F00
3F00
7F80
7F80
7FC0
FFC0
FFC0
7F80
ENDCHAR
STARTCHAR J
ENCODING 74
SWIDTH 511 0
DWIDTH 20 0
BBX 20 29 0 -1
BITMAP
001FC0
003FE0
003FF0
003FE0
003FE0
001FE0
001FC0
001FC0
001FC0
001FC0
001FC0
001FC0
001FC0
001FC0
001FC0
001FC0
001FC0
181FC0
7E1FC0
7E1FC0
7E1FC0
FE1FC0
FE1FC0
7E1FC0
7E1F80
3FFF80
3FFF00
0FFE00
03F000
ENDCHAR
STARTCHAR K
ENCODING 75
SWIDTH 689 0
DWIDTH 28 0
BBX 26 29 1 -1
BITMAP
3F80FE00
FFC1FF00
FFC1FF00
FFC1FE00
7F81F800
7F83E000
3F87C000
3F0F8000
3F1F0000
3F3F0000
3F7E0000
3FFF0000
3FFFC000
3FFFE000
3FFFF000
3FEFF000
3FC7F800
3F83F800
3F03FC00
3F03FC00
3F03FC00
3F01FE00
3F01FE00
7F81FF00
7F81FF00
FFC0FFC0
FFC0FFC0
FFC07FC0
7F803F00
ENDCHAR
STARTCHAR L
ENCODING 76
SWIDTH 556 0
DWIDTH 22 0
BBX 21 28 1 -1
BITMAP
7F8000
FFC000
FFC000
7FC000
7F8000
7F8000
3F8000
3F0000
3F0000
3F0000
3F0000
3F0000
3F0000
3F0000
3F0000
3F0000
3F0000
3F0000
3F0000
3F0000
3F0038
3F0078
7F00F0
7F81F0
7FFFF0
FFFFF0
FFFFE0
7FFFE0
ENDCHAR
STARTCHAR M
ENCODING 77
SWIDTH 831 0
DWIDTH 33 0
BBX 31 28 1 -1
BITMAP
7F0001FE
FF8001FE
FFC003FE
7FC003FE
7FE007FE
7FE007FC
3FE007FC
3FF00FFC
3FF00FFC
3FF81FFC
3FF81FFC
3FFC3FFC
3FFC3FFC
3DFE3DFC
3DFE7DFC
3CFF79FC
3CFFF9FC
3C7FF9FC
3C7FF1FC
3C3FF1FC
3C3FE1FC
3C3FE1FC
7C1FC1FC
7E1FC3FE
7E0FC3FE
FE0F83FE
FE0783FE
7E0703FE
ENDCHAR
STARTCHAR N
ENCODING 78
SWIDTH 667 0
DWIDTH 27 0
BBX 25 28 1 -1
BITMAP
7E003F00
FF003F80
FF803F80
7F803F80
7FC03F00
7FE01F00
3FF01E00
3FF01E00
3FF81E00
3FFC1E00
3FFE1E00
3FFE1E00
3DFF1E00
3CFF9E00
3CFF9E00
3C7FDE00
3C3FFE00
3C1FFE00
3C1FFE00
3C0FFE00
3C07FE00
3C03FE00
7C03FF00
7E01FF00
7E00FF80
FE007F80
FE007F80
7E003F00
ENDCHAR
STARTCHAR O
ENCODING 79
SWIDTH 721 0
DWIDTH 29 0
BBX 27 30 1 -1
BITMAP
003F8000
00FFE000
03FFF800
07FFFC00
0FE0FE00
1FC07F00
3F807F00
3F803F80
7F803F80
7F001FC0
7F001FC0
FF001FC0
FF001FC0
FF001FE0
FF001FE0
FF001FE0
FF001FE0
FF001FC0
FF001FC0
7F001FC0
7F003FC0
7F003F80
3F803F80
3F807F00
1FC07F00
0FE0FE00
07FFFC00
03FFF800
00FFE000
003F8000
ENDCHAR
STARTCHAR P
ENCODING 80
SWIDTH 639 0
DWIDTH 26 0
BBX 24 28 1 -1
BITMAP
7FFF00
FFFFE0
FFFFF8
7FFFFC
7F83FC
7F01FE
3F00FE
3F00FF
3F00FF
3F00FF
3F00FF
3F00FF
3F00FE
3F01FE
3F03FC
3FFFFC
3FFFF8
3FFFE0
3FFF00
3F0000
3F0000
3F0000
7F8000
7F8000
FFC000
FFC000
FFC000
7F8000
ENDCHAR
STARTCHAR Q
ENCODING 81
SWIDTH 721 0
DWIDTH 29 0
BBX 29 38 1 -9
BITMAP
003F8000
00FFE000
03FFF800
07FFFC00
0FE0FE00
1FC07F00
3F807F00
3F803F80
7F803F80
7F001FC0
7F001FC0
FF001FC0
FF001FC0
FF001FE0
FF001FE0
FF001FE0
FF001FE0
FF001FC0
FF001FC0
7F001FC0
7F003FC0
7F003F80
3F803F80
3F807F00
1FC07F00
0FE0FE00
07FFFC00
03FFF800
01FFE000
007F80E0
000E03F0
000F07F8
000FFFF8
0007FFF8
0003FFF8
0001FFF0
0000FFC0
00000E00
ENDCHAR
STARTCHAR R
ENCODING 82
SWIDTH 646 0
DWIDTH 26 0
BBX 25 28 1 -1
BITMAP
7FFF0000
FFFFE000
FFFFF800
7FFFFC00
7F83FE00
7F01FE00
3F00FF00
3F00FF00
3F00FF00
3F00FF00
3F00FF00
3F01FE00
3F03FE00
3FFFFC00
3FFFF800
3FFFE000
3FFFC000
3F3FE000
3F1FF000
3F0FF000
3F07F800
3F87F800
7F87FC00
7F83FE00
FFC3FF00
FFC3FF80
FFC1FF80
3F80FE00
ENDCHAR
STARTCHAR S
ENCODING 83
SWIDTH 705 0
DWIDTH 28 0
BBX 26 30 1 -1
BITMAP
00FFC000
07FFF800
0FFFFE00
1FFFFF00
3FC0FF80
7F80FF80
7F807F80
7F807F80
7F807F80
7FC03F00
7FE01E00
7FF80000
3FFE0000
1FFFC000
0FFFF000
07FFFC00
01FFFF00
003FFF80
000FFF80
3E03FFC0
7F00FFC0
FF007FC0
FF007FC0
FF807FC0
FF807FC0
FFC0FF80
7FFFFF00
3FFFFE00
0FFFF800
01FFC000
ENDCHAR
STARTCHAR T
ENCODING 84
SWIDTH 650 0
DWIDTH 26 0
BBX 24 31 1 -1
BITMAP
30001C
7FFFFE
FFFFFE
FFFFFF
FFFFFF
F8FF1F
F07E0F
E07E07
C07E03
007E00
007E00
007E00
007E00
007E00
007E00
007E00
007E00
007E00
007E00
007E00
007E00
007E00
007E00
007E00
00FE00
00FF00
00FF00
01FF80
01FF80
01FF80
00FF00
ENDCHAR
STARTCHAR U
ENCODING 85
SWIDTH 693 0
DWIDTH 28 0
BBX 26 29 1 -1
BITMAP
3F800F80
FFC01FC0
FFC01FC0
FFC01FC0
7F801F80
7F800F80
3F800F80
3F000F00
3F000F00
3F000F00
3F000F00
3F000F00
3F000F00
3F000F00
3F000F00
3F000F00
3F000F00
3F000F00
3F000F00
3F800F00
3F800F00
3F800F00
3F801F00
1FC03E00
1FF07E00
0FFFFC00
07FFF800
01FFF000
007F8000
ENDCHAR
STARTCHAR V
ENCODING 86
SWIDTH 679 0
DWIDTH 27 0
BBX 26 28 1 -1
BITMAP
FFC01F80
FFE03FC0
FFC03F80
FFC03F80
7FC01F00
3FC01F00
3FC01E00
1FC03E00
1FE03C00
1FE03C00
0FE07C00
0FF07800
0FF0F800
07F0F000
07F8F000
03F9F000
03FDE000
03FDE000
01FFE000
01FFC000
01FFC000
00FF8000
00FF8000
007F8000
007F0000
007F0000
003F0000
003E0000
ENDCHAR
STARTCHAR W
ENCODING 87
SWIDTH 987 0
DWIDTH 39 0
BBX 38 28 1 -1
BITMAP
FFC1FF81F8
FFC3FF83FC
FFC3FF81FC
FFC1FF81F8
7FC1FF01F8
3F80FF01F0
3FC0FF01E0
3FC07F01E0
1FC0FF83E0
1FE0FF83C0
1FE0FF83C0
0FE1FFC3C0
0FF1FFC780
0FF1FFC780
07F3DFE780
07FBDFEF00
07FBCFEF00
03FF8FFF00
03FF8FFE00
03FF87FE00
01FF07FE00
01FF07FC00
01FF03FC00
00FF03FC00
00FE03F800
00FE01F800
007E01F800
007C01F000
ENDCHAR
STARTCHAR X
ENCODING 88
SWIDTH 712 0
DWIDTH 28 0
BBX 27 28 1 -1
BITMAP
7FF03FC0
FFF87FC0
FFF87FC0
7FF83FC0
7FF03F80
3FF03F00
1FF03F00
0FF87E00
07FCFC00
07FFF800
03FFF000
01FFE000
00FFC000
00FFC000
007FC000
00FFE000
01FFF000
03EFF800
07CFFC00
0FC7FC00
1F83FE00
3F01FF00
7F01FF80
7F01FFC0
FF03FFC0
FF83FFE0
FF83FFE0
FF01FFC0
ENDCHAR
STARTCHAR Y
ENCODING 89
SWIDTH 701 0
DWIDTH 28 0
BBX 26 28 1 -1
BITMAP
FFE03FC0
FFF03FC0
FFF03FC0
FFE03FC0
7FE01F80
3FE01F00
3FE01F00
1FF03E00
0FF07C00
0FF87C00
07FCF800
03FDF000
03FFF000
01FFE000
00FFC000
00FFC000
007F8000
007F0000
007F0000
007F0000
007F0000
007F0000
007F8000
007F8000
00FF8000
00FFC000
00FFC000
007F8000
ENDCHAR
STARTCHAR Z
ENCODING 90
SWIDTH 654 0
DWIDTH 26 0
BBX 24 31 1 -1
BITMAP
1C0000
3FFFFE
3FFFFF
3FFFFE
3FFFFE
3E03FC
7C07F8
780FF8
300FF0
001FF0
001FE0
003FE0
003FC0
007FC0
007F80
00FF00
01FF00
01FE00
03FE00
03FC00
07FC00
07F800
0FF002
1FF007
1FE00F
3FE00F
3FC01F
7FFFFF
7FFFFF
FFFFFE
7FFFFC
ENDCHAR
STARTCHAR bracketleft
ENCODING 91
SWIDTH 294 0
DWIDTH 12 0
BBX 9 32 2 -2
BITMAP
FF00
FF80
FF00
F800
F800
F800
F800
F800
F800
F800
F800
F800
F800
F800
F800
F800
F800
F800
F800
F800
F800
F800
F800
F800
F800
F800
F800
F800
F800
FF00
FF80
FF00
ENDCHAR
STARTCHAR backslash
ENCODING 92
SWIDTH 516 0
DWIDTH 21 0
BBX 19 31 1 -2
BITMAP
F00000
F00000
780000
780000
3C0000
3C0000
1E0000
1E0000
0F0000
0F0000
078000
078000
03C000
03C000
01E000
01E000
00F000
00F000
007800
007800
003C00
001C00
001E00
000E00
000F00
000780
000780
0003C0
0003C0
0001E0
0001E0
ENDCHAR
STARTCHAR bracketright
ENCODING 93
SWIDTH 294 0
DWIDTH 12 0
BBX 9 32 1 -2
BITMAP
7F80
FF80
FF80
0F80
0F80
0F80
0F80
0F80
0F80
0F80
0F80
0F80
0F80
0F80
0F80
0F80
0F80
0F80
0F80
0F80
0F80
0F80
0F80
0F80
0F80
0F80
0F80
0F80
0F80
7F80
FF80
FF80
ENDCHAR
STARTCHAR asciicircum
ENCODING 94
SWIDTH 408 0
DWIDTH 16 0
BBX 14 14 1 15
BITMAP
0300
0780
0780
0FC0
0FC0
0FE0
1FE0
1FF0
3CF0
3CF0
7C78
7878
783C
F03C
ENDCHAR
STARTCHAR underscore
ENCODING 95
SWIDTH 429 0
DWIDTH 17 0
BBX 17 3 0 -3
BITMAP
7FFF80
FFFF80
FFFF80
ENDCHAR
STARTCHAR grave
ENCODING 96
SWIDTH 272 0
DWIDTH 11 0
BBX 9 8 1 22
BITMAP
7000
F800
FC00
FE00
FF00
3F80
0F80
0180
ENDCHAR
STARTCHAR a
ENCODING 97
SWIDTH 601 0
DWIDTH 24 0
BBX 22 22 1 -1
BITMAP
03FE00
0FFF80
3FFFC0
3F8FE0
7F07F0
7F03F0
7E07F0
3E07F0
0C1FF0
00FFF0
07FFF0
1FFFF0
7FE3F0
FF83F0
FF07F0
FF07F0
FF0FF0
FFFFF8
FFFFFC
7FFBFC
3FF3FC
1F80F8
ENDCHAR
STARTCHAR b
ENCODING 98
SWIDTH 638 0
DWIDTH 26 0
BBX 24 30 1 -1
BITMAP
1F0000
7F0000
FF0000
FF0000
FF0000
7F0000
7F0000
3F0000
3F1FC0
3F3FF0
3F7FF8
3FF3FC
3FE1FC
3FC0FE
3FC0FE
3FC0FE
3FC0FF
3FC07F
3FC07F
3FC07F
3FC07F
3FC0FF
3FC0FE
3FC0FE
7FC0FE
7FE0FC
FFF1FC
FFFFF8
FF7FF0
7F1FC0
ENDCHAR
STARTCHAR c
ENCODING 99
SWIDTH 577 0
DWIDTH 23 0
BBX 21 22 1 -1
BITMAP
01FE00
07FF80
0FFFC0
1F8FE0
3F0FF0
7F07F0
7F07F8
7E07F8
FE07F0
FE03E0
FE0080
FE0000
FF0008
FF0018
7F8038
7FE0F8
7FFFF0
3FFFE0
1FFFE0
0FFFC0
07FF00
01FC00
ENDCHAR
STARTCHAR d
ENCODING 100
SWIDTH 638 0
DWIDTH 26 0
BBX 24 31 1 -2
BITMAP
00007C
0001FC
0003FC
0003FC
0003FC
0001FC
0001FC
0001FC
03F1FC
0FFDFC
1FFFFC
3FDFFC
3F87FC
7F07FC
7F03FC
7F03FC
FE03FC
FE03FC
FE03FC
FE03FC
FE03FC
FE03FC
FE03FC
7F03FC
7F03FE
7F07FE
3F87FE
1FFFFF
0FFCFF
07F0FE
008000
ENDCHAR
STARTCHAR e
ENCODING 101
SWIDTH 577 0
DWIDTH 23 0
BBX 21 22 1 -1
BITMAP
01FE00
07FF80
0FFFC0
1F8FE0
3F0FF0
3F07F0
7F07F0
7E07F0
FE07F0
FE0FF0
FE1FE0
FE3FC0
FFFF80
FFFE18
7F8038
7FC0F8
7FFFF0
3FFFE0
1FFFE0
0FFFC0
07FF00
01FC00
ENDCHAR
STARTCHAR f
ENCODING 102
SWIDTH 426 0
DWIDTH 17 0
BBX 21 32 1 -1
BITMAP
007F00
01FFC0
03FFE0
07E3F0
0FC1F8
0FC1F8
1FC0F0
1FC060
1FC000
1FC000
FFFC00
FFFE00
FFFE00
7FFC00
1FC000
1FC000
1FC000
1FC000
1FC000
1FC000
1FC000
1FC000
1FC000
1FC000
1FC000
1FC000
1FC000
3FE000
3FE000
3FE000
3FE000
3FE000
ENDCHAR
STARTCHAR g
ENCODING 103
SWIDTH 565 0
DWIDTH 23 0
BBX 23 41 0 -13
BITMAP
0003E0
0007F8
000FF8
000FFC
000FF8
000CF8
000830
01FE00
07FF80
0FFFE0
1FCFF0
3F87F0
7F03F8
7F03F8
7F03F8
7F03F8
7F03F8
7F03F8
7F03F8
3F03F8
3F83F0
1F87E0
0FFFC0
1FFF80
3CFC00
3C0000
7FFF80
7FFFF0
7FFFFC
3FFFFC
3FFFFE
3FFFFE
782FFE
F8007E
FC007E
FF01FE
FFFFFC
7FFFF8
3FFFF0
0FFFC0
003800
ENDCHAR
STARTCHAR h
ENCODING 104
SWIDTH 598 0
DWIDTH 24 0
BBX 22 30 1 -1
BITMAP
1F0000
7F0000
FF0000
FF0000
FF0000
7F0000
7F0000
3F0000
3F1F80
3F3FE0
3FFFF0
3FFFF0
3FFFF8
3F87F8
3F83F8
3F83F8
3F03F8
3F03F8
3F03F8
3F03F8
3F03F8
3F03F8
3F03F8
3F83F8
7F87F8
7F87F8
FFC7FC
FFCFFC
FFCFFC
7F87FC
ENDCHAR
STARTCHAR i
ENCODING 105
SWIDTH 294 0
DWIDTH 12 0
BBX 10 32 1 -1
BITMAP
1E00
7F00
7F80
7F80
7F80
7F80
7F00
3E00
0000
0000
0F00
3F00
7F00
FF00
FF00
7F00
7F00
7F00
3F00
3F00
3F00
3F00
3F00
3F00
3F00
3F80
7F80
7F80
FFC0
FFC0
FFC0
7F80
ENDCHAR
STARTCHAR j
ENCODING 106
SWIDTH 294 0
DWIDTH 12 0
BBX 18 43 -8 -12
BITMAP
000E00
001F80
003FC0
003FC0
003FC0
003FC0
003F80
001F00
000000
000000
000780
001F80
007F80
007F80
007F80
003F80
003F80
001F80
001F80
001F80
001F80
001F80
001F80
001F80
001F80
001F80
001F80
001F80
001F80
001F80
001F80
001F80
001F80
001F80
781F80
FC1F80
FC1F80
FC1F80
FE3F80
7E3F00
7FFE00
1FFC00
07F000
ENDCHAR
STARTCHAR k
ENCODING 107
SWIDTH 621 0
DWIDTH 25 0
BBX 23 31 1 -1
BITMAP
0F0000
7F0000
FF0000
FF0000
FF0000
7F0000
7F0000
3F0000
3F0000
3F07F8
3F07F8
3F07F8
3F07F0
3F0FC0
3F1F00
3F3E00
3FFC00
3FFC00
3FFF00
3FFF80
3FFFC0
3F1FE0
3F1FE0
3F0FF0
7F8FF0
7F8FF8
7F87FC
FFC7FE
FFC3FE
FFC3FE
7F80FC
ENDCHAR
STARTCHAR l
ENCODING 108
SWIDTH 294 0
DWIDTH 12 0
BBX 10 29 1 -1
BITMAP
0F00
7F00
FF00
FF00
FF00
7F00
7F00
3F00
3F00
3F00
3F00
3F00
3F00
3F00
3F00
3F00
3F00
3F00
3F00
3F00
3F00
3F00
3F00
7F80
7F80
7FC0
FFC0
FFC0
7F80
ENDCHAR
STARTCHAR m
ENCODING 109
SWIDTH 902 0
DWIDTH 36 0
BBX 34 22 1 -1
BITMAP
0F1F80F800
3F3FE3FE00
FFFFF7FF00
FFFFFFFF00
FFFFFFFF80
7F87F87F80
7F83F83F80
3F83F83F80
3F03F83F80
3F03F83F80
3F03F83F80
3F03F83F80
3F03F83F80
3F03F83F80
3F03F83F80
3F83F83F80
7F87F83F80
7F87F87FC0
FFC7FC7FC0
FFCFFC7FC0
FFCFFC7FC0
7F87FC7FC0
ENDCHAR
STARTCHAR n
ENCODING 110
SWIDTH 598 0
DWIDTH 24 0
BBX 22 22 1 -1
BITMAP
0F1F80
3F3FE0
FFFFF0
FFFFF0
FFFFF8
7F87F8
7F83F8
3F83F8
3F03F8
3F03F8
3F03F8
3F03F8
3F03F8
3F03F8
3F03F8
3F83F8
7F87F8
7F87F8
FFC7FC
FFCFFC
FFCFFC
7F87FC
ENDCHAR
STARTCHAR o
ENCODING 111
SWIDTH 569 0
DWIDTH 23 0
BBX 21 22 1 -1
BITMAP
01FC00
07FF00
0FFF80
1F8FC0
3F07E0
7F07F0
7F07F0
7F03F0
FE03F8
FE03F8
FE03F8
FE03F8
FE03F8
FE03F8
7E03F8
7F07F0
7F07F0
3F07E0
1F8FC0
0FFF80
07FF00
01FC00
ENDCHAR
STARTCHAR p
ENCODING 112
SWIDTH 638 0
DWIDTH 26 0
BBX 24 30 1 -9
BITMAP
0F1FC0
3F3FF0
FF7FF8
FFF3FC
FFE1FC
7FC0FE
7FC0FE
3FC0FE
3FC0FF
3FC07F
3FC07F
3FC07F
3FC07F
3FC0FF
3FC0FE
3FC0FE
3FC0FE
3FE0FC
3FF1FC
3F7FF8
3F3FF0
3F0FC0
3F0000
3F0000
7F8000
7F8000
7FC000
FFC000
FFC000
FFC000
ENDCHAR
STARTCHAR q
ENCODING 113
SWIDTH 638 0
DWIDTH 26 0
BBX 24 30 1 -9
BITMAP
03F0FE
0FFDFF
1FFFFF
3FCFFE
3F87FE
7F07FE
7F03FC
7F03FC
FE03FC
FE03FC
FE03FC
FE03FC
FE03FC
FE03FC
7E03FC
7F03FC
7F03FC
3F07FC
3F8FFC
1FFFFC
0FFDFC
03F1FC
0001FC
0001FC
0001FC
0001FE
0003FE
0003FF
0003FF
0003FE
ENDCHAR
STARTCHAR r
ENCODING 114
SWIDTH 567 0
DWIDTH 23 0
BBX 21 22 1 -1
BITMAP
0F1F00
3F3FC0
7F7FE0
FFFFF0
FFFFF8
7F8FF8
7F87F8
7F87F8
3F07F0
3F03F0
3F01C0
3F0000
3F0000
3F0000
3F0000
3F8000
7F8000
7F8000
FFC000
FFC000
FFC000
7F8000
ENDCHAR
STARTCHAR s
ENCODING 115
SWIDTH 553 0
DWIDTH 22 0
BBX 20 22 1 -1
BITMAP
07FC00
1FFF80
3FFFC0
7F8FE0
7F07E0
7E07F0
7E07E0
7F03E0
7FC180
3FFC00
3FFF00
0FFFC0
03FFE0
307FF0
7C0FF0
FC07F0
FC07F0
FE07F0
FF0FE0
7FFFE0
3FFF80
07FC00
ENDCHAR
STARTCHAR t
ENCODING 116
SWIDTH 382 0
DWIDTH 15 0
BBX 15 29 0 -1
BITMAP
01C0
03C0
07C0
07C0
0FC0
1FC0
3FC0
FFFC
FFFE
FFFE
7FFC
0FC0
0FC0
0FC0
0FC0
0FC0
0FC0
0FC0
0FC0
0FC0
0FC0
0FC0
0FC0
0FE6
0FFE
0FFE
0FFC
0FF8
03E0
ENDCHAR
STARTCHAR u
ENCODING 117
SWIDTH 608 0
DWIDTH 24 0
BBX 23 22 1 -1
BITMAP
0F0070
3F03F8
FF07F8
FF0FF8
FF0FF8
7F07F8
7F07F8
7F03F8
3F03F8
3F03F8
3F03F8
3F03F8
3F03F8
3F03F8
3F03F8
3F83F8
3F87F8
3FFFF8
3FFFFC
3FFFFE
1FF9FC
07E0F8
ENDCHAR
STARTCHAR v
ENCODING 118
SWIDTH 573 0
DWIDTH 23 0
BBX 23 22 0 -1
BITMAP
7FC0FC
FFE0FE
FFE0FE
FFE0FE
7FC0FC
3FC0F8
3FC0F8
1FE0F0
1FE0F0
0FE1E0
0FF1E0
07F3E0
07FBC0
07FBC0
03FF80
03FF80
03FF80
01FF00
01FF00
00FE00
00FE00
007C00
ENDCHAR
STARTCHAR w
ENCODING 119
SWIDTH 900 0
DWIDTH 36 0
BBX 36 22 0 -1
BITMAP
7FC1FF07E0
FFE3FF07F0
FFE3FF87F0
FFE3FF07F0
7FC1FF07E0
3FC1FF03C0
3FC0FE07C0
1FC0FF0780
1FE0FF0780
0FE1FF0F00
0FF1FF8F00
07F1FF8F00
07F3FF9E00
07FBFFDE00
03FB9FDC00
03FF9FFC00
03FF8FFC00
01FF0FF800
01FF0FF800
00FE07F800
00FE07F000
007C03E000
ENDCHAR
STARTCHAR x
ENCODING 120
SWIDTH 553 0
DWIDTH 22 0
BBX 21 22 1 -1
BITMAP
FFC3F0
FFE7F0
FFE7F0
FFE7F0
7FC3F0
7FC3E0
3FC3C0
1FE780
0FFF00
07FE00
03FC00
03FE00
07FE00
0F7F00
1E7F80
3E3FC0
7C3FE0
FC3FF0
FE3FF0
FE3FF8
FE3FF8
FC3FF0
ENDCHAR
STARTCHAR y
ENCODING 121
SWIDTH 573 0
DWIDTH 23 0
BBX 24 33 -1 -12
BITMAP
3FE07E
7FF07F
7FF07F
3FF07F
3FE07E
1FE07C
0FE078
0FF078
07F0F8
07F8F0
07F8F0
03F9E0
03FDE0
01FDE0
01FFC0
01FFC0
00FFC0
00FF80
007F80
007F80
007F00
003F00
003E00
001E00
001E00
783C00
7C3C00
FE3C00
FE7800
7FF800
7FF000
3FE000
0F8000
ENDCHAR
STARTCHAR z
ENCODING 122
SWIDTH 510 0
DWIDTH 20 0
BBX 19 22 1 -1
BITMAP
3FFFC0
3FFFC0
7FFFC0
7FFF80
787F80
F0FF00
60FF00
01FE00
01FE00
03FC00
03FC00
07F800
0FF000
0FF000
1FE000
1FE0C0
3FC1E0
3FC3C0
7FFFC0
7FFFC0
FFFF80
7FFF80
ENDCHAR
STARTCHAR braceleft
ENCODING 123
SWIDTH 311 0
DWIDTH 12 0
BBX 10 32 1 -2
BITMAP
0FC0
1FC0
3FC0
7E00
7C00
7C00
7E00
7E00
3E00
3E00
3E00
3E00
3F00
3F00
3E00
FE00
FC00
FE00
3E00
3F00
3F00
3E00
3E00
3E00
3E00
7E00
7E00
7C00
7C00
3FC0
3FC0
0FC0
ENDCHAR
STARTCHAR bar
ENCODING 124
SWIDTH 145 0
DWIDTH 6 0
BBX 4 32 1 -1
BITMAP
60
F0
F0
F0
F0
F0
F0
F0
F0
F0
F0
F0
F0
F0
F0
F0
F0
F0
F0
F0
F0
F0
F0
F0
F0
F0
F0
F0
F0
F0
F0
E0
ENDCHAR
STARTCHAR braceright
ENCODING 125
SWIDTH 321 0
DWIDTH 13 0
BBX 11 32 1 -2
BITMAP
7C00
FF00
FF80
0F80
0F80
0F80
0F80
0F80
1F80
1F80
1F00
1F00
1F00
1F00
1F00
0FC0
0FE0
1FC0
1F00
1F00
1F00
1F00
1F80
1F80
0F80
0F80
0F80
0F80
0F80
7F80
FF00
FE00
ENDCHAR
STARTCHAR asciitilde
ENCODING 126
SWIDTH 453 0
DWIDTH 18 0
BBX 16 6 1 11
BITMAP
1F83
3FFF
7FFE
7FFE
FFFC
C1F8
ENDCHAR
STARTCHAR exclamdown
ENCODING 161
SWIDTH 270 0
DWIDTH 11 0
BBX 9 29 1 -3
BITMAP
3E00
7F00
FF00
FF80
FF80
FF00
7F00
3E00
0000
0000
1C00
1C00
3C00
3E00
3E00
3E00
3E00
7E00
7F00
7F00
7F00
7F00
FF00
FF00
FF80
FF80
FF00
7F00
3E00
ENDCHAR
STARTCHAR cent
ENCODING 162
SWIDTH 545 0
DWIDTH 22 0
BBX 20 30 1 -1
BITMAP
006000
006000
006000
006000
03FE00
0FFF80
1FFFC0
3F6FE0
7C67E0
7C67F0
F863F0
F863F0
F863F0
F861E0
F86000
F86000
F86010
F86030
FC6070
7E60F0
7F63E0
7FFFE0
3FFFC0
1FFF80
0FFF00
03FC00
006000
006000
006000
006000
ENDCHAR
STARTCHAR sterling
ENCODING 163
SWIDTH 592 0
DWIDTH 24 0
BBX 22 30 1 -1
BITMAP
01FF00
07FFC0
1FFFE0
3FFFF0
3F87F8
7F07F8
7F03F8
7F03F8
7F03F8
7F01F0
7F8000
7F8000
3F8000
3FC000
1FC000
FFFF80
FFFF80
FFFF80
0FC000
0FC000
0FC000
1FC000
1F801C
7F007C
FFFFFC
FFFFFC
FFFFF8
FFFFF8
FFFFF8
FFFFF0
ENDCHAR
STARTCHAR yen
ENCODING 165
SWIDTH 701 0
DWIDTH 28 0
BBX 26 28 1 -1
BITMAP
FFF03FC0
FFF03FC0
FFF03FC0
FFE03FC0
7FE01F80
3FE01F00
1FE03E00
1FF03E00
0FF87C00
07F8F800
07FCF800
03FDF000
01FFE000
01FFE000
0FFFFC00
0FFFFC00
0FFFFC00
007F0000
007F0000
0FFFFC00
0FFFFC00
0FFFFC00
007F8000
007F8000
00FF8000
00FFC000
00FFC000
007F8000
ENDCHAR
STARTCHAR section
ENCODING 167
SWIDTH 573 0
DWIDTH 23 0
BBX 21 32 1 -1
BITMAP
03FE00
1FFF80
3FFFE0
3F8FE0
7F07F0
7F03F0
7F03F0
7F83E0
7FE000
3FFC00
1FFF80
0FFFE0
1FFFF0
3FFFF0
7F0FF8
7F07F8
7F07F8
7F07F0
7FFFF0
3FFFE0
1FFF80
0FFFC0
03FFF0
007FF0
7C0FF8
7E07F8
FE07F8
FE07F0
7F0FF0
7FFFE0
1FFFC0
07FE00
ENDCHAR
STARTCHAR copyright
ENCODING 169
SWIDTH 780 0
DWIDTH 31 0
BBX 29 30 1 -1
BITMAP
003FE000
00FFFC00
03C01E00
07000380
0E0001C0
180000E0
380FC060
303FF030
607CF830
60F07C18
60E07C18
C1E03C18
C1E03C18
C1E03C18
C1E00008
C1E00008
C1E00218
C1E00618
C1F00C18
60F83C18
60FFF818
607FF030
303FE030
380F8060
180000E0
0E0001C0
07000780
03C01E00
00FFFC00
001FE000
ENDCHAR
STARTCHAR ordfeminine
ENCODING 170
SWIDTH 387 0
DWIDTH 15 0
BBX 14 16 1 12
BITMAP
0F00
1F00
0F80
0F80
0FC0
1FC0
1FC0
1BE0
39E0
31F0
7FF0
7FF0
60F8
F0FC
F0FC
E0F8
ENDCHAR
STARTCHAR guillemotleft
ENCODING 171
SWIDTH 612 0
DWIDTH 24 0
BBX 22 19 1 1
BITMAP
001804
00381C
00F83C
01F07C
03E1F8
0FC3F0
1F87E0
3F1FC0
7E3F80
FC3F00
7E3F80
3F1FC0
1F87E0
0FC3F0
03E1F8
01F07C
00F83C
00381C
001804
ENDCHAR
STARTCHAR registered
ENCODING 174
SWIDTH 780 0
DWIDTH 31 0
BBX 29 30 1 -1
BITMAP
001FE000
00FFFC00
03E01E00
07000780
0E0001C0
1C0000C0
38000060
30FFE070
70FFF830
60787830
60787C18
C0783C18
C0783C18
C0787C18
C078F808
C07FF008
C07FC018
C07BE018
C079F018
6078F818
6078F818
60FCFC30
30FC7E30
38003C60
180000E0
0E0001C0
07000780
03C01E00
00FFFC00
001FE000
ENDCHAR
STARTCHAR degree
ENCODING 176
SWIDTH 360 0
DWIDTH 14 0
BBX 12 12 1 17
BITMAP
1F80
3FC0
7FE0
7FF0
F0F0
F070
F0F0
F8F0
7FF0
7FE0
3FC0
0600
ENDCHAR
STARTCHAR twosuperior
ENCODING 178
SWIDTH 381 0
DWIDTH 15 0
BBX 13 16 1 13
BITMAP
0FC0
3FE0
7CF0
78F8
78F8
78F8
01F0
07F0
0FC0
3F80
7C00
7000
E038
FFF8
FFF8
FFF0
ENDCHAR
STARTCHAR threesuperior
ENCODING 179
SWIDTH 390 0
DWIDTH 16 0
BBX 13 16 1 13
BITMAP
0FC0
3FF0
7CF8
7878
7878
78F8
01F8
03F0
03F0
00F8
7078
F878
F878
7CF8
7FF0
1FC0
ENDCHAR
STARTCHAR periodcentered
ENCODING 183
SWIDTH 269 0
DWIDTH 11 0
BBX 9 8 1 8
BITMAP
3C00
7F00
FF00
FF80
FF80
FF00
7F00
3E00
ENDCHAR
STARTCHAR onesuperior
ENCODING 185
SWIDTH 206 0
DWIDTH 8 0
BBX 6 16 1 13
BITMAP
18
78
F8
78
78
78
78
78
78
78
78
78
78
7C
7C
7C
ENDCHAR
STARTCHAR ordmasculine
ENCODING 186
SWIDTH 392 0
DWIDTH 16 0
BBX 13 16 1 13
BITMAP
0F80
1FE0
3FF0
7CF0
7878
F878
F878
F878
F878
F878
F878
7878
7CF8
3FF0
1FE0
0FC0
ENDCHAR
STARTCHAR guillemotright
ENCODING 187
SWIDTH 612 0
DWIDTH 24 0
BBX 22 19 1 1
BITMAP
C02000
E03800
F03C00
FC3E00
7E1F80
1F0FC0
0FC7E0
07E3F8
03F1FC
01F8FC
03F1FC
07E3F8
0FC7F0
1F0FC0
7E1F80
FC3F00
F03C00
E03800
C03000
ENDCHAR
STARTCHAR questiondown
ENCODING 191
SWIDTH 553 0
DWIDTH 22 0
BBX 20 30 1 -4
BITMAP
00F800
01FC00
01FC00
03FE00
03FE00
01FC00
01FC00
00F800
000000
000000
002000
007000
007000
00F000
01F000
03E000
0FE000
3FC000
7F8000
FF0000
FF03E0
FE07F0
FE07F0
FE07F0
FF0FF0
7F0FF0
7FFFE0
1FFFC0
07FF00
00F800
ENDCHAR
STARTCHAR Agrave
ENCODING 192
SWIDTH 689 0
DWIDTH 28 0
BBX 26 37 1 -1
BITMAP
00E00000
01F00000
01F80000
01FC0000
01FE0000
007F0000
001F0000
00030000
00000000
01FC0000
03FF0000
03FF0000
01FF0000
00FF8000
00FF8000
00FFC000
00FFC000
01FFC000
01FFE000
03FFE000
03CFE000
03CFF000
07CFF000
0787F800
0787F800
0F03F800
0F03FC00
1FFFFC00
1FFFFE00
1FFFFE00
3FFFFE00
3C00FF00
7C00FF80
FE01FF80
FE01FFC0
FE01FFC0
FE01FF80
ENDCHAR
STARTCHAR Aacute
ENCODING 193
SWIDTH 689 0
DWIDTH 28 0
BBX 26 37 1 -1
BITMAP
00038000
0007C000
000FC000
001FC000
003FC000
007F0000
007C0000
00600000
00000000
01FC0000
03FF0000
03FF0000
01FF0000
00FF8000
00FF8000
00FFC000
00FFC000
01FFC000
01FFE000
03FFE000
03CFE000
03CFF000
07CFF000
0787F800
0787F800
0F03F800
0F03FC00
1FFFFC00
1FFFFE00
1FFFFE00
3FFFFE00
3C00FF00
7C00FF80
FE01FF80
FE01FFC0
FE01FFC0
FE01FF80
ENDCHAR
STARTCHAR Acircumflex
ENCODING 194
SWIDTH 689 0
DWIDTH 28 0
BBX 26 38 1 -1
BITMAP
00180000
003C0000
007E0000
00FF0000
00FF0000
01FF8000
01E78000
03C3C000
01008000
00000000
01FC0000
03FF0000
03FF0000
01FF0000
00FF8000
00FF8000
00FFC000
00FFC000
01FFC000
01FFE000
03FFE000
03CFE000
03CFF000
07CFF000
0787F800
0787F800
0F03F800
0F03FC00
1FFFFC00
1FFFFE00
1FFFFE00
3FFFFE00
3C00FF00
7C00FF80
FE01FF80
FE01FFC0
FE01FFC0
FE01FF80
ENDCHAR
STARTCHAR Atilde
ENCODING 195
SWIDTH 689 0
DWIDTH 28 0
BBX 26 36 1 -1
BITMAP
00706000
01FCE000
01FFC000
03FFC000
03FFC000
030F8000
02020000
00000000
01FE0000
03FF0000
01FF0000
01FF0000
00FF8000
00FF8000
00FFC000
00FFC000
01FFC000
01FFE000
03FFE000
03CFE000
03CFF000
07CFF000
0787F800
0787F800
0F03F800
0F03FC00
1FFFFC00
1FFFFE00
1FFFFE00
3FFFFE00
3C00FF00
7C00FF80
FE01FF80
FE01FFC0
FE01FFC0
FE01FF80
ENDCHAR
STARTCHAR Adieresis
ENCODING 196
SWIDTH 689 0
DWIDTH 28 0
BBX 26 36 1 -1
BITMAP
03878000
07CFC000
0FEFC000
0FEFE000
0FCFC000
07C78000
00000000
00000000
01FE0000
03FF0000
01FF0000
01FF0000
00FF8000
00FF8000
00FFC000
00FFC000
01FFC000
01FFE000
03FFE000
03CFF000
03CFF000
07C7F000
0787F800
0F87F800
0F03F800
0F03FC00
1FFFFC00
1FFFFE00
1FFFFE00
3FFFFE00
3C00FF00
7C00FF80
FE01FF80
FE01FFC0
FE01FFC0
FE01FF80
ENDCHAR
STARTCHAR Aring
ENCODING 197
SWIDTH 689 0
DWIDTH 28 0
BBX 26 38 1 -1
BITMAP
00100000
007E0000
00FE0000
00E70000
00C30000
00E70000
00FF0000
007E0000
00180000
00000000
01FE0000
03FF0000
01FF0000
01FF8000
00FF8000
00FF8000
00FFC000
01FFC000
01FFC000
01FFE000
03FFE000
03CFF000
03CFF000
07C7F000
0787F800
0F87F800
0F03F800
0F03FC00
1FFFFC00
1FFFFE00
1FFFFE00
3FFFFE00
3C00FF00
7C00FF80
FE01FF80
FE01FFC0
FE01FFC0
FE01FF80
ENDCHAR
STARTCHAR AE
ENCODING 198
SWIDTH 892 0
DWIDTH 36 0
BBX 34 31 1 -1
BITMAP
0000000700
00FFFFFF00
00FFFFFF80
00FFFFFF80
00FFFFFF80
007FF80F80
007FF807C0
007FF803C0
007FF80180
007FF80000
007BF80000
00FBF80000
00F3F80C00
01F3F81C00
01E3FFFC00
03E3FFFC00
03C3FFFC00
07C3FFFC00
0783F81C00
0F83F80C00
0FFFF80000
1FFFF80000
1FFFF80000
3FFFF801C0
3E03F803C0
7C03F803C0
7E03F807C0
FE07FFFF80
FE07FFFF80
FE07FFFF80
FE07FFFF00
ENDCHAR
STARTCHAR Ccedilla
ENCODING 199
SWIDTH 734 0
DWIDTH 29 0
BBX 28 40 1 -11
BITMAP
003FC000
01FFF800
03FFFE00
07FFFF00
0FE1FF80
1FC0FFC0
3F807FC0
3F807FE0
7F007FE0
7F007FE0
7F007FE0
FE003FC0
FE003F80
FE000F00
FE000000
FF000000
FF000000
FF000030
FF000060
7F8000E0
7FC003E0
7FE007C0
3FF83FC0
3FFFFF80
1FFFFF00
0FFFFF00
07FFFE00
03FFF800
01FFF000
003FC000
001C0000
001C0000
003E0000
003F0000
00038000
00638000
00738000
00738000
007F8000
003F0000
ENDCHAR
STARTCHAR Egrave
ENCODING 200
SWIDTH 577 0
DWIDTH 23 0
BBX 21 39 1 -1
BITMAP
03C000
03E000
07F000
07F800
03FC00
00FC00
003E00
000400
0000E0
7FFFF0
FFFFF0
FFFFF0
FFFFF8
7F80F8
7F0078
3F0078
3F0038
3F0000
3F0000
3F0000
3F0080
3F01C0
3FFFC0
3FFFC0
3FFFC0
3FFFC0
3F03C0
3F0180
3F0000
3F0000
3F0000
3F0038
3F0038
7F0078
7F80F8
FFFFF8
FFFFF8
FFFFF0
7FFFF0
ENDCHAR
STARTCHAR Eacute
ENCODING 201
SWIDTH 577 0
DWIDTH 23 0
BBX 21 39 1 -1
BITMAP
001E00
003F00
007F00
007F00
00FE00
01FC00
03E000
010000
0000E0
7FFFF0
FFFFF0
FFFFF0
FFFFF8
7F80F8
7F0078
3F0078
3F0038
3F0000
3F0000
3F0000
3F0080
3F01C0
3FFFC0
3FFFC0
3FFFC0
3FFFC0
3F03C0
3F0180
3F0000
3F0000
3F0000
3F0038
3F0038
7F0078
7F80F8
FFFFF8
FFFFF8
FFFFF0
7FFFF0
ENDCHAR
STARTCHAR Ecircumflex
ENCODING 202
SWIDTH 577 0
DWIDTH 23 0
BBX 21 40 1 -1
BITMAP
007000
00F800
01F800
01FC00
03FC00
07DE00
078E00
070700
040300
0000E0
7FFFF0
FFFFF0
FFFFF0
FFFFF8
7F80F8
7F0078
3F0078
3F0038
3F0000
3F0000
3F0000
3F0080
3F01C0
3FFFC0
3FFFC0
3FFFC0
3FFFC0
3F03C0
3F0180
3F0000
3F0000
3F0000
3F0038
3F0038
7F0078
7F80F8
FFFFF8
FFFFF8
FFFFF0
7FFFF0
ENDCHAR
STARTCHAR Edieresis
ENCODING 203
SWIDTH 577 0
DWIDTH 23 0
BBX 21 38 1 -1
BITMAP
0F0F00
1F9F80
1F9F80
1F9F80
1F9F80
0F0F00
000000
0000E0
7FFFF0
FFFFF0
FFFFF0
FFFFF8
7F80F8
7F0078
3F0078
3F0038
3F0000
3F0000
3F0000
3F0080
3F01C0
3FFFC0
3FFFC0
3FFFC0
3FFFC0
3F03C0
3F0180
3F0000
3F0000
3F0000
3F0038
3F0038
7F0078
7F80F8
FFFFF8
FFFFF8
FFFFF0
7FFFF0
ENDCHAR
STARTCHAR Igrave
ENCODING 204
SWIDTH 294 0
DWIDTH 12 0
BBX 11 37 0 -1
BITMAP
7800
FC00
FE00
FF00
7F00
1F80
07C0
0080
0000
3FC0
7FE0
7FE0
3FE0
3FC0
3FC0
1FC0
1F80
1F80
1F80
1F80
1F80
1F80
1F80
1F80
1F80
1F80
1F80
1F80
1F80
1F80
1F80
3FC0
3FC0
3FE0
7FE0
7FE0
3FC0
ENDCHAR
STARTCHAR Iacute
ENCODING 205
SWIDTH 294 0
DWIDTH 12 0
BBX 11 37 1 -1
BITMAP
0380
07C0
0FE0
1FC0
3FC0
7F00
7C00
6000
0000
7F80
FFC0
FFC0
7FC0
7F80
7F80
3F80
3F00
3F00
3F00
3F00
3F00
3F00
3F00
3F00
3F00
3F00
3F00
3F00
3F00
3F00
3F00
7F80
7F80
7FC0
FFC0
FFC0
7F80
ENDCHAR
STARTCHAR Icircumflex
ENCODING 206
SWIDTH 294 0
DWIDTH 12 0
BBX 12 38 0 -1
BITMAP
0E00
1F00
1F80
3F80
3FC0
7BE0
71E0
E070
4020
0000
3FC0
7FE0
7FE0
3FE0
3FC0
3FC0
1FC0
1F80
1F80
1F80
1F80
1F80
1F80
1F80
1F80
1F80
1F80
1F80
1F80
1F80
1F80
1F80
3FC0
3FC0
3FE0
7FE0
7FE0
3FC0
ENDCHAR
STARTCHAR Idieresis
ENCODING 207
SWIDTH 294 0
DWIDTH 12 0
BBX 14 36 -1 -1
BITMAP
7878
FCFC
FCFC
FCFC
FCFC
7878
0000
0000
1FE0
3FF0
3FF0
1FF0
1FE0
1FE0
0FC0
0FC0
0FC0
0FC0
0FC0
0FC0
0FC0
0FC0
0FC0
0FC0
0FC0
0FC0
0FC0
0FC0
0FC0
0FC0
1FE0
1FE0
1FF0
3FF0
3FF0
1FE0
ENDCHAR
STARTCHAR Eth
ENCODING 208
SWIDTH 687 0
DWIDTH 27 0
BBX 27 28 0 -1
BITMAP
1FFF0000
3FFFE000
3FFFF800
1FFFFC00
1FE0FE00
0FE07F00
0FE03F80
0FE03F80
0FE03FC0
0FE01FC0
0FE01FC0
0FE01FC0
7FFC1FE0
FFFE1FE0
FFFE1FE0
7FFC1FE0
0FE01FE0
0FE01FC0
0FE01FC0
0FE01FC0
0FE03F80
0FE03F80
0FE07F00
1FE0FE00
1FFFFC00
3FFFF800
3FFFE000
1FFF0000
ENDCHAR
STARTCHAR Ntilde
ENCODING 209
SWIDTH 667 0
DWIDTH 27 0
BBX 25 36 1 -1
BITMAP
00702000
00FC6000
01FFE000
01FFE000
03FFC000
030F8000
00000000
00000000
7E003F00
FF003F80
FF003F80
FF803F80
7FC03F00
7FE01F00
3FE01E00
3FF01E00
3FF81E00
3FFC1E00
3FFC1E00
3FFE1E00
3DFF1E00
3CFF9E00
3CFF9E00
3C7FDE00
3C3FFE00
3C1FFE00
3C1FFE00
3C0FFE00
3C07FE00
3C03FE00
7C03FF00
7E01FF00
7E00FF00
FE007F80
FE007F80
7E003F00
ENDCHAR
STARTCHAR Ograve
ENCODING 210
SWIDTH 721 0
DWIDTH 29 0
BBX 27 39 1 -1
BITMAP
00200000
00F80000
00FC0000
00FE0000
00FF0000
007F0000
001F8000
00038000
00000000
003F8000
00FFE000
03FFF800
07FFFC00
0FE0FE00
1FC07F00
3F807F00
3F803F80
7F803F80
7F001FC0
7F001FC0
FF001FC0
FF001FC0
FF001FE0
FF001FE0
FF001FE0
FF001FE0
FF001FC0
FF001FC0
7F001FC0
7F003FC0
7F003F80
3F803F80
3F807F00
1FC07F00
0FE0FE00
07FFFC00
03FFF800
00FFE000
003F8000
ENDCHAR
STARTCHAR Oacute
ENCODING 211
SWIDTH 721 0
DWIDTH 29 0
BBX 27 39 1 -1
BITMAP
00018000
0003C000
0007E000
000FE000
001FE000
003FC000
003F0000
00380000
00000000
003F8000
00FFE000
03FFF800
07FFFC00
0FE0FE00
1FC07F00
3F807F00
3F803F80
7F803F80
7F001FC0
7F001FC0
FF001FC0
FF001FC0
FF001FE0
FF001FE0
FF001FE0
FF001FE0
FF001FC0
FF001FC0
7F001FC0
7F003FC0
7F003F80
3F803F80
3F807F00
1FC07F00
0FE0FE00
07FFFC00
03FFF800
00FFE000
003F8000
ENDCHAR
STARTCHAR Ocircumflex
ENCODING 212
SWIDTH 721 0
DWIDTH 29 0
BBX 27 39 1 -1
BITMAP
001F0000
001F0000
003F8000
003F8000
007FC000
00FBC000
00E1E000
00C0E000
00000000
003F8000
00FFE000
03FFF800
07FFFC00
0FE0FE00
1FC07F00
3F807F00
3F803F80
7F803F80
7F001FC0
7F001FC0
FF001FC0
FF001FC0
FF001FE0
FF001FE0
FF001FE0
FF001FE0
FF001FC0
FF001FC0
7F001FC0
7F003FC0
7F003F80
3F803F80
3F807F00
1FC07F00
0FE0FE00
07FFFC00
03FFF800
00FFE000
003F8000
ENDCHAR
STARTCHAR Otilde
ENCODING 213
SWIDTH 721 0
DWIDTH 29 0
BBX 27 38 1 -1
BITMAP
00300000
007C3000
00FFF000
00FFE000
01FFE000
018FC000
01038000
00000000
003F8000
00FFE000
03FFF800
07FFFC00
0FE0FE00
1FC07F00
3F807F00
3F803F80
7F803F80
7F001FC0
7F001FC0
FF001FC0
FF001FC0
FF001FE0
FF001FE0
FF001FE0
FF001FE0
FF001FC0
FF001FC0
7F001FC0
7F003FC0
7F003F80
3F803F80
3F807F00
1FC07F00
0FE0FE00
07FFFC00
03FFF800
00FFE000
003F8000
ENDCHAR
STARTCHAR Odieresis
ENCODING 214
SWIDTH 721 0
DWIDTH 29 0
BBX 27 37 1 -1
BITMAP
01F1F000
01F3F000
03FBF800
03FBF000
01F3F000
00E1E000
00000000
003F8000
00FFE000
03FFF800
07FFFC00
0FE0FE00
1FC07F00
3F807F00
3F803F80
7F803F80
7F001FC0
7F001FC0
FF001FC0
FF001FC0
FF001FE0
FF001FE0
FF001FE0
FF001FE0
FF001FC0
FF001FC0
7F001FC0
7F003FC0
7F003F80
3F803F80
3F807F00
1FC07F00
0FE0FE00
07FFFC00
03FFF800
00FFE000
003F8000
ENDCHAR
STARTCHAR multiply
ENCODING 215
SWIDTH 376 0
DWIDTH 15 0
BBX 13 13 1 8
BITMAP
6030
F078
F8F8
7DF0
3FE0
1FC0
0F80
1FC0
3FE0
7DF0
F8F8
F078
2010
ENDCHAR
STARTCHAR Oslash
ENCODING 216
SWIDTH 721 0
DWIDTH 29 0
BBX 27 32 1 -2
BITMAP
00001E00
003F9E00
00FFFC00
03FFFC00
07FFFC00
0FE0FE00
1FC0FF00
3F80FF00
3F81FF80
7F81FF80
7F03DFC0
7F03DFC0
FF079FC0
FF079FC0
FF0F1FE0
FF0F1FE0
FF1E1FE0
FF1E1FE0
FF3C1FC0
FF3C1FC0
7F781FC0
7F783FC0
7FF03F80
3FF03F80
3FE07F00
1FE07F00
0FE0FE00
07FFFC00
07FFF800
07FFE000
0F3F8000
0F000000
ENDCHAR
STARTCHAR Ugrave
ENCODING 217
SWIDTH 693 0
DWIDTH 28 0
BBX 26 38 1 -1
BITMAP
00300000
00780000
00FC0000
00FE0000
007F0000
003F8000
000FC000
0001C000
00000000
3F800F80
FFC01FC0
FFC01FC0
FFC01FC0
7F801F80
7F800F80
3F800F80
3F000F00
3F000F00
3F000F00
3F000F00
3F000F00
3F000F00
3F000F00
3F000F00
3F000F00
3F000F00
3F000F00
3F000F00
3F800F00
3F800F00
3F800F00
3F801F00
1FC03E00
1FF07E00
0FFFFC00
07FFF800
01FFF000
007F8000
ENDCHAR
STARTCHAR Uacute
ENCODING 218
SWIDTH 693 0
DWIDTH 28 0
BBX 26 38 1 -1
BITMAP
00018000
0003C000
0007E000
000FE000
001FE000
003F8000
007E0000
00380000
00000000
3F800F80
FFC01FC0
FFC01FC0
FFC01FC0
7F801F80
7F800F80
3F800F80
3F000F00
3F000F00
3F000F00
3F000F00
3F000F00
3F000F00
3F000F00
3F000F00
3F000F00
3F000F00
3F000F00
3F000F00
3F800F00
3F800F00
3F800F00
3F801F00
1FC03E00
1FF07E00
0FFFFC00
07FFF800
01FFF000
007F8000
ENDCHAR
STARTCHAR Ucircumflex
ENCODING 219
SWIDTH 693 0
DWIDTH 28 0
BBX 26 39 1 -1
BITMAP
00060000
000F0000
001F8000
003F8000
003FC000
007FC000
0079E000
00F0E000
00E07000
00000000
3F800F80
FFC01FC0
FFC01FC0
FFC01FC0
7F801F80
7F800F80
3F800F80
3F000F00
3F000F00
3F000F00
3F000F00
3F000F00
3F000F00
3F000F00
3F000F00
3F000F00
3F000F00
3F000F00
3F000F00
3F800F00
3F800F00
3F800F00
3F801F00
1FC03E00
1FF07E00
0FFFFC00
07FFF800
01FFF000
007F8000
ENDCHAR
STARTCHAR Udieresis
ENCODING 220
SWIDTH 693 0
DWIDTH 28 0
BBX 26 36 1 -1
BITMAP
01F1F000
01FBF000
03FBF800
03FBF800
01F1F000
00F0E000
00000000
3F800F80
FFC01FC0
FFC01FC0
FFC01FC0
7F801F80
7F800F80
3F800F80
3F000F00
3F000F00
3F000F00
3F000F00
3F000F00
3F000F00
3F000F00
3F000F00
3F000F00
3F000F00
3F000F00
3F000F00
3F800F00
3F800F00
3F800F00
3F801F00
1FC03E00
1FF07E00
0FFFFC00
07FFF800
01FFF000
007F8000
ENDCHAR
STARTCHAR Yacute
ENCODING 221
SWIDTH 701 0
DWIDTH 28 0
BBX 26 37 1 -1
BITMAP
0001E000
0003F000
0007F000
000FF000
001FE000
001F8000
003E0000
00100000
00000000
FFE03FC0
FFF03FC0
FFF03FC0
FFE03FC0
7FE01F80
3FE01F00
3FE01F00
1FF03E00
0FF07C00
0FF87C00
07FCF800
03FDF000
03FFF000
01FFE000
00FFC000
00FFC000
007F8000
007F0000
007F0000
007F0000
007F0000
007F0000
007F8000
007F8000
00FF8000
00FFC000
00FFC000
007F8000
ENDCHAR
STARTCHAR Thorn
ENCODING 222
SWIDTH 639 0
DWIDTH 26 0
BBX 24 28 1 -1
BITMAP
7FC000
FFC000
FFC000
7FC000
7F8000
7FFF00
3FFFF0
3FFFF8
3FFFFC
3F03FE
3F01FE
3F00FE
3F00FF
3F00FF
3F00FF
3F00FF
3F00FF
3F01FE
3F03FE
3FFFFC
3FFFF8
3FFFF0
7FFF80
7F8000
7FC000
FFC000
FFC000
7F8000
ENDCHAR
STARTCHAR germandbls
ENCODING 223
SWIDTH 699 0
DWIDTH 28 0
BBX 26 34 1 -5
BITMAP
00FF8000
03FFF000
0FFFF800
1FFFFC00
1F81FE00
3F80FE00
3F00FF00
7F00FF00
7F00FF00
7F00FF00
7F00FF00
7F01FE00
7F03FE00
7F07FC00
7F0FF800
7F0FF800
7F07FE00
7F03FF00
7F01FF80
7F007F80
7F003FC0
7F003FC0
7F001FC0
7F003FC0
7F003FC0
7F007F80
7F07FF80
7F0FFF00
7F0FFC00
FF8FE000
FF800000
FFC00000
FF800000
7F000000
ENDCHAR
STARTCHAR agrave
ENCODING 224
SWIDTH 601 0
DWIDTH 24 0
BBX 22 31 1 -1
BITMAP
01E000
03F000
03F800
03F800
01FC00
007E00
001E00
000000
000000
03FE00
0FFF80
3FFFC0
3F8FE0
7F07F0
7F03F0
7E07F0
3E07F0
0C1FF0
00FFF0
07FFF0
1FFFF0
7FE3F0
FF83F0
FF07F0
FF07F0
FF0FF0
FFFFF8
FFFFFC
7FFBFC
3FF3FC
1F80F8
ENDCHAR
STARTCHAR aacute
ENCODING 225
SWIDTH 601 0
DWIDTH 24 0
BBX 22 31 1 -1
BITMAP
000F00
001F00
003F80
007F00
00FF00
01FC00
01E000
000000
000000
03FE00
0FFF80
3FFFC0
3F8FE0
7F07F0
7F03F0
7E07F0
3E07F0
0C1FF0
00FFF0
07FFF0
1FFFF0
7FE3F0
FF83F0
FF07F0
FF07F0
FF0FF0
FFFFF8
FFFFFC
7FFBFC
3FF3FC
1F80F8
ENDCHAR
STARTCHAR acircumflex
ENCODING 226
SWIDTH 601 0
DWIDTH 24 0
BBX 22 32 1 -1
BITMAP
007800
00FC00
00FC00
01FE00
01FE00
03FF00
038700
070380
020100
000000
03FE00
0FFF80
3FFFC0
3F8FE0
7F07F0
7F03F0
7E07F0
3E07F0
0C1FF0
00FFF0
07FFF0
1FFFF0
7FE3F0
FF83F0
FF07F0
FF07F0
FF0FF0
FFFFF8
FFFFFC
7FFBFC
3FF3FC
1F80F8
ENDCHAR
STARTCHAR atilde
ENCODING 227
SWIDTH 601 0
DWIDTH 24 0
BBX 22 30 1 -1
BITMAP
01E0C0
03F9C0
03FF80
07FF80
07FF00
061F00
040400
000000
03FE00
0FFF80
3FFFC0
3F8FE0
7F07F0
7F03F0
7E07F0
3E07F0
0C1FF0
00FFF0
07FFF0
1FFFF0
7FE3F0
FF83F0
FF07F0
FF07F0
FF0FF0
FFFFF8
FFFFFC
7FFBFC
3FF3FC
1F80F8
ENDCHAR
STARTCHAR adieresis
ENCODING 228
SWIDTH 601 0
DWIDTH 24 0
BBX 22 30 1 -1
BITMAP
078700
0FCF80
0FDFC0
0FDFC0
0FCFC0
078F80
000000
000000
03FE00
0FFF80
3FFFC0
3F8FE0
7F07F0
7F03F0
7E07F0
3E07F0
0C1FF0
00FFF0
07FFF0
1FFFF0
7FE3F0
FF83F0
FF07F0
FF07F0
FF0FF0
FFFFF8
FFFFFC
7FFBFC
3FF3FC
1F80F8
ENDCHAR
STARTCHAR aring
ENCODING 229
SWIDTH 601 0
DWIDTH 24 0
BBX 22 32 1 -1
BITMAP
002000
00FC00
01FC00
018E00
038E00
018E00
01FC00
00FC00
002000
000000
03FE00
0FFF80
3FFFC0
3F8FE0
7F07F0
7F03F0
7E07F0
3E07F0
0C1FF0
00FFF0
07FFF0
1FFFF0
7FE3F0
FF83F0
FF07F0
FF07F0
FF0FF0
FFFFF8
FFFFFC
7FFBFC
3FF3FC
1F80F8
ENDCHAR
STARTCHAR ae
ENCODING 230
SWIDTH 911 0
DWIDTH 36 0
BBX 35 22 1 -1
BITMAP
03FE07F000
0FFFBFFC00
3FFFFFFF00
3F8FFE7F80
7F07FC3F80
7F03F83FC0
7E07F83FC0
3E0FF83FC0
003FF83F80
01FFF87F80
0FFFF9FF00
3FF3FFFE00
7FC3FFF060
FF83FC00C0
FF07FE01C0
FF07FF07C0
FF0FFFFF80
FFFFFFFF80
FFFEFFFF00
7FFC7FFE00
3FF03FF800
1FC00FE000
ENDCHAR
STARTCHAR ccedilla
ENCODING 231
SWIDTH 577 0
DWIDTH 23 0
BBX 21 32 1 -11
BITMAP
01FE00
07FF80
0FFFC0
1F8FE0
3F0FF0
7F07F0
7F07F8
7E07F8
FE07F0
FE03E0
FE0000
FF0000
FF0008
FF0018
7F8078
7FE1F0
7FFFF0
3FFFE0
1FFFE0
0FFFC0
07FF00
01FC00
007000
00E000
01F800
00FC00
001C00
018E00
038E00
03DC00
01FC00
00F800
ENDCHAR
STARTCHAR egrave
ENCODING 232
SWIDTH 577 0
DWIDTH 23 0
BBX 21 31 1 -1
BITMAP
03C000
03E000
07F000
03F800
03FC00
00FE00
001E00
000000
000000
01FE00
07FF80
0FFFC0
1F8FE0
3F0FF0
3F07F0
7F07F0
7E07F0
FE07F0
FE0FF0
FE1FE0
FE3FC0
FFFF80
FFFE18
7F8038
7FC0F8
7FFFF0
3FFFE0
1FFFE0
0FFFC0
07FF00
01FC00
ENDCHAR
STARTCHAR eacute
ENCODING 233
SWIDTH 577 0
DWIDTH 23 0
BBX 21 31 1 -1
BITMAP
001E00
003F00
007F00
00FF00
00FE00
01F800
03E000
000000
000000
01FE00
07FF80
0FFFC0
1F8FE0
3F0FF0
3F07F0
7F07F0
7E07F0
FE07F0
FE0FF0
FE1FE0
FE3FC0
FFFF80
FFFE18
7F8038
7FC0F8
7FFFF0
3FFFE0
1FFFE0
0FFFC0
07FF00
01FC00
ENDCHAR
STARTCHAR ecircumflex
ENCODING 234
SWIDTH 577 0
DWIDTH 23 0
BBX 21 32 1 -1
BITMAP
007000
00F800
01FC00
01FC00
03FE00
03DE00
078F00
070700
060300
000000
01FE00
07FF80
0FFFC0
1F8FE0
3F0FF0
3F07F0
7F07F0
7E07F0
FE07F0
FE0FF0
FE1FE0
FE3FC0
FFFF80
FFFE18
7F8038
7FC0F8
7FFFF0
3FFFE0
1FFFE0
0FFFC0
07FF00
01FC00
ENDCHAR
STARTCHAR edieresis
ENCODING 235
SWIDTH 577 0
DWIDTH 23 0
BBX 21 30 1 -1
BITMAP
078700
0FCF80
0FDFC0
0FDFC0
0FCFC0
078F80
000000
000000
01FE00
07FF80
0FFFC0
1F8FE0
3F0FF0
3F07F0
7F07F0
7E07F0
FE07F0
FE0FF0
FE1FE0
FE3FC0
FFFF80
FFFE18
7F8038
7FC0F8
7FFFF0
3FFFE0
1FFFE0
0FFFC0
07FF00
01FC00
ENDCHAR
STARTCHAR igrave
ENCODING 236
SWIDTH 294 0
DWIDTH 12 0
BBX 10 31 1 -1
BITMAP
7800
FC00
FE00
FE00
7F00
1F80
0780
0000
0000
0F00
3F00
7F00
FF00
FF00
7F00
7F00
7F00
3F00
3F00
3F00
3F00
3F00
3F00
3F00
3F80
7F80
7F80
FFC0
FFC0
FFC0
7F80
ENDCHAR
STARTCHAR iacute
ENCODING 237
SWIDTH 294 0
DWIDTH 12 0
BBX 10 31 1 -1
BITMAP
0780
0FC0
1FC0
3FC0
7F80
FE00
F000
0000
0000
0F00
3F00
7F00
FF00
FF00
7F00
7F00
7F00
3F00
3F00
3F00
3F00
3F00
3F00
3F00
3F80
7F80
7F80
FFC0
FFC0
FFC0
7F80
ENDCHAR
STARTCHAR icircumflex
ENCODING 238
SWIDTH 294 0
DWIDTH 12 0
BBX 12 32 0 -1
BITMAP
0F00
1F00
1F80
3FC0
3FC0
7BE0
71E0
E070
4020
0000
0780
1F80
3F80
7F80
7F80
3F80
3F80
3F80
1F80
1F80
1F80
1F80
1F80
1F80
1F80
1FC0
3FC0
3FC0
7FE0
7FE0
7FE0
3FC0
ENDCHAR
STARTCHAR idieresis
ENCODING 239
SWIDTH 294 0
DWIDTH 12 0
BBX 14 30 -1 -1
BITMAP
7870
FCF8
FCFC
FCFC
FCFC
78F8
0000
0000
03C0
0FC0
1FC0
3FC0
3FC0
1FC0
1FC0
1FC0
0FC0
0FC0
0FC0
0FC0
0FC0
0FC0
0FC0
0FE0
1FE0
1FE0
3FF0
3FF0
3FF0
1FE0
ENDCHAR
STARTCHAR eth
ENCODING 240
SWIDTH 569 0
DWIDTH 23 0
BBX 21 31 1 -1
BITMAP
01E0C0
01F3C0
01FFC0
007F00
00FE00
01FF00
03FF80
018FC0
000FC0
01FFE0
07FFE0
0FFFF0
1F8FF0
3F07F0
7F07F8
7F07F8
7F03F8
FE03F8
FE03F8
FE03F8
FE03F8
FE03F8
FE03F8
7E03F0
7F07F0
7F07F0
3F07E0
1F8FC0
0FFF80
07FF00
01FC00
ENDCHAR
STARTCHAR ntilde
ENCODING 241
SWIDTH 598 0
DWIDTH 24 0
BBX 22 30 1 -1
BITMAP
01E080
03F180
07FF80
07FF80
07FF00
0C3E00
040C00
000000
0F1F80
3F3FE0
FFFFF0
FFFFF0
FFFFF8
7F87F8
7F83F8
3F83F8
3F03F8
3F03F8
3F03F8
3F03F8
3F03F8
3F03F8
3F03F8
3F83F8
7F87F8
7F87F8
FFC7FC
FFCFFC
FFCFFC
7F87FC
ENDCHAR
STARTCHAR ograve
ENCODING 242
SWIDTH 569 0
DWIDTH 23 0
BBX 21 31 1 -1
BITMAP
03C000
03E000
07F000
03F800
03FC00
00FE00
001E00
000000
000000
01FC00
07FF00
0FFF80
1F8FC0
3F07E0
7F07F0
7F07F0
7F03F0
FE03F8
FE03F8
FE03F8
FE03F8
FE03F8
FE03F8
7E03F8
7F07F0
7F07F0
3F07E0
1F8FC0
0FFF80
07FF00
01FC00
ENDCHAR
STARTCHAR oacute
ENCODING 243
SWIDTH 569 0
DWIDTH 23 0
BBX 21 31 1 -1
BITMAP
001E00
003F00
007F00
00FF00
00FE00
01F800
03E000
000000
000000
01FC00
07FF00
0FFF80
1F8FC0
3F07E0
7F07F0
7F07F0
7F03F0
FE03F8
FE03F8
FE03F8
FE03F8
FE03F8
FE03F8
7E03F8
7F07F0
7F07F0
3F07E0
1F8FC0
0FFF80
07FF00
01FC00
ENDCHAR
STARTCHAR ocircumflex
ENCODING 244
SWIDTH 569 0
DWIDTH 23 0
BBX 21 32 1 -1
BITMAP
007000
00F800
01FC00
01FC00
03FE00
03DE00
078F00
070700
060300
000000
01FC00
07FF00
0FFF80
1F8FC0
3F07E0
7F07F0
7F07F0
7F03F0
FE03F8
FE03F8
FE03F8
FE03F8
FE03F8
FE03F8
7E03F8
7F07F0
7F07F0
3F07E0
1F8FC0
0FFF80
07FF00
01FC00
ENDCHAR
STARTCHAR otilde
ENCODING 245
SWIDTH 569 0
DWIDTH 23 0
BBX 21 30 1 -1
BITMAP
01E080
03F180
07FF80
07FF80
07FF00
0C3E00
000400
000000
01FC00
07FF00
0FFF80
1F8FC0
3F07E0
7F07F0
7F07F0
7F03F0
FE03F8
FE03F8
FE03F8
FE03F8
FE03F8
FE03F8
7E03F8
7F07F0
7F07F0
3F07E0
1F8FC0
0FFF80
07FF00
01FC00
ENDCHAR
STARTCHAR odieresis
ENCODING 246
SWIDTH 569 0
DWIDTH 23 0
BBX 21 30 1 -1
BITMAP
070700
0F8F80
1FDFC0
1FDFC0
0FDF80
0F8F80
000000
000000
01FC00
07FF00
0FFF80
1F8FC0
3F07E0
7F07F0
7F07F0
7F03F0
FE03F8
FE03F8
FE03F8
FE03F8
FE03F8
FE03F8
7E03F8
7F07F0
7F07F0
3F07E0
1F8FC0
0FFF80
07FF00
01FC00
ENDCHAR
STARTCHAR divide
ENCODING 247
SWIDTH 430 0
DWIDTH 17 0
BBX 15 16 1 6
BITMAP
0380
07C0
07C0
07C0
03C0
0000
0000
FFFE
FFFE
FFFE
0000
03C0
07C0
07C0
07C0
0380
ENDCHAR
STARTCHAR oslash
ENCODING 248
SWIDTH 569 0
DWIDTH 23 0
BBX 21 24 1 -2
BITMAP
0001C0
01FFC0
07FF80
0FFF80
1F8FC0
3F0FE0
7F0FF0
7F1FF0
7F1FF0
FE3FF8
FE3FF8
FE7BF8
FE7BF8
FEF3F8
FEF3F8
7FE3F8
7FE7F0
7FC7F0
3FC7E0
1F8FC0
0FFF80
0FFF00
0FFC00
1E0000
ENDCHAR
STARTCHAR ugrave
ENCODING 249
SWIDTH 608 0
DWIDTH 24 0
BBX 23 31 1 -1
BITMAP
01E000
03F000
03F800
03F800
01FC00
007E00
001E00
000000
000000
0F0070
3F03F8
FF07F8
FF0FF8
FF0FF8
7F07F8
7F07F8
7F03F8
3F03F8
3F03F8
3F03F8
3F03F8
3F03F8
3F03F8
3F03F8
3F83F8
3F87F8
3FFFF8
3FFFFC
3FFFFE
1FF9FC
07E0F8
ENDCHAR
STARTCHAR uacute
ENCODING 250
SWIDTH 608 0
DWIDTH 24 0
BBX 23 31 1 -1
BITMAP
000F00
001F00
003F80
007F00
00FF00
01FC00
01E000
000000
000000
0F0070
3F03F8
FF07F8
FF0FF8
FF0FF8
7F07F8
7F07F8
7F03F8
3F03F8
3F03F8
3F03F8
3F03F8
3F03F8
3F03F8
3F03F8
3F83F8
3F87F8
3FFFF8
3FFFFC
3FFFFE
1FF9FC
07E0F8
ENDCHAR
STARTCHAR ucircumflex
ENCODING 251
SWIDTH 608 0
DWIDTH 24 0
BBX 23 32 1 -1
BITMAP
007800
00FC00
00FC00
01FE00
01FE00
03FF00
038700
070380
020100
000000
0F0070
3F03F8
FF07F8
FF0FF8
FF0FF8
7F07F8
7F07F8
7F03F8
3F03F8
3F03F8
3F03F8
3F03F8
3F03F8
3F03F8
3F03F8
3F83F8
3F87F8
3FFFF8
3FFFFC
3FFFFE
1FF9FC
07E0F8
ENDCHAR
STARTCHAR udieresis
ENCODING 252
SWIDTH 608 0
DWIDTH 24 0
BBX 23 30 1 -1
BITMAP
078700
0FCF80
0FDFC0
0FDFC0
0FCFC0
078F80
000000
000000
0F0070
3F03F8
FF07F8
FF0FF8
FF0FF8
7F07F8
7F07F8
7F03F8
3F03F8
3F03F8
3F03F8
3F03F8
3F03F8
3F03F8
3F03F8
3F83F8
3F87F8
3FFFF8
3FFFFC
3FFFFE
1FF9FC
07E0F8
ENDCHAR
STARTCHAR yacute
ENCODING 253
SWIDTH 573 0
DWIDTH 23 0
BBX 24 43 -1 -12
BITMAP
000380
0007C0
000FE0
001FE0
003FC0
003F80
007C00
007000
000000
000000
3FE07E
7FF07F
7FF07F
3FF07F
3FE07E
1FE07C
0FE078
0FF078
07F0F8
07F8F0
07F8F0
03F9E0
03FDE0
01FDE0
01FFC0
01FFC0
00FFC0
00FF80
007F80
007F80
007F00
003F00
003E00
001E00
001E00
783C00
7C3C00
FE3C00
FE7800
7FF800
7FF000
3FE000
0F8000
ENDCHAR
STARTCHAR thorn
ENCODING 254
SWIDTH 638 0
DWIDTH 26 0
BBX 24 38 1 -9
BITMAP
1F0000
7F0000
FF0000
FF0000
FF0000
7F0000
7F0000
3F0000
3F1FC0
3F3FF0
3F7FF8
3FF3FC
3FE1FC
3FC0FE
3FC0FE
3FC0FE
3FC0FF
3FC07F
3FC07F
3FC07F
3FC07F
3FC0FF
3FC0FE
3FC0FE
3FC0FE
3FE0FC
3FF1FC
3F7FF8
3F3FF0
3F0FC0
3F0000
3F0000
7F8000
7F8000
7FC000
FFC000
FFC000
FFC000
ENDCHAR
STARTCHAR ydieresis
ENCODING 255
SWIDTH 573 0
DWIDTH 23 0
BBX 24 41 -1 -12
BITMAP
01E1E0
03F3F0
03F3F0
03F3F0
03F3F0
01E1E0
000000
000000
3FE07E
7FF07F
7FF07F
3FF07F
3FE07E
1FE07C
0FE078
0FF078
07F0F8
07F8F0
07F8F0
03F9E0
03FDE0
01FDE0
01FFC0
01FFC0
00FFC0
00FF80
007F80
007F80
007F00
003F00
003E00
001E00
001E00
783C00
7C3C00
FE3C00
FE7800
7FF800
7FF000
3FE000
0F8000
ENDCHAR
STARTCHAR dotlessi
ENCODING 305
SWIDTH 294 0
DWIDTH 12 0
BBX 10 22 1 -1
BITMAP
0F00
3F00
7F00
FF00
FF00
7F00
7F00
7F00
3F00
3F00
3F00
3F00
3F00
3F00
3F00
3F80
7F80
7F80
FFC0
FFC0
FFC0
7F80
ENDCHAR
STARTCHAR Lslash
ENCODING 321
SWIDTH 592 0
DWIDTH 24 0
BBX 23 28 0 -1
BITMAP
1FF000
1FF000
1FF000
1FF000
1FF000
0FE000
0FE000
0FE000
0FE000
0FE000
0FE000
0FE000
0FE000
0FE780
0FFF80
0FFF80
0FFE00
7FF000
FFE000
7FE000
7FE00E
0FE01E
0FE01E
1FE03E
1FFFFC
1FFFFC
1FFFFC
1FFFF8
ENDCHAR
STARTCHAR lslash
ENCODING 322
SWIDTH 294 0
DWIDTH 12 0
BBX 15 29 -1 -1
BITMAP
03C0
1FC0
3FC0
3FC0
3FC0
1FC0
1FC0
0FC4
0FFE
0FFE
0FFE
7FF0
FFC0
FFC0
6FC0
0FC0
0FC0
0FC0
0FC0
0FC0
0FC0
0FC0
0FC0
1FE0
1FE0
1FF0
3FF0
3FF0
1FE0
ENDCHAR
STARTCHAR OE
ENCODING 338
SWIDTH 1013 0
DWIDTH 41 0
BBX 39 31 1 -2
BITMAP
003F9FFFF8
01FFFFFFF8
03FFFFFFFC
07FFFFFFFC
0FE0FFC07C
1FC07FC03C
3F807FC01C
3F803FC01C
7F003FC000
7F001FC000
7F001FC000
FF001FC060
FF001FC0E0
FF001FFFE0
FF001FFFE0
FF001FFFE0
FF001FFFE0
FF001FC0E0
7F001FC060
7F001FC000
7F003FC000
7F803FC000
3F803FC00E
3F807FC01E
1FC07FC03E
0FE0FFC03E
07FFFFFFFC
03FFFFFFFC
01FFFFFFFC
003FBFFFFC
0000000030
ENDCHAR
STARTCHAR oe
ENCODING 339
SWIDTH 919 0
DWIDTH 37 0
BBX 35 22 1 -1
BITMAP
01FC07F000
07FF1FFE00
0FFFFFFF00
1F8FFE7F80
3F07FC3FC0
7F07FC3FC0
7F07F81FC0
7F03F83FC0
FE03F83FC0
FE03F87F80
FE03F8FF00
FE03FFFE00
FE03FFF860
FE03FC00E0
7E03FE01C0
7F07FFCFC0
7F07FFFFC0
3F07FFFF80
1F8FFFFF00
0FFFFFFE00
07FF1FFC00
01FC07F000
ENDCHAR
STARTCHAR Scaron
ENCODING 352
SWIDTH 705 0
DWIDTH 28 0
BBX 26 40 1 -1
BITMAP
00804000
01C0E000
00E1C000
00F3C000
007F8000
007F8000
003F0000
003F0000
001E0000
00000000
00FFC000
07FFF800
0FFFFE00
1FFFFF00
3FC0FF80
7F80FF80
7F807F80
7F807F80
7F807F80
7FC03F00
7FE01E00
7FF80000
3FFE0000
1FFFC000
0FFFF000
07FFFC00
01FFFF00
003FFF80
000FFF80
3E03FFC0
7F00FFC0
FF007FC0
FF007FC0
FF807FC0
FF807FC0
FFC0FF80
7FFFFF00
3FFFFE00
0FFFF800
01FFC000
ENDCHAR
STARTCHAR scaron
ENCODING 353
SWIDTH 553 0
DWIDTH 22 0
BBX 20 32 1 -1
BITMAP
060700
070F00
079E00
07FE00
03FC00
01FC00
01F800
00F000
006000
000000
07FC00
1FFF80
3FFFC0
7F8FE0
7F07E0
7E07F0
7E07E0
7F03E0
7FC180
3FFC00
3FFF00
0FFFC0
03FFE0
307FF0
7C0FF0
FC07F0
FC07F0
FE07F0
FF0FE0
7FFFE0
3FFF80
07FC00
ENDCHAR
STARTCHAR Wcircumflex
ENCODING 372
SWIDTH 987 0
DWIDTH 39 0
BBX 38 38 1 -1
BITMAP
0000380000
00007C0000
00007E0000
0000FE0000
0001FF0000
0001EF0000
0003C78000
0003838000
0003018000
0000000000
FFC1FF81F8
FFC3FF83FC
FFC3FF81FC
FFC1FF81F8
7FC1FF01F8
3F80FF01F0
3FC0FF01E0
3FC07F01E0
1FC0FF83E0
1FE0FF83C0
1FE0FF83C0
0FE1FFC3C0
0FF1FFC780
0FF1FFC780
07F3DFE780
07FBDFEF00
07FBCFEF00
03FF8FFF00
03FF8FFE00
03FF87FE00
01FF07FE00
01FF07FC00
01FF03FC00
00FF03FC00
00FE03F800
00FE01F800
007E01F800
007C01F000
ENDCHAR
STARTCHAR wcircumflex
ENCODING 373
SWIDTH 900 0
DWIDTH 36 0
BBX 36 33 0 -1
BITMAP
0000300000
0000780000
0000FC0000
0000FE0000
0001FE0000
0001FF0000
0003CF0000
0003878000
0003018000
0000000000
0000000000
7FC1FF07E0
FFE3FF07F0
FFE3FF87F0
FFE3FF07F0
7FC1FF07E0
3FC1FF03C0
3FC0FE07C0
1FC0FF0780
1FE0FF0780
0FE1FF0F00
0FF1FF8F00
07F1FF8F00
07F3FF9E00
07FBFFDE00
03FB9FDC00
03FF9FFC00
03FF8FFC00
01FF0FF800
01FF0FF800
00FE07F800
00FE07F000
007C03E000
ENDCHAR
STARTCHAR Ycircumflex
ENCODING 374
SWIDTH 701 0
DWIDTH 28 0
BBX 26 38 1 -1
BITMAP
00070000
000F8000
001FC000
001FC000
003FE000
003DE000
0078F000
00707000
00603000
00000000
FFE03FC0
FFF03FC0
FFF03FC0
FFE03FC0
7FE01F80
3FE01F00
3FE01F00
1FF03E00
0FF07C00
0FF87C00
07FCF800
03FDF000
03FFF000
01FFE000
00FFC000
00FFC000
007F8000
007F0000
007F0000
007F0000
007F0000
007F0000
007F8000
007F8000
00FF8000
00FFC000
00FFC000
007F8000
ENDCHAR
STARTCHAR ycircumflex
ENCODING 375
SWIDTH 573 0
DWIDTH 23 0
BBX 24 44 -1 -12
BITMAP
000C00
001F00
003F00
003F80
007F80
007FC0
00F1C0
00E0E0
00C060
000000
000000
3FE07E
7FF07F
7FF07F
3FF07F
3FE07E
1FE07C
0FE078
0FF078
07F0F8
07F8F0
07F8F0
03F9E0
03FDE0
01FDE0
01FFC0
01FFC0
00FFC0
00FF80
007F80
007F80
007F00
003F00
003E00
001E00
001E00
783C00
7C3C00
FE3C00
FE7800
7FF800
7FF000
3FE000
0F8000
ENDCHAR
STARTCHAR Ydieresis
ENCODING 376
SWIDTH 701 0
DWIDTH 28 0
BBX 26 36 1 -1
BITMAP
00707000
00F8F800
01FDFC00
01FDFC00
00FDF800
00F8F800
00000000
00000000
FFE03FC0
FFF03FC0
FFF03FC0
FFE03FC0
7FE01F80
3FE01F00
3FE01F00
1FF03E00
0FF07C00
0FF87C00
07FCF800
03FDF000
03FFF000
01FFE000
00FFC000
00FF8000
007F8000
007F0000
007F0000
007F0000
007F0000
007F0000
007F8000
007F8000
00FF8000
00FFC000
00FFC000
007F8000
ENDCHAR
STARTCHAR Zcaron
ENCODING 381
SWIDTH 654 0
DWIDTH 26 0
BBX 24 40 1 -1
BITMAP
008040
01C0E0
00E1C0
00FFC0
007F80
007F80
003F00
003F00
001E00
1C0000
3FFFFE
3FFFFF
3FFFFE
3FFFFE
3E03FC
7C07F8
780FF8
300FF0
001FF0
001FE0
003FE0
003FC0
007FC0
007F80
00FF00
01FF00
01FE00
03FE00
03FC00
07FC00
07F800
0FF002
1FF007
1FE00F
3FE00F
3FC01F
7FFFFF
7FFFFF
FFFFFE
7FFFFC
ENDCHAR
STARTCHAR zcaron
ENCODING 382
SWIDTH 510 0
DWIDTH 20 0
BBX 19 32 1 -1
BITMAP
0E0700
070F00
079E00
03FE00
03FC00
01F800
01F800
00F000
000000
000000
3FFFC0
3FFFC0
7FFFC0
7FFF80
787F80
F0FF00
60FF00
01FE00
01FE00
03FC00
03FC00
07F800
0FF000
0FF000
1FE000
1FE0C0
3FC1E0
3FC3C0
7FFFC0
7FFFC0
FFFF80
7FFF80
ENDCHAR
STARTCHAR Wgrave
ENCODING 7808
SWIDTH 987 0
DWIDTH 39 0
BBX 38 37 1 -1
BITMAP
0000E00000
0001F00000
0001F80000
0001FC0000
0001FE0000
00007F0000
00000F0000
0000030000
0000000000
FFC1FF81F8
FFC3FF83FC
FFC3FF81FC
FFC1FF81F8
7FC1FF01F8
3F80FF01F0
3FC0FF01E0
3FC07F01E0
1FC0FF83E0
1FE0FF83C0
1FE0FF83C0
0FE1FFC3C0
0FF1FFC780
0FF1FFC780
07F3DFE780
07FBDFEF00
07FBCFEF00
03FF8FFF00
03FF8FFE00
03FF87FE00
01FF07FE00
01FF07FC00
01FF03FC00
00FF03FC00
00FE03F800
00FE01F800
007E01F800
007C01F000
ENDCHAR
STARTCHAR wgrave
ENCODING 7809
SWIDTH 900 0
DWIDTH 36 0
BBX 36 32 0 -1
BITMAP
0001E00000
0001F00000
0003F00000
0003F80000
0001FC0000
0000FE0000
00001F0000
0000070000
0000000000
0000000000
7FC1FF07E0
FFE3FF07F0
FFE3FF87F0
FFE3FF07F0
7FC1FF07E0
3FC1FF03C0
3FC0FE07C0
1FC0FF0780
1FE0FF0780
0FE1FF0F00
0FF1FF8F00
07F1FF8F00
07F3FF9E00
07FBFFDE00
03FB9FDC00
03FF9FFC00
03FF8FFC00
01FF0FF800
01FF0FF800
00FE07F800
00FE07F000
007C03E000
ENDCHAR
STARTCHAR Wacute
ENCODING 7810
SWIDTH 987 0
DWIDTH 39 0
BBX 38 37 1 -1
BITMAP
00000F0000
00001F8000
00003F8000
00003F8000
00007F0000
0000FE0000
0001F00000
0000800000
0000000000
FFC1FF81F8
FFC3FF83FC
FFC3FF81FC
FFC1FF81F8
7FC1FF01F8
3F80FF01F0
3FC0FF01E0
3FC07F01E0
1FC0FF83E0
1FE0FF83C0
1FE0FF83C0
0FE1FFC3C0
0FF1FFC780
0FF1FFC780
07F3DFE780
07FBDFEF00
07FBCFEF00
03FF8FFF00
03FF8FFE00
03FF87FE00
01FF07FE00
01FF07FC00
01FF03FC00
00FF03FC00
00FE03F800
00FE01F800
007E01F800
007C01F000
ENDCHAR
STARTCHAR wacute
ENCODING 7811
SWIDTH 900 0
DWIDTH 36 0
BBX 36 32 0 -1
BITMAP
00000E0000
00001F0000
00003F0000
00007F0000
0000FF0000
0001FC0000
0001F00000
0001800000
0000000000
0000000000
7FC1FF07E0
FFE3FF07F0
FFE3FF87F0
FFE3FF07F0
7FC1FF07E0
3FC1FF03C0
3FC0FE07C0
1FC0FF0780
1FE0FF0780
0FE1FF0F00
0FF1FF8F00
07F1FF8F00
07F3FF9E00
07FBFFDE00
03FB9FDC00
03FF9FFC00
03FF8FFC00
01FF0FF800
01FF0FF800
00FE07F800
00FE07F000
007C03E000
ENDCHAR
STARTCHAR Wdieresis
ENCODING 7812
SWIDTH 987 0
DWIDTH 39 0
BBX 38 36 1 -1
BITMAP
0003838000
0007C7C000
0007EFE000
000FEFE000
0007E7C000
0003C7C000
0000000000
0000000000
FFC1FF81F8
FFC3FF83FC
FFC3FF81FC
FFC1FF81F8
7FC1FF01F8
3F80FF01F0
3FC0FF01E0
3FC07F01E0
1FC0FF83E0
1FE0FF83C0
1FE0FF83C0
0FE1FFC3C0
0FF1FFC780
0FF1FFC780
07F3DFE780
07FBDFEF00
07FBCFEF00
03FF8FFF00
03FF8FFE00
03FF87FE00
01FF07FE00
01FF07FC00
01FF03FC00
00FF03FC00
00FE03F800
00FE01F800
007E01F800
007C01F000
ENDCHAR
STARTCHAR wdieresis
ENCODING 7813
SWIDTH 900 0
DWIDTH 36 0
BBX 36 30 0 -1
BITMAP
0007878000
000FCFC000
000FCFC000
000FCFC000
000FCFC000
0007878000
0000000000
0000000000
7FC1FF07E0
FFE3FF07F0
FFE3FF87F0
FFE3FF07F0
7FC1FF07E0
3FC1FF03C0
3FC0FE07C0
1FC0FF0780
1FE0FF0780
0FE1FF0F00
0FF1FF8F00
07F1FF8F00
07F3FF9E00
07FBFFDE00
03FB9FDC00
03FF9FFC00
03FF8FFC00
01FF0FF800
01FF0FF800
00FE07F800
00FE07F000
007C03E000
ENDCHAR
STARTCHAR Ygrave
ENCODING 7922
SWIDTH 701 0
DWIDTH 28 0
BBX 26 37 1 -1
BITMAP
003C0000
007E0000
007E0000
007F0000
003F8000
001FC000
0003E000
00004000
00000000
FFE03FC0
FFF03FC0
FFF03FC0
FFE03FC0
7FE01F80
3FE01F00
3FE01F00
1FF03E00
0FF07C00
0FF87C00
07FCF800
03FDF000
03FFF000
01FFE000
00FFC000
00FFC000
007F8000
007F0000
007F0000
007F0000
007F0000
007F0000
007F8000
007F8000
00FF8000
00FFC000
00FFC000
007F8000
ENDCHAR
STARTCHAR ygrave
ENCODING 7923
SWIDTH 573 0
DWIDTH 23 0
BBX 24 43 -1 -12
BITMAP
007000
00F800
00FC00
00FE00
007F00
003F80
000FC0
000180
000000
000000
3FE07E
7FF07F
7FF07F
3FF07F
3FE07E
1FE07C
0FE078
0FF078
07F0F8
07F8F0
07F8F0
03F9E0
03FDE0
01FDE0
01FFC0
01FFC0
00FFC0
00FF80
007F80
007F80
007F00
003F00
003E00
001E00
001E00
783C00
7C3C00
FE3C00
FE7800
7FF800
7FF000
3FE000
0F8000
ENDCHAR
STARTCHAR endash
ENCODING 8211
SWIDTH 478 0
DWIDTH 19 0
BBX 17 3 1 10
BITMAP
FFFF80
FFFF80
FFFF80
ENDCHAR
STARTCHAR emdash
ENCODING 8212
SWIDTH 592 0
DWIDTH 24 0
BBX 21 3 1 10
BITMAP
FFFFF8
FFFFF8
FFFFF8
ENDCHAR
STARTCHAR quoteleft
ENCODING 8216
SWIDTH 269 0
DWIDTH 11 0
BBX 9 12 1 17
BITMAP
0600
0E00
1C00
3800
7800
7E00
FF00
FF00
FF80
FF00
7F00
3E00
ENDCHAR
STARTCHAR quoteright
ENCODING 8217
SWIDTH 269 0
DWIDTH 11 0
BBX 9 12 1 17
BITMAP
3C00
7F00
FF00
FF00
FF80
FF00
7F00
3F00
0E00
1C00
3C00
3000
ENDCHAR
STARTCHAR quotesinglbase
ENCODING 8218
SWIDTH 269 0
DWIDTH 11 0
BBX 9 12 1 -5
BITMAP
3C00
7F00
FF00
FF00
FF80
FF00
7F00
3F00
0E00
1C00
3C00
3000
ENDCHAR
STARTCHAR quotedblleft
ENCODING 8220
SWIDTH 508 0
DWIDTH 20 0
BBX 18 12 1 17
BITMAP
060380
0E0700
1C0F00
381E00
781E00
7E3F80
FF3FC0
FF3FC0
FFBFC0
FF3FC0
7F3FC0
3E1F80
ENDCHAR
STARTCHAR quotedblright
ENCODING 8221
SWIDTH 508 0
DWIDTH 20 0
BBX 18 12 1 17
BITMAP
3C0F00
7F1F80
FF3FC0
FF3FC0
FFBFC0
FF3FC0
7F1FC0
3F0F80
0E0780
1C0700
3C0E00
301C00
ENDCHAR
STARTCHAR quotedblbase
ENCODING 8222
SWIDTH 508 0
DWIDTH 20 0
BBX 18 12 1 -5
BITMAP
3C0F00
7F1F80
FF3FC0
FF3FC0
FFBFC0
FF3FC0
7F1FC0
3F0F80
0E0780
1C0700
3C0E00
301C00
ENDCHAR
STARTCHAR dagger
ENCODING 8224
SWIDTH 470 0
DWIDTH 19 0
BBX 18 31 0 -1
BITMAP
01F000
03F000
03F800
03F800
03F000
01F000
01F000
01F000
01F000
79E780
7FFFC0
FFFFC0
FFFFC0
7FFFC0
78E780
01E000
01E000
01E000
01F000
01F000
01F000
01F000
01F000
01F000
03F000
03F000
03F800
03F800
03F800
03F000
01F000
ENDCHAR
STARTCHAR bullet
ENCODING 8226
SWIDTH 403 0
DWIDTH 16 0
BBX 14 13 1 5
BITMAP
0FC0
3FF0
7FF8
7FF8
FFFC
FFFC
FFFC
FFFC
FFFC
7FF8
3FF8
1FF0
0FC0
ENDCHAR
STARTCHAR ellipsis
ENCODING 8230
SWIDTH 807 0
DWIDTH 32 0
BBX 30 8 1 -1
BITMAP
3E0780F0
7F0FC3F8
FF1FE3FC
FF9FE3FC
FF9FE3FC
FF1FE3FC
7F0FC1F8
3E0780F0
ENDCHAR
STARTCHAR perthousand
ENCODING 8240
SWIDTH 1433 0
DWIDTH 57 0
BBX 55 30 1 -1
BITMAP
07F00000000000
1FF8001E000000
3FFE003C000000
7E3F0078000000
7E3F0070000000
FC3F00F0000000
FC3F81E0000000
FC1F83C0000000
FC1F8780000000
FC1F8780000000
FC3F8F00000000
FC3F1E00000000
7E3F3C00000000
7E7E3C00000000
3FFE787F000FC0
1FF8F1FFC03FF0
03E1E3FFE0FFF8
0001C7E3F0FCFC
0003C7E3F1F87E
00078FC3F9F87E
000F0FC1FBF87E
001E0FC1FBF87E
001E0FC1FBF87E
003C0FC1FBF87E
00780FC3F9F87E
00F007E3F1F87E
00F007E3F0FCFC
01E003FFE0FFF8
03C001FFC03FF0
0000007F000FC0
ENDCHAR
STARTCHAR guilsinglleft
ENCODING 8249
SWIDTH 370 0
DWIDTH 15 0
BBX 13 19 1 1
BITMAP
0018
0038
00F8
01F0
03E0
0FC0
1F80
3F00
7E00
FC00
7E00
3F00
1F80
0FC0
03E0
01F0
00F8
0038
0018
ENDCHAR
STARTCHAR guilsinglright
ENCODING 8250
SWIDTH 370 0
DWIDTH 15 0
BBX 13 19 1 1
BITMAP
C000
E000
F000
FC00
7E00
1F00
0FC0
07E0
03F0
01F8
03F0
07E0
0FC0
1F00
7E00
FC00
F000
E000
C000
ENDCHAR
STARTCHAR Euro
ENCODING 8364
SWIDTH 686 0
DWIDTH 27 0
BBX 27 30 0 -1
BITMAP
000FF000
007FFE00
00FFFF00
01FFFF80
03FC3FC0
07F83FC0
07F03FC0
07F01FC0
0FF01FC0
0FE00F80
0FE00000
7FFFE000
FFFFE000
7FFFE000
0FE00000
0FE00000
7FFF8000
FFFFC000
7FFF8000
0FE00F80
0FE01FC0
0FF01FC0
07F01FE0
07F03FE0
03F83FC0
03F87FC0
01FFFF80
00FFFF00
007FFE00
000FF000
ENDCHAR
STARTCHAR trademark
ENCODING 8482
SWIDTH 946 0
DWIDTH 38 0
BBX 36 18 1 12
BITMAP
600C7801E0
7FFEFC03F0
7FFE7C03E0
E3CE7E07E0
E3C67E07E0
03C07F07E0
03C07F0FE0
03C07F8DE0
03C07F9DE0
03C077DDE0
03C077F9E0
03C073F9E0
03C073F1E0
03C071F1E0
03C071E3E0
07C078E3E0
07E0F8E3F0
07E07041E0
ENDCHAR
STARTCHAR minus
ENCODING 8722
SWIDTH 430 0
DWIDTH 17 0
BBX 15 3 1 12
BITMAP
FFFE
FFFE
FFFE
ENDCHAR
STARTCHAR uni2219
ENCODING 8729
SWIDTH 322 0
DWIDTH 13 0
BBX 11 10 1 7
BITMAP
1F00
3F80
7FC0
FFC0
FFE0
FFE0
FFC0
7FC0
7F80
1F00
ENDCHAR
STARTCHAR uniE000
ENCODING 57344
SWIDTH 1059 0
DWIDTH 42 0
BBX 41 33 1 -1
BITMAP
003FF0000000
00FFFC000000
03FFFF000000
07F8FF800000
07E07F800000
0FE03F800000
0FC03F800000
0FC03F800000
1FC01F800000
1FC01F800000
1FC01F800000
FFFC1F8FC000
FFFE1F9FF000
FFFE1FFFFC00
7FFC1FF9FC00
1FC01FF0FE00
1FC01FE07F00
1FC01FE07F00
1FC01FE07F00
1FC01FE07F00
1FC01FE07F00
1FC01FE07F80
1FC01FE07F80
1FC01FE07F80
1FC01FE07F00
1FC03FE07F00
1FC03FE07F00
1FC03FE07F00
3FE03FF0FE00
3FE07FF0FE00
3FE07FFFFC00
3FE07FBFF800
3FE03F8FE000
ENDCHAR
STARTCHAR uniE001
ENCODING 57345
SWIDTH 1019 0
DWIDTH 41 0
BBX 39 33 1 -1
BITMAP
003FF00000
00FFFC0000
03FFFF0000
07F8FF8000
07E07F8000
0FE03F8000
0FC03F8000
0FC03F8000
1FC01F8000
1FC01F8000
1FC01F8000
FFFC1F8FC0
FFFE1FBFF0
FFFE1FFFF8
7FFC1FFFF8
1FC01FFFF8
1FC01FC3F8
1FC01FC3F8
1FC01F81F8
1FC01F81F8
1FC01F81F8
1FC01F81F8
1FC01F81F8
1FC01F81F8
1FC01F81F8
1FC03F81F8
1FC03F81FC
1FC03FC3FC
3FE03FC3FC
3FE07FE7FE
3FE07FE7FE
3FE07FE7FE
3FE03FC3FC
ENDCHAR
STARTCHAR uniE002
ENCODING 57346
SWIDTH 715 0
DWIDTH 29 0
BBX 25 45 1 -13
BITMAP
003FF000
00FFFC00
03FFFF00
07F9FF00
07E0FF80
0FE07F80
0FC07F80
1FC03F80
1FC03F00
1FC00000
1FC00000
FFFC0780
FFFE1F80
FFFE7F80
7FFC7F80
1FC07F80
1FC07F80
1FC03F80
1FC03F80
1FC03F80
1FC01F80
1FC01F80
1FC01F80
1FC01F80
1FC01F80
1FC01F80
1FC01F80
1FC01F80
3FE01F80
3FE01F80
3FE01F80
3FE01F80
3FE01F80
00001F80
00001F80
00001F80
00781F80
00FC1F80
01FC1F80
01FC3F80
00FC3F00
00FE3F00
007FFE00
001FFC00
0007F000
ENDCHAR
STARTCHAR uniE003
ENCODING 57347
SWIDTH 1042 0
DWIDTH 42 0
BBX 40 33 1 -1
BITMAP
003FF00000
00FFFC0000
03FFFF0000
07F8FF8000
07E07F8000
0FE03F8000
0FC03F8000
1FC03F8000
1FC01F8000
1FC01F8000
1FC01F8000
FFFC1F83FC
FFFE1F87FC
FFFE1F83FC
7FFC1F83F8
1FC01F87E0
1FC01F8F80
1FC01FBF00
1FC01FFE00
1FC01FFE00
1FC01FFF80
1FC01FFFC0
1FC01FFFE0
1FC01F8FF0
1FC01F8FF0
1FC03F87F8
1FC03F87F8
1FC03FC7FC
3FE03FC3FE
3FE07FE3FF
3FE07FE3FF
3FE07FE1FF
3FE03FC0FE
ENDCHAR
STARTCHAR uniE004
ENCODING 57348
SWIDTH 782 0
DWIDTH 31 0
BBX 30 33 1 -1
BITMAP
003FF000
00FFFC00
03FFFF00
07F87F80
07E03F80
0FE01F80
0FC01F80
1FC01F80
1FC01F80
1FC03F80
1FC07F80
FFF9FFF8
FFF9FFFC
FFF9FFFC
7FF8FFF8
1FC01F80
1FC01F80
1FC01F80
1FC01F80
1FC01F80
1FC01F80
1FC01F80
1FC01F80
1FC01F80
1FC01F80
1FC01F80
1FC01F80
1FC01FCC
3FE01FFC
3FE01FFC
3FE01FF8
3FE01FF0
3FE007C0
ENDCHAR
STARTCHAR uniE005
ENCODING 57349
SWIDTH 1420 0
DWIDTH 57 0
BBX 55 33 1 -1
BITMAP
0000007FC00000
007F83FFF80000
01FFE7FFFE0000
03FFFFE3FE0000
07E1FFC0FF0000
0FC1FF80FF0000
0FC0FF807F0000
1FC0FF807F0000
1FC0FF807F0000
1FC03F007F0000
1FC03F007F0000
FFFFFFF87F1F80
FFFFFFF87F7FE0
FFFFFFF87FFFF0
7FFFFFF87FF7F8
1FC03F007FC1FC
1FC03F007FC1FC
1FC03F007F81FC
1FC03F007F80FE
1FC03F007F80FE
1FC03F007F80FE
1FC03F007F80FE
1FC03F007F80FE
1FC03F007F80FE
1FC03F007F80FE
1FC03F007F80FE
1FC03F807F81FC
1FC07F80FFC1FC
3FE07F80FFC1FC
3FE0FFC0FFE3F8
3FE0FFC1FFFFF0
3FE0FFC0FF7FE0
3FE07F80FE1F80
ENDCHAR
STARTCHAR uniE006
ENCODING 57350
SWIDTH 1380 0
DWIDTH 55 0
BBX 53 33 1 -1
BITMAP
0000007FC00000
003F03FFF80000
01FFE7FFFE0000
03FFFFE3FE0000
07E1FFC0FF0000
0FC1FF80FF0000
0FC0FF807F0000
0FC0FF807F0000
1FC0FF807F0000
1FC03F007F0000
1FC03F007F0000
FFFFFFF87F1F80
FFFFFFF87F7FC0
FFFFFFF87FFFE0
7FFFFFF07FFFF0
1FC03F007FFFF0
1FC03F007F8FF0
1FC03F007F07F0
1FC03F007F07F0
1FC03F007F07F0
1FC03F007F07F0
1FC03F007F07F0
1FC03F007F07F0
1FC03F007F07F0
1FC03F007F07F0
1FC03F007F07F0
1FC03F807F07F0
1FC07F80FF07F0
3FE07F80FF8FF8
3FE0FFC0FF8FF8
3FE0FFC1FF8FF8
3FE0FFC0FF8FF8
3FE07F80FF8FF8
ENDCHAR
STARTCHAR uniE007
ENCODING 57351
SWIDTH 1076 0
DWIDTH 43 0
BBX 40 45 1 -13
BITMAP
0000007FC0
003F03FFF8
01FFE7FFFC
03FFFFE3FE
07E3FFC1FE
0FE1FF81FE
0FC0FF80FE
0FC0FF80FE
1FC0FF807C
1FC07F0000
1FC03F0000
FFFFFFF81E
FFFFFFF8FF
FFFFFFF8FF
7FFFFFF1FF
1FC03F00FF
1FC03F00FF
1FC03F007F
1FC03F007F
1FC03F007F
1FC03F007F
1FC03F007F
1FC03F007F
1FC03F007F
1FC03F007F
1FC03F007F
1FC03F807F
1FC07F807F
3FE07F807F
3FE0FFC07F
3FE0FFC07F
3FE0FFC07F
3FE07F807F
000000007F
000000007F
000000007F
000001E07F
000003F07F
000003F07E
000003F87E
000003F87E
000001F8FC
000000FFFC
0000007FF0
0000001FC0
ENDCHAR
STARTCHAR uniE008
ENCODING 57352
SWIDTH 1403 0
DWIDTH 56 0
BBX 55 33 1 -1
BITMAP
0000007FC00000
007F83FFF80000
01FFE7FFFE0000
03FFFFE3FE0000
07E1FFC0FF0000
0FC1FF80FF0000
0FC0FF807F0000
1FC0FF807F0000
1FC0FF807F0000
1FC03F007F0000
1FC03F007F0000
FFFFFFF87F0FF0
FFFFFFF87F0FF8
FFFFFFF87F0FF0
7FFFFFF07F0FE0
1FC03F007F1FC0
1FC03F007F3F00
1FC03F007F7E00
1FC03F007FFC00
1FC03F007FF800
1FC03F007FFE00
1FC03F007FFF00
1FC03F007FFF80
1FC03F007F3FC0
1FC03F007F1FC0
1FC03F007F1FE0
1FC03F807F1FE0
1FC07F80FF0FF0
3FE07F80FF8FF8
3FE0FFC0FF8FFC
3FE0FFC1FF87FE
3FE0FFC0FF87FE
3FE07F80FF83FC
ENDCHAR
STARTCHAR uniE009
ENCODING 57353
SWIDTH 1143 0
DWIDTH 46 0
BBX 44 33 1 -1
BITMAP
0000007FC000
007F83FFF800
01FFE7FFFE00
03FFFFE1FE00
07E1FFC0FF00
0FC1FF807F00
0FC0FF807F00
1FC0FF807F00
1FC0FF807F00
1FC03F007F00
1FC03F01FF00
FFFFFFF3FFF0
FFFFFFF3FFF0
FFFFFFF3FFF0
7FFFFFE3FFE0
1FC03F007F00
1FC03F007F00
1FC03F007F00
1FC03F007F00
1FC03F007F00
1FC03F007F00
1FC03F007F00
1FC03F007F00
1FC03F007F00
1FC03F007F00
1FC03F007F00
1FC03F807F00
1FC07F807F10
3FE07F807FF0
3FE0FFC07FF0
3FE0FFC07FF0
3FE0FFC03FE0
3FE07F801FC0
ENDCHAR
STARTCHAR uniE00A
ENCODING 57354
SWIDTH 1307 0
DWIDTH 52 0
BBX 51 31 0 -1
BITMAP
01FFF800020000
07FFFFC0060000
0FFFFFFFFE0000
1FFFFFFFFE0000
3FFFFFFFFC0000
7FE01FFFFC0000
7F801FFFFC0000
FF001FC1FC0000
FE001FC1FC0000
FE1C1FC1FC7E00
FE3E1FC1FDFF00
FE3E1FC1FFFF80
FFFF1FC1FFFFC0
7FFF1FC1FFFFC0
7FFF1FC1FE1FC0
3FFE1FC1FC1FC0
3FFE1FC1FC1FC0
1FFC1FC1FC1FC0
07F01FC1FC1FC0
00001FC1FC1FC0
00001FC1FC1FC0
00001FC1FC1FC0
00001FC1FC1FC0
00001FC1FC1FC0
00001FC1FC1FC0
00003FC1FC1FC0
00003FC3FE3FE0
00007FE3FE3FE0
00007FE3FE3FE0
00007FE3FE3FE0
00003FC3FE3FE0
ENDCHAR
STARTCHAR uniE00B
ENCODING 57355
SWIDTH 1347 0
DWIDTH 54 0
BBX 53 31 0 -1
BITMAP
01FFF800020000
07FFFFC0060000
0FFFFFFFFE0000
1FFFFFFFFE0000
3FFFFFFFFC0000
7FE01FFFFC0000
7F801FFFFC0000
FF001FC1FC0000
FE001FC1FC0000
FE1C1FC1FC7E00
FE3E1FC1FDFF80
FE3E1FC1FFFFC0
FFFF1FC1FFDFE0
7FFF1FC1FF07F0
7FFF1FC1FF07F0
3FFE1FC1FE07F0
3FFE1FC1FE03F8
1FFC1FC1FE03F8
07F01FC1FE03F8
00001FC1FE03F8
00001FC1FE03F8
00001FC1FE03F8
00001FC1FE03F8
00001FC1FE03F8
00001FC1FE03F0
00003FC1FF07F0
00003FC3FF07F0
00007FE3FF8FE0
00007FE3FFFFC0
00007FE3FDFF80
00003FC3F87E00
ENDCHAR
STARTCHAR uniE00C
ENCODING 57356
SWIDTH 1003 0
DWIDTH 40 0
BBX 39 32 0 -1
BITMAP
00FFE00000
03FFFF0002
0FFFFFF80E
1FFFFFFFFE
3FFFFFFFFC
7FF07FFFFC
7F801FFFFC
7F001FCFFC
FE001FC1FC
FE001FC1FC
FE1C1FC1FC
FE3E1FC1FC
FE3E1FC1FC
FF7F1FC1FC
FFFF1FC1FC
7FFF1FC1FC
7FFE1FC1FC
3FFE1FC1FC
1FFC1FC1FC
0FF81FC1FC
03E01FC1FC
00001FC1FC
00001FC1FC
00001FC1FC
00001FC1FC
00001FC1FC
00003FC1FC
00003FC3FE
00007FE3FE
00007FE3FE
00007FE3FE
00003FC3FE
ENDCHAR
STARTCHAR uniE00D
ENCODING 57357
SWIDTH 1330 0
DWIDTH 53 0
BBX 53 32 0 -1
BITMAP
00FFE000000000
03FFFF00020000
0FFFFFF80E0000
1FFFFFFFFE0000
3FFFFFFFFC0000
7FF07FFFFC0000
7F801FFFFC0000
FF001FCFFC0000
FE001FC1FC0000
FE001FC1FC0000
FE1C1FC1FC3FC0
FE3E1FC1FC3FE0
FE3E1FC1FC3FE0
FFFF1FC1FC3FC0
7FFF1FC1FC3F00
7FFF1FC1FCFC00
3FFE1FC1FDF800
3FFE1FC1FFE000
1FFC1FC1FFF000
07F01FC1FFFC00
00001FC1FFFE00
00001FC1FDFE00
00001FC1FCFF00
00001FC1FC7F80
00001FC1FC7F80
00001FC1FC3FC0
00003FC3FC3FC0
00003FC3FE3FE0
00007FE3FE3FF8
00007FE3FE1FF8
00007FE3FE0FF0
00003FC3FE07E0
ENDCHAR
STARTCHAR uniE00E
ENCODING 57358
SWIDTH 1307 0
DWIDTH 52 0
BBX 51 38 0 -1
BITMAP
00000000FE0000
00000001FF0000
00000001FF8000
00000001FF8000
00000001FF8000
00000000FF8000
000000007F8000
01FFF8007F8000
07FFFF807F8000
0FFFFFF07F8000
1FFFFFFFFF0000
3FFFFFFFFE0000
7FE01FFFFC0000
7F801FFFFC0000
FF001FC1FC0000
FE001FC1FC0000
FE1C1FC1FC7E00
FE3E1FC1FDFF00
FE3E1FC1FFFF80
FFFF1FC1FFFFC0
7FFF1FC1FFFFC0
7FFF1FC1FE1FC0
3FFE1FC1FC1FC0
3FFE1FC1FC1FC0
1FFC1FC1FC1FC0
07F01FC1FC1FC0
00001FC1FC1FC0
00001FC1FC1FC0
00001FC1FC1FC0
00001FC1FC1FC0
00001FC1FC1FC0
00001FC1FC1FC0
00003FC1FC1FC0
00003FC3FE3FE0
00007FE3FE3FE0
00007FE3FE3FE0
00007FE3FE3FE0
00003FC3FE3FE0
ENDCHAR
STARTCHAR uniE00F
ENCODING 57359
SWIDTH 1347 0
DWIDTH 54 0
BBX 53 38 0 -1
BITMAP
00000000FE0000
00000001FF0000
00000001FF8000
00000001FF8000
00000001FF8000
00000000FF8000
000000007F8000
01FFF8007F8000
07FFFF807F8000
0FFFFFF07F8000
1FFFFFFFFF0000
3FFFFFFFFE0000
7FE01FFFFC0000
7F801FFFFC0000
FF001FC1FC0000
FE001FC1FC0000
FE1C1FC1FC7E00
FE3E1FC1FDFF80
FE3E1FC1FFFFC0
FFFF1FC1FFDFE0
7FFF1FC1FF07F0
7FFF1FC1FF07F0
3FFE1FC1FE07F0
3FFE1FC1FE03F8
1FFC1FC1FE03F8
07F01FC1FE03F8
00001FC1FE03F8
00001FC1FE03F8
00001FC1FE03F8
00001FC1FE03F8
00001FC1FE03F8
00001FC1FE03F0
00003FC1FF07F0
00003FC3FF07F0
00007FE3FF8FE0
00007FE3FFFFC0
00007FE3FDFF80
00003FC3F87E00
ENDCHAR
STARTCHAR uniE010
ENCODING 57360
SWIDTH 1003 0
DWIDTH 40 0
BBX 41 38 0 -1
BITMAP
00000000FE00
00000001FF00
00000001FF80
00000001FF80
00000001FF80
00000000FF80
00FFE0007F80
03FFFE007F80
0FFFFFC07F80
1FFFFFF87F80
3FFFFFFFFF00
7FF0FFFFFE00
7F801FFFFC00
7F001FFFFC00
FE001FC1FC00
FE001FC1FC00
FE1C1FC1FC00
FE3E1FC1FC00
FE3E1FC1FC00
FF7F1FC1FC00
FFFF1FC1FC00
7FFF1FC1FC00
7FFE1FC1FC00
3FFE1FC1FC00
1FFC1FC1FC00
0FF81FC1FC00
03E01FC1FC00
00001FC1FC00
00001FC1FC00
00001FC1FC00
00001FC1FC00
00001FC1FC00
00003FC1FC00
00003FC3FE00
00007FE3FE00
00007FE3FE00
00007FE3FE00
00003FC3FE00
ENDCHAR
STARTCHAR uniE011
ENCODING 57361
SWIDTH 1330 0
DWIDTH 53 0
BBX 53 39 0 -1
BITMAP
000000003C0000
00000000FE0000
00000001FF0000
00000001FF8000
00000001FF8000
00000001FF8000
00000000FF8000
00FFE0007F8000
03FFFE007F8000
0FFFFFC07F8000
1FFFFFF87F0000
3FFFFFFFFF0000
7FF0FFFFFE0000
7F801FFFFC0000
FF001FFFFC0000
FE001FC1FC0000
FE001FC1FC0000
FE1C1FC1FC3FC0
FE3E1FC1FC3FE0
FE3E1FC1FC3FE0
FFFF1FC1FC3FC0
7FFF1FC1FC3F00
7FFF1FC1FCFC00
3FFE1FC1FDF800
3FFE1FC1FFE000
1FFC1FC1FFF000
07F01FC1FFFC00
00001FC1FFFE00
00001FC1FDFE00
00001FC1FCFF00
00001FC1FC7F80
00001FC1FC7F80
00001FC1FC3FC0
00003FC3FC3FC0
00003FC3FE3FE0
00007FE3FE3FF8
00007FE3FE1FF8
00007FE3FE0FF0
00003FC3FE07E0
ENDCHAR
STARTCHAR uniE012
ENCODING 57362
SWIDTH 1196 0
DWIDTH 48 0
BBX 47 31 0 -1
BITMAP
03FFC0000000
0FFFFC00C000
1FFFFFFFC000
3FFFFFFFC000
7FFFFFFFC000
7F83FFFF8000
FF03FFFF8000
FF03F81F8000
FF03F81F8000
FF83F81F8FC0
FFC3F81FBFF0
FFE3F81FFFF8
7FE3F81FFFF8
7FE3F81FFFF8
3FC3F81FC3FC
1F03F81FC1FC
0003F81F81FC
0003F81F81FC
0003F81F81FC
0003F81F81FC
0003F81F81FC
0003F81F81FC
0003F81F81FC
0003F81F81FC
0003F83F81FC
0003FC3FC3FC
0007FC3FC3FC
0007FC7FE7FE
0007FE7FE7FE
0007FE7FE7FE
0007FC3FC3FC
ENDCHAR
STARTCHAR uniE013
ENCODING 57363
SWIDTH 1236 0
DWIDTH 49 0
BBX 49 31 0 -1
BITMAP
03FFC000000000
0FFFFC00C00000
1FFFFFFFC00000
3FFFFFFFC00000
7FFFFFFFC00000
7F83FFFF800000
FF03FBFF800000
FF03F81F800000
FF03F81F800000
FF83F81F8FE000
FFC3F81F9FF800
FFE3F81FBFFC00
7FE3F81FF9FE00
7FE3F81FF0FE00
3FC3F81FE07F00
1F03F81FE07F00
0003F81FE07F00
0003F81FE07F00
0003F81FE07F80
0003F81FE07F80
0003F81FE07F80
0003F81FE07F80
0003F81FE07F00
0003F81FE07F00
0003F83FE07F00
0003F83FE07F00
0007FC3FF0FE00
0007FC7FF8FE00
0007FE7FFFFC00
0007FE7FBFF800
0007FC3F8FE000
ENDCHAR
STARTCHAR uniE014
ENCODING 57364
SWIDTH 892 0
DWIDTH 36 0
BBX 35 30 0 -1
BITMAP
007C000000
07FFE00040
0FFFFF00C0
1FFFFFFFC0
3FFFFFFFC0
7FC3FFFF80
7F83FFFF80
FF03F8FF80
FF03F81F80
FF03F81F80
FFC3F81F80
FFE3F81F80
FFE3F81F80
7FE3F81F80
3FC3F81F80
1F83F81F80
0003F81F80
0003F81F80
0003F81F80
0003F81F80
0003F81F80
0003F81F80
0003F81F80
0003F81F80
0003F83FC0
0003FC3FC0
0007FC7FE0
0007FE7FE0
0007FE7FE0
0007FC3FC0
ENDCHAR
STARTCHAR uniE015
ENCODING 57365
SWIDTH 1219 0
DWIDTH 49 0
BBX 48 32 0 -1
BITMAP
00FC00000000
07FFE0004000
1FFFFF00C000
3FFFFFFFC000
3FFFFFFFC000
7FC3FFFF8000
7F83FFFF8000
FF03F8FF8000
FF03F81F8000
FF03F81F8000
FF83F81F83FC
FFE3F81F87FC
FFE3F81F83FC
7FE3F81F83F8
7FC3F81F87E0
3FC3F81F8F80
0F03F81FBF00
0003F81FFE00
0003F81FFE00
0003F81FFF80
0003F81FFFC0
0003F81FFFE0
0003F81F8FF0
0003F81F8FF0
0003F81F87F8
0003F83FC7F8
0003FC3FC7FC
0007FC3FC3FE
0007FC7FE3FF
0007FE7FE3FF
0007FE7FE1FF
0007FC3FC07E
ENDCHAR
STARTCHAR uniE016
ENCODING 57366
SWIDTH 1196 0
DWIDTH 48 0
BBX 47 38 0 -1
BITMAP
0000000FC000
0000001FE000
0000003FF000
0000003FF800
0000003FF800
0000001FF800
0000000FF800
03FF8007F800
0FFFF807F800
1FFFFF0FF000
3FFFFFFFF000
7FFFFFFFE000
7F83FFFF8000
FF03FBFF8000
FF03F81F8000
FF03F81F8000
FF83F81F8FC0
FFC3F81FBFF0
FFE3F81FFFF8
7FE3F81FFFF8
7FE3F81FFFF8
3FC3F81FC3FC
1F03F81FC1FC
0003F81F81FC
0003F81F81FC
0003F81F81FC
0003F81F81FC
0003F81F81FC
0003F81F81FC
0003F81F81FC
0003F81F81FC
0003F83F81FC
0003FC3FC3FC
0007FC3FC3FC
0007FC7FE7FE
0007FE7FE7FE
0007FE7FE7FE
0007FC3FC3FC
ENDCHAR
STARTCHAR uniE017
ENCODING 57367
SWIDTH 1236 0
DWIDTH 49 0
BBX 49 38 0 -1
BITMAP
0000000FC00000
0000001FE00000
0000003FF00000
0000003FF80000
0000003FF80000
0000001FF80000
0000000FF80000
03FF8007F80000
0FFFF807F80000
1FFFFF0FF00000
3FFFFFFFF00000
7FFFFFFFE00000
7F83FFFFC00000
FF03FBFF800000
FF03F81F800000
FF03F81F800000
FF83F81F8FE000
FFC3F81F9FF800
FFE3F81FBFFC00
7FE3F81FF9FE00
7FE3F81FF0FE00
3FC3F81FE07F00
1F03F81FE07F00
0003F81FE07F00
0003F81FE07F00
0003F81FE07F80
0003F81FE07F80
0003F81FE07F80
0003F81FE07F80
0003F81FE07F00
0003F81FE07F00
0003F83FE07F00
0003F83FE07F00
0007FC3FF0FE00
0007FC7FF8FE00
0007FE7FFFFC00
0007FE7FBFF800
0007FC3F8FE000
ENDCHAR
STARTCHAR uniE018
ENCODING 57368
SWIDTH 892 0
DWIDTH 36 0
BBX 37 37 0 -1
BITMAP
0000000FC0
0000001FE0
0000003FF0
0000003FF8
0000003FF8
0000001FF8
0000000FF8
01FF8007F8
07FFF807F8
1FFFFF0FF0
3FFFFFFFF0
3FFFFFFFE0
7FC3FFFFC0
7F83FFFF80
FF03F81F80
FF03F81F80
FF03F81F80
FFC3F81F80
FFE3F81F80
FFE3F81F80
7FE3F81F80
3FC3F81F80
1F83F81F80
0003F81F80
0003F81F80
0003F81F80
0003F81F80
0003F81F80
0003F81F80
0003F81F80
0003F81F80
0003F83FC0
0003FC3FC0
0007FC7FE0
0007FE7FE0
0007FE7FE0
0007FC3FC0
ENDCHAR
STARTCHAR uniE019
ENCODING 57369
SWIDTH 1219 0
DWIDTH 49 0
BBX 48 39 0 -1
BITMAP
0000000FC000
0000001FE000
0000003FF000
0000003FF800
0000003FF800
0000001FF800
0000000FF800
01FF8007F800
07FFF807F800
1FFFFF0FF000
3FFFFFFFF000
3FFFFFFFE000
7FC3FFFFC000
7F83FFFF8000
FF03F81F8000
FF03F81F8000
FF03F81F8000
FF83F81F83FC
FFE3F81F87FC
FFE3F81F83FC
7FE3F81F83F8
7FC3F81F87E0
3FC3F81F8F80
0F03F81FBF00
0003F81FFE00
0003F81FFE00
0003F81FFF80
0003F81FFFC0
0003F81FFFE0
0003F81F8FF0
0003F81F8FF0
0003F81F87F8
0003F83FC7F8
0003FC3FC7FC
0007FC3FC3FE
0007FC7FE3FF
0007FE7FE3FF
0007FE7FE1FF
0007FC3FC07E
ENDCHAR
STARTCHAR uniE01A
ENCODING 57370
SWIDTH 689 0
DWIDTH 28 0
BBX 43 40 1 -13
BITMAP
01FC00000000
03FF00000000
03FF00000000
01FF00000000
00FF80000000
00FF80000000
00FFC0000000
00FFC0000000
01FFC0000000
01FFE0000000
03FFE0000000
03CFE0000000
03CFF0000000
07CFF0000000
0787F8000000
0787F8000000
0F03F8000000
0F03FC000000
1FFFFC000000
1FFFFE000000
1FFFFE000000
3FFFFE000000
3C00FF000000
7C00FF000000
FE007F800000
FE007F800000
FE003F800000
FE003FC00000
00003FC00000
00001FC00000
00001FE00000
00000FE007C0
00000FF00FE0
00000FF80FE0
000007F81FE0
000003FC1FE0
000001FE3FC0
000000FFFF80
0000007FFF00
0000001FFC00
ENDCHAR
STARTCHAR uniE01B
ENCODING 57371
SWIDTH 567 0
DWIDTH 23 0
BBX 33 42 -11 -12
BITMAP
0000000E00
0007FFFF00
000FFFFF00
000FFFFF00
0007FFFF80
0007F80F80
0007F00780
0003F00780
0003F00180
0003F00000
0003F00000
0003F00800
0003F01C00
0003FFFC00
0003FFFC00
0003FFFC00
0003FFFC00
0003F01C00
0003F01800
0003F00000
0003F00000
0003F00000
0003F00000
0003F00000
0003F00000
0003F00000
0003F00000
0003F00000
0003F00000
0003F00000
0003F00000
0003F00000
1003F00000
7C07F00000
FE07F00000
FE07E00000
FE07E00000
FF0FE00000
7F8FC00000
3FFF800000
1FFF000000
07FC000000
ENDCHAR
STARTCHAR uniE01C
ENCODING 57372
SWIDTH 736 0
DWIDTH 29 0
BBX 40 41 1 -12
BITMAP
001FF00000
00FFFC0000
03FFFF0000
07FFFF8000
0FF07FC000
1FC07FC000
3FC03FC000
3F803FC000
7F001FC000
7F001FC000
7F000F8000
FF00000000
FE00000000
FE00000000
FE001FE000
FE003FF000
FE003FF000
FF001FE000
FF001FE000
7F001FC000
7F800FC000
7F800FC000
3FC00FC000
3FE01FC000
1FFCFFC000
0FFFFFC000
07FFFFC000
03FFFFC000
00FFFFC000
003FCFC000
00000FC000
00000FC000
00000FC03E
00000FC07E
00000FE07F
000007E07F
000007E0FF
000003F1FE
000001FFFC
000000FFF8
0000003FE0
ENDCHAR
STARTCHAR uniE01D
ENCODING 57373
SWIDTH 693 0
DWIDTH 28 0
BBX 38 40 1 -13
BITMAP
7F807F8000
FFC0FFC000
FFC0FFC000
FFC0FFC000
7F807F8000
7F807F8000
3F803F0000
3F003F0000
3F003F0000
3F003F0000
3F003F0000
3F003F0000
3FFFFF0000
3FFFFF0000
3FFFFF0000
3FFFFF0000
3F003F0000
3F003F0000
3F003F0000
3F003F0000
3F003F0000
3F003F0000
7F803F0000
7F803F0000
7FC03F0000
FFC03F0000
FFC03F0000
7F803F0000
00003F0000
00003F0000
00003F8000
00003F80F8
00003F81FC
00001F81FC
00001F81FC
00001FC3FC
00000FC7F8
000007FFF8
000003FFE0
000000FF80
ENDCHAR
STARTCHAR uniE01E
ENCODING 57374
SWIDTH 689 0
DWIDTH 28 0
BBX 43 40 1 -13
BITMAP
7F81FF000000
FFC1FF000000
FFC1FE000000
7FC1FC000000
7F83F0000000
7F83E0000000
3F87C0000000
3F0F80000000
3F1F00000000
3F3E00000000
3F7C00000000
3FFF80000000
3FFFC0000000
3FFFE0000000
3FEFF0000000
3FC7F8000000
3F83F8000000
3F03FC000000
3F03FC000000
3F01FC000000
3F01FE000000
3F01FE000000
7F81FF000000
7F80FF000000
7FC0FF000000
FFC0FF800000
FFC0FF800000
7F807F800000
00007FC00000
00007FC00000
00003FC00000
00003FE007C0
00001FE007E0
00001FF00FE0
00000FF80FE0
000007FC1FE0
000003FE3FC0
000001FFFFC0
0000007FFF00
0000001FFC00
ENDCHAR
STARTCHAR uniE01F
ENCODING 57375
SWIDTH 831 0
DWIDTH 33 0
BBX 44 40 1 -13
BITMAP
7F0001FE0000
FF8001FE0000
FFC003FE0000
7FC003FE0000
7FE007FE0000
7FE007FC0000
3FE007FC0000
3FF00FFC0000
3FF00FFC0000
3FF81FFC0000
3FF81FFC0000
3FFC3FFC0000
3FFC3FFC0000
3DFE3DFC0000
3DFE7DFC0000
3CFF79FC0000
3CFFF9FC0000
3C7FF9FC0000
3C7FF1FC0000
3C3FF1FC0000
3C3FE1FC0000
3C3FE1FC0000
7C1FC1FC0000
7E1FC1FC0000
7E0FC1FC0000
FE0F81FC0000
FE0781FC0000
7E0701FC0000
000001FC0000
000001FC0000
000001FC0000
000000FC03C0
000000FC07E0
000000FE0FE0
000000FE0FF0
0000007E0FE0
0000003F1FE0
0000001FFFC0
0000000FFF80
00000007FE00
ENDCHAR
STARTCHAR uniE020
ENCODING 57376
SWIDTH 667 0
DWIDTH 27 0
BBX 38 40 1 -1
BITMAP
0000007FC0
000001FFF0
000003FFF8
000007C7FC
00000783FC
00000F81FC
00000F01FC
00000F00FC
00001F00F8
00001F0000
00001E0000
00001E0000
7E001E0000
FF001E0000
FF801E0000
7F801E0000
7FC01E0000
7FE01E0000
3FF01E0000
3FF01E0000
3FF81E0000
3FFC1E0000
3FFE1E0000
3FFE1E0000
3DFF1E0000
3CFF9E0000
3CFF9E0000
3C7FDE0000
3C3FFE0000
3C1FFE0000
3C1FFE0000
3C0FFE0000
3C07FE0000
3C03FE0000
7C03FF0000
7E01FF0000
7E00FF8000
FE007F8000
FE007F8000
7E003F0000
ENDCHAR
STARTCHAR uniE021
ENCODING 57377
SWIDTH 639 0
DWIDTH 26 0
BBX 36 40 -11 -12
BITMAP
0007FFF000
000FFFFE00
000FFFFF80
0007FFFFC0
0007F83FC0
0007F01FE0
0003F00FE0
0003F00FF0
0003F00FF0
0003F00FF0
0003F00FF0
0003F00FF0
0003F00FE0
0003F01FE0
0003F03FC0
0003FFFFC0
0003FFFF80
0003FFFE00
0003FFF000
0003F00000
0003F00000
0003F00000
0003F00000
0003F00000
0003F00000
0003F00000
0003F00000
0003F00000
0003F00000
0003F00000
0003F00000
7C07F00000
FE07F00000
FE07E00000
FE07E00000
FF0FE00000
7F8FC00000
3FFF800000
1FFF000000
07FC000000
ENDCHAR
STARTCHAR uniE022
ENCODING 57378
SWIDTH 646 0
DWIDTH 26 0
BBX 42 40 1 -13
BITMAP
7FFF00000000
FFFFE0000000
FFFFF8000000
7FFFFC000000
7F83FE000000
7F01FE000000
3F00FF000000
3F00FF000000
3F00FF000000
3F00FF000000
3F00FF000000
3F01FE000000
3F03FE000000
3F1FFC000000
3FFFF8000000
3FFFE0000000
3FFF80000000
3F7FE0000000
3F1FE0000000
3F0FF0000000
3F0FF8000000
3F07F8000000
7F87FC000000
7F83FC000000
7FC3FE000000
FFC1FE000000
FFC1FF000000
7F81FF000000
0000FF800000
0000FF800000
00007F800000
00007FC00F80
00003FC01F80
00003FE01FC0
00001FF03FC0
00000FF03FC0
000007FC7F80
000003FFFF00
000000FFFE00
0000003FF800
ENDCHAR
STARTCHAR uniE023
ENCODING 57379
SWIDTH 693 0
DWIDTH 28 0
BBX 39 41 1 -1
BITMAP
0000001FC0
0000007FF0
000001FFFC
000001F3FE
000003C1FE
000007C0FE
00000780FE
000007807E
000007807E
00000F8018
00000F8000
00000F0000
7F800F0000
FFC00F0000
FFC00F0000
FFC00F0000
7F800F0000
7F800F0000
3F800F0000
3F000F0000
3F000F0000
3F000F0000
3F000F0000
3F000F0000
3F000F0000
3F000F0000
3F000F0000
3F000F0000
3F000F0000
3F000F0000
3F000F0000
3F800F0000
3F800F0000
3F800F0000
3F801F0000
1FC03E0000
1FF07E0000
0FFFFC0000
07FFF80000
01FFF00000
007F800000
ENDCHAR
STARTCHAR uniE024
ENCODING 57380
SWIDTH 679 0
DWIDTH 27 0
BBX 44 40 1 -1
BITMAP
00000003FE00
0000000FFF80
0000001FFFC0
0000003F1FE0
0000007C0FF0
000000F80FF0
000000F007F0
000001F007F0
000001E003E0
000003E00000
000003C00000
000007C00000
FFC007800000
FFC007800000
FFC00F800000
FFC00F000000
7FC01F000000
3FC01E000000
3FC01E000000
1FC03E000000
1FE03C000000
1FE03C000000
0FE07C000000
0FF078000000
0FF0F8000000
07F0F0000000
07F8F0000000
03F9F0000000
03FDE0000000
03FDE0000000
01FFE0000000
01FFC0000000
01FFC0000000
00FF80000000
00FF80000000
007F80000000
007F00000000
007F00000000
003F00000000
003E00000000
ENDCHAR
STARTCHAR uniE025
ENCODING 57381
SWIDTH 987 0
DWIDTH 39 0
BBX 55 40 1 -1
BITMAP
00000000003FE0
0000000000FFF8
0000000001FFFC
0000000003E1FE
0000000007C1FE
000000000F80FE
000000000F00FE
000000001F007E
000000001E003C
000000003E0000
000000003C0000
000000003C0000
FFC1FF80780000
FFC3FF80780000
FFC3FF80F80000
FFC1FF80F00000
7FC1FF00F00000
3F80FF01F00000
3FC0FF01E00000
3FC07F01E00000
1FC0FF83E00000
1FE0FF83C00000
1FE0FF83C00000
0FE1FFC3C00000
0FF1FFC7800000
0FF1FFC7800000
07F3DFE7800000
07FBDFEF000000
07FBCFEF000000
03FF8FFF000000
03FF8FFE000000
03FF87FE000000
01FF07FE000000
01FF07FC000000
01FF03FC000000
00FF03FC000000
00FE03F8000000
00FE01F8000000
007E01F8000000
007C01F0000000
ENDCHAR
STARTCHAR uniE026
ENCODING 57382
SWIDTH 701 0
DWIDTH 28 0
BBX 50 40 1 -1
BITMAP
000000001FF800
000000007FFE00
00000001FFFF00
00000003F0FF80
00000007C03FC0
0000000F803FC0
0000001F001FC0
0000003E001F80
0000003C000F80
0000007C000000
000000F8000000
000001F0000000
FFE001F0000000
FFF003E0000000
FFF007C0000000
FFE007C0000000
7FE00F80000000
3FE01F00000000
3FE01F00000000
1FF03E00000000
0FF07C00000000
0FF87C00000000
07FCF800000000
03FDF000000000
03FFF000000000
01FFE000000000
00FFC000000000
00FF8000000000
007F8000000000
007F0000000000
007F0000000000
007F0000000000
007F0000000000
007F0000000000
007F8000000000
007F8000000000
00FF8000000000
00FFC000000000
00FFC000000000
007F8000000000
ENDCHAR
STARTCHAR uniE027
ENCODING 57383
SWIDTH 601 0
DWIDTH 24 0
BBX 34 33 1 -12
BITMAP
03FE000000
0FFF800000
3FFFC00000
3F8FE00000
7F07F00000
7F03F00000
7E07F00000
3E07F00000
0C1FF00000
00FFF00000
07FFF00000
1FFFF00000
7FE3F00000
FF83F00000
FF07F00000
FF07F00000
FF0FF00000
FFFFF00000
FFFFF00000
7FFBF00000
3FF3F00000
1F83F00000
0003F00000
0003F00000
0003F00F80
0003F81FC0
0003F81FC0
0001F81FC0
0001FC3FC0
0000FC7F80
00007FFF00
00003FFE00
00000FF800
ENDCHAR
STARTCHAR uniE028
ENCODING 57384
SWIDTH 638 0
DWIDTH 26 0
BBX 36 41 -11 -12
BITMAP
0001F00000
0007F00000
000FF00000
000FF00000
000FF00000
0007F00000
0007F00000
0003F00000
0003F1FC00
0003F3FF00
0003F7FF80
0003FF3FC0
0003FE1FC0
0003FC0FE0
0003FC0FE0
0003FC0FE0
0003FC0FF0
0003FC07F0
0003FC07F0
0003FC07F0
0003FC07F0
0003FC0FF0
0003FC0FE0
0003FC0FE0
0003FC0FE0
0003FE0FC0
0003FF1FC0
0003F7FF80
0003F3FF00
0003F0FC00
0003F00000
0003F00000
7C07F00000
FE07F00000
FE07F00000
FE07E00000
FF0FE00000
7F8FC00000
7FFF800000
1FFF000000
07FC000000
ENDCHAR
STARTCHAR uniE029
ENCODING 57385
SWIDTH 638 0
DWIDTH 26 0
BBX 36 41 1 -12
BITMAP
00007C0000
0001FC0000
0003FC0000
0003FC0000
0003FC0000
0001FC0000
0001FC0000
0001FC0000
03F1FC0000
0FFDFC0000
1FFFFC0000
3FCFFC0000
3F87FC0000
7F07FC0000
7F03FC0000
7F03FC0000
FE03FC0000
FE03FC0000
FE03FC0000
FE03FC0000
FE03FC0000
FE03FC0000
7E03FC0000
7F03FC0000
7F03FC0000
3F07FC0000
3F8FFC0000
1FFFFC0000
0FFDFC0000
03F1FC0000
0001FC0000
0000FC0000
0000FC03C0
0000FE07E0
0000FE07F0
00007E0FF0
00007E0FF0
00003F1FE0
00001FFFC0
00000FFF80
000003FE00
ENDCHAR
STARTCHAR uniE02A
ENCODING 57386
SWIDTH 426 0
DWIDTH 17 0
BBX 31 43 -9 -12
BITMAP
00001FC0
00007FF0
0000FFF8
0001F8FC
0003F07E
0003F07E
0007F03C
0007F018
0007F000
0007F000
003FFF00
003FFF80
003FFF80
001FFF00
0007F000
0007F000
0007F000
0007F000
0007F000
0007F000
0007F000
0007F000
0007F000
0007F000
0007F000
0007F000
0007F000
0007F000
0007F000
0007F000
0007F000
0007F000
0007F000
3007F000
7C07F000
FC07E000
FE07E000
FE0FE000
FF0FC000
FF1F8000
7FFF8000
3FFF0000
0FFC0000
ENDCHAR
STARTCHAR uniE02B
ENCODING 57387
SWIDTH 598 0
DWIDTH 24 0
BBX 34 42 1 -13
BITMAP
1F00000000
7F00000000
FF00000000
FF00000000
FF00000000
7F00000000
7F00000000
3F00000000
3F1F800000
3F3FE00000
3FFFF00000
3FFFF00000
3FFFF80000
3F87F80000
3F83F80000
3F83F80000
3F03F80000
3F03F80000
3F03F80000
3F03F80000
3F03F80000
3F03F80000
3F03F80000
3F83F80000
7F83F80000
7F83F80000
FFC3F80000
FFC3F80000
FFC3F80000
7F83F80000
0003F80000
0003F80000
0003F80000
0003F80F80
0003F80FC0
0001F81FC0
0001F81FC0
0000FC3FC0
0000FE7FC0
00007FFF80
00003FFE00
00000FF800
ENDCHAR
STARTCHAR uniE02C
ENCODING 57388
SWIDTH 294 0
DWIDTH 12 0
BBX 22 43 1 -12
BITMAP
1E0000
7F0000
7F8000
7F8000
7F8000
7F8000
7F0000
3E0000
000000
000000
0F0000
3F0000
FF0000
FF0000
FF0000
7F0000
7F0000
3F0000
3F0000
3F0000
3F0000
3F0000
3F0000
3F0000
3F0000
3F0000
3F0000
3F0000
3F0000
3F0000
3F0000
3F0000
3F8000
3F8000
3F80F8
3F81FC
1F81FC
1F81FC
0FC3FC
0FC7F8
07FFF8
03FFE0
00FF80
ENDCHAR
STARTCHAR uniE02D
ENCODING 57389
SWIDTH 621 0
DWIDTH 25 0
BBX 37 43 1 -13
BITMAP
0F00000000
7F00000000
FF00000000
FF00000000
FF00000000
7F00000000
7F00000000
3F00000000
3F00000000
3F07F80000
3F07F80000
3F07F80000
3F07F00000
3F0FC00000
3F1F800000
3F3E000000
3F7C000000
3FF8000000
3FFE000000
3FFF800000
3FFFC00000
3F3FC00000
3F1FE00000
3F0FF00000
3F8FF00000
7F87F80000
7F87F80000
FFC7F80000
FFC3FC0000
FFC3FC0000
7F83FC0000
0001FE0000
0001FE0000
0001FE0000
0000FF01F0
0000FF03F0
0000FF03F8
00007F87F8
00007F87F8
00003FCFF0
00001FFFE0
00000FFFC0
000003FF00
ENDCHAR
STARTCHAR uniE02E
ENCODING 57390
SWIDTH 294 0
DWIDTH 12 0
BBX 22 41 1 -12
BITMAP
0F0000
7F0000
FF0000
FF0000
FF0000
7F0000
7F0000
3F0000
3F0000
3F0000
3F0000
3F0000
3F0000
3F0000
3F0000
3F0000
3F0000
3F0000
3F0000
3F0000
3F0000
3F0000
3F0000
3F0000
3F0000
3F0000
3F0000
3F0000
3F0000
3F0000
3F0000
3F8000
3F80F8
3F81FC
1F81FC
1F81FC
0FC3FC
0FC7F8
07FFF8
03FFE0
00FF80
ENDCHAR
STARTCHAR uniE02F
ENCODING 57391
SWIDTH 902 0
DWIDTH 36 0
BBX 46 34 1 -13
BITMAP
0F1F80F80000
3F3FE3FE0000
FFFFF7FF0000
FFFFFFFF0000
FFFFFFFF8000
7F87F87F8000
7F83F83F8000
3F83F83F8000
3F03F83F8000
3F03F83F8000
3F03F83F8000
3F03F83F8000
3F03F83F8000
3F03F83F8000
3F03F83F8000
3F83F83F8000
7F87F83F8000
7F87F83F8000
FFC7FC3F8000
FFCFFC3F8000
FFCFFC3F8000
7F87FC3F8000
0000003F8000
0000003F8000
0000003F8000
0000003F8078
0000001F80FC
0000001F81FC
0000001FC1FC
0000000FC3FC
00000007E3FC
00000007FFF8
00000001FFF0
00000000FF80
ENDCHAR
STARTCHAR uniE030
ENCODING 57392
SWIDTH 598 0
DWIDTH 24 0
BBX 34 34 1 -13
BITMAP
0F1F800000
3F3FE00000
FFFFF00000
FFFFF00000
FFFFF80000
7F87F80000
7F83F80000
3F83F80000
3F03F80000
3F03F80000
3F03F80000
3F03F80000
3F03F80000
3F03F80000
3F03F80000
3F83F80000
7F83F80000
7F83F80000
FFC3F80000
FFC3F80000
FFC3F80000
7F83F80000
0003F80000
0003F80000
0003F80000
0003F80F80
0003F80FC0
0001F81FC0
0001F81FC0
0000FC3FC0
0000FE7FC0
00007FFF80
00003FFE00
00000FF800
ENDCHAR
STARTCHAR uniE031
ENCODING 57393
SWIDTH 638 0
DWIDTH 26 0
BBX 36 33 -11 -12
BITMAP
0000F1FC00
0003F3FF00
000FF7FF80
000FFF3FC0
000FFE1FC0
0007FC0FE0
0007FC0FE0
0003FC0FE0
0003FC0FF0
0003FC07F0
0003FC07F0
0003FC07F0
0003FC07F0
0003FC0FF0
0003FC0FE0
0003FC0FE0
0003FC0FE0
0003FE0FC0
0003FF1FC0
0003F7FF80
0003F3FF00
0003F0FC00
0003F00000
0003F00000
7C07F00000
FE07F00000
FE07F00000
FE07E00000
FF0FE00000
7F8FC00000
7FFF800000
1FFF000000
07FC000000
ENDCHAR
STARTCHAR uniE032
ENCODING 57394
SWIDTH 638 0
DWIDTH 26 0
BBX 36 33 1 -12
BITMAP
03F0FE0000
0FFDFF0000
1FFFFF0000
3FCFFE0000
3F87FE0000
7F07FE0000
7F03FC0000
7F03FC0000
FE03FC0000
FE03FC0000
FE03FC0000
FE03FC0000
FE03FC0000
FE03FC0000
7E03FC0000
7F03FC0000
7F03FC0000
3F07FC0000
3F8FFC0000
1FFFFC0000
0FFDFC0000
03F1FC0000
0001FC0000
0000FC0000
0000FC03C0
0000FE07E0
0000FE07F0
00007E0FF0
00007E0FF0
00003F1FE0
00001FFFC0
00000FFF80
000003FE00
ENDCHAR
STARTCHAR uniE033
ENCODING 57395
SWIDTH 382 0
DWIDTH 15 0
BBX 24 40 0 -12
BITMAP
01C000
03C000
07C000
07C000
0FC000
1FC000
3FC000
FFFC00
FFFE00
FFFE00
7FFC00
0FC000
0FC000
0FC000
0FC000
0FC000
0FC000
0FC000
0FC000
0FC000
0FC000
0FC000
0FC000
0FC000
0FC000
0FC000
0FC000
0FC000
0FC000
0FC000
0FC008
0FE03E
0FE07F
07E07F
07E0FF
07F0FF
03F1FE
01FFFC
00FFF8
003FE0
ENDCHAR
STARTCHAR uniE034
ENCODING 57396
SWIDTH 608 0
DWIDTH 24 0
BBX 34 33 1 -12
BITMAP
0F00700000
3F03F80000
FF07F80000
FF0FF80000
FF0FF80000
7F07F80000
7F07F80000
7F03F80000
3F03F80000
3F03F80000
3F03F80000
3F03F80000
3F03F80000
3F03F80000
3F03F80000
3F83F80000
3F87F80000
3FFFF80000
3FFFF80000
3FFFF80000
1FFBF80000
07E3F80000
0003F80000
0003F80000
0003F80780
0003F80FC0
0001F81FC0
0001F81FC0
0000FC3FC0
0000FE7FC0
00007FFF80
00003FFF00
00000FF800
ENDCHAR
STARTCHAR uniE035
ENCODING 57397
SWIDTH 833 0
DWIDTH 33 0
BBX 33 28 0 -1
BITMAP
03FFFC0000
0FFFFC0000
1FFFFE0000
3FFFFE0000
7F83FF0000
FF03FF0000
FF03FF0000
FF03FF8000
FF83FF8000
FFE3FFC000
FFE7BFC000
7FE79FC000
7FCF9FE000
1F8F1FE000
000F0FE000
001F0FF000
001E0FF000
003E07F800
003FFFF800
003FFFF800
007FFFFC00
007FFFFC00
00F801FE00
00F801FE00
01F803FF00
03FC03FF80
03FC03FF80
01F803FF00
ENDCHAR
STARTCHAR uniE036
ENCODING 57398
SWIDTH 926 0
DWIDTH 37 0
BBX 36 28 0 -1
BITMAP
03FFFFE000
0FFFFFFC00
1FFFFFFE00
3FFFFFFF00
7F0FF07F80
FF07F03FC0
FF07F03FC0
FF07F03FC0
FF87F03FC0
FFC7F03FC0
FFE7F03FC0
7FE7F07F80
7FC7FFFF00
3F87FFFF00
0007FFFF80
0007FFFFC0
0007F03FE0
0007F00FF0
0007F00FF0
0007F007F0
0007F007F0
0007F007F0
0007F00FF0
000FF01FE0
000FFFFFE0
001FFFFFC0
001FFFFF00
000FFFF800
ENDCHAR
STARTCHAR uniE037
ENCODING 57399
SWIDTH 734 0
DWIDTH 29 0
BBX 27 30 1 -1
BITMAP
001FE000
00FFFC00
03FFFE00
07F81F00
0FE00780
1FC007C0
3F8003C0
3F8383C0
7F07C3C0
7F07E7C0
7F07FFC0
FE07FFC0
FE07FFC0
FE07FF80
FE07FF80
FF03FF00
FF01FE00
FF007020
FF800060
7F8000E0
7FC001E0
7FE007C0
3FF81FC0
3FFFFF80
1FFFFF00
0FFFFF00
07FFFE00
03FFF800
00FFF000
003F8000
ENDCHAR
STARTCHAR uniE038
ENCODING 57400
SWIDTH 910 0
DWIDTH 36 0
BBX 36 28 0 -1
BITMAP
03FFFF8000
0FFFFFF000
1FFFFFFC00
3FFFFFFE00
7F0FF07F00
FF07F03F80
FF07F01F80
FF07F01FC0
FF87F01FE0
FFE7F00FE0
FFE7F00FE0
7FE7F00FE0
3FC7F00FF0
1F87F00FF0
0007F00FF0
0007F00FF0
0007F00FE0
0007F00FE0
0007F00FE0
0007F01FE0
0007F01FC0
0007F01FC0
0007F03F80
000FF07F00
000FFFFE00
001FFFFC00
001FFFF000
000FFF8000
ENDCHAR
STARTCHAR uniE039
ENCODING 57401
SWIDTH 830 0
DWIDTH 33 0
BBX 33 31 0 -1
BITMAP
0000001C00
03FFFFFE00
0FFFFFFE00
1FFFFFFE00
3FFFFFFF00
7F0FF01F00
7F07F00F00
FF07F00F00
FF07F00700
FF07F00000
FFC7F00000
FFE7F00000
FFE7F01000
7FE7F03800
7FC7FFF800
1F87FFF800
0007FFF800
0007FFF800
0007F03800
0007F03800
0007F00000
0007F00000
0007F00000
0007F00300
0007F00780
000FF00F00
000FF01F00
000FFFFF00
001FFFFF00
001FFFFE00
000FFFFE00
ENDCHAR
STARTCHAR uniE03A
ENCODING 57402
SWIDTH 820 0
DWIDTH 33 0
BBX 32 31 0 -1
BITMAP
0000001C
03FFFFFE
0FFFFFFE
1FFFFFFF
3FFFFFFF
7F0FF01F
7F07F00F
FF07F00F
FF07F007
FF87F000
FFC7F000
FFE7F000
7FE7F030
7FE7F038
3FC7FFF8
1F07FFF8
0007FFF8
0007FFF8
0007F038
0007F010
0007F000
0007F000
0007F000
0007F000
0007F000
000FF000
000FF000
000FF800
001FF800
001FF800
000FF000
ENDCHAR
STARTCHAR uniE03B
ENCODING 57403
SWIDTH 946 0
DWIDTH 38 0
BBX 37 28 0 -1
BITMAP
03FFF00FF8
0FFFF81FF8
1FFFF81FF8
3FFFF80FF8
7F0FF00FF0
FF07F00FF0
FF07F007F0
FF07F007F0
FF87F007F0
FFC7F007F0
FFE7F007F0
7FE7F007F0
7FC7FFFFF0
3F87FFFFF0
0007FFFFF0
0007FFFFF0
0007F007F0
0007F007F0
0007F007F0
0007F007F0
0007F007F0
0007F007F0
0007F007F0
000FF00FF0
000FF80FF8
001FF81FF8
001FF81FF8
000FF80FF8
ENDCHAR
STARTCHAR uniE03C
ENCODING 57404
SWIDTH 547 0
DWIDTH 22 0
BBX 21 28 0 -1
BITMAP
03FFF0
0FFFF8
1FFFF8
3FFFF8
7F0FF0
FF07F0
FF07F0
FF07F0
FF87F0
FFE7F0
FFE7F0
7FE7F0
3FC7F0
1F87F0
0007F0
0007F0
0007F0
0007F0
0007F0
0007F0
0007F0
0007F0
0007F0
000FF0
000FF8
001FF8
001FF8
000FF8
ENDCHAR
STARTCHAR uniE03D
ENCODING 57405
SWIDTH 547 0
DWIDTH 22 0
BBX 21 29 0 -1
BITMAP
007FE0
07FFF8
1FFFF8
3FFFF8
7F8FF0
7F07F0
FF07F0
FF07F0
FF87F0
FFC7F0
FFE7F0
7FE7F0
7FC7F0
3FC7F0
0E07F0
0007F0
0007F0
0607F0
1F07F0
3F87F0
3F87F0
3F87E0
3F87E0
3F07E0
3F0FE0
1FFFC0
0FFF80
07FF00
01FC00
ENDCHAR
STARTCHAR uniE03E
ENCODING 57406
SWIDTH 942 0
DWIDTH 38 0
BBX 37 28 0 -1
BITMAP
03FFF01FE0
0FFFF83FE0
1FFFF83FE0
3FFFF83F80
7F0FF03E00
FF07F07C00
FF07F0F800
FF07F1F000
FF87F3E000
FFE7F7C000
FFE7FFC000
7FE7FFF000
3FC7FFF800
1F87FFFC00
0007FDFE00
0007F8FF00
0007F07F00
0007F07F80
0007F07F80
0007F03F80
0007F03FC0
0007F03FC0
0007F03FE0
000FF03FE0
000FF81FF8
001FF81FF8
001FF80FF8
000FF807F0
ENDCHAR
STARTCHAR uniE03F
ENCODING 57407
SWIDTH 809 0
DWIDTH 32 0
BBX 32 28 0 -1
BITMAP
03FFF000
0FFFF800
1FFFF800
3FFFF800
7F0FF000
FF07F000
FF07F000
FF07F000
FF87F000
FFE7F000
FFE7F000
7FE7F000
3FC7F000
1F87F000
0007F000
0007F000
0007F000
0007F000
0007F000
0007F000
0007F006
0007F00F
0007F01F
000FF01E
000FFFFE
001FFFFE
001FFFFE
000FFFFC
ENDCHAR
STARTCHAR uniE040
ENCODING 57408
SWIDTH 1084 0
DWIDTH 43 0
BBX 43 28 0 -1
BITMAP
03FFF0003FC0
0FFFF0003FE0
1FFFF8007FC0
3FFFF8007FC0
7F0FFC007FC0
FF07FC00FF80
FF07FE00FF80
FF07FE01FF80
FF87FE01FF80
FFE7FF03FF80
FFE7FF03FF80
7FE7FF83FF80
3FC7FF87FF80
1F87BFC7BF80
0007BFCFBF80
00079FEFBF80
00079FFF3F80
00078FFF3F80
00078FFE3F80
000787FE3F80
000787FC3F80
000783FC3F80
000783FC3F80
000FC3F83FC0
000FC1F87FC0
001FC1F07FC0
001FC0F07FE0
000FC0E07FC0
ENDCHAR
STARTCHAR uniE041
ENCODING 57409
SWIDTH 920 0
DWIDTH 37 0
BBX 36 28 0 -1
BITMAP
03FFC007E0
0FFFE007F0
1FFFF007F0
3FFFF007F0
7F0FF803E0
FF07FC03E0
FF07FE03E0
FF07FE03E0
FF87FF03E0
FFE7FF83E0
FFE7FFC3E0
7FE7FFC3E0
3FC7BFE3E0
1F879FF3E0
00079FFBE0
00078FFBE0
000787FFE0
000783FFE0
000783FFE0
000781FFE0
000780FFE0
0007807FE0
0007807FE0
000FC03FE0
000FC01FF0
001FC00FF0
001FC00FF0
000FC007E0
ENDCHAR
STARTCHAR uniE042
ENCODING 57410
SWIDTH 892 0
DWIDTH 36 0
BBX 35 28 0 -1
BITMAP
03FFFFE000
0FFFFFFC00
1FFFFFFF00
3FFFFFFF80
7F0FF07FC0
FF07F03FC0
FF07F01FC0
FF07F01FE0
FFC7F01FE0
FFE7F01FE0
FFE7F01FE0
7FE7F01FE0
3FC7F01FC0
1F87F03FC0
0007F07FC0
0007FFFF80
0007FFFF00
0007FFFC00
0007FFE000
0007F00000
0007F00000
0007F00000
000FF00000
000FF00000
000FF80000
001FF80000
001FF80000
000FF80000
ENDCHAR
STARTCHAR uniE043
ENCODING 57411
SWIDTH 899 0
DWIDTH 36 0
BBX 36 28 0 -1
BITMAP
03FFFFE000
0FFFFFFC00
1FFFFFFF00
3FFFFFFF80
7F0FF07FC0
FF07F03FC0
FF07F01FE0
FF07F01FE0
FFC7F01FE0
FFE7F01FE0
7FE7F01FE0
7FE7F03FC0
3FC7F07FC0
1F07FFFF80
0007FFFF00
0007FFFC00
0007FFF800
0007F7FC00
0007F3FE00
0007F1FE00
0007F0FF00
0007F0FF80
000FF0FF80
000FF07FC0
000FF87FE0
001FF83FF0
001FF83FF0
000FF80FC0
ENDCHAR
STARTCHAR uniE044
ENCODING 57412
SWIDTH 598 0
DWIDTH 24 0
BBX 33 30 0 -1
BITMAP
01FC000000
07FFE00080
1FFFFE0380
3FFFFFFF80
3FFFFFFF80
7FC3FFFF00
7F83FFFE00
FF03F8F800
FF03F80000
FF03F80000
FFC3F80000
FFE3F80000
FFE3F80000
7FE3F80000
3FC3F80000
1F83F80000
0003F80000
0003F80000
0003F80000
0003F80000
0003F80000
0003F80000
0003F80000
0003F80000
0003F80000
0003FC0000
0007FC0000
0007FE0000
0007FE0000
0007FC0000
ENDCHAR
STARTCHAR uniE045
ENCODING 57413
SWIDTH 946 0
DWIDTH 38 0
BBX 37 29 0 -1
BITMAP
007FE000E0
07FFF803F8
1FFFF803F8
3FFFF803F8
7F8FF003F0
7F07F001F0
FF07F001F0
FF07F001F0
FF87F001F0
FFC7F001F0
FFE7F001F0
7FE7F001F0
7FC7F001F0
3FC7F001F0
0E07F001F0
0007F001F0
0007F001F0
0007F001F0
0007F001F0
0007F001F0
0007F001E0
0007F001E0
0007F803E0
0003F803E0
0003FE0FC0
0001FFFF80
0000FFFF00
00003FFE00
00000FF800
ENDCHAR
STARTCHAR uniE046
ENCODING 57414
SWIDTH 916 0
DWIDTH 37 0
BBX 36 28 0 -1
BITMAP
03FFF007F0
0FFFF80FF0
1FFFF807F0
3FFFF807F0
7F0FF007E0
FF0FF007C0
FF07F00780
FF07F80780
FF87F80F80
FFE3F80F00
FFE3FC0F00
7FE3FC1F00
3FC1FE1E00
1F81FE1E00
0000FE3C00
0000FF3C00
0000FF7C00
00007F7800
00007FF800
00007FF800
00003FF000
00003FF000
00001FF000
00001FE000
00001FE000
00000FC000
00000FC000
0000078000
ENDCHAR
STARTCHAR uniE047
ENCODING 57415
SWIDTH 1225 0
DWIDTH 49 0
BBX 48 28 0 -1
BITMAP
03FFF07FE03F
0FFFF87FF07F
1FFFF87FF07F
3FFFF87FE07F
7F0FF03FE03E
FF0FF03FE03C
FF07F01FC03C
FF07F81FE078
FF87F81FE078
FFE3F83FE078
FFE3FC3FF0F0
7FE3FC3FF0F0
3FC1FC7FF0F0
1F81FE7FF9F0
0001FE7BF9E0
0000FEFBF9E0
0000FFF3FFE0
0000FFF1FFC0
00007FF1FFC0
00007FE1FFC0
00007FE0FF80
00003FE0FF80
00003FC0FF80
00003FC07F00
00001FC07F00
00001F807F00
00001F807E00
00000F803E00
ENDCHAR
STARTCHAR uniE048
ENCODING 57416
SWIDTH 935 0
DWIDTH 37 0
BBX 37 28 0 -1
BITMAP
03FFFC0FF0
0FFFFE1FF0
1FFFFE1FF0
3FFFFE0FF0
7F1FFC0FE0
FF0FFC0FC0
FF07FC0F80
FF03FE1F80
FFC3FF3F00
FFE1FF7E00
FFE0FFFC00
7FE07FF800
3FC03FF000
1F803FF000
00001FF000
00003FF800
00007FFC00
0000FBFE00
0001F3FF00
0003F1FF00
0007E0FF80
000FC07FC0
001FC07FE0
001FC07FF0
003FC0FFF0
003FE0FFF8
003FE0FFF8
003FC0FFF0
ENDCHAR
STARTCHAR uniE049
ENCODING 57417
SWIDTH 931 0
DWIDTH 37 0
BBX 37 28 0 -1
BITMAP
03FFF807F0
0FFFFC0FF8
1FFFFC0FF8
3FFFFC0FF0
7F1FF807F0
FF0FF807E0
FF07F807C0
FF07FC0F80
FF83FE0F00
FFE1FE1F00
FFE1FF3E00
7FE0FF3C00
3FC07FFC00
1F807FF800
00003FF000
00003FF000
00001FE000
00000FC000
00000FC000
00000FC000
00000FC000
00000FC000
00001FE000
00001FE000
00003FF000
00003FF000
00003FF000
00001FE000
ENDCHAR
STARTCHAR uniE04A
ENCODING 57418
SWIDTH 744 0
DWIDTH 30 0
BBX 29 29 0 -1
BITMAP
007FFFC0
07FFFFF0
1FFFFFF0
3FFFFFE0
7F803FE0
7F003FC0
FF007FC0
FF007F80
FF80FF00
FFC1FF00
FFE1FE00
7FE3FE00
7FE3FC00
3FC7F800
1F0FF800
000FF000
001FF000
001FE000
003FC000
007FC000
007F8000
00FF8038
00FF0078
01FE0078
03FE00F8
03FFFFF0
07FFFFF0
07FFFFF0
07FFFFE0
ENDCHAR
STARTCHAR uniE04B
ENCODING 57419
SWIDTH 638 0
DWIDTH 26 0
BBX 36 33 -11 -1
BITMAP
07FC000000
1FFF000000
3FFF800000
7F8FC00000
FF0FE00000
FE07E00000
FE07F00000
7E07F00000
7C07F00000
0003F00000
0003F00000
0003F1FC00
0003F3FF00
0003F7FF80
0003FF3FC0
0003FE1FC0
0003FC0FE0
0003FC0FE0
0003FC0FE0
0003FC0FF0
0003FC07F0
0003FC07F0
0003FC07F0
0003FC07F0
0003FC0FF0
0003FC0FE0
0003FC0FE0
0007FC0FE0
0007FE0FC0
000FFF1FC0
000FFFFF80
000FF7FF00
0007F1FC00
ENDCHAR
STARTCHAR uniE04C
ENCODING 57420
SWIDTH 638 0
DWIDTH 26 0
BBX 36 34 1 -2
BITMAP
000007FE00
00001FFF80
00003FFFC0
00007F1FE0
00007E0FF0
0000FE0FF0
0000FE07F0
0000FC07E0
0000FC03C0
0001FC0000
0001FC0000
03F1FC0000
0FFDFC0000
1FFFFC0000
3FDFFC0000
3F87FC0000
7F07FC0000
7F03FC0000
7F03FC0000
FE03FC0000
FE03FC0000
FE03FC0000
FE03FC0000
FE03FC0000
FE03FC0000
FE03FC0000
7F03FC0000
7F03FE0000
7F07FE0000
3F87FE0000
1FFFFF0000
0FFCFF0000
07F0FE0000
0080000000
ENDCHAR
STARTCHAR uniE04D
ENCODING 57421
SWIDTH 426 0
DWIDTH 17 0
BBX 24 34 1 -1
BITMAP
003FC0
00FFF8
03FFFC
07F3FE
07E0FE
0FE0FF
0FC0FF
0FC07E
1FC07E
1FC018
1FC000
1FC000
FFFC00
FFFE00
FFFE00
7FFC00
1FC000
1FC000
1FC000
1FC000
1FC000
1FC000
1FC000
1FC000
1FC000
1FC000
1FC000
1FC000
1FC000
3FE000
3FE000
3FE000
3FE000
3FE000
ENDCHAR
STARTCHAR uniE04E
ENCODING 57422
SWIDTH 598 0
DWIDTH 24 0
BBX 34 33 -11 -1
BITMAP
07FC000000
1FFF000000
3FFF800000
7F8FC00000
FF0FE00000
FE07E00000
FE07F00000
7E07F00000
7C07F00000
0003F00000
0003F00000
0003F1F800
0003F3FE00
0003FFFF00
0003FFFF00
0003FFFF80
0003F87F80
0003F83F80
0003F83F80
0003F03F80
0003F03F80
0003F03F80
0003F03F80
0003F03F80
0003F03F80
0003F03F80
0003F83F80
0007F87F80
0007F87F80
000FFC7FC0
000FFCFFC0
000FFCFFC0
0007F87FC0
ENDCHAR
STARTCHAR uniE04F
ENCODING 57423
SWIDTH 621 0
DWIDTH 25 0
BBX 35 34 -11 -1
BITMAP
07FC000000
1FFF000000
3FFF800000
7F8FC00000
FF0FE00000
FE07E00000
FE07E00000
FE07F00000
7C07F00000
0003F00000
0003F00000
0003F00000
0003F07F80
0003F07F80
0003F07F80
0003F07F00
0003F0FC00
0003F1F000
0003F3E000
0003FFC000
0003FFC000
0003FFF000
0003FFF800
0003FFFC00
0003F1FE00
0003F1FE00
0003F0FF00
0003F8FF00
0007F8FF80
0007F87FC0
000FFC7FE0
000FFC3FE0
000FFC3FE0
0007F80FC0
ENDCHAR
STARTCHAR uniE050
ENCODING 57424
SWIDTH 294 0
DWIDTH 12 0
BBX 22 32 -11 -1
BITMAP
07FC00
1FFF00
3FFF80
7F8FC0
FF0FE0
FE07E0
FE07E0
FE07F0
7C07F0
0003F0
0003F0
0003F0
0003F0
0003F0
0003F0
0003F0
0003F0
0003F0
0003F0
0003F0
0003F0
0003F0
0003F0
0003F0
0003F0
0003F0
0007F8
0007F8
0007FC
000FFC
000FFC
0007F8
ENDCHAR
STARTCHAR uniE051
ENCODING 57425
SWIDTH 347 0
DWIDTH 14 0
BBX 33 33 1 -1
BITMAP
000000F800
000003FE00
00000FFF00
00003FFF00
00007FFF80
0000FFFF80
0001FFFF00
0003F83F00
0007C01E00
000F800000
001E000000
0F3C000000
3F78000000
7F70000000
FFE0000000
FFC0000000
7FC0000000
7F80000000
7F80000000
3F00000000
3F00000000
3F00000000
3F00000000
3F00000000
3F00000000
3F00000000
3F80000000
7F80000000
7F80000000
FFC0000000
FFC0000000
FFC0000000
7F80000000
ENDCHAR
STARTCHAR uniE052
ENCODING 57426
SWIDTH 382 0
DWIDTH 15 0
BBX 25 34 -10 -1
BITMAP
03F80000
1FFF0000
3FFF8000
7F9FC000
FF0FC000
FE07E000
FE07E000
FE07F000
7C07F000
3807F000
0007F000
0007F000
003FFF00
003FFF80
003FFF80
001FFF00
0003F000
0003F000
0003F000
0003F000
0003F000
0003F000
0003F000
0003F000
0003F000
0003F000
0003F000
0003F000
0003F980
0003FF80
0003FF80
0003FF00
0003FE00
0000F800
ENDCHAR
STARTCHAR uniE053
ENCODING 57427
SWIDTH 608 0
DWIDTH 24 0
BBX 35 33 -11 -1
BITMAP
07FC000000
1FFF000000
3FFF800000
7F8FC00000
FF0FE00000
FE07E00000
FE07F00000
7E07F00000
7C07F00000
0003F00000
0003F00000
0003F00700
0003F03F80
0003F07F80
0003F0FF80
0003F0FF80
0003F07F80
0003F07F80
0003F03F80
0003F03F80
0003F03F80
0003F03F80
0003F03F80
0003F03F80
0003F03F80
0003F03F80
0003F83F80
0003F87F80
0003FFFF80
0003FFFFC0
0003FFFFE0
0001FF9FC0
00007E0F80
ENDCHAR
STARTCHAR uniE054
ENCODING 57428
SWIDTH 573 0
DWIDTH 23 0
BBX 39 34 -16 -1
BITMAP
07FC000000
1FFF000000
7FFF800000
FF8FC00000
FF07E00000
FE07F00000
FE03F80000
FC03F80000
7C01FC0000
0001FC0000
0000FE0000
0000FE0000
0000FF00FC
00007F00FE
00007F80FE
00007F80FE
00003F80FC
00003FC0F8
00001FC0F8
00001FE0F0
00001FE0F0
00000FE1E0
00000FF1E0
000007F3E0
000007FBC0
000007FBC0
000003FF80
000003FF80
000003FF80
000001FF00
000001FF00
000000FE00
000000FE00
0000007C00
ENDCHAR
STARTCHAR uniE055
ENCODING 57429
SWIDTH 900 0
DWIDTH 36 0
BBX 52 34 -16 -1
BITMAP
07FC0000000000
1FFF0000000000
7FFF8000000000
FF8FC000000000
FF07E000000000
FE07F000000000
FE03F000000000
FC03F800000000
7C01FC00000000
0001FC00000000
0000FE00000000
0000FE00000000
0000FF01FF07E0
00007F03FF07F0
00007F83FF87F0
00007F83FF07F0
00003F81FF07E0
00003FC1FF03C0
00001FC0FE07C0
00001FC0FF0780
00001FE0FF0780
00000FE1FF0F00
00000FE1FF8F00
000007F1FF8F00
000007F3FF9E00
000007FBFFDE00
000003FB9FDC00
000003FF9FFC00
000003FF8FFC00
000001FF0FF800
000001FF0FF800
000000FE07F800
000000FE07F000
0000007C03E000
ENDCHAR
STARTCHAR uniE056
ENCODING 57430
SWIDTH 573 0
DWIDTH 23 0
BBX 39 45 -16 -12
BITMAP
07FC000000
1FFF000000
7FFF800000
FF8FC00000
FF07E00000
FE07F00000
FE03F80000
FC03F80000
7C01FC0000
0001FC0000
0000FE0000
0000FE0000
0000FF00FC
00007F00FE
00007F80FE
00003F80FE
00003FC0FC
00003FC0F8
00001FC0F0
00001FE0F0
00000FE1F0
00000FF1E0
00000FF1E0
000007F3C0
000007FBC0
000003FBC0
000003FF80
000003FF80
000001FF80
000001FF00
000000FF00
000000FF00
000000FE00
0000007E00
0000007C00
0000003C00
0000003C00
0000F07800
0000F87800
0001FC7800
0001FCF000
0000FFF000
0000FFE000
00007FC000
00001F0000
ENDCHAR
STARTCHAR uniE057
ENCODING 57431
SWIDTH 833 0
DWIDTH 33 0
BBX 50 40 0 -13
BITMAP
03FFFC00000000
0FFFFC00000000
1FFFFE00000000
3FFFFE00000000
7F83FF00000000
FF03FF00000000
FF03FF00000000
FF03FF80000000
FF83FF80000000
FFE3FFC0000000
FFE7BFC0000000
7FE79FC0000000
7FCF9FE0000000
1F8F1FE0000000
000F0FE0000000
001F0FF0000000
001E0FF0000000
003E07F8000000
003FFFF8000000
003FFFF8000000
007FFFFC000000
007FFFFC000000
00F801FE000000
00F801FE000000
01F800FE000000
03FC00FF000000
03FC00FF000000
01F8007F000000
0000007F800000
0000007F800000
0000003FC00000
0000003FC00F80
0000001FE01F80
0000001FE01FC0
0000000FF03FC0
00000007F83F80
00000007FC7F80
00000003FFFF00
00000000FFFE00
000000003FF800
ENDCHAR
STARTCHAR uniE058
ENCODING 57432
SWIDTH 946 0
DWIDTH 38 0
BBX 49 40 0 -13
BITMAP
03FFF00FF80000
0FFFF81FF80000
1FFFF81FF80000
3FFFF80FF80000
7F0FF00FF00000
FF07F00FF00000
FF07F007F00000
FF07F007F00000
FF87F007F00000
FFC7F007F00000
FFE7F007F00000
7FE7F007F00000
7FC7FFFFF00000
3F87FFFFF00000
0007FFFFF00000
0007FFFFF00000
0007F007F00000
0007F007F00000
0007F007F00000
0007F007F00000
0007F007F00000
0007F007F00000
0007F007F00000
000FF007F00000
000FF807F00000
001FF807F00000
001FF807F00000
000FF807F00000
00000007F00000
00000007F00000
00000007F00000
00000007F01F00
00000007F03F80
00000003F03F80
00000003F03F80
00000001F87F80
00000001F8FF00
00000000FFFF00
000000007FFC00
000000001FF000
ENDCHAR
STARTCHAR uniE059
ENCODING 57433
SWIDTH 547 0
DWIDTH 22 0
BBX 33 40 0 -12
BITMAP
03FFF00000
0FFFF80000
1FFFF80000
3FFFF80000
7F0FF00000
FF07F00000
FF07F00000
FF07F00000
FF87F00000
FFE7F00000
FFE7F00000
7FE7F00000
3FC7F00000
1F87F00000
0007F00000
0007F00000
0007F00000
0007F00000
0007F00000
0007F00000
0007F00000
0007F00000
0007F00000
0007F00000
0007F00000
0007F00000
0007F00000
0007F00000
0007F00000
0007F00000
0007F00000
0007F01F00
0007F01F80
0003F03F80
0003F03F80
0001F87F80
0001FCFF00
0000FFFF00
00007FFC00
00001FF000
ENDCHAR
STARTCHAR uniE05A
ENCODING 57434
SWIDTH 942 0
DWIDTH 38 0
BBX 54 40 0 -13
BITMAP
03FFF01FE00000
0FFFF83FE00000
1FFFF83FE00000
3FFFF83F800000
7F0FF03E000000
FF07F07C000000
FF07F0F8000000
FF07F1F0000000
FF87F3E0000000
FFE7F7C0000000
FFE7FF80000000
7FE7FFF0000000
3FC7FFF8000000
1F87FFFC000000
0007FDFE000000
0007F8FF000000
0007F07F000000
0007F07F800000
0007F07F800000
0007F03FC00000
0007F03FC00000
0007F03FC00000
0007F03FE00000
000FF01FE00000
000FF81FE00000
001FF81FF00000
001FF81FF00000
000FF80FF00000
0000000FF80000
0000000FF80000
00000007FC0000
00000007FC00F8
00000003FC00FC
00000003FE01FC
00000001FF01FC
00000000FF83FC
000000007FC7FC
000000003FFFF8
000000000FFFF0
0000000003FF80
ENDCHAR
STARTCHAR uniE05B
ENCODING 57435
SWIDTH 899 0
DWIDTH 36 0
BBX 53 40 0 -13
BITMAP
03FFFFE0000000
0FFFFFFC000000
1FFFFFFF000000
3FFFFFFF800000
7F0FF07FC00000
FF07F03FC00000
FF07F01FE00000
FF07F01FE00000
FF87F01FE00000
FFE7F01FE00000
FFE7F01FE00000
7FE7F03FC00000
3FC7F07FC00000
1F87F3FF800000
0007FFFF000000
0007FFFE000000
0007FFF8000000
0007FFFC000000
0007F3FC000000
0007F1FE000000
0007F1FF000000
0007F0FF000000
0007F0FF800000
000FF07F800000
000FF87FC00000
001FF83FC00000
001FF83FE00000
000FF83FE00000
0000001FF00000
0000001FF00000
0000000FF80000
0000000FF801F0
00000007FC03F8
00000007FC03F8
00000003FE07F8
00000001FF07F8
00000000FF8FF0
000000007FFFE0
000000001FFFC0
0000000007FF00
ENDCHAR
STARTCHAR uniE05C
ENCODING 57436
SWIDTH 946 0
DWIDTH 38 0
BBX 50 41 0 -1
BITMAP
0000000003F800
000000000FFF00
000000001FFF80
000000003E7FC0
000000007C3FC0
00000000781FC0
00000000F81FC0
00000000F00FC0
00000000F00FC0
00000000F00380
00000001F00000
00000001F00000
007FE001F00000
07FFF801F00000
1FFFF801F00000
3FFFF801F00000
7F8FF001F00000
7F07F001F00000
FF07F001F00000
FF07F001F00000
FF87F001F00000
FFC7F001F00000
FFE7F001F00000
7FE7F001F00000
7FC7F001F00000
3FC7F001F00000
0E07F001F00000
0007F001F00000
0007F001F00000
0007F001F00000
0007F001F00000
0007F001F00000
0007F001E00000
0007F001E00000
0007F803E00000
0003F803E00000
0003FE0FC00000
0001FFFF800000
0000FFFF000000
00003FFE000000
00000FF8000000
ENDCHAR
STARTCHAR uniE05D
ENCODING 57437
SWIDTH 916 0
DWIDTH 37 0
BBX 54 40 0 -1
BITMAP
00000000007FC0
0000000001FFF0
0000000007FFF8
0000000007C3FC
000000000F83FC
000000001F01FC
000000003E01FC
000000003C00FC
000000007C0078
00000000780000
00000000F80000
00000000F00000
03FFF001F00000
0FFFF801E00000
1FFFF801E00000
3FFFF803E00000
7F0FF003C00000
FF0FF003C00000
FF07F007800000
FF07F807800000
FF87F80F800000
FFE3F80F000000
FFE3FC0F000000
7FE3FC1F000000
3FC1FE1E000000
1F81FE1E000000
0000FE3E000000
0000FF3C000000
0000FF7C000000
00007F78000000
00007FF8000000
00007FF8000000
00003FF0000000
00003FF0000000
00001FF0000000
00001FE0000000
00001FE0000000
00000FC0000000
00000FC0000000
00000780000000
ENDCHAR
STARTCHAR uniE05E
ENCODING 57438
SWIDTH 1225 0
DWIDTH 49 0
BBX 66 40 0 -1
BITMAP
0000000000000FF800
0000000000003FFE00
0000000000007FFF00
000000000000FC7F80
000000000001F03FC0
000000000001E01FC0
000000000003E01FC0
000000000003C01FC0
000000000007C00F80
000000000007800000
00000000000F800000
00000000000F000000
03FFF07FE00F000000
0FFFF87FF01E000000
1FFFF87FF01E000000
3FFFF87FE01E000000
7F0FF03FE03C000000
FF0FF03FE03C000000
FF07F01FC03C000000
FF07F81FE078000000
FF87F81FE078000000
FFE3F83FE078000000
FFE3FC3FF0F0000000
7FE3FC3FF0F0000000
3FC1FC7FF0F0000000
1F81FE7FF9F0000000
0001FE7BF9E0000000
0000FEFBF9E0000000
0000FFF3FFE0000000
0000FFF1FFC0000000
00007FF1FFC0000000
00007FE1FFC0000000
00007FE0FF80000000
00003FE0FF80000000
00003FC0FF80000000
00003FC07F00000000
00001FC07F00000000
00001F807F00000000
00001F807E00000000
00000F803E00000000
ENDCHAR
STARTCHAR uniE05F
ENCODING 57439
SWIDTH 931 0
DWIDTH 37 0
BBX 60 40 0 -1
BITMAP
000000000007FE00
00000000001FFF80
00000000003FFFC0
0000000000FC1FE0
0000000001F80FF0
0000000003E007F0
0000000007C007F0
00000000078007F0
000000000F8003E0
000000001F000000
000000003E000000
000000003C000000
03FFF8007C000000
0FFFFC00F8000000
1FFFFC00F0000000
3FFFFC01F0000000
7F1FF803E0000000
FF0FF803C0000000
FF07F807C0000000
FF07FC0F80000000
FF83FC0F00000000
FFE1FE1F00000000
FFE1FF3E00000000
7FE0FF3C00000000
3FC07FFC00000000
1F807FF800000000
00003FF000000000
00003FF000000000
00001FE000000000
00000FC000000000
00000FC000000000
00000FC000000000
00000FC000000000
00000FC000000000
00001FE000000000
00001FE000000000
00003FF000000000
00003FF000000000
00003FF000000000
00001FE000000000
ENDCHAR
STARTCHAR uniE060
ENCODING 57440
SWIDTH 601 0
DWIDTH 24 0
BBX 60 36 1 -15
BITMAP
03FE000000000000
0FFF800000000000
3FFFC00000000000
3F8FE00000000000
7F07F00000000000
7F03F00000000000
7E07F00000000000
3E07F00000000000
0C1FF00000000000
00FFF00000000000
07FFF00000000000
1FFFF00000000000
7FE3F00000000000
FF83F00000000000
FF07F00000000000
FF07F00000000000
FF0FF00000000000
FFFFF00000000000
FFFFF00000000000
7FFBF00000000000
3FF3F00000000000
1F83F00000000000
0003F00000000000
0003F8000007FC00
0003F800007FFF00
0001F80003FFFFC0
0001FC001FFFFFC0
0000FE00FFF07FE0
00007FFFFF803FE0
00003FFFFC001FF0
00001FFFE0001FF0
000003FE00001FF0
0000000000001FF0
0000000000001FE0
0000000000000FE0
0000000000000780
ENDCHAR
STARTCHAR uniE061
ENCODING 57441
SWIDTH 638 0
DWIDTH 26 0
BBX 62 44 1 -15
BITMAP
00007C0000000000
0001FC0000000000
0003FC0000000000
0003FC0000000000
0003FC0000000000
0001FC0000000000
0001FC0000000000
0001FC0000000000
03F1FC0000000000
0FFDFC0000000000
1FFFFC0000000000
3FCFFC0000000000
3F87FC0000000000
7F07FC0000000000
7F03FC0000000000
7F03FC0000000000
FE03FC0000000000
FE03FC0000000000
FE03FC0000000000
FE03FC0000000000
FE03FC0000000000
FE03FC0000000000
7E03FC0000000000
7F03FC0000000000
7F03FC0000000000
3F07FC0000000000
3F8FFC0000000000
1FFFFC0000000000
0FFDFC0000000000
03F1FC0000000000
0000FC0000000000
0000FC000001FF00
0000FE00001FFFC0
0000FE0000FFFFE0
00007F0007FFFFF0
00003F803FFC1FF8
00001FFFFFE00FF8
00000FFFFF0007FC
000007FFF80007FC
000000FF800007FC
00000000000007FC
00000000000007F8
00000000000003F8
00000000000001E0
ENDCHAR
STARTCHAR uniE062
ENCODING 57442
SWIDTH 426 0
DWIDTH 17 0
BBX 57 45 -35 -14
BITMAP
000000000007F000
00000000001FFC00
00000000003FFE00
00000000007E3F00
0000000000FC1F80
0000000000FC1F80
0000000001FC0F00
0000000001FC0600
0000000001FC0000
0000000001FC0000
000000000FFFC000
000000000FFFE000
000000000FFFE000
0000000007FFC000
0000000001FC0000
0000000001FC0000
0000000001FC0000
0000000001FC0000
0000000001FC0000
0000000001FC0000
0000000001FC0000
0000000001FC0000
0000000001FC0000
0000000001FC0000
0000000001FC0000
0000000001FC0000
0000000001FC0000
0000000001FC0000
0000000001FC0000
0000000001FC0000
0000000001FC0000
0000000001FC0000
0000000001FC0000
03FF000001F80000
0FFFE00001F80000
3FFFFC0001F80000
7FFFFF8003F00000
7FE3FFF007E00000
FFC03FFFFFE00000
FF8007FFFF800000
FF8000FFFF000000
FF80000FF8000000
7F80000000000000
7F80000000000000
3F00000000000000
ENDCHAR
STARTCHAR uniE063
ENCODING 57443
SWIDTH 565 0
DWIDTH 23 0
BBX 46 42 -23 -14
BITMAP
0000000007C0
000000000FF0
000000001FF0
000000001FF8
000000001FF0
0000000019F0
000000001060
00000003FC00
0000000FFF00
0000001FFFC0
0000003F9FE0
0000007F0FE0
000000FE07F0
000000FE07F0
000000FE07F0
000000FE07F0
000000FE07F0
000000FE07F0
000000FE07F0
0000007E07F0
0000007F07E0
0000003F0FC0
0000001FFF80
0000003FFF00
00000079F800
000000780000
000000FFFF80
000000FFFFF0
000000FFFFF8
007C007FFFFC
07FFC03FFFFC
1FFFF80FFFFC
3FFFFE0003FC
7FE1FF8000FC
7FC07FF000FC
7FC01FFE03FC
FF800FFFFFF8
FF8003FFFFF0
FF8001FFFFE0
FF80003FFFC0
7F800007FE00
3F0000000000
ENDCHAR
STARTCHAR uniE064
ENCODING 57444
SWIDTH 598 0
DWIDTH 24 0
BBX 60 45 1 -16
BITMAP
1F00000000000000
7F00000000000000
FF00000000000000
FF00000000000000
FF00000000000000
7F00000000000000
7F00000000000000
3F00000000000000
3F1F800000000000
3F3FE00000000000
3FFFF00000000000
3FFFF00000000000
3FFFF80000000000
3F87F80000000000
3F83F80000000000
3F83F80000000000
3F03F80000000000
3F03F80000000000
3F03F80000000000
3F03F80000000000
3F03F80000000000
3F03F80000000000
3F03F80000000000
3F83F80000000000
7F83F80000000000
7F83F80000000000
FFC3F80000000000
FFC3F80000000000
FFC3F80000000000
7F83F80000000000
0003F80000000000
0003F80000000000
0003F8000007FC00
0001F800007FFF00
0001FC0003FFFFC0
0000FE001FFFFFE0
0000FF01FFF07FE0
00007FFFFF801FF0
00001FFFFC001FF0
00000FFFE0001FF0
000000FC00001FF0
0000000000001FF0
0000000000000FF0
0000000000000FE0
0000000000000380
ENDCHAR
STARTCHAR uniE065
ENCODING 57445
SWIDTH 294 0
DWIDTH 12 0
BBX 48 46 1 -15
BITMAP
1E0000000000
7F0000000000
7F8000000000
7F8000000000
7F8000000000
7F8000000000
7F0000000000
3E0000000000
000000000000
000000000000
0F0000000000
3F0000000000
FF0000000000
FF0000000000
FF0000000000
7F0000000000
7F0000000000
3F0000000000
3F0000000000
3F0000000000
3F0000000000
3F0000000000
3F0000000000
3F0000000000
3F0000000000
3F0000000000
3F0000000000
3F0000000000
3F0000000000
3F0000000000
3F0000000000
3F0000000000
3F8000000000
3F8000007FC0
3F800007FFF0
1FC0003FFFFC
1FC001FFFFFE
0FF01FFFC7FE
07FFFFFC03FF
03FFFFC001FF
00FFFE0001FF
000FC00001FF
0000000001FF
0000000001FE
0000000000FE
000000000038
ENDCHAR
STARTCHAR uniE066
ENCODING 57446
SWIDTH 294 0
DWIDTH 12 0
BBX 46 45 -36 -14
BITMAP
0000000000F0
0000000003F8
0000000003FC
0000000003FC
0000000003FC
0000000003FC
0000000003F8
0000000001F0
000000000000
000000000000
000000000078
0000000001F8
0000000007F8
0000000007F8
0000000007F8
0000000003F8
0000000003F8
0000000001F8
0000000001F8
0000000001F8
0000000001F8
0000000001F8
0000000001F8
0000000001F8
0000000001F8
0000000001F8
0000000001F8
0000000001F8
0000000001F8
0000000001F8
0000000001F8
0000000001F8
0000000001F8
03FC000001F8
1FFFC00003F8
3FFFF80003F0
7FFFFF0003F0
FFC3FFE00FE0
FF807FFFFFC0
FF800FFFFF80
FF8001FFFE00
FF80001FF800
FF8000000000
FF0000000000
7E0000000000
ENDCHAR
STARTCHAR uniE067
ENCODING 57447
SWIDTH 621 0
DWIDTH 25 0
BBX 63 46 1 -16
BITMAP
0F00000000000000
7F00000000000000
FF00000000000000
FF00000000000000
FF00000000000000
7F00000000000000
7F00000000000000
3F00000000000000
3F00000000000000
3F07F80000000000
3F07F80000000000
3F07F80000000000
3F07F00000000000
3F0FC00000000000
3F1F800000000000
3F3E000000000000
3F7C000000000000
3FF8000000000000
3FFF000000000000
3FFF800000000000
3FFFC00000000000
3F3FE00000000000
3F1FE00000000000
3F0FE00000000000
3F8FF00000000000
7F87F00000000000
7F87F80000000000
FFC7F80000000000
FFC3F80000000000
FFC3FC0000000000
7F83FC0000000000
0001FC0000000000
0001FE0000000000
0000FE000001FF80
0000FF00000FFFE0
00007F80007FFFF0
00007FE007FFFFF8
00003FF87FFE1FFC
00001FFFFFF007FC
00000FFFFF8007FE
000003FFFC0003FE
0000007FC00003FE
00000000000003FE
00000000000003FC
00000000000001FC
00000000000000F0
ENDCHAR
STARTCHAR uniE068
ENCODING 57448
SWIDTH 294 0
DWIDTH 12 0
BBX 48 44 1 -15
BITMAP
0F0000000000
7F0000000000
FF0000000000
FF0000000000
FF0000000000
7F0000000000
7F0000000000
3F0000000000
3F0000000000
3F0000000000
3F0000000000
3F0000000000
3F0000000000
3F0000000000
3F0000000000
3F0000000000
3F0000000000
3F0000000000
3F0000000000
3F0000000000
3F0000000000
3F0000000000
3F0000000000
3F0000000000
3F0000000000
3F0000000000
3F0000000000
3F0000000000
3F0000000000
3F0000000000
3F8000000000
3F8000007FC0
3F800007FFF0
1FC0003FFFFC
1FC001FFFFFE
0FF01FFF07FE
07FFFFF803FF
03FFFFC001FF
00FFFE0001FF
001FC00001FF
0000000001FF
0000000001FE
0000000000FE
000000000038
ENDCHAR
STARTCHAR uniE069
ENCODING 57449
SWIDTH 902 0
DWIDTH 36 0
BBX 72 37 1 -16
BITMAP
0F1F80F80000000000
3F3FE3FE0000000000
FFFFF7FF0000000000
FFFFFFFF0000000000
FFFFFFFF8000000000
7F87F87F8000000000
7F83F83F8000000000
3F83F83F8000000000
3F03F83F8000000000
3F03F83F8000000000
3F03F83F8000000000
3F03F83F8000000000
3F03F83F8000000000
3F03F83F8000000000
3F03F83F8000000000
3F83F83F8000000000
7F87F83F8000000000
7F87F83F8000000000
FFC7FC3F8000000000
FFCFFC3F8000000000
FFCFFC3F8000000000
7F87FC3F8000000000
0000003F8000000000
0000003F8000000000
0000003F8000007FC0
0000001F800007FFF8
0000001FC0003FFFFC
0000000FE001FFFFFE
0000000FF01FFF03FF
00000007FFFFF801FF
00000001FFFFC001FF
000000007FFE0001FF
000000000FC00001FF
0000000000000001FF
0000000000000000FF
00000000000000007E
000000000000000018
ENDCHAR
STARTCHAR uniE06A
ENCODING 57450
SWIDTH 598 0
DWIDTH 24 0
BBX 60 37 1 -16
BITMAP
0F1F800000000000
3F3FE00000000000
FFFFF00000000000
FFFFF00000000000
FFFFF80000000000
7F87F80000000000
7F83F80000000000
3F83F80000000000
3F03F80000000000
3F03F80000000000
3F03F80000000000
3F03F80000000000
3F03F80000000000
3F03F80000000000
3F03F80000000000
3F83F80000000000
7F83F80000000000
7F83F80000000000
FFC3F80000000000
FFC3F80000000000
FFC3F80000000000
7F83F80000000000
0003F80000000000
0003F80000000000
0003F8000007FC00
0001F800007FFF00
0001FC0003FFFFC0
0000FE001FFFFFE0
0000FF01FFF07FE0
00007FFFFF801FF0
00001FFFFC001FF0
00000FFFE0001FF0
000000FC00001FF0
0000000000001FF0
0000000000000FF0
0000000000000FE0
0000000000000380
ENDCHAR
STARTCHAR uniE06B
ENCODING 57451
SWIDTH 638 0
DWIDTH 26 0
BBX 61 36 -36 -15
BITMAP
000000000078FE00
0000000001F9FF80
0000000007FBFFC0
0000000007FF9FE0
0000000007FF0FE0
0000000003FE07F0
0000000003FE07F0
0000000001FE07F0
0000000001FE07F8
0000000001FE03F8
0000000001FE03F8
0000000001FE03F8
0000000001FE03F8
0000000001FE07F8
0000000001FE07F0
0000000001FE07F0
0000000001FE07F0
0000000001FF07E0
0000000001FF8FE0
0000000001FBFFC0
0000000001F9FF80
0000000001F87E00
0000000001F80000
0000000001F80000
07FF000001F80000
1FFFE00003F00000
3FFFFC0003F00000
7FFFFF8007E00000
FFC1FFF00FE00000
FF803FFFFFC00000
FF8007FFFF000000
FF8000FFFE000000
FF800007E0000000
FF80000000000000
7F00000000000000
3E00000000000000
ENDCHAR
STARTCHAR uniE06C
ENCODING 57452
SWIDTH 638 0
DWIDTH 26 0
BBX 62 36 1 -15
BITMAP
03F0FE0000000000
0FFDFF0000000000
1FFFFF0000000000
3FCFFE0000000000
3F87FE0000000000
7F07FE0000000000
7F03FC0000000000
7F03FC0000000000
FE03FC0000000000
FE03FC0000000000
FE03FC0000000000
FE03FC0000000000
FE03FC0000000000
FE03FC0000000000
7E03FC0000000000
7F03FC0000000000
7F03FC0000000000
3F07FC0000000000
3F8FFC0000000000
1FFFFC0000000000
0FFDFC0000000000
03F1FC0000000000
0000FC0000000000
0000FC000001FF00
0000FE00001FFFC0
0000FE0000FFFFE0
00007F0007FFFFF0
00003F803FFC1FF8
00001FFFFFE00FF8
00000FFFFF0007FC
000007FFF80007FC
000000FF800007FC
00000000000007FC
00000000000007F8
00000000000003F8
00000000000001E0
ENDCHAR
STARTCHAR uniE06D
ENCODING 57453
SWIDTH 382 0
DWIDTH 15 0
BBX 50 43 0 -15
BITMAP
01C00000000000
03C00000000000
07C00000000000
07C00000000000
0FC00000000000
1FC00000000000
3FC00000000000
FFFC0000000000
FFFE0000000000
FFFE0000000000
7FFC0000000000
0FC00000000000
0FC00000000000
0FC00000000000
0FC00000000000
0FC00000000000
0FC00000000000
0FC00000000000
0FC00000000000
0FC00000000000
0FC00000000000
0FC00000000000
0FC00000000000
0FC00000000000
0FC00000000000
0FC00000000000
0FC00000000000
0FC00000000000
0FC00000000000
0FC00000000000
0FE000001FE000
0FE00001FFFC00
07E0000FFFFF00
07F000FFFFFF00
03FC07FFC1FF80
01FFFFFE00FFC0
00FFFFF0007FC0
003FFF00007FC0
0003F000007FC0
00000000007FC0
00000000007F80
00000000003F00
00000000000E00
ENDCHAR
STARTCHAR uniE06E
ENCODING 57454
SWIDTH 608 0
DWIDTH 24 0
BBX 60 36 1 -15
BITMAP
0F00700000000000
3F03F80000000000
FF07F80000000000
FF0FF80000000000
FF0FF80000000000
7F07F80000000000
7F07F80000000000
7F03F80000000000
3F03F80000000000
3F03F80000000000
3F03F80000000000
3F03F80000000000
3F03F80000000000
3F03F80000000000
3F03F80000000000
3F83F80000000000
3F87F80000000000
3FFFF80000000000
3FFFF80000000000
3FFFF80000000000
1FFBF80000000000
07E3F80000000000
0003F80000000000
0003F8000007FC00
0003F800007FFF00
0001FC0003FFFFC0
0001FC001FFFFFE0
0000FF00FFF07FE0
00007FFFFF803FF0
00003FFFFC001FF0
00000FFFE0001FF0
000001FF00001FF0
0000000000001FF0
0000000000001FF0
0000000000000FE0
00000000000003C0
ENDCHAR
STARTCHAR uniE06F
ENCODING 57455
SWIDTH 573 0
DWIDTH 23 0
BBX 53 35 -30 -14
BITMAP
00000001FF03F0
00000003FF83F8
00000003FF83F8
00000001FF83F8
00000001FF03F0
00000000FF03E0
000000007F03C0
000000007F83C0
000000003F87C0
000000003FC780
000000003FC780
000000001FCF00
000000001FEF00
000000000FEF00
000000000FFE00
000000000FFE00
0000000007FE00
0000000007FC00
0000000003FC00
0000000003FC00
0000000003F800
0000000001F800
0000000001F000
03FF000000F000
0FFFE00000F000
1FFFFC0001E000
3FFFFF8003E000
7FE3FFF007C000
7FC03FFFFF8000
7FC007FFFF8000
FFC000FFFE0000
7FC0000FF80000
7F800000000000
7F800000000000
3F000000000000
ENDCHAR
STARTCHAR uniE070
ENCODING 57456
SWIDTH 943 0
DWIDTH 38 0
BBX 37 29 0 -2
BITMAP
001FFFC000
00FFFFE000
01FFFFE000
03FFFFF000
07F83FF000
07F01FF000
07F01FF800
0FF81FF800
0FFC3FFC00
07FE3FFC00
07FE3DFC00
07FE79FE00
03FE79FE00
01F8F8FE00
0000F0FF00
0000F0FF00
0001F07F80
1C01E07F80
7F03FFFF80
7F03FFFFC0
FF03FFFFC0
FF07FFFFC0
FF07801FE0
FF0F801FF0
FF8F003FF8
7FFF003FF8
3FFE003FF8
1FFC001FF8
07F0000000
ENDCHAR
STARTCHAR uniE071
ENCODING 57457
SWIDTH 926 0
DWIDTH 37 0
BBX 36 35 0 -8
BITMAP
03FFFFE000
0FFFFFFC00
1FFFFFFE00
3FFFFFFF00
7F0FF07F80
FF07F03FC0
FF07F03FC0
FF07F03FC0
FF87F03FC0
FFC7F03FC0
FFE7F03FC0
7FE7F07F80
7FC7FFFF80
3F87FFFF00
0007FFFF80
0007FFFFC0
0007F0FFE0
0007F03FE0
0007F01FF0
000FFC0FF0
001FFE0FF0
003FFF07F0
007FFF07F0
007FFF07F0
00FFFF07F0
00FF3F07F0
00FE1E0FF0
00FE1C0FF0
007E001FE0
007F003FE0
003F807FC0
001FFFFF80
000FFFFE00
0003FFF800
0000FFC000
ENDCHAR
STARTCHAR uniE072
ENCODING 57458
SWIDTH 1013 0
DWIDTH 41 0
BBX 40 35 0 -8
BITMAP
03FFFFC000
0FFFFFF800
1FFFFFFE00
3FFFFFFF80
7F0FF03FC0
FF07F01FE0
FF07F00FF0
FF07F007F8
FF87F003F8
FFE7F003FC
FFE7F001FC
7FE7F001FE
3FC7F000FE
1F87F000FE
0007F000FE
0007F000FF
0007F000FF
0007F000FF
0007F000FF
000FFC00FF
001FFE00FE
003FFF00FE
007FFF01FE
007FFF01FE
00FFFF01FC
00FF3F03FC
00FE1E07F8
00FE1C07F0
007E000FF0
007F001FE0
003F807FC0
001FFFFF80
000FFFFE00
0003FFF800
0000FFC000
ENDCHAR
STARTCHAR uniE073
ENCODING 57459
SWIDTH 946 0
DWIDTH 38 0
BBX 37 30 0 -3
BITMAP
03FFF00FF8
0FFFF81FF8
1FFFF81FF8
3FFFF80FF8
7F0FF00FF0
FF07F00FF0
FF07F007F0
FF07F007F0
FF87F007F0
FFC7F007F0
FFE7F007F0
7FE7F007F0
7FC7FFFFF0
3F87FFFFF0
0007FFFFF0
0007FFFFF0
0007F007F0
1C07F007F0
7F07F007F0
7F07F007F0
FF07F007F0
FF07F007F0
FF07F007F0
FF07E00FF0
FF0FE00FF8
7F8FE01FF8
7FFFC01FF8
3FFFC00FF8
0FFF000000
03FC000000
ENDCHAR
STARTCHAR uniE074
ENCODING 57460
SWIDTH 547 0
DWIDTH 22 0
BBX 21 30 0 -2
BITMAP
03FFF0
0FFFF8
1FFFF8
3FFFF8
7F0FF0
FF07F0
FF07F0
FF07F0
FF87F0
FFE7F0
FFE7F0
7FE7F0
7FC7F0
1F87F0
0007F0
0007F0
0007F0
1C07F0
7F07F0
7F07F0
FF07F0
FF07F0
FF07F0
FF07E0
FF0FE0
7F8FE0
7FFFC0
3FFFC0
0FFF00
03FC00
ENDCHAR
STARTCHAR uniE075
ENCODING 57461
SWIDTH 942 0
DWIDTH 38 0
BBX 37 30 0 -2
BITMAP
03FFF01FE0
0FFFF83FE0
1FFFF83FE0
3FFFF83F80
7F0FF03E00
FF07F07C00
FF07F0F800
FF07F1F000
FF87F3E000
FFE7F7C000
FFE7FF8000
7FE7FFF000
7FC7FFF800
1F87FFFC00
0007FDFE00
0007F8FE00
0007F0FF00
1C07F07F00
7F07F07F80
7F07F07F80
FF07F03FC0
FF07F03FC0
FF07F03FC0
FF07E03FE0
FF0FE03FF0
7F8FE01FF8
7FFFC01FF8
3FFFC00FF8
0FFF0007F0
03FC000000
ENDCHAR
STARTCHAR uniE076
ENCODING 57462
SWIDTH 1084 0
DWIDTH 43 0
BBX 43 30 0 -3
BITMAP
03FFF0003FC0
0FFFF0003FE0
1FFFF8007FC0
3FFFF8007FC0
7F0FFC007FC0
FF07FC00FF80
FF07FE00FF80
FF07FE01FF80
FF87FE01FF80
FFE7FF03FF80
FFE7FF03FF80
7FE7FF83FF80
3FC7FF87FF80
1F87BFC7BF80
0007BFCFBF80
00079FEFBF80
00079FFF3F80
1C078FFF3F80
7F078FFE3F80
7F0787FE3F80
FF0787FC3F80
FF0783FC3F80
FF0783FC3F80
FF0783F83FC0
FF0F81F87FC0
7F8F01F07FC0
7FFF00F07FE0
3FFE00607FC0
1FFC00000000
07F000000000
ENDCHAR
STARTCHAR uniE077
ENCODING 57463
SWIDTH 920 0
DWIDTH 37 0
BBX 36 30 0 -3
BITMAP
03FFC007E0
0FFFE007F0
1FFFF007F0
3FFFF007F0
7F0FF803E0
FF07FC03E0
FF07FE03E0
FF07FE03E0
FF87FF03E0
FFE7FF83E0
FFE7FFC3E0
7FE7FFC3E0
3FC7BFE3E0
1F879FF3E0
00079FFBE0
00078FFBE0
000787FFE0
1C0783FFE0
7F0783FFE0
7F0781FFE0
FF0780FFE0
FF07807FE0
FF07807FE0
FF07803FE0
FF0F801FF0
7F8F000FF0
7FFF000FF0
3FFE0007E0
1FFC000000
07F0000000
ENDCHAR
STARTCHAR uniE078
ENCODING 57464
SWIDTH 892 0
DWIDTH 36 0
BBX 35 30 0 -2
BITMAP
03FFFFE000
0FFFFFFC00
1FFFFFFF00
3FFFFFFF80
7F0FF07FC0
FF07F03FC0
FF07F01FC0
FF07F01FE0
FFC7F01FE0
FFE7F01FE0
FFE7F01FE0
7FE7F01FE0
3FC7F01FC0
1F87F03FC0
0007F07FC0
0007FFFF80
0007FFFF00
3E07FFFC00
7F07FFE000
7F07F00000
FF07F00000
FF07F00000
FF07F00000
FF07E00000
FF0FE00000
7F8FE00000
7FFFC00000
3FFFC00000
0FFF000000
03FC000000
ENDCHAR
STARTCHAR uniE079
ENCODING 57465
SWIDTH 899 0
DWIDTH 36 0
BBX 36 30 0 -2
BITMAP
03FFFFE000
0FFFFFFC00
1FFFFFFF00
3FFFFFFF80
7F0FF07FC0
FF07F03FC0
FF07F01FE0
FF07F01FE0
FFC7F01FE0
FFE7F01FE0
7FE7F01FE0
7FE7F03FC0
3FC7F07FC0
1F07FFFF80
0007FFFF00
0007FFFC00
0007FFF800
3E07F7FC00
7F07F3FE00
7F07F1FE00
FF07F0FF00
FF07F0FF00
FF07F0FF80
FF07E07FC0
FF0FE07FC0
7F8FE07FF0
7FFFC03FF0
3FFFC01FF0
0FFF000FC0
03FC000000
ENDCHAR
STARTCHAR uniE07A
ENCODING 57466
SWIDTH 721 0
DWIDTH 29 0
BBX 29 37 -1 -8
BITMAP
003FF000
01FFFF00
07FFFF80
0FFFFFE0
0FF03FE0
1FE01FF0
1FE01FF0
1FE00FF0
1FE00FF0
1FF00FE0
1FF807C0
0FFC0000
0FFF0000
07FFC000
03FFF000
00FFF800
003FFE00
000FFF00
0003FF80
0000FFC0
03F07FE0
0FFC1FF0
3FFE0FF0
3FFE0FF8
7FFF07F8
7FFF07F8
FFFF07F8
FE3E07F8
FE3E07F8
FE1C0FF8
7E000FF0
7F001FF0
3F807FE0
3FFFFFC0
0FFFFF00
07FFFC00
00FFE000
ENDCHAR
STARTCHAR uniE07B
ENCODING 57467
SWIDTH 598 0
DWIDTH 24 0
BBX 37 37 0 -1
BITMAP
0000000FC0
0000003FE0
0000003FF0
0000003FF0
0000003FF8
0000001FF8
0000000FF8
01FF8007F8
07FFF807F0
1FFFFF0FF0
3FFFFFFFF0
3FFFFFFFE0
7FC3FFFF80
7F83FFFE00
FF03F80000
FF03F80000
FF03F80000
FFC3F80000
FFE3F80000
FFE3F80000
7FE3F80000
3FC3F80000
1F83F80000
0003F80000
0003F80000
0003F80000
0003F80000
0003F80000
0003F80000
0003F80000
0003F80000
0003F80000
0003FC0000
0007FC0000
0007FE0000
0007FE0000
0007FC0000
ENDCHAR
STARTCHAR uniE07C
ENCODING 57468
SWIDTH 593 0
DWIDTH 24 0
BBX 29 34 1 -13
BITMAP
03FE0000
0FFFC000
3FFFE000
3F8FF000
7F07F000
7F03F800
7E07F800
3E07F800
0C1FF800
00FFF800
07FFF800
1FFFF800
7FE3F000
FF83F000
FF07F000
FF07F000
FF0FE000
FFFFE000
FFFFE000
7FFFC000
3FFFC000
1F8FC000
000FC000
000FC000
000FC070
000FC0F8
000FC1F8
0007E3F8
0007FFF8
0003FFF8
0003FFF8
0001FFF0
00007FE0
00001F80
ENDCHAR
STARTCHAR uniE07D
ENCODING 57469
SWIDTH 632 0
DWIDTH 25 0
BBX 31 42 -7 -13
BITMAP
001F0000
007F0000
00FF0000
00FF0000
00FF0000
007F0000
007F0000
007F0000
007F1F80
007F7FE0
007FFFF8
007FF7F8
007FE1FC
007FC0FC
007FC0FE
007FC0FE
007FC0FE
007F80FE
007F80FE
007F80FE
007F80FE
003F80FE
003FC0FE
003FC0FE
003FC0FE
003FC1FC
001FE3F8
001FFFF8
001FFFE0
001FDFC0
000FC000
000FC000
380FC000
7C0FC000
FE0F8000
FF1F8000
FFFF8000
FFFF0000
7FFE0000
7FFE0000
1FF80000
07E00000
ENDCHAR
STARTCHAR uniE07E
ENCODING 57470
SWIDTH 632 0
DWIDTH 25 0
BBX 31 42 1 -13
BITMAP
00007C00
0001FC00
0003FC00
0003FC00
0003FC00
0001FC00
0001FC00
0001FC00
03F1FC00
0FFDFC00
1FFFFC00
3FCFFC00
3F87FC00
7F07FC00
7F03FC00
7F03FC00
FE03FC00
FE03FC00
FE03FC00
FE03FC00
FE03FC00
FE03FC00
7E03F800
7F03F800
7F03F800
3F07F800
3F8FF000
1FFFF000
0FFFF000
03F3F000
0003F000
0003F000
0003F01C
0003F03E
0003F07E
0001F8FE
0001FFFE
0000FFFE
0000FFFE
00007FFC
00001FF8
000007E0
ENDCHAR
STARTCHAR uniE07F
ENCODING 57471
SWIDTH 593 0
DWIDTH 24 0
BBX 30 42 1 -13
BITMAP
1F000000
7F000000
FF000000
FF000000
FF000000
7F000000
7F000000
3F000000
3F1F8000
3F3FE000
3FFFF000
3FFFF000
3FFFF800
3F87F800
3F83F800
3F83F800
3F03F800
3F03F800
3F03F000
3F03F000
3F03F000
3F07F000
3F07F000
3F87E000
7F87E000
7F87E000
FFCFE000
FFCFC000
FFCFC000
7F8FC000
000FC000
000FC000
000FC020
000FC0F0
000FC1F8
0007E3F8
0007FFFC
0007FFF8
0003FFF8
0001FFF0
0000FFE0
00003FC0
ENDCHAR
STARTCHAR uniE080
ENCODING 57472
SWIDTH 288 0
DWIDTH 12 0
BBX 18 43 1 -12
BITMAP
1C0000
3F0000
7F8000
7F8000
7F8000
7F8000
7F0000
3E0000
000000
000000
0F0000
3F0000
FF0000
FF0000
FF0000
7F0000
7F0000
3F0000
3F0000
3F0000
3F0000
7F0000
7F0000
7F0000
7E0000
7E0000
7E0000
FE0000
FC0000
FC0000
FC0000
FC0000
FC0000
FC0600
FC0F80
FC1F80
7E3FC0
7FFFC0
3FFFC0
3FFF80
1FFF80
0FFF00
03FC00
ENDCHAR
STARTCHAR uniE081
ENCODING 57473
SWIDTH 621 0
DWIDTH 25 0
BBX 36 43 1 -13
BITMAP
0F00000000
7F00000000
FF00000000
FF00000000
FF00000000
7F00000000
7F00000000
3F00000000
3F00000000
3F07F80000
3F07F80000
3F07F80000
3F07F00000
3F0FC00000
3F1F800000
3F3E000000
3F7C000000
3FF8000000
3FFF000000
3FFF800000
3FFFC00000
3F3FE00000
3F1FE00000
3F0FF00000
3F8FF00000
7F87F80000
7F87F80000
FFC7FC0000
FFC3FC0000
FFC3FC0000
7F83FE0000
0001FE0000
0001FE0000
0001FF0080
0000FF03E0
0000FF83E0
00007F87F0
00007FFFF0
00003FFFF0
00003FFFE0
00001FFFE0
000007FF80
000001FE00
ENDCHAR
STARTCHAR uniE082
ENCODING 57474
SWIDTH 288 0
DWIDTH 12 0
BBX 18 41 1 -12
BITMAP
1F0000
7F0000
FF0000
FF0000
FF0000
7F0000
7F0000
3F0000
3F0000
3F0000
3F0000
3F0000
3F0000
3F0000
3F0000
3F0000
3F0000
3F0000
3F0000
7F0000
7F0000
7F0000
7E0000
7E0000
7E0000
FE0000
FC0000
FC0000
FC0000
FC0000
FC0000
FC0600
FC0F80
7C1F80
7E3FC0
7FFFC0
3FFFC0
3FFF80
1FFF80
0FFF00
03FC00
ENDCHAR
STARTCHAR uniE083
ENCODING 57475
SWIDTH 897 0
DWIDTH 36 0
BBX 42 34 1 -13
BITMAP
0F1F80FC0000
3F3FE3FE0000
FFFFF7FF0000
FFFFFFFF8000
FFFFFFFF8000
7F87F87F8000
7F83F83F8000
3F83F83F8000
3F03F83F8000
3F03F83F8000
3F03F83F8000
3F03F83F0000
3F03F83F0000
3F03F87F0000
3F03F87F0000
3F83F87E0000
7F87F87E0000
7F87F87E0000
FFC7FC7E0000
FFCFFCFC0000
FFCFFCFC0000
7F87FCFC0000
000000FC0000
000000FC0000
000000FC0200
000000FC0F80
000000FC1F80
0000007E3FC0
0000007FFFC0
0000003FFFC0
0000003FFF80
0000001FFF80
0000000FFF00
00000001FC00
ENDCHAR
STARTCHAR uniE084
ENCODING 57476
SWIDTH 593 0
DWIDTH 24 0
BBX 30 34 1 -13
BITMAP
0F1F8000
3F3FE000
FFFFF000
FFFFF000
FFFFF800
7F87F800
7F83F800
3F83F800
3F03F800
3F03F800
3F03F000
3F03F000
3F03F000
3F07F000
3F07F000
3F87E000
7F87E000
7F87E000
FFCFE000
FFCFC000
FFCFC000
7F8FC000
000FC000
000FC000
000FC020
000FC0F0
000FC1F8
0007E3F8
0007FFFC
0007FFF8
0003FFF8
0001FFF0
0000FFE0
00003FC0
ENDCHAR
STARTCHAR uniE085
ENCODING 57477
SWIDTH 638 0
DWIDTH 26 0
BBX 32 34 -7 -13
BITMAP
000F1FC0
003F3FF0
00FF7FF8
00FFF3FC
00FFE1FC
007FC0FE
007FC0FE
003FC0FE
003FC0FF
003FC07F
003FC07F
003FC07F
003FC07F
003FC0FF
003FC0FE
003FC0FE
003FC0FE
003FE0FC
003FF1FC
001FFFF8
001FFFF0
000FCFC0
000FC000
000FC000
380FC000
7C0FC000
7E0FC000
FF1F8000
FFFF8000
7FFF0000
7FFF0000
3FFE0000
1FF80000
07E00000
ENDCHAR
STARTCHAR uniE086
ENCODING 57478
SWIDTH 638 0
DWIDTH 26 0
BBX 31 34 1 -13
BITMAP
03F0FE00
0FFDFF00
1FFFFF00
3FCFFE00
3F87FE00
7F07FE00
7F03FC00
7F03FC00
FE03FC00
FE03FC00
FE03FC00
FE03FC00
FE03FC00
FE03FC00
7E03FC00
7F03FC00
7F03FC00
3F07FC00
3F8FFC00
1FFFF800
0FFFF800
03F3F000
0003F000
0003F000
0003F01C
0003F03E
0003F07E
0001F8FE
0001FFFE
0000FFFE
0000FFFE
00007FFC
00001FF8
000007E0
ENDCHAR
STARTCHAR uniE087
ENCODING 57479
SWIDTH 601 0
DWIDTH 24 0
BBX 30 34 1 -13
BITMAP
0F007000
3F03F800
FF07F800
FF07F800
FF07F800
7F07F800
7F03F800
7F03F800
3F03F800
3F03F800
3F03F800
3F03F800
3F03F000
3F03F000
3F03F000
3F87F000
3F87F000
3FFFE000
3FFFE000
3FFFE000
1FFFE000
07E7E000
0007E000
0007C000
0007E070
0007E0F8
0007E0FC
0007F1FC
0003FFFC
0003FFFC
0001FFFC
0000FFF8
00007FF0
00000FC0
ENDCHAR
STARTCHAR uniE088
ENCODING 57480
SWIDTH 294 0
DWIDTH 12 0
BBX 18 43 -7 -12
BITMAP
001E00
007F00
007F80
007F80
007F80
007F80
007F00
003E00
000000
000000
000F00
003F00
00FF00
00FF00
00FF00
007F00
007F00
003F00
003F00
003F00
003F00
003F00
003F80
003F80
003F80
003F80
003F80
003F80
001FC0
001FC0
001FC0
000FC0
000FC0
180FC0
7C0FC0
7E0FC0
FF1F80
FFFF80
7FFF80
7FFF00
7FFE00
3FFC00
0FF000
ENDCHAR
STARTCHAR uniE089
ENCODING 57481
SWIDTH 573 0
DWIDTH 23 0
BBX 26 33 -3 -12
BITMAP
0FF81F80
1FFC1FC0
1FFC1FC0
0FFC1F80
0FF81F80
07F81F00
03F81E00
03FC1E00
01FC3E00
01FE3C00
01FE3C00
00FE7800
00FF7800
007F7800
007FF000
003FF000
003FF000
003FE000
001FE000
001FE000
000FC000
000FC000
000F8000
38078000
7C078000
7E0F0000
FE1F0000
FFFF0000
FFFE0000
7FFC0000
7FFC0000
3FF00000
0FE00000
ENDCHAR
STARTCHAR uniE08A
ENCODING 57482
SWIDTH 592 0
DWIDTH 24 0
BBX 35 34 1 -13
BITMAP
03FE000000
0FFFC00000
3FFFE00000
3F8FF00000
7F07F00000
7F03F80000
7E07F80000
3E07F80000
0C1FF80000
00FFF80000
07FFF80000
1FFFF80000
7FE3F80000
FF83F00000
FF07F00000
FF07F00000
FF0FE00000
FFFFE00000
FFFFE00000
7FFFE00000
3FFFC00000
1F8FC00000
000FC00000
000FC00000
000FE000C0
0007E001E0
0007F003E0
0007FE1FE0
0003FFFFE0
0001FFFFE0
0001FFFFC0
00007FFFC0
00003FFF00
000007FC00
ENDCHAR
STARTCHAR uniE08B
ENCODING 57483
SWIDTH 632 0
DWIDTH 25 0
BBX 37 42 -13 -13
BITMAP
00007C0000
0001FC0000
0003FC0000
0003FC0000
0003FC0000
0001FC0000
0001FC0000
0001FC0000
0001FC7E00
0001FDFF80
0001FFFFE0
0001FFDFE0
0001FF87F0
0001FF03F0
0001FF03F8
0001FF03F8
0001FF03F8
0000FE03F8
0000FE03F8
0000FE03F8
0000FE03F8
0000FE03F8
0000FF03F8
0000FF03F8
00007F03F8
00007F07F0
00007F8FE0
00007FFFE0
00007FFF80
00007E7F00
00007E0000
0000FE0000
6000FE0000
F001FE0000
F803FC0000
FF1FFC0000
FFFFF80000
FFFFF80000
7FFFF00000
3FFFE00000
1FFF800000
07FC000000
ENDCHAR
STARTCHAR uniE08C
ENCODING 57484
SWIDTH 638 0
DWIDTH 26 0
BBX 38 42 1 -13
BITMAP
00007C0000
0001FC0000
0003FC0000
0003FC0000
0003FC0000
0001FC0000
0001FC0000
0001FC0000
03F1FC0000
0FFDFC0000
1FFFFC0000
3FCFFC0000
3F87FC0000
7F07FC0000
7F03FC0000
7F03FC0000
FE03FC0000
FE03FC0000
FE03FC0000
FE03FC0000
FE03FC0000
FE03FC0000
7E03F80000
7F03F80000
7F03F80000
3F07F80000
3F8FF80000
1FFFF80000
0FFFF80000
03F3F80000
0003F80000
0003F80000
0001FC0038
0001FE0078
0001FF00FC
0000FFC3FC
0000FFFFFC
00007FFFF8
00003FFFF8
00001FFFF0
000007FFE0
000000FF00
ENDCHAR
STARTCHAR uniE08D
ENCODING 57485
SWIDTH 386 0
DWIDTH 15 0
BBX 33 43 -12 -12
BITMAP
000007F000
00001FFC00
00003FFF00
00007E1F00
0000FE1F80
0000FC1F80
0000FC0F00
0001FC0600
0001FC0000
0001FC0000
0007FFE000
000FFFE000
000FFFE000
0007FFC000
0001FC0000
0001FC0000
0001FC0000
0001FC0000
0001FC0000
0001FC0000
0000FC0000
0000FE0000
0000FE0000
0000FE0000
0000FE0000
0000FE0000
00007E0000
00007E0000
00007E0000
00007F0000
00007E0000
00007E0000
00007E0000
6000FE0000
F001FE0000
F803FE0000
FE0FFC0000
FFFFFC0000
FFFFF80000
7FFFF00000
7FFFE00000
1FFFC00000
07FE000000
ENDCHAR
STARTCHAR uniE08E
ENCODING 57486
SWIDTH 593 0
DWIDTH 24 0
BBX 36 42 1 -13
BITMAP
1F00000000
7F00000000
FF00000000
FF00000000
FF00000000
7F00000000
7F00000000
3F00000000
3F1F800000
3F3FE00000
3FFFF00000
3FFFF00000
3FFFF80000
3F87F80000
3F83F80000
3F83F80000
3F03F80000
3F03F80000
3F03F80000
3F03F00000
3F03F00000
3F07F00000
3F07F00000
3F87F00000
7F87F00000
7F87E00000
FFC7E00000
FFC7E00000
FFC7E00000
7F87E00000
0007F00000
0007F00000
0007F00000
0007F800F0
0003FC01F0
0003FF03F0
0001FFFFF0
0001FFFFF0
0000FFFFF0
00007FFFE0
00001FFFC0
000007FF00
ENDCHAR
STARTCHAR uniE08F
ENCODING 57487
SWIDTH 294 0
DWIDTH 12 0
BBX 24 43 1 -12
BITMAP
1C0000
3F0000
7F8000
7F8000
7F8000
7F8000
7F0000
3E0000
000000
000000
0F0000
3F0000
FF0000
FF0000
FF0000
7F0000
7F0000
3F0000
3F0000
3F0000
3F0000
7F0000
7F0000
7F0000
7F0000
7E0000
7E0000
FE0000
FE0000
FE0000
FE0000
7E0000
7E0000
7F0006
7F800F
7FC01F
3FE07F
3FFFFF
1FFFFF
0FFFFE
07FFFC
03FFF8
007FE0
ENDCHAR
STARTCHAR uniE090
ENCODING 57488
SWIDTH 294 0
DWIDTH 12 0
BBX 24 43 -13 -12
BITMAP
000078
0001FC
0001FE
0001FE
0001FE
0001FE
0001FC
0000F8
000000
000000
00003C
0000FC
0003FC
0003FC
0003FC
0001FC
0001FC
0000FC
0000FC
0000FC
0000FE
0000FE
0000FE
0000FE
0000FE
0000FE
0000FE
00007F
00007F
00007F
00007F
00007F
00007F
20007E
7000FE
FC01FE
FE07FE
FFFFFC
7FFFF8
7FFFF8
3FFFE0
1FFFC0
07FF00
ENDCHAR
STARTCHAR uniE091
ENCODING 57489
SWIDTH 621 0
DWIDTH 25 0
BBX 38 43 1 -13
BITMAP
0F00000000
7F00000000
FF00000000
FF00000000
FF00000000
7F00000000
7F00000000
3F00000000
3F00000000
3F07F80000
3F07F80000
3F07F80000
3F07F00000
3F0FC00000
3F1F800000
3F3E000000
3F7C000000
3FF8000000
3FFF000000
3FFF800000
3FFFC00000
3F3FE00000
3F1FE00000
3F0FF00000
3F8FF00000
7F87F80000
7F87F80000
FFC7FC0000
FFC3FC0000
FFC3FC0000
7F83FE0000
0001FE0000
0001FF0000
0001FF0010
0000FF8038
0000FFC078
00007FE1FC
00007FFFFC
00003FFFF8
00003FFFF8
00001FFFF0
000007FFE0
000001FF80
ENDCHAR
STARTCHAR uniE092
ENCODING 57490
SWIDTH 294 0
DWIDTH 12 0
BBX 24 41 1 -12
BITMAP
1F0000
7F0000
FF0000
FF0000
FF0000
7F0000
7F0000
3F0000
3F0000
3F0000
3F0000
3F0000
3F0000
3F0000
3F0000
3F0000
3F0000
3F0000
3F0000
7F0000
7F0000
7F0000
7F0000
7E0000
7E0000
FE0000
FE0000
FE0000
FE0000
7E0000
7E0000
7F0006
7F800F
7FC01F
3FE07F
3FFFFF
1FFFFF
0FFFFE
07FFFC
03FFF8
007FE0
ENDCHAR
STARTCHAR uniE093
ENCODING 57491
SWIDTH 897 0
DWIDTH 36 0
BBX 49 34 1 -13
BITMAP
0F1F80FC000000
3F3FE3FE000000
FFFFF7FF000000
FFFFFFFF800000
FFFFFFFF800000
7F87F87F800000
7F83F83F800000
3F83F83F800000
3F03F83F800000
3F03F83F800000
3F03F83F800000
3F03F83F800000
3F03F83F000000
3F03F83F000000
3F03F87F000000
3F83F87F000000
7F87F87F000000
7F87F87F000000
FFC7FC7F000000
FFCFFC7F000000
FFCFFC7F000000
7F87FC7F000000
0000007F000000
0000007F000000
0000007F800000
0000003F800700
0000003FC01F00
0000003FF03F80
0000001FFFFF00
0000001FFFFF00
0000000FFFFF00
00000007FFFE00
00000001FFFC00
000000007FF000
ENDCHAR
STARTCHAR uniE094
ENCODING 57492
SWIDTH 593 0
DWIDTH 24 0
BBX 36 34 1 -13
BITMAP
0F1F800000
3F3FE00000
FFFFF00000
FFFFF00000
FFFFF80000
7F87F80000
7F83F80000
3F83F80000
3F03F80000
3F03F80000
3F03F80000
3F03F00000
3F03F00000
3F07F00000
3F07F00000
3F87F00000
7F87F00000
7F87E00000
FFC7E00000
FFC7E00000
FFC7E00000
7F87E00000
0007F00000
0007F00000
0007F00000
0007F800F0
0003FC01F0
0003FF03F0
0001FFFFF0
0001FFFFF0
0000FFFFF0
00007FFFE0
00001FFFC0
000007FF00
ENDCHAR
STARTCHAR uniE095
ENCODING 57493
SWIDTH 638 0
DWIDTH 26 0
BBX 38 34 -13 -13
BITMAP
00003C7F00
0000FCFFC0
0003FDFFE0
0003FFCFF0
0003FF87F0
0001FF03F8
0001FF03F8
0000FF03F8
0000FF03FC
0000FF01FC
0000FF01FC
0000FF01FC
0000FF01FC
0000FF03FC
0000FF03F8
0000FF03F8
0000FF03F8
00007F83F0
00007FC7F0
00007FFFE0
00007FFFC0
00007F7F00
00007F0000
00007E0000
70007E0000
7800FE0000
FC01FE0000
FF0FFC0000
FFFFFC0000
7FFFF80000
7FFFF00000
3FFFE00000
1FFF800000
03FE000000
ENDCHAR
STARTCHAR uniE096
ENCODING 57494
SWIDTH 638 0
DWIDTH 26 0
BBX 38 34 1 -13
BITMAP
03F0FE0000
0FFDFF0000
1FFFFF0000
3FCFFE0000
3F87FE0000
7F07FE0000
7F03FC0000
7F03FC0000
FE03FC0000
FE03FC0000
FE03FC0000
FE03FC0000
FE03FC0000
FE03FC0000
7E03FC0000
7F03FC0000
7F03F80000
3F07F80000
3F8FF80000
1FFFF80000
0FFFF80000
03F3F80000
0003F80000
0003F80000
0001F80038
0001FC0078
0001FE00FC
0000FF83FC
0000FFFFFC
00007FFFF8
00003FFFF8
00001FFFF0
000007FFE0
000000FF00
ENDCHAR
STARTCHAR uniE097
ENCODING 57495
SWIDTH 382 0
DWIDTH 15 0
BBX 26 40 0 -12
BITMAP
01C00000
03C00000
07C00000
07C00000
0FC00000
1FC00000
3FC00000
FFFC0000
FFFE0000
FFFE0000
7FFC0000
0FC00000
0FC00000
0FC00000
0FC00000
1FC00000
1FC00000
1FC00000
1FC00000
1FC00000
1FC00000
1F800000
1F800000
3F800000
3F800000
3F800000
3F800000
3F800000
3F800000
1F800000
1FC00180
1FC00380
1FE007C0
0FF81FC0
0FFFFFC0
07FFFFC0
03FFFF80
01FFFF00
00FFFE00
001FF800
ENDCHAR
STARTCHAR uniE098
ENCODING 57496
SWIDTH 612 0
DWIDTH 24 0
BBX 36 34 1 -13
BITMAP
0F00700000
3F03F80000
FF07F80000
FF07F80000
FF07F80000
7F07F80000
7F07F80000
7F03F80000
3F03F80000
3F03F80000
3F03F80000
3F03F00000
3F03F00000
3F03F00000
3F07F00000
3F87F00000
3F87F00000
3FFFE00000
3FFFE00000
3FFFE00000
1FFFE00000
07E7E00000
0007F00000
0007F00000
0007F00060
0007F800F0
0003FC01F0
0003FF87F0
0001FFFFF0
0000FFFFF0
0000FFFFE0
00003FFFE0
00001FFF80
000003FE00
ENDCHAR
STARTCHAR uniE099
ENCODING 57497
SWIDTH 592 0
DWIDTH 24 0
BBX 48 37 -12 -16
BITMAP
00001FF00000
00007FFE0000
0001FFFF0000
0001FC7F8000
0003F83F8000
0003F81FC000
0003F03FC000
0001F03FC000
000060FFC000
000007FFC000
00003FFFC000
0000FFFFC000
0003FF1FC000
0007FC1F8000
0007F83F8000
0007F83F8000
0007F87F8000
0007FFFF0000
0007FFFF0000
0003FFFF0000
0001FFFF0000
0000FC7E0000
0000007E0000
0000007E0000
0000003F1FE0
1000003FFFF8
7C00003FFFFC
FE0003FFF01E
FF003FFFC01F
FFFFFFFFE01F
FFFFFFFFF83F
FFFFFFE7FFFF
FFFFFF83FFFE
FFFFFE01FFFE
7FFFF000FFFC
3FFF80001FE0
0FFC00000000
ENDCHAR
STARTCHAR uniE09A
ENCODING 57498
SWIDTH 638 0
DWIDTH 26 0
BBX 48 45 -13 -16
BITMAP
00007C000000
0001FC000000
0003FC000000
0003FC000000
0003FC000000
0001FC000000
0001FC000000
0000FC000000
0000FC7F0000
0000FCFFC000
0000FDFFE000
0000FFCFF000
0000FF87F000
0000FF03F800
0000FF03F800
0000FF03F800
0000FF03FC00
0000FF01FC00
0000FF01FC00
0000FF01FC00
0000FF01FC00
0000FF03FC00
0000FF03F800
0000FF03F800
0000FF03F800
0000FF83F000
0000FFC7F000
0000FDFFE000
0000FCFFC000
0000FC3F0000
0000FC000000
0001FC000000
07F9FC000000
1FFFFC000008
3FFFFC00003E
780FFFC0007F
F807FFFC00FF
F80FFFFFFFFF
FE3FFFFFFFFF
FFFFE7FFFFFF
7FFFC1FFFFFF
3FFF803FFFFF
1FFE0007FFFE
03F80000FFFE
000000000FF8
ENDCHAR
STARTCHAR uniE09B
ENCODING 57499
SWIDTH 638 0
DWIDTH 26 0
BBX 48 45 -9 -16
BITMAP
0000001F0000
0000007F0000
000000FF0000
000000FF0000
000000FF0000
0000007F0000
0000007F0000
0000007F0000
0000FC7F0000
0003FF7F0000
0007FFFF0000
000FF3FF0000
000FE1FF0000
001FC1FF0000
001FC0FF0000
001FC0FF0000
003F80FF0000
003F80FF0000
003F80FF0000
003F80FF0000
003F80FF0000
003F80FF0000
001F80FF0000
001FC0FF0000
001FC0FF0000
000FC1FF0000
000FE3FF0000
0007FFFF0000
0003FF7F0000
0000FC7F0000
0000003F0000
0000003F0000
0000003F9FE0
1000003FFFF8
7800003FFFFC
FE0003FFF01E
FF003FFFE01E
FFFFFFFFF01F
FFFFFFFFFC7F
FFFFFFC7FFFF
FFFFFF03FFFE
FFFFFC01FFFE
7FFFE0007FF8
3FFF00001FE0
0FF800000000
ENDCHAR
STARTCHAR uniE09C
ENCODING 57500
SWIDTH 386 0
DWIDTH 15 0
BBX 48 47 -12 -16
BITMAP
000007F00000
00001FFC0000
00003FFF0000
00007E1F0000
0000FE1F8000
0000FC1F8000
0000FC0F0000
0001FC060000
0001FC000000
0001FC000000
0007FFE00000
000FFFE00000
000FFFE00000
0007FFC00000
0001FC000000
0001FC000000
0001FC000000
0001FC000000
0001FC000000
0001FC000000
0001FC000000
0001FC000000
0001FC000000
0001FC000000
0001FC000000
0001FC000000
0001FC000000
0001FC000000
0001FC000000
0001FC000000
0001FC000000
0001FC000000
0001FC000000
07E1FC000000
1FFFFC000000
3FFFF800003C
783FFF00007E
F807FFF000FF
F80FFFFF07FF
F81FFFFFFFFF
FFFFEFFFFFFF
FFFFC3FFFFFF
7FFF807FFFFF
3FFE001FFFFE
1FF00007FFFC
00000000FFF8
0000000007C0
ENDCHAR
STARTCHAR uniE09D
ENCODING 57501
SWIDTH 593 0
DWIDTH 24 0
BBX 48 46 -12 -17
BITMAP
0000F8000000
0003F8000000
0007F8000000
0007F8000000
0007F8000000
0003F8000000
0003F8000000
0001F8000000
0001F8FC0000
0001F9FF0000
0001FFFF8000
0001FFFF8000
0001FFFFC000
0001FC3FC000
0001FC1FC000
0001FC1FC000
0001F81FC000
0001F81FC000
0001F81FC000
0001F81F8000
0001F81F8000
0001F83F8000
0001F83F8000
0001FC3F8000
0003FC3F8000
0003FC3F0000
0007FE3F0000
0007FE3F0000
0007FE3F0000
0003FC3F0000
0000003F0000
0000003F8000
0000003F8FC0
0000003FFFF8
7800001FFFFC
7C0001FFF83E
FE000FFFE01F
FF80FFFFE01F
FFFFFFFFF81F
FFFFFFF7FFFF
FFFFFFC3FFFE
FFFFFF01FFFE
FFFFF8007FFC
7FFFE0001FE0
3FFF00000000
07E000000000
ENDCHAR
STARTCHAR uniE09E
ENCODING 57502
SWIDTH 294 0
DWIDTH 12 0
BBX 48 47 -23 -16
BITMAP
0000001E0000
0000007F0000
0000007F8000
0000007F8000
0000007F8000
0000007F8000
0000007F0000
0000003E0000
000000000000
000000000000
0000000F0000
0000003F0000
000000FF0000
000000FF0000
000000FF0000
0000007F0000
0000007F0000
0000003F0000
0000003F0000
0000003F0000
0000003F0000
0000003F0000
0000003F0000
0000003F0000
0000003F0000
0000003F0000
0000003F0000
0000003F0000
0000003F0000
0000003F0000
0000003F0000
0000003F8000
0000003F8000
0000003F8FC0
0000003FFFF8
7800001FFFFC
7C0000FFF81E
FE000FFFE01F
FF80FFFFF01F
FFFFFFFFF83F
FFFFFFF7FFFF
FFFFFFC3FFFE
FFFFFF01FFFE
7FFFF8007FFC
3FFFE0000FF0
1FFF00000000
00E000000000
ENDCHAR
STARTCHAR uniE09F
ENCODING 57503
SWIDTH 294 0
DWIDTH 12 0
BBX 48 47 -13 -16
BITMAP
000078000000
0001FC000000
0001FE000000
0001FE000000
0001FE000000
0001FE000000
0001FC000000
0000F8000000
000000000000
000000000000
00003C000000
0000FC000000
0003FC000000
0003FC000000
0003FC000000
0001FC000000
0001FC000000
0000FC000000
0000FC000000
0000FC000000
0000FC000000
0000FC000000
0000FC000000
0000FC000000
0000FC000000
0000FC000000
0000FC000000
0000FC000000
0000FC000000
0000FC000000
0000FC000000
0000FC000000
0001FC000000
03F1FC000000
1FFFFC000000
3FFFFC00001E
7C1FFF00003F
F807FFF000FF
F80FFFFF03FF
FC1FFFFFFFFF
FFFFE7FFFFFF
7FFFC1FFFFFF
7FFF807FFFFF
3FFE001FFFFE
0FF80007FFFE
000000007FF8
0000000007C0
ENDCHAR
STARTCHAR uniE0A0
ENCODING 57504
SWIDTH 621 0
DWIDTH 25 0
BBX 48 47 -9 -17
BITMAP
0003C0000000
001FC0000000
003FC0000000
003FC0000000
003FC0000000
001FC0000000
001FC0000000
000FC0000000
000FC0000000
000FC1FE0000
000FC1FE0000
000FC1FE0000
000FC1FC0000
000FC3F00000
000FC7E00000
000FCF800000
000FDF000000
000FFE000000
000FFFC00000
000FFFE00000
000FFFF00000
000FCFF80000
000FC7F80000
000FC3FC0000
000FE3FC0000
001FE1FE0000
001FE1FE0000
003FF1FF0000
003FF0FF0000
003FF0FF0000
001FE0FF8000
0000007F8000
0000007FC000
0000007FC7E0
0000003FFFF8
3C00003FFFFE
7E0000FFFC1E
7F000FFFF00F
FF80FFFFF80F
FFFFFFFFFC1F
FFFFFFF7FFFF
FFFFFFC3FFFF
FFFFFE01FFFE
7FFFF8007FFC
3FFFC0000FF0
1FFE00000000
03C000000000
ENDCHAR
STARTCHAR uniE0A1
ENCODING 57505
SWIDTH 294 0
DWIDTH 12 0
BBX 48 45 -23 -16
BITMAP
0000001F0000
0000007F0000
000000FF0000
000000FF0000
000000FF0000
0000007F0000
0000007F0000
0000003F0000
0000003F0000
0000003F0000
0000003F0000
0000003F0000
0000003F0000
0000003F0000
0000003F0000
0000003F0000
0000003F0000
0000003F0000
0000003F0000
0000003F0000
0000003F0000
0000003F0000
0000003F0000
0000003F0000
0000003F0000
0000003F0000
0000003F0000
0000003F0000
0000003F0000
0000003F8000
0000003F8000
0000003F8FC0
0000003FFFF8
7800001FFFFC
7C0000FFF81E
FE000FFFE01F
FF80FFFFF01F
FFFFFFFFF83F
FFFFFFF7FFFF
FFFFFFC3FFFE
FFFFFF01FFFE
7FFFF8007FFC
3FFFE0000FF0
1FFF00000000
00E000000000
ENDCHAR
STARTCHAR uniE0A2
ENCODING 57506
SWIDTH 897 0
DWIDTH 36 0
BBX 48 38 0 -17
BITMAP
078FC07E0000
1F9FF1FF0000
7FFFFBFF8000
7FFFFFFFC000
7FFFFFFFC000
3FC3FC3FC000
3FC1FC1FC000
1FC1FC1FC000
1F81FC1FC000
1F81FC1FC000
1F81FC1FC000
1F81FC1FC000
1F81FC1F8000
1F81FC1F8000
1F81FC3F8000
1FC1FC3F8000
3FC3FC3F8000
3FC3FC3F8000
7FE3FE3F8000
7FE7FE3F8000
7FE7FE3F8000
3FC3FE3F8000
0000003F8000
0000003F8000
0000003F87E0
0000001FFFF8
7800001FFFFC
7C0000FFFC1E
FE000FFFE01F
FF80FFFFF01F
FFFFFFFFF81F
FFFFFFF7FFFF
FFFFFFC3FFFF
FFFFFF01FFFE
7FFFF8007FFC
7FFFE0000FF0
3FFF00000000
07E000000000
ENDCHAR
STARTCHAR uniE0A3
ENCODING 57507
SWIDTH 593 0
DWIDTH 24 0
BBX 48 38 -12 -17
BITMAP
000078FC0000
0001F9FF0000
0007FFFF8000
0007FFFF8000
0007FFFFC000
0003FC3FC000
0003FC1FC000
0001FC1FC000
0001F81FC000
0001F81FC000
0001F81FC000
0001F81F8000
0001F81F8000
0001F83F8000
0001F83F8000
0001FC3F8000
0003FC3F8000
0003FC3F0000
0007FE3F0000
0007FE3F0000
0007FE3F0000
0003FC3F0000
0000003F0000
0000003F8000
0000003F8FC0
0000003FFFF8
7800001FFFFC
7C0001FFF83E
FE000FFFE01F
FF80FFFFE01F
FFFFFFFFF81F
FFFFFFF7FFFF
FFFFFFC3FFFE
FFFFFF01FFFE
FFFFF8007FFC
7FFFE0001FE0
3FFF00000000
07E000000000
ENDCHAR
STARTCHAR uniE0A4
ENCODING 57508
SWIDTH 638 0
DWIDTH 26 0
BBX 48 37 -13 -16
BITMAP
00003C7F0000
0000FCFFC000
0003FDFFE000
0003FFCFF000
0003FF87F000
0001FF03F800
0001FF03F800
0000FF03F800
0000FF03FC00
0000FF01FC00
0000FF01FC00
0000FF01FC00
0000FF01FC00
0000FF03FC00
0000FF03F800
0000FF03F800
0000FF03F800
0000FF83F000
0000FFC7F000
0000FDFFE000
0000FCFFC000
0000FC3F0000
0000FC000000
0001FC000000
07F9FC000000
1FFFFC000008
3FFFFC00003E
780FFFC0007F
F807FFFC00FF
F80FFFFFFFFF
FE3FFFFFFFFF
FFFFE7FFFFFF
7FFFC1FFFFFF
3FFF803FFFFF
1FFE0007FFFE
03F80000FFFE
000000000FF8
ENDCHAR
STARTCHAR uniE0A5
ENCODING 57509
SWIDTH 638 0
DWIDTH 26 0
BBX 48 37 -9 -16
BITMAP
0000FC3F8000
0003FF7FC000
0007FFFFC000
000FF3FF8000
000FE1FF8000
001FC1FF8000
001FC0FF0000
001FC0FF0000
003F80FF0000
003F80FF0000
003F80FF0000
003F80FF0000
003F80FF0000
003F80FF0000
001F80FF0000
001FC0FF0000
001FC0FF0000
000FC1FF0000
000FE3FF0000
0007FFFF0000
0003FF7F0000
0000FC7F0000
0000003F0000
0000003F0000
0000003F9FE0
1000003FFFF8
7800003FFFFC
FE0003FFF01E
FF003FFFC01E
FFFFFFFFE01F
FFFFFFFFF83F
FFFFFFC7FFFF
FFFFFF03FFFE
FFFFFC01FFFE
FFFFE0007FF8
7FFF00001FE0
1FF800000000
ENDCHAR
STARTCHAR uniE0A6
ENCODING 57510
SWIDTH 382 0
DWIDTH 15 0
BBX 48 44 -22 -16
BITMAP
000000070000
0000000F0000
0000001F0000
0000001F0000
0000003F0000
0000007F0000
000000FF0000
000003FFF000
000003FFF800
000003FFF800
000001FFF000
0000003F0000
0000003F0000
0000003F0000
0000003F0000
0000003F0000
0000003F0000
0000003F0000
0000003F0000
0000003F0000
0000003F0000
0000003F0000
0000003F0000
0000003F0000
0000003F0000
0000003F0000
0000003F0000
0000003F0000
0000003F0000
0000003F8000
0000003F8FC0
0000003FFFF8
7800003FFFFC
FC0001FFF83E
FE000FFFE01E
FF80FFFFE01F
FFFFFFFFF01F
FFFFFFF7FFFF
FFFFFFC3FFFE
FFFFFF01FFFE
FFFFF8007FFC
7FFFE0001FE0
3FFF00000000
07E000000000
ENDCHAR
STARTCHAR uniE0A7
ENCODING 57511
SWIDTH 608 0
DWIDTH 24 0
BBX 48 37 -11 -16
BITMAP
0000F0070000
0003F03F8000
000FF07F8000
000FF0FF8000
000FF0FF8000
0007F07F8000
0007F07F8000
0007F03F8000
0003F03F8000
0003F03F8000
0003F03F8000
0003F03F8000
0003F03F8000
0003F03F8000
0003F03F8000
0003F83F8000
0003F87F8000
0003FFFF8000
0003FFFF8000
0003FFFF8000
0001FFBF8000
00007E3F8000
0000003F8000
0000003F8000
0000003F9FE0
1000003FFFF8
7C00003FFFFE
7E0003FFF81E
FF003FFFE00F
FFFFFFFFF01F
FFFFFFFFFC3F
FFFFFFE7FFFF
FFFFFF83FFFF
FFFFFC00FFFE
7FFFF0007FFC
3FFF80000FF0
0FF800000000
ENDCHAR
STARTCHAR uniE0A8
ENCODING 57512
SWIDTH 573 0
DWIDTH 23 0
BBX 48 37 -6 -16
BITMAP
01FF03F00000
03FF83F80000
03FF83F80000
01FF83F80000
01FF03F00000
00FF03E00000
007F03C00000
007F83C00000
003F87C00000
003FC7800000
003FC7800000
001FCF000000
001FEF000000
000FEF000000
000FFE000000
000FFE000000
0007FE000000
0007FC000000
0007FC000000
0003FC000000
0003F8000000
0001F8000000
0001F0000000
07E1F0000000
1FFFF0000000
3FFFF800003C
783FFF00007E
F807FFF000FF
F007FFFF07FF
F81FFFFFFFFF
FFFF8FFFFFFF
FFFF03FFFFFF
7FFE00FFFFFF
3FFC003FFFFE
1FF00007FFFC
00000000FFF8
0000000007C0
ENDCHAR
STARTCHAR uniE0A9
ENCODING 57513
SWIDTH 592 0
DWIDTH 24 0
BBX 65 38 -29 -17
BITMAP
000000000FF8000000
000000003FFF000000
00000000FFFF800000
00000000FE3FC00000
00000001FC1FC00000
00000001FC0FE00000
00000001F81FE00000
00000000F81FE00000
00000000207FE00000
0000000003FFE00000
000000001FFFE00000
00000000FFFFE00000
00000001FF8FE00000
00000003FE0FC00000
00000003FC1FC00000
00000003FC1FC00000
00000003FC3FC00000
00000003FFFF800000
00000003FFFF800000
00000003FFFF800000
00000001FFFF800000
000000007E3F000000
00000000003F000000
00000000003F000000
00000000003FFFF000
3C00000000FFFFFC00
7E0000003FFFFFFE00
FF00001FFFFFFC3F00
FF800FFFFFFFC00F00
FFFFFFFFFFFFE00F80
FFFFFFFFFF87F00F80
FFFFFFFFFC07FC1F80
FFFFFFFFE003FFFF80
FFFFFFFF0001FFFF00
7FFFFFF80000FFFF00
7FFFFF8000003FFC00
1FFFF80000000FF000
07FF00000000000000
ENDCHAR
STARTCHAR uniE0AA
ENCODING 57514
SWIDTH 638 0
DWIDTH 26 0
BBX 65 46 -13 -17
BITMAP
00007C000000000000
0001FC000000000000
0003FC000000000000
0003FC000000000000
0003FC000000000000
0001FC000000000000
0001FC000000000000
0000FC000000000000
0000FC7F0000000000
0000FCFFC000000000
0000FDFFE000000000
0000FFCFF000000000
0000FF87F000000000
0000FF03F800000000
0000FF03F800000000
0000FF03F800000000
0000FF03FC00000000
0000FF01FC00000000
0000FF01FC00000000
0000FF01FC00000000
0000FF01FC00000000
0000FF03FC00000000
0000FF03F800000000
0000FF03F800000000
0000FF03F800000000
0000FF83F000000000
0000FFC7F000000000
0000FDFFE000000000
0000FCFFC000000000
0000FC3F0000000000
0000FC000000000000
0001FC000000000000
0FFFFC000000000C00
1FFFFFE00000001E00
3FFFFFFF8000003F00
7C07FFFFFC00007F80
F807FFFFFFF801FF80
F807FFFFFFFFFFFF80
F80FF0FFFFFFFFFF80
FC3FE01FFFFFFFFF80
FFFFE003FFFFFFFF80
7FFFC0007FFFFFFF80
3FFF800007FFFFFF00
1FFE000000FFFFFF00
03F00000000FFFFC00
0000000000007FF000
ENDCHAR
STARTCHAR uniE0AB
ENCODING 57515
SWIDTH 638 0
DWIDTH 26 0
BBX 65 46 -26 -17
BITMAP
00000000000F800000
00000000003F800000
00000000007F800000
00000000007F800000
00000000007F800000
00000000003F800000
00000000003F800000
00000000003F800000
000000007E3F800000
00000001FFBF800000
00000003FFFF800000
00000007F9FF800000
00000007F0FF800000
0000000FE0FF800000
0000000FE07F800000
0000000FE07F800000
0000001FC07F800000
0000001FC07F800000
0000001FC07F800000
0000001FC07F800000
0000001FC07F800000
0000001FC07F800000
0000000FC07F800000
0000000FE07F800000
0000000FE07F800000
00000007E0FF800000
00000007F1FF800000
00000003FFFF800000
00000001FFBF800000
000000007E3F800000
00000000001F800000
00000000001FC00000
10000000001FFFF000
7C00000003FFFFFC00
7E000000FFFFFFFE00
FF00003FFFFFF01F00
FF800FFFFFFFE00F00
FFFFFFFFFFFFF00F80
FFFFFFFFFF87F80F80
FFFFFFFFFC03FC1F80
FFFFFFFFE003FFFF80
FFFFFFFF0001FFFF00
7FFFFFF00000FFFE00
7FFFFF8000003FFC00
3FFFF800000007F000
07FF00000000000000
ENDCHAR
STARTCHAR uniE0AC
ENCODING 57516
SWIDTH 386 0
DWIDTH 15 0
BBX 65 48 -12 -17
BITMAP
000007F00000000000
00001FFC0000000000
00003FFF0000000000
00007E1F0000000000
0000FE1F8000000000
0000FC1F8000000000
0000FC0F0000000000
0001FC060000000000
0001FC000000000000
0001FC000000000000
0007FFE00000000000
000FFFE00000000000
000FFFE00000000000
0007FFC00000000000
0001FC000000000000
0001FC000000000000
0001FC000000000000
0001FC000000000000
0001FC000000000000
0001FC000000000000
0001FC000000000000
0001FC000000000000
0001FC000000000000
0001FC000000000000
0001FC000000000000
0001FC000000000000
0001FC000000000000
0001FC000000000000
0001FC000000000000
0001FC000000000000
0001FC000000000000
0001FC000000000000
0001FC000000000000
0001FC000000000000
0FFFFC000000000C00
3FFFFFE00000001E00
7FFFFFFF8000003F00
7C0FFFFFFC00007F00
F807FFFFFFF801FF80
F80FF3FFFFFFFFFF80
F81FE07FFFFFFFFF80
FC7FE01FFFFFFFFF80
FFFFC003FFFFFFFF80
7FFF00007FFFFFFF80
3FFE000007FFFFFF00
1FF0000000FFFFFE00
03000000000FFFFC00
0000000000007FF000
ENDCHAR
STARTCHAR uniE0AD
ENCODING 57517
SWIDTH 593 0
DWIDTH 24 0
BBX 65 47 -29 -18
BITMAP
000000007C00000000
00000001FC00000000
00000003FC00000000
00000003FC00000000
00000003FC00000000
00000001FC00000000
00000001FC00000000
00000000FC00000000
00000000FC7E000000
00000000FCFF800000
00000000FFFFC00000
00000000FFFFC00000
00000000FFFFE00000
00000000FE1FE00000
00000000FE0FE00000
00000000FE0FE00000
00000000FC0FE00000
00000000FC0FE00000
00000000FC0FE00000
00000000FC0FC00000
00000000FC0FC00000
00000000FC1FC00000
00000000FC1FC00000
00000000FE1FC00000
00000001FE1FC00000
00000001FE1F800000
00000003FF1F800000
00000003FF1F800000
00000003FF1F800000
00000001FE1F800000
00000000001F800000
00000000001F800000
00000000001FC00000
18000000001FFFF800
3C00000003FFFFFC00
7E000000FFFFFFFF00
FF00003FFFFFF01F00
FFC00FFFFFFFF00F80
FFFFFFFFFFF7F80F80
FFFFFFFFFF87FC1F80
FFFFFFFFFC03FFFF80
FFFFFFFFE001FFFF00
FFFFFFFF0000FFFF00
7FFFFFF000003FFE00
7FFFFF80000007F000
1FFFF8000000000000
07FF00000000000000
ENDCHAR
STARTCHAR uniE0AE
ENCODING 57518
SWIDTH 294 0
DWIDTH 12 0
BBX 65 48 -40 -17
BITMAP
00000000000F000000
00000000003F800000
00000000003FC00000
00000000003FC00000
00000000003FC00000
00000000003FC00000
00000000003F800000
00000000001F000000
000000000000000000
000000000000000000
000000000007800000
00000000001F800000
00000000007F800000
00000000007F800000
00000000007F800000
00000000003F800000
00000000003F800000
00000000001F800000
00000000001F800000
00000000001F800000
00000000001F800000
00000000001F800000
00000000001F800000
00000000001F800000
00000000001F800000
00000000001F800000
00000000001F800000
00000000001F800000
00000000001F800000
00000000001F800000
00000000001F800000
00000000001FC00000
00000000001FC00000
00000000001FC00000
18000000001FFFF800
3C00000003FFFFFE00
7E000000FFFFFFFF00
FF00003FFFFFF01F00
FFC00FFFFFFFF00F80
FFFFFFFFFFF7F80F80
FFFFFFFFFF87FC1F80
FFFFFFFFFC03FFFF80
FFFFFFFFE001FFFF00
FFFFFFFF0000FFFF00
7FFFFFF800003FFE00
3FFFFF80000007F800
1FFFF8000000000000
07FF00000000000000
ENDCHAR
STARTCHAR uniE0AF
ENCODING 57519
SWIDTH 294 0
DWIDTH 12 0
BBX 65 48 -13 -17
BITMAP
000078000000000000
0001FC000000000000
0001FE000000000000
0001FE000000000000
0001FE000000000000
0001FE000000000000
0001FC000000000000
0000F8000000000000
000000000000000000
000000000000000000
00003C000000000000
0000FC000000000000
0003FC000000000000
0003FC000000000000
0003FC000000000000
0001FC000000000000
0001FC000000000000
0000FC000000000000
0000FC000000000000
0000FC000000000000
0000FC000000000000
0000FC000000000000
0000FC000000000000
0000FC000000000000
0000FC000000000000
0000FC000000000000
0000FC000000000000
0000FC000000000000
0000FC000000000000
0000FC000000000000
0000FC000000000000
0000FC000000000000
0000FC000000000000
0001FC000000000000
0FFFFC000000000C00
1FFFFFE00000001E00
7FFFFFFF8000003F00
7C07FFFFFE00007F80
F807FFFFFFF801FF80
F80FF3FFFFFFFFFF80
FC1FF07FFFFFFFFF80
FFFFE00FFFFFFFFF80
7FFFC001FFFFFFFF80
7FFF80003FFFFFFF80
1FFE000007FFFFFF00
07F8000000FFFFFF00
00000000000FFFFC00
0000000000007FF000
ENDCHAR
STARTCHAR uniE0B0
ENCODING 57520
SWIDTH 621 0
DWIDTH 25 0
BBX 65 48 -25 -18
BITMAP
00000003C000000000
0000001FC000000000
0000003FC000000000
0000003FC000000000
0000003FC000000000
0000001FC000000000
0000001FC000000000
0000000FC000000000
0000000FC000000000
0000000FC1FE000000
0000000FC1FE000000
0000000FC1FE000000
0000000FC1FC000000
0000000FC3F0000000
0000000FC7E0000000
0000000FCF80000000
0000000FDF00000000
0000000FFE00000000
0000000FFFC0000000
0000000FFFE0000000
0000000FFFF0000000
0000000FCFF8000000
0000000FC7F8000000
0000000FC3FC000000
0000000FE3FC000000
0000001FE1FE000000
0000001FE1FE000000
0000003FF1FF000000
0000003FF0FF000000
0000003FF0FF000000
0000001FE0FF800000
00000000007F800000
00000000007F800000
00000000007FC00000
18000000003FFFF000
7C00000003FFFFFC00
7E000000FFFFFFFE00
FF00003FFFFFF01F00
FF800FFFFFFFF80F80
FFFFFFFFFFFFFC0F80
FFFFFFFFFF87FE1F80
FFFFFFFFFC03FFFF80
FFFFFFFFE001FFFF00
FFFFFFFF0000FFFF00
7FFFFFF000003FFC00
7FFFFF80000007F000
1FFFF8000000000000
07FF00000000000000
ENDCHAR
STARTCHAR uniE0B1
ENCODING 57521
SWIDTH 294 0
DWIDTH 12 0
BBX 65 46 -40 -17
BITMAP
000000000003000000
00000000001F800000
00000000003F800000
00000000007F800000
00000000007F800000
00000000003F800000
00000000003F800000
00000000001F800000
00000000001F800000
00000000001F800000
00000000001F800000
00000000001F800000
00000000001F800000
00000000001F800000
00000000001F800000
00000000001F800000
00000000001F800000
00000000001F800000
00000000001F800000
00000000001F800000
00000000001F800000
00000000001F800000
00000000001F800000
00000000001F800000
00000000001F800000
00000000001F800000
00000000001F800000
00000000001F800000
00000000001F800000
00000000001F800000
00000000001FC00000
00000000001FC00000
18000000001FFFF800
3C00000003FFFFFE00
7E000000FFFFFFFF00
FF00003FFFFFF01F00
FFC00FFFFFFFF00F80
FFFFFFFFFFF7F80F80
FFFFFFFFFF87FC1F80
FFFFFFFFFC03FFFF80
FFFFFFFFE001FFFF00
FFFFFFFF0000FFFF00
7FFFFFF800003FFE00
3FFFFF80000007F800
1FFFF8000000000000
07FF00000000000000
ENDCHAR
STARTCHAR uniE0B2
ENCODING 57522
SWIDTH 897 0
DWIDTH 36 0
BBX 65 39 -17 -18
BITMAP
000003C7E03F000000
00000FCFF8FF800000
00003FFFFDFFC00000
00003FFFFFFFE00000
00003FFFFFFFE00000
00001FE1FE1FE00000
00001FE0FE0FE00000
00000FE0FE0FE00000
00000FC0FE0FE00000
00000FC0FE0FE00000
00000FC0FE0FE00000
00000FC0FE0FE00000
00000FC0FE0FC00000
00000FC0FE0FC00000
00000FC0FE1FC00000
00000FE0FE1FC00000
00001FE1FE1FC00000
00001FE1FE1FC00000
00003FF1FF1FC00000
00003FF3FF1FC00000
00003FF3FF1FC00000
00001FE1FF1FC00000
00000000001FC00000
00000000001FC00000
00000000001FC00000
18000000001FFFF800
3C00000003FFFFFE00
7E000000FFFFFFFF00
FF00003FFFFFF01F00
FFC00FFFFFFFF00F80
FFFFFFFFFFFFF80F80
FFFFFFFFFF83FC1F80
FFFFFFFFFC03FFFF80
FFFFFFFFE001FFFF80
FFFFFFFF0000FFFF00
7FFFFFF800003FFE00
3FFFFF80000007F800
1FFFF8000000000000
07FF00000000000000
ENDCHAR
STARTCHAR uniE0B3
ENCODING 57523
SWIDTH 593 0
DWIDTH 24 0
BBX 65 39 -29 -18
BITMAP
000000003C7E000000
00000000FCFF800000
00000003FFFFC00000
00000003FFFFC00000
00000003FFFFE00000
00000001FE1FE00000
00000001FE0FE00000
00000000FE0FE00000
00000000FC0FE00000
00000000FC0FE00000
00000000FC0FE00000
00000000FC0FC00000
00000000FC0FC00000
00000000FC1FC00000
00000000FC1FC00000
00000000FE1FC00000
00000001FE1FC00000
00000001FE1F800000
00000003FF1F800000
00000003FF1F800000
00000003FF1F800000
00000001FE1F800000
00000000001F800000
00000000001F800000
00000000001FC00000
18000000001FFFF800
3C00000003FFFFFC00
7E000000FFFFFFFF00
FF00003FFFFFF01F00
FFC00FFFFFFFF00F80
FFFFFFFFFFF7F80F80
FFFFFFFFFF87FC1F80
FFFFFFFFFC03FFFF80
FFFFFFFFE001FFFF00
FFFFFFFF0000FFFF00
7FFFFFF000003FFE00
7FFFFF80000007F000
1FFFF8000000000000
07FF00000000000000
ENDCHAR
STARTCHAR uniE0B4
ENCODING 57524
SWIDTH 638 0
DWIDTH 26 0
BBX 65 38 -13 -17
BITMAP
00003C7F0000000000
0000FCFFC000000000
0003FDFFE000000000
0003FFCFF000000000
0003FF87F000000000
0001FF03F800000000
0001FF03F800000000
0000FF03F800000000
0000FF03FC00000000
0000FF01FC00000000
0000FF01FC00000000
0000FF01FC00000000
0000FF01FC00000000
0000FF03FC00000000
0000FF03F800000000
0000FF03F800000000
0000FF03F800000000
0000FF83F000000000
0000FFC7F000000000
0000FDFFE000000000
0000FCFFC000000000
0000FC3F0000000000
0000FC000000000000
0001FC000000000000
0FFFFC000000000C00
1FFFFFE00000001E00
3FFFFFFF8000003F00
7C07FFFFFC00007F80
F807FFFFFFF801FF80
F807FFFFFFFFFFFF80
F80FF0FFFFFFFFFF80
FC3FE01FFFFFFFFF80
FFFFE003FFFFFFFF80
7FFFC0007FFFFFFF80
3FFF800007FFFFFF00
1FFE000000FFFFFF00
03F00000000FFFFC00
0000000000007FF000
ENDCHAR
STARTCHAR uniE0B5
ENCODING 57525
SWIDTH 638 0
DWIDTH 26 0
BBX 65 38 -26 -17
BITMAP
000000007E1FC00000
00000001FFBFE00000
00000003FFFFE00000
00000007F9FFC00000
00000007F0FFC00000
0000000FE0FFC00000
0000000FE07F800000
0000000FE07F800000
0000001FC07F800000
0000001FC07F800000
0000001FC07F800000
0000001FC07F800000
0000001FC07F800000
0000001FC07F800000
0000000FC07F800000
0000000FE07F800000
0000000FE07F800000
00000007E0FF800000
00000007F1FF800000
00000003FFFF800000
00000001FFBF800000
000000007E3F800000
00000000001F800000
00000000001FC00000
10000000001FFFF000
7C00000003FFFFFC00
7E000000FFFFFFFE00
FF00003FFFFFF01F00
FF800FFFFFFFE00F00
FFFFFFFFFFFFF00F80
FFFFFFFFFF87F80F80
FFFFFFFFFC03FC1F80
FFFFFFFFE003FFFF80
FFFFFFFF0001FFFF00
7FFFFFF00000FFFE00
7FFFFF8000003FFC00
3FFFF800000007F000
07FF00000000000000
ENDCHAR
STARTCHAR uniE0B6
ENCODING 57526
SWIDTH 382 0
DWIDTH 15 0
BBX 65 45 -39 -17
BITMAP
000000000003800000
000000000007800000
00000000000F800000
00000000000F800000
00000000001F800000
00000000003F800000
00000000007F800000
0000000001FFF80000
0000000001FFFC0000
0000000001FFFC0000
0000000000FFF80000
00000000001F800000
00000000001F800000
00000000001F800000
00000000001F800000
00000000001F800000
00000000001F800000
00000000001F800000
00000000001F800000
00000000001F800000
00000000001F800000
00000000001F800000
00000000001F800000
00000000001F800000
00000000001F800000
00000000001F800000
00000000001F800000
00000000001F800000
00000000001F800000
00000000001F800000
00000000001FC00000
18000000001FFFF000
7C00000003FFFFFC00
7E000000FFFFFFFE00
FF00003FFFFFF01F00
FF800FFFFFFFF00F80
FFFFFFFFFFF7F80F80
FFFFFFFFFF87FC1F80
FFFFFFFFFC03FFFF80
FFFFFFFFE001FFFF00
FFFFFFFF0000FFFF00
7FFFFFF000003FFC00
7FFFFF80000007F000
1FFFF8000000000000
07FF00000000000000
ENDCHAR
STARTCHAR uniE0B7
ENCODING 57527
SWIDTH 608 0
DWIDTH 24 0
BBX 65 38 -28 -17
BITMAP
000000007803800000
00000001F81FC00000
00000007F83FC00000
00000007F87FC00000
00000007F87FC00000
00000003F83FC00000
00000003F83FC00000
00000003F81FC00000
00000001F81FC00000
00000001F81FC00000
00000001F81FC00000
00000001F81FC00000
00000001F81FC00000
00000001F81FC00000
00000001F81FC00000
00000001FC1FC00000
00000001FC3FC00000
00000001FFFFC00000
00000001FFFFC00000
00000001FFFFC00000
00000000FFDFC00000
000000003F1FC00000
00000000001FC00000
00000000001FC00000
18000000001FFFF800
3C00000003FFFFFC00
7E000000FFFFFFFF00
7F00001FFFFFF81F00
FFC00FFFFFFFF00F80
FFFFFFFFFFFFF00F80
FFFFFFFFFF87F80F80
FFFFFFFFFC03FE1F80
FFFFFFFFE001FFFF80
FFFFFFFF0000FFFF00
7FFFFFF800007FFF00
3FFFFF8000003FFE00
1FFFF800000007F800
03FF00000000000000
ENDCHAR
STARTCHAR uniE0B8
ENCODING 57528
SWIDTH 573 0
DWIDTH 23 0
BBX 65 38 -6 -17
BITMAP
01FF03F00000000000
03FF83F80000000000
03FF83F80000000000
01FF83F80000000000
01FF03F00000000000
00FF03E00000000000
007F03C00000000000
007F83C00000000000
003F87C00000000000
003F87800000000000
003FC7800000000000
001FCF800000000000
001FCF000000000000
001FEF000000000000
000FFE000000000000
000FFE000000000000
0007FE000000000000
0007FC000000000000
0007FC000000000000
0003FC000000000000
0003F8000000000000
0003F8000000000000
0001F8000000000000
0001F0000000000000
0FFFF0000000000C00
3FFFFFC00000001E00
7FFFFFFF0000003F00
FC0FFFFFFC00007F00
F803FFFFFFF801FF80
F007C7FFFFFFFFFF80
F80F80FFFFFFFFFF80
FC3F801FFFFFFFFF80
FFFF0003FFFFFFFF80
7FFE00007FFFFFFF80
7FFC00000FFFFFFF00
1FF0000000FFFFFE00
03000000000FFFFC00
0000000000007FF000
ENDCHAR
STARTCHAR uniE0B9
ENCODING 57529
SWIDTH 638 0
DWIDTH 26 0
BBX 62 36 -37 -1
BITMAP
3E00000000000000
7F00000000000000
FF80000000000000
FF800001F8000000
FF80003FFF000000
FF8001FFFFC00000
FF800FFFFFE00000
7FC0FFF80FF00000
7FFFFF8003F80000
3FFFFC0001F80000
1FFFE00001FC0000
03FE000001FC0000
0000000000FC0000
0000000000FC0000
0000000000FC7F00
0000000000FCFFC0
0000000000FDFFE0
0000000000FFCFF0
0000000000FF87F0
0000000000FF03F8
0000000000FF03F8
0000000000FF03F8
0000000000FF03FC
0000000000FF01FC
0000000000FF01FC
0000000000FF01FC
0000000000FF01FC
0000000000FF03FC
0000000000FF03F8
0000000000FF03F8
0000000001FF03F8
0000000001FF83F0
0000000003FFC7F0
0000000003FFFFE0
0000000003FDFFC0
0000000001FC7F00
ENDCHAR
STARTCHAR uniE0BA
ENCODING 57530
SWIDTH 638 0
DWIDTH 26 0
BBX 62 37 1 -2
BITMAP
00000000000001F0
00000000000003F8
00000000000007FC
0000007E000007FC
000007FFF00007FC
00000FFFFE0007FC
00003FFFFFC00FFC
00003FC07FF81FF8
00007F0007FFFFF8
0000FE0000FFFFF0
0000FE00001FFFE0
0000FC000001FF00
0000FC0000000000
0001FC0000000000
03F1FC0000000000
0FFDFC0000000000
1FFFFC0000000000
3FDFFC0000000000
3F87FC0000000000
7F07FC0000000000
7F03FC0000000000
7F03FC0000000000
FE03FC0000000000
FE03FC0000000000
FE03FC0000000000
FE03FC0000000000
FE03FC0000000000
FE03FC0000000000
FE03FC0000000000
7F03FC0000000000
7F03FE0000000000
7F07FE0000000000
3F87FE0000000000
1FFFFF0000000000
0FFCFF0000000000
07F0FE0000000000
0080000000000000
ENDCHAR
STARTCHAR uniE0BB
ENCODING 57531
SWIDTH 426 0
DWIDTH 17 0
BBX 50 37 1 -1
BITMAP
00000000000C00
00000000003F00
00000000007F80
00000000007FC0
001FF800007FC0
007FFF00007FC0
01FFFFE0007FC0
03FFFFFC00FF80
07F803FF81FF80
0FF0007FFFFF00
0FE0000FFFFF00
0FE00001FFFC00
1FC000001FF000
1FC00000000000
1FC00000000000
FFFC0000000000
FFFE0000000000
FFFE0000000000
7FFC0000000000
1FC00000000000
1FC00000000000
1FC00000000000
1FC00000000000
1FC00000000000
1FC00000000000
1FC00000000000
1FC00000000000
1FC00000000000
1FC00000000000
1FC00000000000
1FC00000000000
1FC00000000000
3FE00000000000
3FE00000000000
3FE00000000000
3FE00000000000
3FE00000000000
ENDCHAR
STARTCHAR uniE0BC
ENCODING 57532
SWIDTH 598 0
DWIDTH 24 0
BBX 60 36 -37 -1
BITMAP
3E00000000000000
7F00000000000000
FF80000000000000
FF800001F8000000
FF80003FFF000000
FF8001FFFFC00000
FF800FFFFFE00000
7FC0FFF80FF00000
7FFFFF8003F80000
3FFFFC0001F80000
1FFFE00001FC0000
03FE000001FC0000
0000000000FC0000
0000000000FC0000
0000000000FC7E00
0000000000FCFF80
0000000000FFFFC0
0000000000FFFFC0
0000000000FFFFE0
0000000000FE1FE0
0000000000FE0FE0
0000000000FE0FE0
0000000000FC0FE0
0000000000FC0FE0
0000000000FC0FE0
0000000000FC0FE0
0000000000FC0FE0
0000000000FC0FE0
0000000000FC0FE0
0000000000FE0FE0
0000000001FE1FE0
0000000001FE1FE0
0000000003FF1FF0
0000000003FF3FF0
0000000003FF3FF0
0000000001FE1FF0
ENDCHAR
STARTCHAR uniE0BD
ENCODING 57533
SWIDTH 621 0
DWIDTH 25 0
BBX 61 37 -37 -1
BITMAP
1C00000000000000
7F00000000000000
7F00000000000000
FF80000000000000
FF800007FC000000
FF80007FFF800000
FF8003FFFFE00000
FFC01FFFFFF00000
7FE0FFF007F80000
7FFFFF8003F80000
3FFFFC0001FC0000
1FFFE00001FC0000
03FE000000FC0000
0000000000FC0000
0000000000FC0000
0000000000FC1FE0
0000000000FC1FE0
0000000000FC1FE0
0000000000FC1FC0
0000000000FC3F00
0000000000FC7C00
0000000000FCF800
0000000000FFF000
0000000000FFF000
0000000000FFFC00
0000000000FFFE00
0000000000FFFF00
0000000000FC7F80
0000000000FC7F80
0000000000FC3FC0
0000000000FE3FC0
0000000001FE3FE0
0000000001FE1FF0
0000000003FF1FF8
0000000003FF0FF8
0000000003FF0FF8
0000000001FE03F0
ENDCHAR
STARTCHAR uniE0BE
ENCODING 57534
SWIDTH 294 0
DWIDTH 12 0
BBX 48 35 -37 -1
BITMAP
1C0000000000
7F0000000000
7F0000000000
FF8000000000
FF800007FC00
FF80007FFF80
FF8003FFFFE0
FFC01FFFFFF0
7FE0FFF007F8
7FFFFF8003F8
3FFFFC0001FC
1FFFE00001FC
03FE000001FC
0000000000FC
0000000000FC
0000000000FC
0000000000FC
0000000000FC
0000000000FC
0000000000FC
0000000000FC
0000000000FC
0000000000FC
0000000000FC
0000000000FC
0000000000FC
0000000000FC
0000000000FC
0000000000FC
0000000001FE
0000000001FE
0000000001FF
0000000003FF
0000000003FF
0000000001FE
ENDCHAR
STARTCHAR uniE0BF
ENCODING 57535
SWIDTH 347 0
DWIDTH 14 0
BBX 34 34 1 -1
BITMAP
0000001800
000001FF00
000007FF80
00001FFF80
00003FFFC0
00007FFFC0
0000FFFFC0
0003FFFFC0
0007F83F80
000FC01F00
000F800000
001E000000
0F3C000000
3F78000000
7F70000000
FFE0000000
FFC0000000
7FC0000000
7F80000000
7F80000000
3F00000000
3F00000000
3F00000000
3F00000000
3F00000000
3F00000000
3F00000000
3F80000000
7F80000000
7F80000000
FFC0000000
FFC0000000
FFC0000000
7F80000000
ENDCHAR
STARTCHAR uniE0C0
ENCODING 57536
SWIDTH 382 0
DWIDTH 15 0
BBX 51 37 -36 -1
BITMAP
18000000000000
7E000000000000
FF000000000000
FF800000000000
FF800007FC0000
FF80007FFF8000
FF8003FFFFC000
FF801FFFFFF000
FFC0FFF007F000
7FFFFF8003F800
3FFFFC0001F800
1FFFE00001FC00
03FE000001FC00
0000000001FC00
0000000000FC00
000000000FFFC0
000000000FFFE0
000000000FFFE0
0000000007FFC0
0000000000FC00
0000000000FC00
0000000000FC00
0000000000FC00
0000000000FC00
0000000000FC00
0000000000FC00
0000000000FC00
0000000000FC00
0000000000FC00
0000000000FC00
0000000000FC00
0000000000FE60
0000000000FFE0
0000000000FFE0
0000000000FFC0
0000000000FF80
00000000003E00
ENDCHAR
STARTCHAR uniE0C1
ENCODING 57537
SWIDTH 608 0
DWIDTH 24 0
BBX 61 36 -37 -1
BITMAP
3E00000000000000
7F00000000000000
FF80000000000000
FF800001F8000000
FF80003FFF000000
FF8001FFFFC00000
FF800FFFFFE00000
7FC0FFF80FF00000
7FFFFF8003F80000
3FFFFC0001F80000
1FFFE00001FC0000
03FE000001FC0000
0000000000FC0000
0000000000FC0000
0000000000FC01C0
0000000000FC0FE0
0000000000FC1FE0
0000000000FC3FE0
0000000000FC3FE0
0000000000FC1FE0
0000000000FC1FE0
0000000000FC0FE0
0000000000FC0FE0
0000000000FC0FE0
0000000000FC0FE0
0000000000FC0FE0
0000000000FC0FE0
0000000000FC0FE0
0000000000FC0FE0
0000000000FE0FE0
0000000000FE1FE0
0000000000FFFFE0
0000000000FFFFF0
0000000000FFFFF8
00000000007FE7F0
00000000001F83E0
ENDCHAR
STARTCHAR uniE0C2
ENCODING 57538
SWIDTH 573 0
DWIDTH 23 0
BBX 63 37 -40 -1
BITMAP
1800000000000000
7E00000000000000
FF00000000000000
FF80000000000000
FF80000FF8000000
FF8000FFFF000000
FF8007FFFF800000
FF803FFFFFE00000
FFC7FFE01FF00000
7FFFFF0007F00000
3FFFF80003F80000
1FFFC00003FC0000
07FE000001FC0000
0000000001FE0000
0000000000FE0000
0000000000FF00FC
00000000007F00FE
00000000007F80FE
00000000003F80FE
00000000003F80FC
00000000003FC0F8
00000000001FC0F8
00000000001FE0F0
00000000001FE0F0
00000000000FE1E0
00000000000FF1E0
000000000007F3E0
000000000007FBC0
000000000007FBC0
000000000003FF80
000000000003FF80
000000000003FF80
000000000001FF00
000000000001FF00
000000000000FE00
000000000000FE00
0000000000007C00
ENDCHAR
STARTCHAR uniE0C3
ENCODING 57539
SWIDTH 900 0
DWIDTH 36 0
BBX 76 37 -40 -1
BITMAP
18000000000000000000
7E000000000000000000
FF000000000000000000
FF800000000000000000
FF80000FF80000000000
FF8000FFFF0000000000
FF8007FFFF8000000000
FF803FFFFFC000000000
FFC7FFE01FE000000000
7FFFFF0007F000000000
3FFFF80003F800000000
1FFFC00003FC00000000
07FE000001FC00000000
0000000001FE00000000
0000000000FE00000000
0000000000FF01FF07E0
00000000007F03FF07F0
00000000007F83FF87F0
00000000003F83FF07F0
00000000003F81FF07E0
00000000003FC1FF03C0
00000000001FC0FE07C0
00000000001FC0FF0780
00000000001FE0FF0780
00000000000FE1FF0F00
00000000000FE1FF8F00
000000000007F1FF8F00
000000000007F3FF9E00
000000000007FBFFDE00
000000000003FB9FDC00
000000000003FF9FFC00
000000000003FF8FFC00
000000000001FF0FF800
000000000001FF0FF800
000000000000FE07F800
000000000000FE07F000
0000000000007C03E000
ENDCHAR
STARTCHAR uniE0C4
ENCODING 57540
SWIDTH 573 0
DWIDTH 23 0
BBX 63 48 -40 -12
BITMAP
1800000000000000
7E00000000000000
FF00000000000000
FF80000000000000
FF80000FF8000000
FF8000FFFF000000
FF8007FFFF800000
FF803FFFFFE00000
FFC7FFE01FF00000
7FFFFF0007F00000
3FFFF80007F80000
1FFFC00003FC0000
07FE000001FC0000
0000000001FE0000
0000000000FE0000
0000000000FF00FC
00000000007F00FE
00000000007F80FE
00000000003F80FE
00000000003FC0FC
00000000003FC0F8
00000000001FC0F0
00000000001FE0F0
00000000000FE1F0
00000000000FF1E0
00000000000FF1E0
000000000007F3C0
000000000007FBC0
000000000003FBC0
000000000003FF80
000000000003FF80
000000000001FF80
000000000001FF00
000000000000FF00
000000000000FF00
000000000000FE00
0000000000007E00
0000000000007C00
0000000000003C00
0000000000003C00
0000000000F07800
0000000000F87800
0000000001FC7800
0000000001FCF000
0000000000FFF000
0000000000FFE000
00000000007FC000
00000000001F0000
ENDCHAR
STARTCHAR uniE0C5
ENCODING 57541
SWIDTH 638 0
DWIDTH 26 0
BBX 34 34 -9 -1
BITMAP
07E0000000
3FFC000000
7FFE000000
FFFF000000
FFFF800000
FFFFC00000
FE3FC00000
FC1FC00000
7C1FC00000
380FC00000
000FC00000
000FC00000
000FC7F000
000FCFFC00
000FDFFE00
000FFCFF00
000FF87F00
000FF03F80
000FF03F80
000FF03F80
000FF03FC0
000FF01FC0
000FF01FC0
000FF01FC0
000FF01FC0
000FF03FC0
000FF03F80
000FF03F80
001FF03F80
001FF83F00
003FFC7F00
003FFFFE00
003FDFFC00
001FC7F000
ENDCHAR
STARTCHAR uniE0C6
ENCODING 57542
SWIDTH 638 0
DWIDTH 26 0
BBX 34 34 1 -1
BITMAP
000001F800
00000FFE00
00003FFF80
00003FFF80
00007FFFC0
0000FFFFC0
0000FF1FC0
0000FE0FC0
0000FC0F80
0001FC0700
0001FC0000
0001FC0000
03F1FC0000
0FFDFC0000
1FFFFC0000
3FDFFC0000
3F87FC0000
7F07FC0000
7F03FC0000
7F03FC0000
FE03FC0000
FE03FC0000
FE03FC0000
FE03FC0000
FE03FC0000
FE03FC0000
7E03FC0000
7F03FC0000
7F03FE0000
3F07FE0000
3F8FFE0000
1FFFFF0000
0FFCFF0000
03F0FE0000
ENDCHAR
STARTCHAR uniE0C7
ENCODING 57543
SWIDTH 426 0
DWIDTH 17 0
BBX 22 34 1 -1
BITMAP
003F80
01FFF0
03FFF8
07FFF8
07FFFC
0FFFFC
0FE1FC
0FC0F8
1FC0F8
1FC070
1FC000
1FC000
FFFC00
FFFE00
FFFE00
7FFC00
1FC000
1FC000
1FC000
1FC000
1FC000
1FC000
1FC000
1FC000
1FC000
1FC000
1FC000
1FC000
1FC000
3FE000
3FE000
3FE000
3FE000
3FE000
ENDCHAR
STARTCHAR uniE0C8
ENCODING 57544
SWIDTH 598 0
DWIDTH 24 0
BBX 32 34 -9 -1
BITMAP
07E00000
3FFC0000
7FFE0000
FFFF0000
FFFF8000
FFFFC000
FE3FC000
FC1FC000
7C1FC000
380FC000
000FC000
000FC000
000FC7E0
000FCFF8
000FFFFC
000FFFFC
000FFFFE
000FE1FE
000FE0FE
000FE0FE
000FC0FE
000FC0FE
000FC0FE
000FC0FE
000FC0FE
000FC0FE
000FC0FE
000FE0FE
001FE1FE
001FE1FE
003FF1FF
003FF3FF
003FF3FF
001FE1FF
ENDCHAR
STARTCHAR uniE0C9
ENCODING 57545
SWIDTH 621 0
DWIDTH 25 0
BBX 33 34 -9 -1
BITMAP
0FF0000000
3FFC000000
7FFF000000
FFFF000000
FFFF800000
FFFFC00000
FE1FC00000
FC1FC00000
780FC00000
100FC00000
000FC00000
000FC00000
000FC1FE00
000FC1FE00
000FC1FE00
000FC1FC00
000FC3F000
000FC7C000
000FCF8000
000FFF0000
000FFF0000
000FFFC000
000FFFE000
000FFFF000
000FC7F800
000FC7F800
000FC3FC00
000FE3FC00
001FE3FE00
001FE1FF00
003FF1FF80
003FF0FF80
003FF0FF80
001FE03F00
ENDCHAR
STARTCHAR uniE0CA
ENCODING 57546
SWIDTH 294 0
DWIDTH 12 0
BBX 20 32 -9 -1
BITMAP
0FF000
3FFC00
7FFF00
FFFF00
FFFF80
FFFFC0
FE1FC0
FC1FC0
780FC0
300FC0
000FC0
000FC0
000FC0
000FC0
000FC0
000FC0
000FC0
000FC0
000FC0
000FC0
000FC0
000FC0
000FC0
000FC0
000FC0
000FE0
001FE0
001FE0
001FF0
003FF0
003FF0
001FE0
ENDCHAR
STARTCHAR uniE0CB
ENCODING 57547
SWIDTH 382 0
DWIDTH 15 0
BBX 23 34 -8 -1
BITMAP
0FF000
3FFC00
7FFE00
FFFF00
FFFF80
FFFF80
FE3FC0
FC1FC0
781FC0
301FC0
000FC0
000FC0
00FFFC
00FFFE
00FFFE
007FFC
000FC0
000FC0
000FC0
000FC0
000FC0
000FC0
000FC0
000FC0
000FC0
000FC0
000FC0
000FC0
000FE6
000FFE
000FFE
000FFC
000FF8
0003E0
ENDCHAR
STARTCHAR uniE0CC
ENCODING 57548
SWIDTH 608 0
DWIDTH 24 0
BBX 33 34 -9 -1
BITMAP
07E0000000
3FFC000000
7FFE000000
FFFF000000
FFFF800000
FFFFC00000
FE3FC00000
FC1FC00000
7C1FC00000
380FC00000
000FC00000
000FC00000
000FC01C00
000FC0FE00
000FC1FE00
000FC3FE00
000FC3FE00
000FC1FE00
000FC1FE00
000FC0FE00
000FC0FE00
000FC0FE00
000FC0FE00
000FC0FE00
000FC0FE00
000FC0FE00
000FC0FE00
000FE0FE00
000FE1FE00
000FFFFE00
000FFFFF00
000FFFFF80
0007FE7F00
0001F83E00
ENDCHAR
STARTCHAR uniE0CD
ENCODING 57549
SWIDTH 573 0
DWIDTH 23 0
BBX 38 34 -15 -1
BITMAP
0FF0000000
3FFE000000
7FFF800000
FFFFC00000
FFFFE00000
FFFFE00000
FE0FF00000
FC07F80000
7807F80000
1003FC0000
0003FC0000
0001FC0000
0001FE01F8
0000FE01FC
0000FF01FC
0000FF01FC
00007F01F8
00007F81F0
00003F81F0
00003FC1E0
00003FC1E0
00001FC3C0
00001FE3C0
00000FE7C0
00000FE780
00000FF780
000007FF00
000007FF00
000007FF00
000003FE00
000003FE00
000001FC00
000001FC00
000000F800
ENDCHAR
STARTCHAR uniE0CE
ENCODING 57550
SWIDTH 900 0
DWIDTH 36 0
BBX 51 34 -15 -1
BITMAP
0FF00000000000
3FFE0000000000
7FFF8000000000
FFFFC000000000
FFFFE000000000
FFFFE000000000
FE0FF000000000
FC07F800000000
7807F800000000
1003FC00000000
0003FC00000000
0001FC00000000
0001FE03FE0FC0
0000FE07FE0FE0
0000FE07FF0FE0
0000FF07FE0FE0
00007F03FE0FC0
00007F83FE0780
00003F81FC0F80
00003F81FE0F00
00003FC1FE0F00
00001FC3FE1E00
00001FC3FF1E00
00000FE3FF1E00
00000FE7FF3C00
00000FF7FFBC00
000007F73FB800
000007FF3FF800
000007FF1FF800
000003FE1FF000
000003FE1FF000
000001FC0FF000
000001FC0FE000
000000F807C000
ENDCHAR
STARTCHAR uniE0CF
ENCODING 57551
SWIDTH 573 0
DWIDTH 23 0
BBX 38 45 -15 -12
BITMAP
0FF0000000
3FFE000000
7FFF800000
FFFFC00000
FFFFE00000
FFFFE00000
FE0FF00000
FC07F80000
7807F80000
1003FC0000
0003FC0000
0001FC0000
0001FE01F8
0000FE01FC
0000FF01FC
00007F01FC
00007F81F8
00007F81F0
00003F81E0
00003FC1E0
00001FC3E0
00001FE3C0
00001FE3C0
00000FE780
00000FF780
000007F780
000007FF00
000007FF00
000003FF00
000003FE00
000001FE00
000001FE00
000001FC00
000000FC00
000000F800
0000007800
0000007800
0001E0F000
0001F0F000
0003F8F000
0003F9E000
0001FFE000
0001FFC000
0000FF8000
00003E0000
ENDCHAR
STARTCHAR uniE0D0
ENCODING 57552
SWIDTH 638 0
DWIDTH 26 0
BBX 39 34 -14 -1
BITMAP
0FFF000000
3FFFC00000
7FFFE00000
7FFFF00000
FFFFF80000
FFFFFC0000
FE07FC0000
FC03FC0000
F001FE0000
6000FE0000
0000FE0000
0000FE0000
00007E3F80
00007E7FE0
00007EFFF0
00007FE7F8
00007FC3F8
00007F81FC
00007F81FC
00007F81FC
00007F81FE
00007F80FE
00007F80FE
00007F80FE
00007F80FE
00007F81FE
00007F81FC
00007F81FC
0000FF81FC
0000FFC1F8
0001FFE3F8
0001FFFFF0
0001FEFFE0
0000FE3F80
ENDCHAR
STARTCHAR uniE0D1
ENCODING 57553
SWIDTH 638 0
DWIDTH 26 0
BBX 39 34 1 -1
BITMAP
000001FFE0
000007FFF0
00000FFFF8
00001FFFFC
00003FFFFE
00007FFFFE
00007FC0FE
0000FF807E
0000FF003E
0000FE000C
0000FE0000
0000FE0000
03F1FC0000
0FFDFC0000
1FFFFC0000
3FDFFC0000
3F87FC0000
7F07FC0000
7F03FC0000
7F03FC0000
FE03FC0000
FE03FC0000
FE03FC0000
FE03FC0000
FE03FC0000
FE03FC0000
7E03FC0000
7F03FC0000
7F03FE0000
3F07FE0000
3F8FFE0000
1FFFFF0000
0FFCFF0000
03F0FE0000
ENDCHAR
STARTCHAR uniE0D2
ENCODING 57554
SWIDTH 426 0
DWIDTH 17 0
BBX 27 35 1 -1
BITMAP
000FF800
003FFE00
00FFFF80
01FFFFC0
03FFFFC0
07FFFFE0
07FFFFE0
0FF80FE0
0FF003E0
0FE001E0
0FE00080
1FC00000
1FC00000
FFFC0000
FFFE0000
FFFE0000
7FFC0000
1FC00000
1FC00000
1FC00000
1FC00000
1FC00000
1FC00000
1FC00000
1FC00000
1FC00000
1FC00000
1FC00000
1FC00000
1FC00000
3FE00000
3FE00000
3FE00000
3FE00000
3FE00000
ENDCHAR
STARTCHAR uniE0D3
ENCODING 57555
SWIDTH 598 0
DWIDTH 24 0
BBX 37 34 -14 -1
BITMAP
0FFF000000
3FFFC00000
7FFFE00000
7FFFF00000
FFFFF80000
FFFFFC0000
FE07FC0000
FC03FC0000
F001FE0000
6000FE0000
0000FE0000
0000FE0000
00007E3F00
00007E7FC0
00007FFFE0
00007FFFE0
00007FFFF0
00007F0FF0
00007F07F0
00007F07F0
00007E07F0
00007E07F0
00007E07F0
00007E07F0
00007E07F0
00007E07F0
00007E07F0
00007F07F0
0000FF0FF0
0000FF0FF0
0001FF8FF8
0001FF9FF8
0001FF9FF8
0000FF0FF8
ENDCHAR
STARTCHAR uniE0D4
ENCODING 57556
SWIDTH 621 0
DWIDTH 25 0
BBX 38 35 -14 -1
BITMAP
03FC000000
1FFF800000
3FFFE00000
7FFFF00000
FFFFF80000
FFFFF80000
FFBFFC0000
FC03FC0000
F801FE0000
F001FE0000
0000FE0000
0000FE0000
0000FE0000
00007E0FF0
00007E0FF0
00007E0FF0
00007E0FE0
00007E1F80
00007E3E00
00007E7C00
00007FF800
00007FF800
00007FFE00
00007FFF00
00007FFF80
00007E3FC0
00007E3FC0
00007E1FE0
00007F1FE0
0000FF1FF0
0000FF0FF8
0001FF8FFC
0001FF87FC
0001FF87FC
0000FF01F8
ENDCHAR
STARTCHAR uniE0D5
ENCODING 57557
SWIDTH 294 0
DWIDTH 12 0
BBX 25 33 -14 -1
BITMAP
03FC0000
1FFF8000
3FFFE000
7FFFF000
FFFFF800
FFFFF800
FFFFFC00
FC03FC00
F801FE00
F001FE00
0000FE00
0000FE00
0000FE00
00007E00
00007E00
00007E00
00007E00
00007E00
00007E00
00007E00
00007E00
00007E00
00007E00
00007E00
00007E00
00007E00
00007E00
0000FF00
0000FF00
0000FF80
0001FF80
0001FF80
0000FF00
ENDCHAR
STARTCHAR uniE0D6
ENCODING 57558
SWIDTH 382 0
DWIDTH 15 0
BBX 29 35 -14 -1
BITMAP
03FE0000
0FFFC000
1FFFE000
3FFFF800
7FFFF800
7FFFFC00
FFDFFE00
FE03FE00
7C01FE00
7800FF00
30007F00
00007F00
00007F00
0003FFF0
0003FFF8
0003FFF8
0001FFF0
00003F00
00003F00
00003F00
00003F00
00003F00
00003F00
00003F00
00003F00
00003F00
00003F00
00003F00
00003F00
00003F98
00003FF8
00003FF8
00003FF0
00003FE0
00000F80
ENDCHAR
STARTCHAR uniE0D7
ENCODING 57559
SWIDTH 608 0
DWIDTH 24 0
BBX 38 34 -14 -1
BITMAP
0FFF000000
3FFFC00000
7FFFE00000
7FFFF00000
FFFFF80000
FFFFFC0000
FE07FC0000
FC03FC0000
F001FE0000
6000FE0000
0000FE0000
0000FE0000
00007E00E0
00007E07F0
00007E0FF0
00007E1FF0
00007E1FF0
00007E0FF0
00007E0FF0
00007E07F0
00007E07F0
00007E07F0
00007E07F0
00007E07F0
00007E07F0
00007E07F0
00007E07F0
00007F07F0
00007F0FF0
00007FFFF0
00007FFFF8
00007FFFFC
00003FF3F8
00000FC1F0
ENDCHAR
STARTCHAR uniE0D8
ENCODING 57560
SWIDTH 573 0
DWIDTH 23 0
BBX 40 35 -17 -1
BITMAP
03FC000000
1FFF000000
3FFFC00000
7FFFE00000
FFFFF00000
FFFFF80000
FFBFF80000
FC07FC0000
F803FE0000
F001FE0000
0000FF0000
0000FF0000
00007F0000
00007F807E
00003F807F
00003FC07F
00003FC07F
00001FC07E
00001FE07C
00000FE07C
00000FF078
00000FF078
000007F0F0
000007F8F0
000003F9F0
000003F9E0
000003FDE0
000001FFC0
000001FFC0
000001FFC0
000000FF80
000000FF80
0000007F00
0000007F00
0000003E00
ENDCHAR
STARTCHAR uniE0D9
ENCODING 57561
SWIDTH 900 0
DWIDTH 36 0
BBX 53 35 -17 -1
BITMAP
03FC0000000000
1FFF0000000000
3FFFC000000000
7FFFE000000000
FFFFF000000000
FFFFF800000000
FFBFF800000000
FC07FC00000000
F803FE00000000
F001FE00000000
0000FF00000000
0000FF00000000
00007F00000000
00007F80FF83F0
00003F81FF83F8
00003F81FFC3F8
00003FC1FF83F8
00001FC0FF83F0
00001FE0FF81E0
00000FE07F03E0
00000FE07F83C0
00000FF07F83C0
000007F0FF8780
000007F0FFC780
000003F8FFC780
000003F9FFCF00
000003FDFFEF00
000001FDCFEE00
000001FFCFFE00
000001FFC7FE00
000000FF87FC00
000000FF87FC00
0000007F03FC00
0000007F03F800
0000003E01F000
ENDCHAR
STARTCHAR uniE0DA
ENCODING 57562
SWIDTH 573 0
DWIDTH 23 0
BBX 40 46 -17 -12
BITMAP
03FC000000
1FFF000000
3FFFC00000
7FFFE00000
FFFFF00000
FFFFF80000
FFBFFC0000
FC07FC0000
F803FE0000
F001FE0000
0000FF0000
0000FF0000
00007F0000
00007F807E
00003F807F
00003FC07F
00001FC07F
00001FE07E
00001FE07C
00000FE078
00000FF078
000007F0F8
000007F8F0
000007F8F0
000003F9E0
000003FDE0
000001FDE0
000001FFC0
000001FFC0
000000FFC0
000000FF80
0000007F80
0000007F80
0000007F00
0000003F00
0000003E00
0000001E00
0000001E00
0000783C00
00007C3C00
0000FE3C00
0000FE7800
00007FF800
00007FF000
00003FE000
00000F8000
ENDCHAR
STARTCHAR uniE0DB
ENCODING 57563
SWIDTH 638 0
DWIDTH 26 0
BBX 48 37 -9 -1
BITMAP
000000003FE0
07F00003FFFC
1FFC001FFFFE
3FFE00FFFFFE
787F03FFFFFF
F03F9FFFFFFF
F01FFFFFFFFF
F01FFFFFFFFF
F81FFFFC01FF
FFFFFFC0007F
7FFFFC00003E
3FFFC0000018
0FFFC0000000
000FC0000000
000FC0000000
000FC7F00000
000FCFFC0000
000FDFFE0000
000FFCFF0000
000FF87F0000
000FF03F8000
000FF03F8000
000FF03F8000
000FF03FC000
000FF01FC000
000FF01FC000
000FF01FC000
000FF01FC000
000FF03FC000
000FF03F8000
000FF03F8000
001FF03F8000
001FF83F0000
003FFC7F0000
003FFFFE0000
003FDFFC0000
001FC7F00000
ENDCHAR
STARTCHAR uniE0DC
ENCODING 57564
SWIDTH 638 0
DWIDTH 26 0
BBX 48 37 -13 -1
BITMAP
0FFC00000000
3FFFC0000FE0
7FFFF8003FF8
FFFFFF00FFFC
FFFFFFC1FE1E
FFFFFFF9F80F
FFFFFFFFF80F
FFFFFFFFF00F
FF803FFFF81F
FE0003FFFFFE
7C00003FFFFE
18000007FFFC
00000007FFF0
00000007F000
00000007F000
00000FC7F000
00003FF7F000
00007FFFF000
0000FF3FF000
0000FE1FF000
0001FC1FF000
0001FC0FF000
0001FC0FF000
0003F80FF000
0003F80FF000
0003F80FF000
0003F80FF000
0003F80FF000
0003F80FF000
0001F80FF000
0001FC0FF000
0001FC0FF800
0000FC1FF800
0000FE3FF800
00007FFFFC00
00003FF3FC00
00000FC3F800
ENDCHAR
STARTCHAR uniE0DD
ENCODING 57565
SWIDTH 426 0
DWIDTH 17 0
BBX 49 38 -26 -1
BITMAP
01F00000000000
0FFF8000000000
3FFFF80007F000
7FFFFE003FFC00
7FFFFFC07FFE00
7FFFFFF0FE0F00
FFFFFFFCFC0700
FFFFFFFFFC0780
FFE07FFFF80780
7F800FFFFC0F80
7F0000FFFFFF00
3E00001FFFFF00
18000003FFFC00
00000003FFF000
00000003F80000
00000003F80000
0000001FFF8000
0000001FFFC000
0000001FFFC000
0000000FFF8000
00000003F80000
00000003F80000
00000003F80000
00000003F80000
00000003F80000
00000003F80000
00000003F80000
00000003F80000
00000003F80000
00000003F80000
00000003F80000
00000003F80000
00000003F80000
00000007FC0000
00000007FC0000
00000007FC0000
00000007FC0000
00000007FC0000
ENDCHAR
STARTCHAR uniE0DE
ENCODING 57566
SWIDTH 598 0
DWIDTH 24 0
BBX 48 37 -9 -1
BITMAP
000000003FE0
07F00003FFFC
1FFC001FFFFE
3FFE00FFFFFE
787F03FFFFFF
F03F9FFFFFFF
F01FFFFFFFFF
F01FFFFFFFFF
F81FFFFC01FF
FFFFFFC0007F
7FFFFC00003E
3FFFC0000018
0FFFC0000000
000FC0000000
000FC0000000
000FC7E00000
000FCFF80000
000FFFFC0000
000FFFFC0000
000FFFFE0000
000FE1FE0000
000FE0FE0000
000FE0FE0000
000FC0FE0000
000FC0FE0000
000FC0FE0000
000FC0FE0000
000FC0FE0000
000FC0FE0000
000FC0FE0000
000FE0FE0000
001FE1FE0000
001FE1FE0000
003FF1FF0000
003FF3FF0000
003FF3FF0000
001FE1FF0000
ENDCHAR
STARTCHAR uniE0DF
ENCODING 57567
SWIDTH 621 0
DWIDTH 25 0
BBX 48 38 -9 -1
BITMAP
000000000FC0
00000001FFF8
0FF0000FFFFC
3FFC007FFFFE
7FFF01FFFFFF
783F8FFFFFFF
F01FBFFFFFFF
F01FFFFFFFFF
F81FFFFE01FF
FFFFFFC000FF
7FFFFC00003E
3FFFC0000018
0FFFC0000000
000FC0000000
000FC0000000
000FC0000000
000FC1FE0000
000FC1FE0000
000FC1FE0000
000FC1FC0000
000FC3F00000
000FC7E00000
000FCF800000
000FDF000000
000FFE000000
000FFFC00000
000FFFE00000
000FFFF00000
000FC7F80000
000FC7F80000
000FC3FC0000
000FE3FC0000
001FE3FE0000
001FE1FE0000
003FF1FF8000
003FF1FF8000
003FF0FF8000
001FE07F0000
ENDCHAR
STARTCHAR uniE0E0
ENCODING 57568
SWIDTH 294 0
DWIDTH 12 0
BBX 48 36 -9 -1
BITMAP
000000000FC0
00000001FFF8
0FF0000FFFFC
3FFC007FFFFE
7FFF01FFFFFF
783F8FFFFFFF
F01FBFFFFFFF
F01FFFFFFFFF
F81FFFFE01FF
FFFFFFC000FF
7FFFFC00003E
3FFFC0000018
0FFFC0000000
000FC0000000
000FC0000000
000FC0000000
000FC0000000
000FC0000000
000FC0000000
000FC0000000
000FC0000000
000FC0000000
000FC0000000
000FC0000000
000FC0000000
000FC0000000
000FC0000000
000FC0000000
000FC0000000
000FC0000000
001FE0000000
001FE0000000
003FF0000000
003FF0000000
003FF0000000
001FE0000000
ENDCHAR
STARTCHAR uniE0E1
ENCODING 57569
SWIDTH 382 0
DWIDTH 15 0
BBX 48 38 -8 -1
BITMAP
000000000FC0
00000001FFF8
0FF0000FFFFC
3FFC007FFFFE
7FFF03FFFFFF
787F8FFFFFFF
F03FBFFFFFFF
F01FFFFFFFFF
F01FFFFF03FF
F81FFFF000FF
FFFFFF80007F
7FFFFC00003E
3FFFC0000018
0FFFC0000000
000FC0000000
000FC0000000
00FFFC000000
00FFFE000000
00FFFE000000
007FFC000000
000FC0000000
000FC0000000
000FC0000000
000FC0000000
000FC0000000
000FC0000000
000FC0000000
000FC0000000
000FC0000000
000FC0000000
000FC0000000
000FC0000000
000FE6000000
000FFE000000
000FFE000000
000FFC000000
000FF8000000
0003E0000000
ENDCHAR
STARTCHAR uniE0E2
ENCODING 57570
SWIDTH 608 0
DWIDTH 24 0
BBX 48 37 -9 -1
BITMAP
000000003FE0
07F00003FFFC
1FFC001FFFFE
3FFE00FFFFFE
787F03FFFFFF
F03F9FFFFFFF
F01FFFFFFFFF
F01FFFFFFFFF
F81FFFFC01FF
FFFFFFC0007F
7FFFFC00003E
3FFFC0000018
0FFFC0000000
000FC0000000
000FC0000000
000FC01C0000
000FC0FE0000
000FC1FE0000
000FC3FE0000
000FC3FE0000
000FC1FE0000
000FC1FE0000
000FC0FE0000
000FC0FE0000
000FC0FE0000
000FC0FE0000
000FC0FE0000
000FC0FE0000
000FC0FE0000
000FC0FE0000
000FE0FE0000
000FE1FE0000
000FFFFE0000
000FFFFF0000
000FFFFF8000
0007FE7F0000
0001F83E0000
ENDCHAR
STARTCHAR uniE0E3
ENCODING 57571
SWIDTH 573 0
DWIDTH 23 0
BBX 48 38 -15 -1
BITMAP
000000000FC0
00000001FFF8
0FF8000FFFFC
3FFE007FFFFE
7FFF01FFFFFF
703F8FFFFFFF
F01FFFFFFFFF
F01FFFFFFFFF
F80FFFFE01FF
FFFFFFC0007F
7FFFFC00003E
3FFFF800001C
0FFBF8000000
0003FC000000
0001FC000000
0001FE000000
0001FE01F800
0000FE01FC00
0000FF01FC00
0000FF01FC00
00007F01F800
00007F81F000
00003F81F000
00003FC1E000
00003FC1E000
00001FC3C000
00001FE3C000
00000FE7C000
00000FF78000
00000FF78000
000007FF0000
000007FF0000
000007FF0000
000003FE0000
000003FE0000
000001FC0000
000001FC0000
000000F80000
ENDCHAR
STARTCHAR uniE0E4
ENCODING 57572
SWIDTH 900 0
DWIDTH 36 0
BBX 51 38 -15 -1
BITMAP
000000000FC000
00000001FFF800
0FF0000FFFFC00
3FFC007FFFFE00
7FFF01FFFFFF00
783F8FFFFFFF00
F01FFFFFFFFF00
F01FFFFFFFFF00
F81FFFFE01FF00
FFFFFFC0007F00
7FFFFC00003E00
3FFFF800001C00
0FFBF800000000
0003FC00000000
0001FC00000000
0001FC00000000
0001FE03FE0FC0
0000FE07FE0FE0
0000FF07FF0FE0
0000FF07FE0FE0
00007F03FE0FC0
00007F83FE0780
00003F81FC0F80
00003F81FE0F00
00003FC1FE0F00
00001FC3FE1E00
00001FC3FF1E00
00000FE3FF1E00
00000FE7FF3C00
00000FF7FFBC00
000007F73FB800
000007FF3FF800
000007FF1FF800
000003FE1FF000
000003FE1FF000
000001FC0FF000
000001FC0FE000
000000F807C000
ENDCHAR
STARTCHAR uniE0E5
ENCODING 57573
SWIDTH 573 0
DWIDTH 23 0
BBX 48 49 -15 -12
BITMAP
000000000FC0
00000001FFF8
0FF0000FFFFC
3FFC007FFFFE
7FFF01FFFFFF
783F8FFFFFFF
F01FFFFFFFFF
F01FFFFFFFFF
F81FFFFE01FF
FFFFFFC0007F
7FFFFC00003E
3FFFF800001C
0FFBF8000000
0003FC000000
0001FC000000
0001FE000000
0001FE01F800
0000FE01FC00
0000FF01FC00
00007F01FC00
00007F81F800
00007F81F000
00003F81E000
00003FC1E000
00001FC3E000
00001FE3C000
00001FE3C000
00000FE78000
00000FF78000
000007F78000
000007FF0000
000007FF0000
000003FF0000
000003FE0000
000001FE0000
000001FE0000
000001FC0000
000000FC0000
000000F80000
000000780000
000000780000
0001E0F00000
0001F0F00000
0003F8F00000
0003F9E00000
0001FFE00000
0001FFC00000
0000FF800000
00003E000000
ENDCHAR
STARTCHAR uniE0E6
ENCODING 57574
SWIDTH 638 0
DWIDTH 26 0
BBX 66 39 -9 -1
BITMAP
0000000000007FE000
00000000000FFFFC00
0000000000FFFFFF00
07F0000007FFFFFF00
1FFC00007FFFFFFF80
7FFE0003FFFFFFFF80
787F001FFFFFFFFF80
F03F80FFFFFFFFFFC0
F01FC7FFFFFFFFFFC0
F01FFFFFFFFC01FF80
FC0FFFFFFF00007F80
7FFFFFFFE000003F80
7FFFFFFC0000001F00
3FFFFF800000000600
07FFC0000000000000
000FC0000000000000
000FC0000000000000
000FC7F00000000000
000FCFFC0000000000
000FDFFE0000000000
000FFCFF0000000000
000FF87F0000000000
000FF03F8000000000
000FF03F8000000000
000FF03F8000000000
000FF03FC000000000
000FF01FC000000000
000FF01FC000000000
000FF01FC000000000
000FF01FC000000000
000FF03FC000000000
000FF03F8000000000
000FF03F8000000000
001FF03F8000000000
001FF83F0000000000
003FFC7F0000000000
003FFFFE0000000000
003FDFFC0000000000
001FC7F00000000000
ENDCHAR
STARTCHAR uniE0E7
ENCODING 57575
SWIDTH 638 0
DWIDTH 26 0
BBX 66 39 -31 -1
BITMAP
03FF80000000000000
0FFFFC000000000000
3FFFFFC00000000000
7FFFFFF8000003F800
7FFFFFFF80000FFE00
7FFFFFFFF0003FFF00
FFFFFFFFFE007F8F80
FFFFFFFFFFC07E07C0
FFFFFFFFFFF8FE03C0
FFE00FFFFFFFFC07C0
7F80003FFFFFFC0FC0
7F000001FFFFFFFF80
3E0000000FFFFFFF80
18000000003FFFFE00
000000000001FFF800
000000000001FC0000
000000000001FC0000
0000000003F1FC0000
000000000FFDFC0000
000000001FFFFC0000
000000003FCFFC0000
000000003F87FC0000
000000007F07FC0000
000000007F03FC0000
000000007F03FC0000
00000000FE03FC0000
00000000FE03FC0000
00000000FE03FC0000
00000000FE03FC0000
00000000FE03FC0000
00000000FE03FC0000
000000007E03FC0000
000000007F03FC0000
000000007F03FE0000
000000003F07FE0000
000000003F8FFE0000
000000001FFFFF0000
000000000FFCFF0000
0000000003F0FE0000
ENDCHAR
STARTCHAR uniE0E8
ENCODING 57576
SWIDTH 426 0
DWIDTH 17 0
BBX 66 39 -43 -1
BITMAP
03FF00000000000000
1FFFFC000000000000
3FFFFFC00000000000
7FFFFFF8000003F800
7FFFFFFF00001FFE00
FFFFFFFFF0003FFF00
FFFFFFFFFE007F0F80
FFFFFFFFFFC07E0780
FFFFFFFFFFFCFE03C0
FFE00FFFFFFFFC07C0
FF80003FFFFFFC0F80
7F000000FFFFFFFF80
3E0000000FFFFFFF00
08000000003FFFFE00
000000000001FFF800
000000000001FC0000
000000000001FC0000
00000000000FFFC000
00000000000FFFE000
00000000000FFFE000
000000000007FFC000
000000000001FC0000
000000000001FC0000
000000000001FC0000
000000000001FC0000
000000000001FC0000
000000000001FC0000
000000000001FC0000
000000000001FC0000
000000000001FC0000
000000000001FC0000
000000000001FC0000
000000000001FC0000
000000000001FC0000
000000000003FE0000
000000000003FE0000
000000000003FE0000
000000000003FE0000
000000000003FE0000
ENDCHAR
STARTCHAR uniE0E9
ENCODING 57577
SWIDTH 598 0
DWIDTH 24 0
BBX 66 39 -9 -1
BITMAP
0000000000007FE000
00000000000FFFFC00
0000000000FFFFFF00
07F0000007FFFFFF00
1FFC00007FFFFFFF80
7FFE0003FFFFFFFF80
787F001FFFFFFFFF80
F03F80FFFFFFFFFFC0
F01FC7FFFFFFFFFFC0
F01FFFFFFFFC01FF80
FC0FFFFFFF00007F80
7FFFFFFFE000003F80
7FFFFFFC0000001F00
3FFFFF800000000600
07FFC0000000000000
000FC0000000000000
000FC0000000000000
000FC7E00000000000
000FCFF80000000000
000FFFFC0000000000
000FFFFC0000000000
000FFFFE0000000000
000FE1FE0000000000
000FE0FE0000000000
000FE0FE0000000000
000FC0FE0000000000
000FC0FE0000000000
000FC0FE0000000000
000FC0FE0000000000
000FC0FE0000000000
000FC0FE0000000000
000FC0FE0000000000
000FE0FE0000000000
001FE1FE0000000000
001FE1FE0000000000
003FF1FF0000000000
003FF3FF0000000000
003FF3FF0000000000
001FE1FF0000000000
ENDCHAR
STARTCHAR uniE0EA
ENCODING 57578
SWIDTH 621 0
DWIDTH 25 0
BBX 66 40 -9 -1
BITMAP
0000000000007FE000
00000000000FFFFC00
0000000000FFFFFF00
0000000007FFFFFF00
0FF000007FFFFFFF80
3FFE0003FFFFFFFF80
7FFF001FFFFFFFFF80
F83F80FFFFFFFFFFC0
F01F87FFFFFFFFFFC0
F01FFFFFFFFC01FF80
F80FFFFFFF00007F80
FFFFFFFFE000003F80
7FFFFFFC0000001F00
3FFFFF800000000600
0FFFC0000000000000
000FC0000000000000
000FC0000000000000
000FC0000000000000
000FC1FE0000000000
000FC1FE0000000000
000FC1FE0000000000
000FC1FC0000000000
000FC3F00000000000
000FC7E00000000000
000FCF800000000000
000FDF000000000000
000FFE000000000000
000FFFC00000000000
000FFFE00000000000
000FFFF00000000000
000FC7F80000000000
000FC7F80000000000
000FC3FC0000000000
000FE3FC0000000000
001FE3FE0000000000
001FE1FE0000000000
003FF1FF8000000000
003FF1FF8000000000
003FF0FF8000000000
001FE07F0000000000
ENDCHAR
STARTCHAR uniE0EB
ENCODING 57579
SWIDTH 294 0
DWIDTH 12 0
BBX 66 38 -9 -1
BITMAP
0000000000007FE000
00000000000FFFFC00
0000000000FFFFFF00
0000000007FFFFFF00
0FF000007FFFFFFF80
3FFE0003FFFFFFFF80
7FFF001FFFFFFFFF80
F83F80FFFFFFFFFFC0
F01F87FFFFFFFFFFC0
F01FFFFFFFFC01FF80
F80FFFFFFF00007F80
FFFFFFFFE000003F80
7FFFFFFC0000001F00
3FFFFF800000000600
0FFFC0000000000000
000FC0000000000000
000FC0000000000000
000FC0000000000000
000FC0000000000000
000FC0000000000000
000FC0000000000000
000FC0000000000000
000FC0000000000000
000FC0000000000000
000FC0000000000000
000FC0000000000000
000FC0000000000000
000FC0000000000000
000FC0000000000000
000FC0000000000000
000FC0000000000000
000FC0000000000000
001FE0000000000000
001FE0000000000000
003FF0000000000000
003FF0000000000000
003FF0000000000000
001FE0000000000000
ENDCHAR
STARTCHAR uniE0EC
ENCODING 57580
SWIDTH 382 0
DWIDTH 15 0
BBX 65 39 -8 -1
BITMAP
0000000000007FE000
00000000000FFFFC00
0000000000FFFFFE00
0FF000000FFFFFFF00
3FFC00007FFFFFFF80
7FFE0003FFFFFFFF80
F87F001FFFFFFFFF80
F03F80FFFFFFFFFF80
F01F8FFFFFFFFFFF80
F01FFFFFFFF801FF80
FC1FFFFFFE00007F80
7FFFFFFFC000003F80
7FFFFFF80000001F00
1FFFFF000000000400
07FFC0000000000000
000FC0000000000000
000FC0000000000000
00FFFC000000000000
00FFFE000000000000
00FFFE000000000000
007FFC000000000000
000FC0000000000000
000FC0000000000000
000FC0000000000000
000FC0000000000000
000FC0000000000000
000FC0000000000000
000FC0000000000000
000FC0000000000000
000FC0000000000000
000FC0000000000000
000FC0000000000000
000FC0000000000000
000FE6000000000000
000FFE000000000000
000FFE000000000000
000FFC000000000000
000FF8000000000000
0003E0000000000000
ENDCHAR
STARTCHAR uniE0ED
ENCODING 57581
SWIDTH 608 0
DWIDTH 24 0
BBX 66 39 -9 -1
BITMAP
0000000000007FE000
00000000000FFFFC00
0000000000FFFFFF00
07F0000007FFFFFF00
1FFC00007FFFFFFF80
7FFE0003FFFFFFFF80
787F001FFFFFFFFF80
F03F80FFFFFFFFFFC0
F01FC7FFFFFFFFFFC0
F01FFFFFFFFC01FF80
FC0FFFFFFF00007F80
7FFFFFFFE000003F80
7FFFFFFC0000001F00
3FFFFF800000000600
07FFC0000000000000
000FC0000000000000
000FC0000000000000
000FC01C0000000000
000FC0FE0000000000
000FC1FE0000000000
000FC3FE0000000000
000FC3FE0000000000
000FC1FE0000000000
000FC1FE0000000000
000FC0FE0000000000
000FC0FE0000000000
000FC0FE0000000000
000FC0FE0000000000
000FC0FE0000000000
000FC0FE0000000000
000FC0FE0000000000
000FC0FE0000000000
000FE0FE0000000000
000FE1FE0000000000
000FFFFE0000000000
000FFFFF0000000000
000FFFFF8000000000
0007FE7F0000000000
0001F83E0000000000
ENDCHAR
STARTCHAR uniE0EE
ENCODING 57582
SWIDTH 573 0
DWIDTH 23 0
BBX 65 40 -15 -1
BITMAP
0000000000007FE000
00000000000FFFFC00
0000000000FFFFFE00
07E000000FFFFFFF00
1FFC00007FFFFFFF80
7FFE0003FFFFFFFF80
7C7F801FFFFFFFFF80
F03FC0FFFFFFFFFF80
F01FCFFFFFFFFFFF80
F00FFFFFFFFC01FF80
F80FFFFFFF00007F80
FFFFFFFFE000003F80
7FFFFFFC0000001F00
3FFFFF000000000E00
0FFFF8000000000000
0003FC000000000000
0001FC000000000000
0001FE000000000000
0001FE01F800000000
0000FE01FC00000000
0000FF01FC00000000
00007F01FC00000000
00007F01F800000000
00007F81F000000000
00003F81F000000000
00003FC1E000000000
00003FC1E000000000
00001FC3C000000000
00001FE3C000000000
00000FE7C000000000
00000FF78000000000
00000FF78000000000
000007FF0000000000
000007FF0000000000
000007FF0000000000
000003FE0000000000
000003FE0000000000
000001FC0000000000
000001FC0000000000
000000F80000000000
ENDCHAR
STARTCHAR uniE0EF
ENCODING 57583
SWIDTH 900 0
DWIDTH 36 0
BBX 65 41 -15 -1
BITMAP
0000000000007FF000
00000000000FFFFC00
0000000000FFFFFE00
0000000007FFFFFF00
07E000003FFFFFFF80
1FFC0001FFFFFFFF80
7FFF000FFFFFFFFF80
787F807FFFFFFFFF80
F03FC1FFFFFFFFFF80
F01FCFFFFFFE07FF80
F00FFFFFFF8001FF80
F80FFFFFF800007F80
FFFFFFFF8000003F80
7FFFFFF80000001F00
3FFFFF000000000E00
0FFFF8000000000000
0003FC000000000000
0001FC000000000000
0001FC000000000000
0001FE03FE0FC00000
0000FE07FE0FE00000
0000FF07FF0FE00000
00007F07FE0FE00000
00007F03FE0FC00000
00007F83FE07800000
00003F81FC0F800000
00003F81FE0F000000
00003FC1FE0F000000
00001FC3FE1E000000
00001FC3FF1E000000
00000FE3FF1E000000
00000FE7FF3C000000
00000FF7FFBC000000
000007F73FB8000000
000007FF3FF8000000
000007FF1FF8000000
000003FE1FF0000000
000003FE1FF0000000
000001FC0FF0000000
000001FC0FE0000000
000000F807C0000000
ENDCHAR
STARTCHAR uniE0F0
ENCODING 57584
SWIDTH 573 0
DWIDTH 23 0
BBX 65 51 -15 -12
BITMAP
0000000000007FE000
00000000000FFFFC00
0000000000FFFFFE00
07E000000FFFFFFF00
1FFC00007FFFFFFF80
7FFF0003FFFFFFFF80
787F801FFFFFFFFF80
F03FC0FFFFFFFFFF80
F01FCFFFFFFFFFFF80
F00FFFFFFFFC01FF80
F80FFFFFFF00007F80
FFFFFFFFE000003F80
7FFFFFFC0000001F00
3FFFFF000000000E00
0FFFF8000000000000
0003FC000000000000
0001FC000000000000
0001FE000000000000
0001FE01F800000000
0000FE01FC00000000
0000FF01FC00000000
00007F01FC00000000
00007F81F800000000
00007F81F000000000
00003F81E000000000
00003FC1E000000000
00001FC3E000000000
00001FE3C000000000
00001FE3C000000000
00000FE78000000000
00000FF78000000000
000007F78000000000
000007FF0000000000
000007FF0000000000
000003FF0000000000
000003FE0000000000
000001FE0000000000
000001FE0000000000
000001FC0000000000
000000FC0000000000
000000F80000000000
000000780000000000
000000780000000000
0001E0F00000000000
0001F0F00000000000
0003F8F00000000000
0003F9E00000000000
0001FFE00000000000
0001FFC00000000000
0000FF800000000000
00003E000000000000
ENDCHAR
STARTCHAR uniE0F1
ENCODING 57585
SWIDTH 638 0
DWIDTH 26 0
BBX 58 36 -33 -1
BITMAP
0800000000000000
3F00000000000000
7F80000000000000
FFC0000001800000
FFE000000FC00000
FFF80000FFC00000
7FFF001FFFC00000
7FFFFFFFFFC00000
3FFFFFFF3FC00000
1FFFFFF01FC00000
07FFFE000FC00000
003C00000FC00000
000000000FC00000
000000000FC00000
000000000FC7F000
000000000FCFFC00
000000000FDFFE00
000000000FFCFF00
000000000FF87F00
000000000FF03F80
000000000FF03F80
000000000FF03F80
000000000FF03FC0
000000000FF01FC0
000000000FF01FC0
000000000FF01FC0
000000000FF01FC0
000000000FF03FC0
000000000FF03F80
000000000FF03F80
000000001FF03F80
000000001FF83F00
000000003FFC7F00
000000003FFFFE00
000000003FDFFC00
000000001FC7F000
ENDCHAR
STARTCHAR uniE0F2
ENCODING 57586
SWIDTH 638 0
DWIDTH 26 0
BBX 44 36 -19 -1
BITMAP
080000000000
7F0000000000
7F8000000000
FFC000000180
FFE000000FC0
FFF80000FFC0
FFFE003FFFC0
7FFFFFFFFFC0
7FFFFFFF3FC0
3FFFFFE01FC0
0FFFFC001FC0
003C00001FC0
000000001FC0
000000001FC0
0000003F1FC0
000000FFDFC0
000001FFFFC0
000003FDFFC0
000003F87FC0
000007F07FC0
000007F03FC0
000007F03FC0
00000FE03FC0
00000FE03FC0
00000FE03FC0
00000FE03FC0
00000FE03FC0
00000FE03FC0
000007E03FC0
000007F03FC0
000007F03FE0
000003F07FE0
000003F8FFE0
000001FFFFF0
000000FFCFF0
0000003F0FE0
ENDCHAR
STARTCHAR uniE0F3
ENCODING 57587
SWIDTH 598 0
DWIDTH 24 0
BBX 56 36 -33 -1
BITMAP
08000000000000
3F000000000000
7F800000000000
FFC00000018000
FFE000000FC000
FFF80000FFC000
7FFF001FFFC000
7FFFFFFFFFC000
3FFFFFFF3FC000
1FFFFFF01FC000
07FFFE000FC000
003C00000FC000
000000000FC000
000000000FC000
000000000FC7E0
000000000FCFF8
000000000FFFFC
000000000FFFFC
000000000FFFFE
000000000FE1FE
000000000FE0FE
000000000FE0FE
000000000FC0FE
000000000FC0FE
000000000FC0FE
000000000FC0FE
000000000FC0FE
000000000FC0FE
000000000FC0FE
000000000FE0FE
000000001FE1FE
000000001FE1FE
000000003FF1FF
000000003FF3FF
000000003FF3FF
000000001FE1FF
ENDCHAR
STARTCHAR uniE0F4
ENCODING 57588
SWIDTH 621 0
DWIDTH 25 0
BBX 57 36 -33 -1
BITMAP
3E00000000000000
7F80000000000000
7FC0000000000000
FFE0000007C00000
FFF000003FC00000
FFFC0007FFC00000
7FFFFFFFFFC00000
7FFFFFFFFFC00000
3FFFFFF81FC00000
0FFFFF801FC00000
03FFE0000FC00000
000000000FC00000
000000000FC00000
000000000FC00000
000000000FC1FE00
000000000FC1FE00
000000000FC1FE00
000000000FC1FC00
000000000FC3F000
000000000FC7C000
000000000FCF8000
000000000FFF0000
000000000FFF0000
000000000FFFC000
000000000FFFE000
000000000FFFF000
000000000FC7F800
000000000FC7F800
000000000FC3FC00
000000000FE3FC00
000000001FE3FE00
000000001FE1FF00
000000003FF1FF80
000000003FF0FF80
000000003FF0FF80
000000001FE03F00
ENDCHAR
STARTCHAR uniE0F5
ENCODING 57589
SWIDTH 294 0
DWIDTH 12 0
BBX 44 34 -33 -1
BITMAP
3E0000000000
7F8000000000
7FC000000000
FFE0000007C0
FFF000003FC0
FFFC0007FFC0
7FFFFFFFFFC0
7FFFFFFFFFC0
3FFFFFF81FC0
0FFFFF801FC0
03FFE0000FC0
000000000FC0
000000000FC0
000000000FC0
000000000FC0
000000000FC0
000000000FC0
000000000FC0
000000000FC0
000000000FC0
000000000FC0
000000000FC0
000000000FC0
000000000FC0
000000000FC0
000000000FC0
000000000FC0
000000000FC0
000000001FE0
000000001FE0
000000001FF0
000000003FF0
000000003FF0
000000001FE0
ENDCHAR
STARTCHAR uniE0F6
ENCODING 57590
SWIDTH 382 0
DWIDTH 15 0
BBX 47 36 -32 -1
BITMAP
080000000000
7F0000000000
7F8000000000
FFC000000180
FFE000000FC0
FFF80000FFC0
FFFE003FFFC0
7FFFFFFFFFC0
7FFFFFFF3FC0
1FFFFFE01FC0
0FFFFC001FC0
003C00001FC0
000000001FC0
000000003FC0
00000000FFFC
00000000FFFE
00000000FFFE
000000007FFC
000000000FC0
000000000FC0
000000000FC0
000000000FC0
000000000FC0
000000000FC0
000000000FC0
000000000FC0
000000000FC0
000000000FC0
000000000FC0
000000000FC0
000000000FE6
000000000FFE
000000000FFE
000000000FFC
000000000FF8
0000000003E0
ENDCHAR
STARTCHAR uniE0F7
ENCODING 57591
SWIDTH 608 0
DWIDTH 24 0
BBX 57 36 -33 -1
BITMAP
0800000000000000
3F00000000000000
7F80000000000000
FFC0000001800000
FFE000000FC00000
FFF80000FFC00000
7FFF001FFFC00000
7FFFFFFFFFC00000
3FFFFFFF3FC00000
1FFFFFF01FC00000
07FFFE000FC00000
003C00000FC00000
000000000FC00000
000000000FC00000
000000000FC01C00
000000000FC0FE00
000000000FC1FE00
000000000FC3FE00
000000000FC3FE00
000000000FC1FE00
000000000FC1FE00
000000000FC0FE00
000000000FC0FE00
000000000FC0FE00
000000000FC0FE00
000000000FC0FE00
000000000FC0FE00
000000000FC0FE00
000000000FC0FE00
000000000FE0FE00
000000000FE1FE00
000000000FFFFE00
000000000FFFFF00
000000000FFFFF80
0000000007FE7F00
0000000001F83E00
ENDCHAR
STARTCHAR uniE0F8
ENCODING 57592
SWIDTH 638 0
DWIDTH 26 0
BBX 62 36 -37 -1
BITMAP
3F00000000000000
7F80000000000000
FFE0000000000000
FFF0000000080000
FFF80000007C0000
FFFE000007FC0000
FFFF8001FFFC0000
FFFFFFFFFFFC0000
7FFFFFFFF7FC0000
3FFFFFFF01FC0000
1FFFFFF000FC0000
03FFFE0000FC0000
0000000000FC0000
0000000000FC0000
0000000000FC7F00
0000000000FCFFC0
0000000000FDFFE0
0000000000FFCFF0
0000000000FF87F0
0000000000FF03F8
0000000000FF03F8
0000000000FF03F8
0000000000FF03FC
0000000000FF01FC
0000000000FF01FC
0000000000FF01FC
0000000000FF01FC
0000000000FF03FC
0000000000FF03F8
0000000000FF03F8
0000000001FF03F8
0000000001FF83F0
0000000003FFC7F0
0000000003FFFFE0
0000000003FDFFC0
0000000001FC7F00
ENDCHAR
STARTCHAR uniE0F9
ENCODING 57593
SWIDTH 638 0
DWIDTH 26 0
BBX 48 36 -23 -1
BITMAP
3F0000000000
7F8000000000
FFC000000000
FFE000000008
FFF8000000FC
FFFC000007FC
FFFF8003FFFC
FFFFFFFFFFFC
7FFFFFFFF3FC
3FFFFFFF01FC
1FFFFFF001FC
07FFFC0001FC
0000000001FC
0000000001FC
00000003F1FC
0000000FFDFC
0000001FFFFC
0000003FDFFC
0000003F87FC
0000007F07FC
0000007F03FC
0000007F03FC
000000FE03FC
000000FE03FC
000000FE03FC
000000FE03FC
000000FE03FC
000000FE03FC
0000007E03FC
0000007F03FC
0000007F03FE
0000003F07FE
0000003F8FFE
0000001FFFFF
0000000FFCFF
00000003F0FE
ENDCHAR
STARTCHAR uniE0FA
ENCODING 57594
SWIDTH 598 0
DWIDTH 24 0
BBX 60 36 -37 -1
BITMAP
3F00000000000000
7F80000000000000
FFE0000000000000
FFF0000000080000
FFF80000007C0000
FFFE000007FC0000
FFFF8001FFFC0000
FFFFFFFFFFFC0000
7FFFFFFFF7FC0000
3FFFFFFF01FC0000
1FFFFFF000FC0000
03FFFE0000FC0000
0000000000FC0000
0000000000FC0000
0000000000FC7E00
0000000000FCFF80
0000000000FFFFC0
0000000000FFFFC0
0000000000FFFFE0
0000000000FE1FE0
0000000000FE0FE0
0000000000FE0FE0
0000000000FC0FE0
0000000000FC0FE0
0000000000FC0FE0
0000000000FC0FE0
0000000000FC0FE0
0000000000FC0FE0
0000000000FC0FE0
0000000000FE0FE0
0000000001FE1FE0
0000000001FE1FE0
0000000003FF1FF0
0000000003FF3FF0
0000000003FF3FF0
0000000001FE1FF0
ENDCHAR
STARTCHAR uniE0FB
ENCODING 57595
SWIDTH 621 0
DWIDTH 25 0
BBX 61 37 -37 -1
BITMAP
3F00000000000000
7F80000000000000
FFE0000000000000
FFF0000000080000
FFF80000007C0000
FFFE000007FC0000
FFFF8001FFFC0000
FFFFFFFFFFFC0000
7FFFFFFFF7FC0000
3FFFFFFF01FC0000
1FFFFFF000FC0000
03FFFE0000FC0000
0000000000FC0000
0000000000FC0000
0000000000FC0000
0000000000FC1FE0
0000000000FC1FE0
0000000000FC1FE0
0000000000FC1FC0
0000000000FC3F00
0000000000FC7C00
0000000000FCF800
0000000000FFF000
0000000000FFF000
0000000000FFFC00
0000000000FFFE00
0000000000FFFF00
0000000000FC7F80
0000000000FC7F80
0000000000FC3FC0
0000000000FE3FC0
0000000001FE3FE0
0000000001FE1FF0
0000000003FF1FF8
0000000003FF0FF8
0000000003FF0FF8
0000000001FE03F0
ENDCHAR
STARTCHAR uniE0FC
ENCODING 57596
SWIDTH 294 0
DWIDTH 12 0
BBX 48 35 -37 -1
BITMAP
3F0000000000
7F8000000000
FFE000000000
FFF000000008
FFF80000007C
FFFE000007FC
FFFF8001FFFC
FFFFFFFFFFFC
7FFFFFFFF7FC
3FFFFFFF01FC
1FFFFFF000FC
03FFFE0000FC
0000000000FC
0000000000FC
0000000000FC
0000000000FC
0000000000FC
0000000000FC
0000000000FC
0000000000FC
0000000000FC
0000000000FC
0000000000FC
0000000000FC
0000000000FC
0000000000FC
0000000000FC
0000000000FC
0000000000FC
0000000001FE
0000000001FE
0000000003FF
0000000003FF
0000000003FF
0000000001FE
ENDCHAR
STARTCHAR uniE0FD
ENCODING 57597
SWIDTH 382 0
DWIDTH 15 0
BBX 51 36 -36 -1
BITMAP
7F000000000000
7FC00000000000
FFE00000000000
FFF00000001800
FFF8000001FC00
FFFE00001FFC00
FFFFE01FFFFC00
FFFFFFFFFFFC00
7FFFFFFFE3FC00
3FFFFFFE01FC00
0FFFFFC001FC00
03FFF00001FC00
0000000001FC00
0000000003FC00
000000000FFFC0
000000000FFFE0
000000000FFFE0
0000000007FFC0
0000000000FC00
0000000000FC00
0000000000FC00
0000000000FC00
0000000000FC00
0000000000FC00
0000000000FC00
0000000000FC00
0000000000FC00
0000000000FC00
0000000000FC00
0000000000FC00
0000000000FE60
0000000000FFE0
0000000000FFE0
0000000000FFC0
0000000000FF80
00000000003E00
ENDCHAR
STARTCHAR uniE0FE
ENCODING 57598
SWIDTH 608 0
DWIDTH 24 0
BBX 61 36 -37 -1
BITMAP
3F00000000000000
7F80000000000000
FFE0000000000000
FFF0000000080000
FFF80000007C0000
FFFE000007FC0000
FFFF8001FFFC0000
FFFFFFFFFFFC0000
7FFFFFFFF7FC0000
3FFFFFFF01FC0000
1FFFFFF000FC0000
03FFFE0000FC0000
0000000000FC0000
0000000000FC0000
0000000000FC01C0
0000000000FC0FE0
0000000000FC1FE0
0000000000FC3FE0
0000000000FC3FE0
0000000000FC1FE0
0000000000FC1FE0
0000000000FC0FE0
0000000000FC0FE0
0000000000FC0FE0
0000000000FC0FE0
0000000000FC0FE0
0000000000FC0FE0
0000000000FC0FE0
0000000000FC0FE0
0000000000FE0FE0
0000000000FE1FE0
0000000000FFFFE0
0000000000FFFFF0
0000000000FFFFF8
00000000007FE7F0
00000000001F83E0
ENDCHAR
STARTCHAR uniE0FF
ENCODING 57599
SWIDTH 982 0
DWIDTH 39 0
BBX 38 30 1 -9
BITMAP
03FE000000
0FFFC00000
3FFFE00000
3F8FF00000
7F07F00000
7F03F80000
7E07F80000
3E07F80000
1C1FF80000
00FFF80000
07FFF80000
1FFFF81F00
7FE3F07FC0
FF83F0FFF0
FF07F1FFF8
FF07F1FFF8
FF0FE1FFFC
FFFFE3FFFC
FFFFE1F9FC
7FFFE1F0FC
3FF7E1F0FC
1F87E0E0FC
0007F001FC
0007F803F8
0003FC07F8
0001FFFFF0
0001FFFFE0
00007FFFC0
00003FFF80
000007FC00
ENDCHAR
STARTCHAR uniE100
ENCODING 57600
SWIDTH 1097 0
DWIDTH 44 0
BBX 43 22 1 -1
BITMAP
01FE00000000
07FF80000000
0FFFC0000000
1F8FE0000000
3F0FF001F800
7F07F007FE00
7F07F81FFF00
7E07F83FFF80
FE07F07FFFC0
FE03E0FE7FC0
FE0081F83FE0
FE0003F01FE0
FF0007E01FE0
FF001FC01FE0
7F803F831FE0
7FE0FF07FFC0
7FFFFE07FFC0
3FFFF807FFC0
1FFFF007FF80
0FFFE003FF00
07FF8003FE00
01FC0000FC00
ENDCHAR
STARTCHAR uniE101
ENCODING 57601
SWIDTH 1043 0
DWIDTH 42 0
BBX 41 38 1 -9
BITMAP
00007C000000
0001FC000000
0003FC000000
0003FC000000
0003FC000000
0001FC000000
0001FC000000
0001FC000000
03F1FC000000
0FFDFC000000
1FFFFC000000
3FDFFC000000
3F87FC000000
7F07FC000000
7F03FC000000
7F03FC000000
FE03FC000000
FE03FC000000
FE03FC000000
FE03F803C000
FE03F81FF800
FE03F83FFC00
7E03F83FFE00
7F03F87FFF00
7F03F87FFF00
3F07F87FFF00
3F8FF87E3F80
1FFFF87E3F80
0FFDF83C3F80
03F1FC1C3F00
0001FC003F00
0000FE007F00
0000FF81FE00
00007FFFFE00
00003FFFFC00
00001FFFF800
000007FFE000
000000FF0000
ENDCHAR
STARTCHAR uniE102
ENCODING 57602
SWIDTH 1097 0
DWIDTH 44 0
BBX 43 22 1 -1
BITMAP
01FC00000000
07FF80000000
0FFFC0000000
1F8FE0000000
3F0FF001F800
3F07F007FE00
7F07F01FFF00
7E07F03FFF80
FE07F07FFFC0
FE0FF0FE7FC0
FE1FE1F83FE0
FE3FC3F01FE0
FFFF87E01FE0
FFFC0FC01FE0
7F803F831FE0
7FE0FF07FFC0
7FFFFE07FFC0
3FFFFC07FFC0
1FFFF007FF80
0FFFE003FF00
07FF8003FE00
01FC0000FC00
ENDCHAR
STARTCHAR uniE103
ENCODING 57603
SWIDTH 990 0
DWIDTH 40 0
BBX 39 39 1 -10
BITMAP
1F00000000
7F00000000
FF00000000
FF00000000
FF00000000
7F00000000
7F00000000
3F00000000
3F1F800000
3F3FE00000
3FFFF00000
3FFFF00000
3FFFF80000
3F87F80000
3F83F80000
3F83F80000
3F03F80000
3F03F80000
3F03F00000
3F03F00F00
3F03F07FE0
3F07F0FFF0
3F07F1FFF8
7F87E1FFF8
7F87E1FFFC
7FC7E1FFFC
FFC7E1F9FC
FFC7E1F8FE
FFC7F0F0FE
7F87F070FC
0007F000FC
0003F801FC
0003FC03FC
0003FE07F8
0001FFFFF0
0000FFFFE0
00007FFFC0
00001FFF80
000003FC00
ENDCHAR
STARTCHAR uniE104
ENCODING 57604
SWIDTH 699 0
DWIDTH 28 0
BBX 27 41 1 -10
BITMAP
1E000000
7F000000
7F800000
7F800000
7F800000
7F800000
7F000000
3E000000
00000000
00000000
0F000000
3F000000
7F000000
FF000000
FF000000
FF000000
7F000000
7F000000
3F000000
3F000000
3F000000
7F000000
7F01F800
7E07FE00
7E0FFF80
7E0FFF80
7E1FFFC0
7E1FFFC0
7E1FFFE0
7E1F8FE0
7E0F87E0
7F0707E0
7F000FE0
7F800FC0
3FC01FC0
3FF07FC0
1FFFFF80
0FFFFF00
07FFFE00
01FFF800
003FE000
ENDCHAR
STARTCHAR uniE105
ENCODING 57605
SWIDTH 789 0
DWIDTH 32 0
BBX 45 45 -13 -14
BITMAP
000078000000
0001FC000000
0001FE000000
0001FE000000
0001FE000000
0001FE000000
0001FC000000
0000F8000000
000000000000
000000000000
00003C000000
0000FC000000
0003FC000000
0003FC000000
0003FC000000
0001FC000000
0001FC000000
0001FC00FE00
0000FC03FF80
0000FC07FFC0
0000FC07FFE0
0000FC0FFFF0
0000FC0FFFF0
0000FC0FFFF0
0000FC07C7F0
0000FC07C3F8
0000FC0383F0
0000FC0003F0
0000FC0007F0
0000FC000FF0
0000FC003FE0
0000FC01FFC0
0000FFFFFF80
01FFFFFFFF00
0FFFFFFFFE00
3FFFFFFFF800
7C03FFFF8000
7807F8000000
F80FF0000000
FC1FF0000000
FFFFE0000000
7FFFC0000000
7FFF80000000
1FFE00000000
07F800000000
ENDCHAR
STARTCHAR uniE106
ENCODING 57606
SWIDTH 1044 0
DWIDTH 42 0
BBX 41 40 1 -10
BITMAP
0F0000000000
7F0000000000
FF0000000000
FF0000000000
FF0000000000
7F0000000000
7F0000000000
3F0000000000
3F0000000000
3F07F8000000
3F07F8000000
3F07F8000000
3F07F0000000
3F0FC0000000
3F1F80000000
3F3F00000000
3F7C00000000
3FF800000000
3FFE00000000
3FFF80000000
3FFFC003C000
3F3FE01FF800
3F1FE03FFC00
3F0FF03FFE00
7F8FF07FFF00
7F87F87FFF00
7FC7F87FFF00
FFC3F87E7F80
FFC3FC7E3F80
FFC3FC3C3F80
7F81FC1C3F80
0001FE003F00
0000FF007F00
0000FF007F00
00007FC1FE00
00003FFFFE00
00003FFFFC00
00000FFFF800
000007FFE000
000000FF0000
ENDCHAR
STARTCHAR uniE107
ENCODING 57607
SWIDTH 699 0
DWIDTH 28 0
BBX 27 38 1 -10
BITMAP
0F000000
7F000000
FF000000
FF000000
FF000000
7F000000
7F000000
3F000000
3F000000
3F000000
3F000000
3F000000
3F000000
3F000000
3F000000
3F000000
3F000000
3F000000
7F000000
7F01F800
7E07FE00
7E0FFF80
7E0FFF80
7E1FFFC0
7E1FFFC0
7E1FFFE0
7E1F8FE0
7E0F87E0
7F0707E0
7F000FE0
7F800FC0
3FC01FC0
3FF07FC0
1FFFFF80
0FFFFF00
07FFFE00
01FFF800
003FE000
ENDCHAR
STARTCHAR uniE108
ENCODING 57608
SWIDTH 1294 0
DWIDTH 52 0
BBX 51 31 1 -10
BITMAP
0F1F80FC000000
3F3FE3FE000000
FFFFF7FF000000
FFFFFFFF800000
FFFFFFFF800000
7F87F87F800000
7F83F83F800000
3F83F83F800000
3F03F83F800000
3F03F83F800000
3F03F83F800000
3F03F83F00F000
3F03F83F07FE00
3F03F83F0FFF00
3F03F87F0FFF80
7F83F87F1FFFC0
7F87F87F1FFFC0
7FC7FC7F1FFFC0
FFCFFC7F1F9FE0
FFCFFC7F1F8FE0
FFCFFC7F0F0FE0
7F87F87F070FE0
0000007F000FC0
0000003F801FC0
0000003FC01FC0
0000001FE07F80
0000001FFFFF00
0000000FFFFF00
00000007FFFC00
00000001FFF800
000000003FC000
ENDCHAR
STARTCHAR uniE109
ENCODING 57609
SWIDTH 990 0
DWIDTH 40 0
BBX 39 31 1 -10
BITMAP
0F1F800000
3F3FE00000
FFFFF00000
FFFFF00000
FFFFF80000
7F87F80000
7F83F80000
3F83F80000
3F03F80000
3F03F80000
3F03F00000
3F03F00F00
3F03F07FE0
3F07F0FFF0
3F07F1FFF8
7F87E1FFF8
7F87E1FFFC
7FC7E1FFFC
FFC7E1F9FC
FFC7E1F8FE
FFC7F0F0FE
7F87F070FC
0007F000FC
0003F801FC
0003FC03FC
0003FE07F8
0001FFFFF0
0000FFFFE0
00007FFFC0
00001FFF80
000003FC00
ENDCHAR
STARTCHAR uniE10A
ENCODING 57610
SWIDTH 1038 0
DWIDTH 42 0
BBX 40 30 1 -9
BITMAP
03F0FE0000
0FFDFF0000
1FFFFF0000
3FDFFE0000
3F87FE0000
7F07FE0000
7F03FC0000
7F03FC0000
FE03FC0000
FE03FC0000
FE03FC0000
FE03FC03C0
FE03FC1FF8
FE03FC3FFC
7E03F87FFE
7F03F87FFE
7F03F87FFF
3F07F87FFF
3F8FF87E7F
1FFFF87E3F
0FFFF83C3F
03F3F8183F
0001FC003F
0001FE007F
0000FF01FE
0000FFFFFC
00007FFFFC
00001FFFF0
00000FFFE0
000001FF00
ENDCHAR
STARTCHAR uniE10B
ENCODING 57611
SWIDTH 700 0
DWIDTH 28 0
BBX 27 27 1 -1
BITMAP
0001FC00
0007FF00
000FFF80
001FFF80
001FFFC0
0F3F7FC0
3F781FE0
7F701FE0
FF601FE0
FFE01FE0
FFC39FE0
7FC7FFE0
7F87FFC0
3F87FFC0
3F83FF80
3F03FF00
3F01FE00
3F007800
3F000000
3F000000
3F800000
7F800000
7F800000
FFC00000
FFC00000
FFC00000
7F800000
ENDCHAR
STARTCHAR uniE10C
ENCODING 57612
SWIDTH 999 0
DWIDTH 40 0
BBX 42 35 -2 -14
BITMAP
007FC0000000
03FFF0000000
07FFF8000000
0FE3FC000000
0FC0FC000000
1FC0FE000000
1FC0FC000000
1FC07C07F000
1FC0300FFC00
1FE0001FFF00
1FE0003FFF00
0FF0003FFF80
0FFC003FFF80
07FE003FFFC0
03FF003F1FC0
01FF801E1FC0
00FFC00C1FC0
007FE0001FC0
003FF0003F80
001FF8007F80
000FF801FF00
0007FC0FFE00
0003FFFFFC00
07FFFFFFF800
1FFFFFFFF000
3FFFFFFFC000
7C03FFFC0000
F803FE000000
F807FC000000
FC1FFC000000
FFFFF8000000
7FFFF0000000
7FFFE0000000
1FFF80000000
07FC00000000
ENDCHAR
STARTCHAR uniE10D
ENCODING 57613
SWIDTH 720 0
DWIDTH 29 0
BBX 29 38 0 -10
BITMAP
01C00000
03C00000
07C00000
07C00000
0FC00000
1FC00000
3FC00000
FFFC0000
FFFE0000
FFFE0000
7FFC0000
0FC00000
0FC00000
1FC00000
1FC00000
1FC00000
1FC00000
1FC00000
1FC03C00
1F81FF80
1F83FFC0
1F83FFE0
1F87FFF0
1F87FFF0
1F87FFF0
1F87E3F8
1F87E3F8
1F83C3F8
1F81C3F8
1FC003F0
1FE003F0
0FF007F0
0FF81FE0
07FFFFE0
03FFFFC0
01FFFF80
007FFE00
000FF000
ENDCHAR
STARTCHAR uniE10E
ENCODING 57614
SWIDTH 1007 0
DWIDTH 40 0
BBX 39 30 1 -9
BITMAP
0F00700000
3F03F80000
FF07F80000
FF07F80000
FF07F80000
7F07F80000
7F07F80000
7F03F80000
3F03F80000
3F03F00000
3F03F00000
3F03F00F80
3F03F03FE0
3F07F07FF8
3F07F0FFFC
3F87E0FFFC
3F87E0FFFE
3FFFE1FFFE
3FFFE0FCFE
3FFFE0F87E
1FFFF0F87E
07E7F0707E
0003F800FE
0003FC01FC
0001FE03FC
0001FFFFF8
0000FFFFF0
00007FFFE0
00001FFFC0
000003FE00
ENDCHAR
STARTCHAR uniE10F
ENCODING 57615
SWIDTH 930 0
DWIDTH 37 0
BBX 37 28 0 -1
BITMAP
0000007F00
000001FFC0
000003FFE0
000007FFF0
00000FFFF0
00001FDFF8
7FC01F07F8
FFE03E07F8
FFE03C03F8
FFE07C03F8
7FC078C7F8
3FC078FFF8
3FC0F1FFF8
1FE0F1FFF0
1FE0F0FFF0
0FE1E0FFE0
0FF1E07FC0
07F3C03F00
07FBC00000
07FBC00000
03FF800000
03FF800000
03FF800000
01FF000000
01FF000000
00FE000000
00FE000000
007C000000
ENDCHAR
STARTCHAR uniE110
ENCODING 57616
SWIDTH 1257 0
DWIDTH 50 0
BBX 50 27 0 -1
BITMAP
0000000007FC00
000000001FFE00
000000003FFF00
000000007FFF80
000000007FFFC0
7FC1FF00FC7FC0
FFE3FF00F83FC0
FFE3FF81F01FC0
FFE3FF01E01FC0
7FC1FF03C23FC0
3FC1FF03C7FFC0
3FC0FE03CFFFC0
1FE0FF078FFF80
1FE0FF0787FF80
0FE1FF0F07FF00
0FF1FF8F03FE00
07F1FF8F00F800
07F3FF9E000000
07FBDFDE000000
03FF9FDC000000
03FF9FFC000000
03FF0FFC000000
01FF0FF8000000
01FF0FF8000000
00FE07F8000000
00FE07F0000000
007C03E0000000
ENDCHAR
STARTCHAR uniE111
ENCODING 57617
SWIDTH 934 0
DWIDTH 37 0
BBX 36 26 1 -5
BITMAP
FFC3F00000
FFE7F00000
FFE7F00000
FFE7F00000
7FC3F00000
7FC3E00000
3FC3C0FE00
1FE783FF80
0FFF07FFC0
07FE07FFE0
03FC07FFE0
03FE0FFFF0
07FE0FFFF0
0F7F07E7F0
1E7F87C3F0
3C3FC3C3F0
7C1FE103F0
FC1FE007F0
FE0FF007F0
FE07F80FE0
FE07FE1FE0
FC03FFFFC0
0001FFFFC0
0000FFFF80
00003FFE00
00000FF800
ENDCHAR
STARTCHAR uniE112
ENCODING 57618
SWIDTH 999 0
DWIDTH 40 0
BBX 46 35 -6 -14
BITMAP
01FF03F00000
03FF83F80000
03FF83F80000
01FF83F80000
01FF03F00000
00FF03E00000
007F03C03E00
007F83C0FFC0
003F87C1FFE0
003FC783FFF0
003FC783FFF8
001FCF03FFF8
001FEF03FFFC
000FEF03F3FC
000FFE03E1FC
000FFE01E1FC
0007FE0001FC
0007FC0001FC
0003FC0003F8
0003FC0007F8
0003F8001FF0
0001F800FFE0
0001FFFFFFC0
03FFFFFFFF80
1FFFFFFFFF00
3FFFFFFFF800
7C01FFFFC000
F803E0000000
F007C0000000
F81FC0000000
FFFF80000000
FFFF00000000
7FFE00000000
3FFC00000000
0FF000000000
ENDCHAR
STARTCHAR uniE113
ENCODING 57619
SWIDTH 868 0
DWIDTH 35 0
BBX 34 28 1 -7
BITMAP
3FFFC00000
3FFFC00000
7FFFC00000
7FFF800000
787F800000
F0FF000000
60FF000000
01FE000000
01FE01E000
03FC0FFC00
07F81FFE00
07F81FFF00
0FF03FFF80
0FF03FFF80
1FE03FFF80
1FC03F3FC0
3FC03F1FC0
7F801E1FC0
7FE00C1FC0
FFFC001F80
FFFE003F80
7FFF807F80
01FFC0FF00
007FFFFE00
003FFFFE00
000FFFF800
0003FFF000
00007F8000
ENDCHAR
STARTCHAR uniE114
ENCODING 57620
SWIDTH 853 0
DWIDTH 34 0
BBX 33 23 1 -2
BITMAP
03FE000000
0FFF800000
3FFFC00000
3F8FE00000
7F07F00000
7F03F00000
7E07F00000
3E07F00000
081FF00000
00FFF00000
07FFF03E00
3FFFF07F00
7FE3F07F00
FF83F07F80
FF07F07F80
FF07F07F80
FF0FF07F80
FFFFF87F80
FFFFF8FF00
7FFBFFFF00
3FF1FFFE00
1F80FFF800
00001FE000
ENDCHAR
STARTCHAR uniE115
ENCODING 57621
SWIDTH 900 0
DWIDTH 36 0
BBX 35 31 1 -2
BITMAP
00007C0000
0001FC0000
0003FC0000
0003FC0000
0003FC0000
0001FC0000
0001FC0000
0001FC0000
03F1FC0000
0FFDFC0000
1FFFFC0000
3FCFFC0000
3F87FC0000
7F07FC0000
7F03FC0000
FF03FC0000
FE03FC0000
FE03FC0000
FE03FC0F80
FE03FC1FC0
FE03FC1FC0
FE03FC1FE0
7E03FC1FE0
7F03FC1FE0
7F03FC1FE0
3F07FE1FE0
3F8FFE3FC0
1FFE7FFFC0
0FFC3FFF80
03F01FFE00
000007F800
ENDCHAR
STARTCHAR uniE116
ENCODING 57622
SWIDTH 860 0
DWIDTH 34 0
BBX 33 32 1 -3
BITMAP
1F00000000
7F00000000
FF00000000
FF00000000
FF00000000
7F00000000
7F00000000
3F00000000
3F1F800000
3F3FE00000
3FFFF00000
3FFFF00000
3FFFF80000
3F87F80000
3F83F80000
3F83F80000
3F03F80000
3F03F80000
3F03F81C00
3F03F83F00
3F03F87F00
3F03F87F80
3F03F87F80
3F83F87F80
7F83F87F80
7F83F87F80
FFC3F87F80
FFC1FCFF80
FFC1FFFF00
7F80FFFE00
00003FFC00
00000FE000
ENDCHAR
STARTCHAR uniE117
ENCODING 57623
SWIDTH 556 0
DWIDTH 22 0
BBX 21 33 1 -2
BITMAP
1E0000
7F0000
7F8000
7F8000
7F8000
7F8000
7F0000
3E0000
000000
000000
0F0000
3F0000
FF0000
FF0000
FF0000
7F0000
7F0000
3F0000
3F0000
3F0000
3F01E0
3F03F0
3F07F8
3F07F8
3F07F8
3F07F8
3F87F8
3F87F8
3F8FF8
1FFFF0
0FFFE0
07FFC0
00FE00
ENDCHAR
STARTCHAR uniE118
ENCODING 57624
SWIDTH 843 0
DWIDTH 34 0
BBX 33 33 1 -3
BITMAP
0F00000000
7F00000000
FF00000000
FF00000000
FF00000000
7F00000000
7F00000000
3F00000000
3F00000000
3F07F80000
3F07F80000
3F07F80000
3F07F00000
3F0FE00000
3F1F800000
3F3F000000
3F7E000000
3FF8000000
3FFE000000
3FFF803C00
3FFFC07E00
3F3FC07F00
3F1FE0FF00
3F0FE0FF80
3F8FF0FF80
7F8FF07F80
7F87F87F80
FFC7F8FF00
FFC7FCFF00
FFC3FFFE00
7F81FFFC00
0000FFF800
00003FC000
ENDCHAR
STARTCHAR uniE119
ENCODING 57625
SWIDTH 556 0
DWIDTH 22 0
BBX 21 31 1 -2
BITMAP
060000
3F0000
7F0000
FF0000
FF0000
7F0000
7F0000
7F0000
3F0000
3F0000
3F0000
3F0000
3F0000
3F0000
3F0000
3F0000
3F0000
3F0000
3F01C0
3F03F0
3F07F0
3F07F8
3F07F8
3F07F8
3F07F8
3F87F8
3F8FF8
1FFFF0
0FFFE0
07FFC0
00FE00
ENDCHAR
STARTCHAR uniE11A
ENCODING 57626
SWIDTH 1164 0
DWIDTH 47 0
BBX 46 24 1 -3
BITMAP
0F1F80F80000
3F3FE3FE0000
FFFFF7FF0000
FFFFFFFF0000
FFFFFFFF8000
7F87F87F8000
7F83F83F8000
7F83F83F8000
3F03F83F8000
3F03F83F8000
3F03F83F81C0
3F03F83F83F0
3F03F83F83F8
3F03F83F87F8
3F03F83F87F8
3F83F83F87F8
7F87F83F87FC
7F87F83F83F8
FFC7FC1F87F8
FFCFFC1FC7F8
FFCFFC1FFFF0
7F87FC0FFFE0
00000003FFC0
00000000FE00
ENDCHAR
STARTCHAR uniE11B
ENCODING 57627
SWIDTH 860 0
DWIDTH 34 0
BBX 33 24 1 -3
BITMAP
0F1F800000
3F3FE00000
FFFFF00000
FFFFF00000
FFFFF80000
7F87F80000
7F83F80000
7F83F80000
3F03F80000
3F03F80000
3F03F81C00
3F03F83F00
3F03F87F00
3F03F87F80
3F03F87F80
3F83F87F80
7F83F87F80
7F83F87F80
FFC3F87F80
FFC1FCFF80
FFC1FFFF00
7F80FFFE00
00003FFC00
00000FE000
ENDCHAR
STARTCHAR uniE11C
ENCODING 57628
SWIDTH 577 0
DWIDTH 23 0
BBX 23 30 0 -2
BITMAP
01C000
03C000
07C000
07C000
0FC000
1FC000
3FC000
FFFC00
FFFE00
FFFE00
7FFC00
0FC000
0FC000
0FC000
0FC000
0FC000
0FC000
0FC0F8
0FC1FC
0FC1FC
0FC1FE
0FC1FE
0FC1FE
0FC1FE
0FE1FE
0FE3FC
07FFFC
03FFF8
01FFE0
003F80
ENDCHAR
STARTCHAR uniE11D
ENCODING 57629
SWIDTH 860 0
DWIDTH 34 0
BBX 33 23 1 -2
BITMAP
0F00700000
3F03F00000
FF07F80000
FF0FF80000
FF0FF80000
7F07F80000
7F07F80000
7F03F80000
3F03F80000
3F03F80000
3F03F81E00
3F03F83F00
3F03F87F80
3F03F87F80
3F03F87F80
3F83F87F80
3F87F87F80
3FFFF87F80
3FFFFCFF80
3FFDFFFF00
1FF8FFFE00
07E07FFC00
00000FE000
ENDCHAR
STARTCHAR uniE11E
ENCODING 57630
SWIDTH 848 0
DWIDTH 34 0
BBX 34 29 0 -1
BITMAP
0000003C00
0000007F00
000000FF80
000001FF80
000003FFC0
000007FFC0
00000FFFC0
7FC00FFF80
FFE01FFF80
FFE03FC000
FFE03F0000
7FC07E0000
3FC07C0000
3FC0FC0000
1FE0F80000
1FE0F00000
0FE1F00000
0FF1E00000
07F3E00000
07FBC00000
07FBC00000
03FF800000
03FF800000
03FF800000
01FF000000
01FF000000
00FE000000
00FE000000
007C000000
ENDCHAR
STARTCHAR uniE11F
ENCODING 57631
SWIDTH 1177 0
DWIDTH 47 0
BBX 47 29 0 -1
BITMAP
0000000000F0
0000000003F8
0000000007FC
000000000FFE
000000001FFE
000000003FFE
000000007FFE
7FC1FF007FFE
FFE3FF80FFFC
FFE3FF80FE00
FFE3FF01F800
7FC1FF01F000
3FC1FF03E000
3FC0FF03E000
1FE0FF07C000
0FE0FF078000
0FE1FF8F8000
0FF1FF8F0000
07F3FF9F0000
07F3FFDE0000
07FBDFDE0000
03FF9FFC0000
03FF9FFC0000
03FF8FFC0000
01FF0FF80000
01FF0FF80000
00FE07F80000
00FE07F00000
007C03E00000
ENDCHAR
STARTCHAR uniE120
ENCODING 57632
SWIDTH 649 0
DWIDTH 26 0
BBX 25 24 1 -3
BITMAP
3FFFC000
3FFFC000
7FFFC000
7FFF8000
787F8000
F0FF0000
60FF0000
01FE0000
01FE0000
03FC0000
03FC3E00
07F87F00
0FF07F00
0FF07F80
1FE07F80
1FE07F80
3FC07F80
3FC07F80
7F807F80
FFF8FF00
FFFFFF00
7FFFFE00
007FF800
0007C000
ENDCHAR
STARTCHAR uniE121
ENCODING 57633
SWIDTH 598 0
DWIDTH 24 0
BBX 68 48 -33 -13
BITMAP
080000000000000000
3F0000000000000000
7F8000000000000000
FFC000000180000000
FFE000000FC0000000
FFF80000FFC0000000
7FFF001FFFC0000000
7FFFFFFFFFC0000000
3FFFFFFF3FC0000000
1FFFFFF01FC0000000
07FFFE000FC0000000
003C00000FC0000000
000000000FC0000000
000000000FC0000000
000000000FC7E00000
000000000FCFF80000
000000000FFFFC0000
000000000FFFFC0000
000000000FFFFE0000
000000000FE1FE0000
000000000FE0FE0000
000000000FE0FE0000
000000000FC0FE0000
000000000FC0FE0000
000000000FC0FE0000
000000000FC0FE0000
000000000FC0FE0000
000000000FC0FE0000
000000000FC0FE0000
000000000FE0FE0000
000000001FE0FE0000
000000001FE0FE0000
000000003FF0FE0000
000000003FF0FE0000
000000003FF0FE0000
000000001FE0FE0000
000000000000FE0000
000000000000FE0000
000000000000FE0000
000000000000FE03E0
000000000000FE03F0
0000000000007E07F0
0000000000007E07F0
0000000000003F0FF0
0000000000003F9FF0
0000000000001FFFE0
0000000000000FFF80
00000000000003FE00
ENDCHAR
STARTCHAR uniE122
ENCODING 57634
SWIDTH 621 0
DWIDTH 25 0
BBX 71 48 -33 -13
BITMAP
3E0000000000000000
7F8000000000000000
7FC000000000000000
FFE0000007C0000000
FFF000003FC0000000
FFFC0007FFC0000000
7FFFFFFFFFC0000000
7FFFFFFFFFC0000000
3FFFFFF81FC0000000
0FFFFF801FC0000000
03FFE0000FC0000000
000000000FC0000000
000000000FC0000000
000000000FC0000000
000000000FC1FE0000
000000000FC1FE0000
000000000FC1FE0000
000000000FC1FC0000
000000000FC3F00000
000000000FC7E00000
000000000FCF800000
000000000FDF000000
000000000FFE000000
000000000FFF800000
000000000FFFE00000
000000000FFFF00000
000000000FCFF00000
000000000FC7F80000
000000000FC3FC0000
000000000FE3FC0000
000000001FE1FE0000
000000001FE1FE0000
000000003FF1FE0000
000000003FF0FF0000
000000003FF0FF0000
000000001FE0FF0000
0000000000007F8000
0000000000007F8000
0000000000007F8000
0000000000003FC07C
0000000000003FC0FC
0000000000003FC0FE
0000000000001FE1FE
0000000000001FE1FE
0000000000000FF3FC
00000000000007FFF8
00000000000003FFF0
00000000000000FFC0
ENDCHAR
STARTCHAR uniE123
ENCODING 57635
SWIDTH 608 0
DWIDTH 24 0
BBX 68 47 -33 -12
BITMAP
080000000000000000
3F0000000000000000
7F8000000000000000
FFC000000180000000
FFE000000FC0000000
FFF80000FFC0000000
7FFF001FFFC0000000
7FFFFFFFFFC0000000
3FFFFFFF3FC0000000
1FFFFFF01FC0000000
07FFFE000FC0000000
003C00000FC0000000
000000000FC0000000
000000000FC0000000
000000000FC01C0000
000000000FC0FE0000
000000000FC1FE0000
000000000FC3FE0000
000000000FC3FE0000
000000000FC1FE0000
000000000FC1FE0000
000000000FC0FE0000
000000000FC0FE0000
000000000FC0FE0000
000000000FC0FE0000
000000000FC0FE0000
000000000FC0FE0000
000000000FC0FE0000
000000000FC0FE0000
000000000FE0FE0000
000000000FE1FE0000
000000000FFFFE0000
000000000FFFFE0000
000000000FFFFE0000
0000000007FEFE0000
0000000001F8FE0000
000000000000FE0000
000000000000FE0000
000000000000FE01E0
000000000000FE03F0
0000000000007E07F0
0000000000007E07F0
0000000000003F0FF0
0000000000003F9FF0
0000000000001FFFE0
0000000000000FFFC0
00000000000003FE00
ENDCHAR
STARTCHAR uniE124
ENCODING 57636
SWIDTH 593 0
DWIDTH 24 0
BBX 70 48 -33 -13
BITMAP
080000000000000000
3F0000000000000000
7F8000000000000000
FFC000000180000000
FFE000000FC0000000
FFF80000FFC0000000
7FFF001FFFC0000000
7FFFFFFFFFC0000000
3FFFFFFF3FC0000000
1FFFFFF01FC0000000
07FFFE000FC0000000
003C00000FC0000000
000000000FC0000000
000000000FC0000000
000000000FC7E00000
000000000FCFF80000
000000000FFFFC0000
000000000FFFFC0000
000000000FFFFE0000
000000000FE1FE0000
000000000FE0FE0000
000000000FE0FE0000
000000000FC0FE0000
000000000FC0FE0000
000000000FC0FE0000
000000000FC0FC0000
000000000FC0FC0000
000000000FC1FC0000
000000000FC1FC0000
000000000FE1FC0000
000000001FE1FC0000
000000001FE1F80000
000000003FF1F80000
000000003FF1F80000
000000003FF1F80000
000000001FE1F80000
000000000001FC0000
000000000001FC0000
000000000001FC0000
000000000001FE003C
000000000000FF007C
000000000000FFC0FC
0000000000007FFFFC
0000000000007FFFFC
0000000000003FFFFC
0000000000001FFFF8
00000000000007FFF0
00000000000001FFC0
ENDCHAR
STARTCHAR uniE125
ENCODING 57637
SWIDTH 621 0
DWIDTH 25 0
BBX 72 48 -33 -13
BITMAP
3E0000000000000000
7F8000000000000000
7FC000000000000000
FFE0000007C0000000
FFF000003FC0000000
FFFC0007FFC0000000
7FFFFFFFFFC0000000
7FFFFFFFFFC0000000
3FFFFFF81FC0000000
0FFFFF801FC0000000
03FFE0000FC0000000
000000000FC0000000
000000000FC0000000
000000000FC0000000
000000000FC1FE0000
000000000FC1FE0000
000000000FC1FE0000
000000000FC1FC0000
000000000FC3F00000
000000000FC7E00000
000000000FCF800000
000000000FDF000000
000000000FFE000000
000000000FFFC00000
000000000FFFE00000
000000000FFFF00000
000000000FCFF80000
000000000FC7F80000
000000000FC3FC0000
000000000FE3FC0000
000000001FE1FE0000
000000001FE1FE0000
000000003FF1FF0000
000000003FF0FF0000
000000003FF0FF0000
000000001FE0FF8000
0000000000007F8000
0000000000007FC000
0000000000007FC004
0000000000003FE00E
0000000000003FF01E
0000000000001FF87F
0000000000001FFFFF
0000000000000FFFFE
0000000000000FFFFE
00000000000007FFFC
00000000000001FFF8
000000000000007FE0
ENDCHAR
STARTCHAR uniE126
ENCODING 57638
SWIDTH 612 0
DWIDTH 24 0
BBX 70 48 -33 -13
BITMAP
080000000000000000
3F0000000000000000
7F8000000000000000
FFC000000180000000
FFE000000FC0000000
FFF80000FFC0000000
7FFF001FFFC0000000
7FFFFFFFFFC0000000
3FFFFFFF3FC0000000
1FFFFFF01FC0000000
07FFFE000FC0000000
003C00000FC0000000
000000000FC0000000
000000000FC0000000
000000000FC01C0000
000000000FC0FE0000
000000000FC1FE0000
000000000FC1FE0000
000000000FC1FE0000
000000000FC1FE0000
000000000FC1FE0000
000000000FC0FE0000
000000000FC0FE0000
000000000FC0FE0000
000000000FC0FE0000
000000000FC0FC0000
000000000FC0FC0000
000000000FC0FC0000
000000000FC1FC0000
000000000FE1FC0000
000000000FE1FC0000
000000000FFFF80000
000000000FFFF80000
000000000FFFF80000
0000000007FFF80000
0000000001F9F80000
000000000001FC0000
000000000001FC0000
000000000001FC0018
000000000001FE003C
000000000000FF007C
000000000000FFE1FC
0000000000007FFFFC
0000000000003FFFFC
0000000000003FFFF8
0000000000000FFFF8
00000000000007FFE0
00000000000000FF80
ENDCHAR
STARTCHAR uniE127
ENCODING 57639
SWIDTH 1078 0
DWIDTH 43 0
BBX 42 34 0 -7
BITMAP
0000FFFE0000
0003FFFF0000
000FFFFF8000
001FFFFF8000
001FC1FF8000
003FC0FFC000
003FC0FFC000
003FC0FFE000
003FE0FFE000
003FF1FFE000
003FF9EFF000
001FF9EFF000
001FF3C7F000
000FE3C7F800
000007C7F800
00000783FC00
01E00783FC00
0FF80F81FC00
1FFE0FFFFE00
3FFE1FFFFE00
7FFF1FFFFF00
7FFF1FFFFF00
FFFF3E00FF00
FE7E3C00FF80
FE3E3C00FFC0
FE1C7800FFC0
FE007800FFC0
FE00F800FFC0
7F01F0000000
7F83F0000000
3FFFE0000000
1FFFC0000000
0FFF80000000
01FC00000000
ENDCHAR
STARTCHAR uniE128
ENCODING 57640
SWIDTH 1077 0
DWIDTH 43 0
BBX 42 34 0 -7
BITMAP
001FFFC07FC0
007FFFC0FFC0
00FFFFC07FC0
01FFFFC07FC0
03F87FC07F80
03F83F803F80
07F83F803F80
07FC3F803F80
07FE3F803F80
07FF3F803F80
03FF3F803F80
03FF3F803F80
01FE3FFFFF80
007C3FFFFF80
00003FFFFF80
00003FFFFF80
01E03F803F80
0FF83F803F80
1FFE3F803F80
3FFE3F803F80
7FFF3F803F80
7FFF3F803F80
FFFF3F803F80
FF3F3F807F80
FE3E3F807FC0
FE1C3F007FC0
FE007F007FC0
FE007F007FC0
7F00FE000000
7F83FE000000
3FFFFC000000
1FFFF8000000
07FFE0000000
00FF00000000
ENDCHAR
STARTCHAR uniE129
ENCODING 57641
SWIDTH 678 0
DWIDTH 27 0
BBX 26 34 0 -6
BITMAP
000FFFC0
007FFFC0
00FFFFC0
01FFFFC0
03F87FC0
03F83F80
07F83F80
07F83F80
07FE3F80
07FF3F80
03FF3F80
03FF3F80
01FE3F80
00FC3F80
00003F80
00003F80
01E03F80
0FF83F80
1FFE3F80
3FFE3F80
7FFF3F80
7FFF3F80
FFFF3F80
FF3F3F80
FE3E3F80
FE1C3F00
FE007F00
FE007F00
7F00FE00
7F83FE00
3FFFFC00
1FFFF800
07FFE000
00FF0000
ENDCHAR
STARTCHAR uniE12A
ENCODING 57642
SWIDTH 1073 0
DWIDTH 43 0
BBX 43 34 0 -6
BITMAP
000FFFC0FF00
007FFFC1FF00
00FFFFC0FF00
01FFFFC0FC00
03F87FC1F000
03F83F83E000
07F83F87C000
07F83F8F8000
07FE3F9F0000
07FF3FBF0000
03FF3FFE0000
03FF3FFF8000
01FE3FFFC000
00FC3FFFE000
00003FEFF000
00003FC7F800
01E03F83F800
0FFC3F83FC00
1FFE3F83FC00
3FFE3F81FE00
7FFF3F81FE00
7FFF3F81FE00
FFFF3F81FF00
FF3F3F80FF00
FE3E3F80FF80
FE1E3F00FFC0
FE007F00FFE0
FE007F007FC0
7F00FE003F80
7F81FE000000
3FFFFC000000
1FFFF8000000
07FFE0000000
00FF00000000
ENDCHAR
STARTCHAR uniE12B
ENCODING 57643
SWIDTH 1212 0
DWIDTH 48 0
BBX 48 34 0 -7
BITMAP
001FFF8000FE
007FFF8001FF
00FFFFC003FF
01FFFFC003FE
03F87FE003FE
03F83FE007FC
07F83FF007FC
07F83FF00FFC
07FE3FF80FFC
07FF3FF80FFC
07FF3FF81FFC
03FF3FFC1FFC
01FE3DFC3FFC
00FC3DFE3DFC
00003DFE7DFC
00003CFF7DFC
01E03CFF79FC
0FF83C7FF9FC
1FFE3C7FF1FC
3FFE3C3FF1FC
7FFF3C3FF1FC
7FFF3C1FE1FC
FFFF3C1FE1FC
FE7E3C0FC1FE
FE3E3C0FC3FE
FE1C3C0783FF
FE007C0783FF
FE00780303FE
7F00F8000000
7F83F0000000
3FFFF0000000
1FFFE0000000
0FFF80000000
01FE00000000
ENDCHAR
STARTCHAR uniE12C
ENCODING 57644
SWIDTH 1048 0
DWIDTH 42 0
BBX 41 34 0 -7
BITMAP
001FFE003F80
007FFF003F80
00FFFF803F80
01FFFFC03F80
03F87FC01F00
03F83FE01F00
07F83FF01F00
07F83FF01F00
07FE3FF81F00
07FF3FFC1F00
07FF3FFE1F00
03FF3FFE1F00
01FE3DFF1F00
00FC3CFF9F00
00003C7FDF00
00003C7FDF00
01E03C3FFF00
0FF83C1FFF00
1FFE3C0FFF00
3FFE3C0FFF00
7FFF3C07FF00
7FFF3C03FF00
FFFF3C03FF00
FE7E3C01FF00
FE3E3C00FF80
FE1C3C007F80
FE007C007F80
FE0078003F80
7F00F8000000
7F83F0000000
3FFFF0000000
1FFFE0000000
0FFF80000000
01FE00000000
ENDCHAR
STARTCHAR uniE12D
ENCODING 57645
SWIDTH 1023 0
DWIDTH 41 0
BBX 40 34 0 -6
BITMAP
000FFFFF00
007FFFFFE0
00FFFFFFF8
01FFFFFFFC
03F87F83FE
03F83F81FE
07F83F80FF
07F83F80FF
07FE3F807F
07FF3F807F
03FF3F807F
03FF3F80FF
01FE3F80FF
00FC3F81FE
00003F83FE
00003FFFFC
01E03FFFF8
0FF83FFFE0
1FFE3FFF00
3FFE3F8000
7FFF3F8000
7FFF3F8000
FFFF3F8000
FF3F3F8000
FE3E3F8000
FE1C3F0000
FE007F0000
FE007F0000
7F00FE0000
7F83FE0000
3FFFFC0000
1FFFF80000
07FFE00000
00FF000000
ENDCHAR
STARTCHAR uniE12E
ENCODING 57646
SWIDTH 1030 0
DWIDTH 41 0
BBX 41 34 0 -6
BITMAP
000FFFFF0000
007FFFFFF000
00FFFFFFF800
01FFFFFFFC00
03F87F81FE00
03F83F80FF00
07F83F80FF00
07F83F80FF00
07FE3F807F00
07FF3F80FF00
03FF3F80FF00
03FF3F80FF00
01FE3F83FE00
00FC3FFFFC00
00003FFFF800
00003FFFE000
01E03FFFC000
0FFC3FBFE000
1FFE3F8FF000
3FFE3F8FF000
7FFF3F87F800
7FFF3F87FC00
FFFF3F83FC00
FF3F3F83FE00
FE3E3F83FF00
FE1E3F01FF80
FE007F01FF80
FE007F00FF80
7F00FE007E00
7F81FE000000
3FFFFC000000
1FFFF8000000
07FFE0000000
00FF00000000
ENDCHAR
STARTCHAR uniE12F
ENCODING 57647
SWIDTH 709 0
DWIDTH 28 0
BBX 38 32 0 -1
BITMAP
00FFC00000
03FFFE000C
0FFFFFE01C
1FFFFFFFFC
3FFFFFFFF8
7FF0FFFFF8
7F801FFFE0
7F001FDF80
FE001FC000
FE001FC000
FE1C1FC000
FE3E1FC000
FE3E1FC000
FF7F1FC000
FFFF1FC000
7FFF1FC000
7FFE1FC000
3FFE1FC000
1FFC1FC000
0FF81FC000
03E01FC000
00001FC000
00001FC000
00001FC000
00001FC000
00001FC000
00003FC000
00003FC000
00007FE000
00007FE000
00007FE000
00003FC000
ENDCHAR
STARTCHAR uniE130
ENCODING 57648
SWIDTH 992 0
DWIDTH 40 0
BBX 39 30 0 -1
BITMAP
001FFFE000
03FFFFF000
0FFFFFF800
1FFFFFF800
3FE007FC00
7F8007FC00
7F0007FE00
FE0007FE00
FE1C0FFE00
FE3E0FFF00
FE3E0FFF00
FFFF1F7F00
FFFF1E7F80
7FFF1E7F80
7FFE3E3F80
3FFE3C3FC0
1FFC3C3FC0
07F0781FE0
0000781FE0
0000FFFFE0
0000FFFFF0
0000FFFFF0
0001FFFFF0
0001E007F8
0003E007FC
0007F007FC
0007F00FFE
0007F00FFE
0007F00FFE
0007F007FC
ENDCHAR
STARTCHAR uniE131
ENCODING 57649
SWIDTH 1056 0
DWIDTH 42 0
BBX 41 30 0 -1
BITMAP
001FFFF00000
03FFFFFFC000
0FFFFFFFF000
1FFFFFFFF800
3FE0FF87FC00
7F807F81FE00
7F003F81FE00
FE003F80FE00
FE1C3F80FE00
FE3E3F81FE00
FE3E3F81FE00
FF7F3F83FE00
FFFF3F87FC00
FFFF3FFFFC00
7FFE3FFFF800
3FFE3FFFFC00
3FFC3FFFFF00
0FF83F80FF00
03E03F807F80
00003F803F80
00003F803F80
00003F803F80
00003F803F80
00003F803F80
00003F807F80
00007F80FF80
00007FFFFF00
00007FFFFE00
00007FFFF800
00007FFFC000
ENDCHAR
STARTCHAR uniE132
ENCODING 57650
SWIDTH 1040 0
DWIDTH 42 0
BBX 41 30 0 -1
BITMAP
001FFFE00000
03FFFFFF0000
0FFFFFFFC000
1FFFFFFFF000
3FE0FF87F800
7F807F81FC00
7F003F81FC00
FE003F80FE00
FE1C3F80FE00
FE3E3F807F00
FE3E3F807F00
FF7F3F807F00
FFFF3F807F80
FFFF3F807F80
7FFE3F807F80
3FFE3F807F80
3FFC3F807F80
0FF83F807F80
03E03F807F00
00003F807F00
00003F807F00
00003F80FF00
00003F80FE00
00003F80FE00
00003F81FC00
00007F83F800
00007FFFF000
00007FFFE000
00007FFF8000
00007FFC0000
ENDCHAR
STARTCHAR uniE133
ENCODING 57651
SWIDTH 960 0
DWIDTH 38 0
BBX 38 31 0 -1
BITMAP
00000000E0
01FFFFFFF0
07FFFFFFF0
0FFFFFFFF8
1FFFFFFFF8
3FC07F80F8
7F803F8078
7F003F8038
FE003F8018
FE1C3F8000
FE3E3F8000
FE3E3F8000
FF7F3F80C0
FFFF3F81C0
7FFF3FFFC0
7FFE3FFFC0
3FFE3FFFC0
1FFC3FFFC0
0FF83F81C0
00E03F8080
00003F8000
00003F8000
00003F8008
00003F801C
00003F803C
00003F807C
00007F80F8
00007FFFF8
00007FFFF8
00007FFFF8
00007FFFF0
ENDCHAR
STARTCHAR uniE134
ENCODING 57652
SWIDTH 950 0
DWIDTH 38 0
BBX 37 31 0 -1
BITMAP
00000000E0
01FFFFFFF0
07FFFFFFF0
0FFFFFFFF8
1FFFFFFFF8
3FC07F80F8
7F803F8078
7F003F8038
FE003F8018
FE1C3F8000
FE3E3F8000
FE3E3F8000
FF7F3F80C0
FFFF3F81C0
7FFF3FFFC0
7FFE3FFFC0
3FFE3FFFC0
1FFC3FFFC0
0FF83F81C0
00E03F8080
00003F8000
00003F8000
00003F8000
00003F8000
00003F8000
00003F8000
00007FC000
00007FC000
00007FC000
00007FC000
00007FC000
ENDCHAR
STARTCHAR uniE135
ENCODING 57653
SWIDTH 1076 0
DWIDTH 43 0
BBX 42 30 0 -1
BITMAP
001FFF003F00
03FFFFC07FC0
0FFFFFC0FFC0
1FFFFFC07FC0
3FE0FFC07FC0
7F807F803F80
7F003F803F80
FE003F803F80
FE1C3F803F80
FE3E3F803F80
FE3E3F803F80
FF7F3F803F80
FFFF3F803F80
7FFF3FFFFF80
7FFE3FFFFF80
3FFE3FFFFF80
1FFC3FFFFF80
0FF83F803F80
00E03F803F80
00003F803F80
00003F803F80
00003F803F80
00003F803F80
00003F803F80
00003F807F80
00007FC07FC0
00007FC07FC0
00007FC0FFC0
00007FC07FC0
00007FC07FC0
ENDCHAR
STARTCHAR uniE136
ENCODING 57654
SWIDTH 677 0
DWIDTH 27 0
BBX 26 30 0 -1
BITMAP
001FFF00
03FFFFC0
0FFFFFC0
1FFFFFC0
3FE0FFC0
7F807F80
7F003F80
FE003F80
FE1C3F80
FE3E3F80
FE3E3F80
FF7F3F80
FFFF3F80
FFFF3F80
7FFE3F80
3FFE3F80
3FFC3F80
0FF83F80
03E03F80
00003F80
00003F80
00003F80
00003F80
00003F80
00003F80
00007FC0
00007FC0
00007FC0
00007FC0
00007FC0
ENDCHAR
STARTCHAR uniE137
ENCODING 57655
SWIDTH 677 0
DWIDTH 27 0
BBX 26 33 0 -4
BITMAP
001FFF00
03FFFFC0
0FFFFFC0
1FFFFFC0
3FE0FFC0
7F807F80
7F003F80
FE003F80
FE1C3F80
FE3E3F80
FE3E3F80
FFFF3F80
FFFF3F80
7FFF3F80
7FFE3F80
3FFE3F80
1FFC3F80
07F03F80
00003F80
00003F80
00E03F80
01F83F80
03F83F80
03F83F80
07FC3F80
07F83F80
07F83F80
07F83F00
03FC7F00
03FFFF00
01FFFE00
007FFC00
001FF000
ENDCHAR
STARTCHAR uniE138
ENCODING 57656
SWIDTH 1072 0
DWIDTH 43 0
BBX 42 30 0 -1
BITMAP
001FFF007C00
03FFFFC0FF00
0FFFFFC0FF00
1FFFFFC0FE00
3FE0FFC1F800
7F807F83F000
7F003F83E000
FE003F87C000
FE1C3F8F8000
FE3E3F9F0000
FE3E3FBE0000
FF7F3FFE0000
FFFF3FFF8000
FFFF3FFFC000
7FFE3FFFE000
3FFE3FEFF000
3FFC3FC7F800
0FF83F83F800
03E03F83FC00
00003F83FC00
00003F81FC00
00003F81FE00
00003F81FE00
00003F81FF00
00003F81FF00
00007FC0FF80
00007FC0FFC0
00007FC0FFC0
00007FC07FC0
00007FC03F80
ENDCHAR
STARTCHAR uniE139
ENCODING 57657
SWIDTH 939 0
DWIDTH 38 0
BBX 37 30 0 -1
BITMAP
001FFF0000
03FFFFC000
0FFFFFC000
1FFFFFC000
3FE0FFC000
7F807F8000
7F003F8000
FE003F8000
FE1C3F8000
FE3E3F8000
FE3E3F8000
FF7F3F8000
FFFF3F8000
FFFF3F8000
7FFE3F8000
3FFE3F8000
3FFC3F8000
0FF83F8000
03E03F8000
00003F8000
00003F8000
00003F8000
00003F8038
00003F8078
00003F80F8
00007F80F8
00007FFFF0
00007FFFF0
00007FFFF0
00007FFFE0
ENDCHAR
STARTCHAR uniE13A
ENCODING 57658
SWIDTH 1214 0
DWIDTH 49 0
BBX 48 30 0 -1
BITMAP
001FFF00007C
03FFFF8001FF
0FFFFFC001FF
1FFFFFC003FF
3FE0FFE003FE
7F807FE003FE
7F003FE007FC
FE003FF007FC
FE1C3FF00FFC
FE3E3FF80FFC
FE3E3FF80FFC
FF7F3FFC1FFC
FFFF3FFC1FFC
FFFF3DFC3FFC
7FFE3DFE3FFC
3FFE3DFE3DFC
3FFC3CFF7DFC
0FF83CFF79FC
03E03C7FF9FC
00003C7FF9FC
00003C3FF1FC
00003C3FF1FC
00003C3FE1FC
00003C1FE1FC
00003E1FE1FE
00007E0FC1FE
00007E0FC3FE
00007F0783FF
00007F0783FF
00007E0301FE
ENDCHAR
STARTCHAR uniE13B
ENCODING 57659
SWIDTH 1050 0
DWIDTH 42 0
BBX 41 30 0 -1
BITMAP
001FFC000E00
03FFFF003F80
0FFFFF003F80
1FFFFF803F80
3FE0FFC01F80
7F807FE01F00
7F003FE01F00
FE003FF01F00
FE1C3FF81F00
FE3E3FF81F00
FE3E3FFC1F00
FF7F3FFE1F00
FFFF3FFF1F00
FFFF3DFF1F00
7FFE3CFF9F00
3FFE3CFFDF00
3FFC3C7FDF00
0FF83C3FFF00
03E03C1FFF00
00003C1FFF00
00003C0FFF00
00003C07FF00
00003C07FF00
00003C03FF00
00003E01FF00
00007E00FF80
00007E00FF80
00007F007F80
00007F003F80
00007E003F80
ENDCHAR
STARTCHAR uniE13C
ENCODING 57660
SWIDTH 1022 0
DWIDTH 41 0
BBX 40 30 0 -1
BITMAP
001FFFF000
03FFFFFFC0
0FFFFFFFF0
1FFFFFFFF8
3FE0FF87FC
7F807F81FE
7F003F80FE
FE003F80FF
FE1C3F80FF
FE3E3F807F
FE3E3F807F
FF7F3F80FF
FFFF3F80FF
FFFF3F80FF
7FFE3F80FE
7FFE3F81FE
3FFC3F87FC
1FF83FFFF8
07E03FFFF0
00003FFFC0
00003FF000
00003F8000
00003F8000
00003F8000
00003F8000
00007FC000
00007FC000
00007FC000
00007FC000
00007FC000
ENDCHAR
STARTCHAR uniE13D
ENCODING 57661
SWIDTH 1029 0
DWIDTH 41 0
BBX 41 30 0 -1
BITMAP
001FFFF00000
03FFFFFFC000
0FFFFFFFF800
1FFFFFFFFC00
3FE0FF83FE00
7F807F81FE00
7F003F80FF00
FE003F80FF00
FE1C3F807F00
FE3E3F807F00
FE3E3F80FF00
FF7F3F80FF00
FFFF3F81FE00
7FFF3F83FE00
7FFE3FFFFC00
3FFE3FFFF800
1FFC3FFFE000
07F83FFFC000
00E03FBFE000
00003F8FF000
00003F8FF000
00003F87F800
00003F87F800
00003F83FC00
00003F83FC00
00007FC3FE00
00007FC3FF80
00007FC1FF80
00007FC1FF80
00007FC0FF00
ENDCHAR
STARTCHAR uniE13E
ENCODING 57662
SWIDTH 709 0
DWIDTH 28 0
BBX 41 38 0 -1
BITMAP
00000000FC00
00000001FF00
00000003FF00
00000003FF80
00000001FF80
00000000FF80
00FC00007F80
03FFF8007F80
0FFFFF807F80
1FFFFFF0FF00
3FFFFFFFFF00
7FF0FFFFFE00
7F801FFFFC00
7F001FFFE000
FE001FC00000
FE001FC00000
FE1C1FC00000
FE3E1FC00000
FE3E1FC00000
FF7F1FC00000
FFFF1FC00000
7FFF1FC00000
7FFE1FC00000
3FFE1FC00000
1FFC1FC00000
0FF81FC00000
03E01FC00000
00001FC00000
00001FC00000
00001FC00000
00001FC00000
00001FC00000
00003FC00000
00003FC00000
00007FE00000
00007FE00000
00007FE00000
00003FC00000
ENDCHAR
STARTCHAR uniE13F
ENCODING 57663
SWIDTH 1076 0
DWIDTH 43 0
BBX 42 30 0 -1
BITMAP
001FFF000700
03FFFFC01FC0
0FFFFFC01FC0
1FFFFFC01FC0
3FE0FFC00FC0
7F807F800F80
7F003F800F80
FE003F800780
FE1C3F800780
FE3E3F800780
FE3E3F800780
FFFF3F800780
FFFF3F800780
7FFF3F800780
7FFE3F800780
3FFE3F800780
1FFC3F800780
07F03F800780
00003F800780
00003F800F80
00003F800F80
00003F800F00
00003F800F00
00001FC01F00
00001FE01F00
00000FF07E00
000007FFFC00
000003FFF800
000001FFF000
0000007FC000
ENDCHAR
STARTCHAR uniE140
ENCODING 57664
SWIDTH 1051 0
DWIDTH 42 0
BBX 41 30 0 -1
BITMAP
001FFF800F00
03FFFFC03F80
0FFFFFC03F80
1FFFFFC03F80
3FC0FFC01F80
7F807F801F00
7F003FC01E00
FE003FC03E00
FE1C1FC03C00
FE3E1FE03C00
FE3E1FE07C00
FF7F0FE07800
FFFF0FF07800
FFFF0FF0F800
7FFE07F0F000
3FFE07F8F000
3FFC07F9F000
0FF803F9E000
03E003FDE000
000003FFC000
000001FFC000
000001FFC000
000001FF8000
000000FF8000
000000FF8000
0000007F0000
0000007F0000
0000007F0000
0000003E0000
0000003E0000
ENDCHAR
STARTCHAR uniE141
ENCODING 57665
SWIDTH 1359 0
DWIDTH 54 0
BBX 54 30 0 -1
BITMAP
001FFF00FE00F0
03FFFFC3FF81FC
0FFFFFC3FF83FC
1FFFFFC3FF81FC
3FC0FFC1FF01F8
7F807F80FF01F0
7F003F80FF01E0
FE003FC0FF01E0
FE1C1FC0FF01E0
FE3E1FC0FF83C0
FE3E1FE0FF83C0
FF7F1FE1FF83C0
FFFF0FE1FFC780
FFFF0FF1FFC780
7FFE0FF3FFC780
3FFE07F3DFCF80
3FFC07FBDFEF00
0FF807FBDFEF00
03E003FF8FFF00
000003FF8FFE00
000003FF8FFE00
000001FF87FE00
000001FF07FC00
000001FF07FC00
000001FF03FC00
000000FE03FC00
000000FE03F800
000000FE01F800
0000007C01F800
0000007C01F000
ENDCHAR
STARTCHAR uniE142
ENCODING 57666
SWIDTH 1061 0
DWIDTH 42 0
BBX 42 30 0 -1
BITMAP
001FFFC03E00
03FFFFF0FF80
0FFFFFF0FF80
1FFFFFF0FF80
3FC1FFE07F80
7F807FE07F00
7F003FE07E00
FE003FF07C00
FE1C1FF0F800
FE3E0FF9F000
FE3E0FFFF000
FF7F07FFE000
FFFF03FFC000
FFFF01FF8000
7FFE01FF0000
3FFE00FF8000
3FFC01FFC000
0FF803FFE000
03E007FFF000
00000FDFF000
00001F8FF800
00001F07FC00
00003E07FE00
00007E03FE00
0000FE03FF00
0001FE03FF80
0001FE07FFC0
0001FF07FFC0
0001FF07FFC0
0001FE03FF80
ENDCHAR
STARTCHAR uniE143
ENCODING 57667
SWIDTH 1063 0
DWIDTH 43 0
BBX 42 30 0 -1
BITMAP
001FFF801F00
03FFFFE03FC0
0FFFFFE07FC0
1FFFFFE03FC0
3FC1FFE03F80
7F807FC03F00
7F003FC03E00
FE003FE03E00
FE1C1FE07C00
FE3E0FF07800
FE3E0FF8F800
FF7F07F9F000
FFFF07FDF000
FFFF03FFE000
7FFE01FFC000
3FFE01FFC000
3FFC00FF8000
0FF800FF0000
03E0007F0000
0000007F0000
0000007F0000
0000007F0000
0000007F0000
0000007F0000
0000007F0000
000000FF8000
000000FF8000
000001FF8000
000000FF8000
000000FF8000
ENDCHAR
STARTCHAR uniE144
ENCODING 57668
SWIDTH 906 0
DWIDTH 36 0
BBX 35 30 0 -1
BITMAP
001FFFFF80
03FFFFFFE0
0FFFFFFFC0
1FFFFFFFC0
3FE0007F80
7F8000FF80
7F0000FF00
FE0001FF00
FE1C01FE00
FE3E03FC00
FE3E07FC00
FFFF07F800
FFFF0FF800
7FFF0FF000
7FFE1FF000
3FFE1FE000
1FFC3FC000
07F07FC000
00007F8000
0000FF8000
0000FF0000
0001FF0060
0001FE00E0
0003FC01E0
0007FC01E0
0007F803E0
000FFFFFE0
000FFFFFE0
001FFFFFC0
000FFFFFC0
ENDCHAR
STARTCHAR uniE145
ENCODING 57669
SWIDTH 1138 0
DWIDTH 46 0
BBX 45 41 0 -13
BITMAP
0003E0000000
0007F8000000
000FF8000000
000FFC000000
000FF8000000
000CF8000000
000830000000
01FF01FF81F8
07FFC1FFC3F8
0FFFE1FFC3F8
1FCFF1FF83F8
3F87F0FF81F8
7F03F8FF81F0
7F03F87F81E0
7F03F83F83E0
7F03F83FC3C0
7F03F83FC3C0
7F03F81FC780
7F03F81FE780
3F03F80FE780
3F83F00FFF00
1F87E00FFF00
0FFFC007FF00
1FFF8007FE00
3CFC0003FE00
3C000003FE00
7FFF0001FC00
7FFFE001FC00
7FFFF801F800
3FFFFC00F800
3FFFFC00F800
3FFFFC00F000
781FFCF0F000
F800FDF8F000
FC00FDF9E000
FF01FDFDE000
FFFFF9FFC000
7FFFF0FFC000
3FFFE07F8000
0FFF803E0000
003800000000
ENDCHAR
STARTCHAR f_f
ENCODING 64256
SWIDTH 787 0
DWIDTH 31 0
BBX 35 33 1 -1
BITMAP
000000FE00
007F87FF80
01FFFFFFC0
03FFFF87E0
07E1FF87E0
0FC1FF83E0
0FC0FF03E0
1FC0FF01C0
1FC0FF0000
1FC03F0000
1FC03F0000
FFFFFFF800
FFFFFFF800
FFFFFFF800
7FFFFFF000
1FC03F0000
1FC03F0000
1FC03F0000
1FC03F0000
1FC03F0000
1FC03F0000
1FC03F0000
1FC03F0000
1FC03F0000
1FC03F0000
1FC03F0000
1FC03F8000
1FC07F8000
3FE07F8000
3FE0FFC000
3FE0FFC000
3FE0FFC000
3FE07F8000
ENDCHAR
STARTCHAR fi
ENCODING 64257
SWIDTH 715 0
DWIDTH 29 0
BBX 27 33 1 -1
BITMAP
003FF000
00FFFC00
03FFFF00
07F9FF00
07E0FF80
0FE07F80
0FC07F80
1FC03F80
1FC03F00
1FC00000
1FC00000
FFFC0780
FFFE1F80
FFFE7F80
7FFC7F80
1FC07F80
1FC07F80
1FC03F80
1FC03F80
1FC03F80
1FC01F80
1FC01F80
1FC01F80
1FC01F80
1FC01F80
1FC01F80
1FC03F80
1FC03FC0
3FE03FC0
3FE07FE0
3FE07FE0
3FE07FE0
3FE03FC0
ENDCHAR
STARTCHAR fl
ENCODING 64258
SWIDTH 715 0
DWIDTH 29 0
BBX 27 33 1 -1
BITMAP
003FF000
00FFFC00
03FFFF00
07F8FF80
07E07F80
0FE03F80
0FC03F80
1FC03F80
1FC01F80
1FC01F80
1FC01F80
FFFC1F80
FFFE1F80
FFFE1F80
7FFC1F80
1FC01F80
1FC01F80
1FC01F80
1FC01F80
1FC01F80
1FC01F80
1FC01F80
1FC01F80
1FC01F80
1FC01F80
1FC03F80
1FC03F80
1FC03FC0
3FE03FC0
3FE07FE0
3FE07FE0
3FE07FE0
3FE03FC0
ENDCHAR
STARTCHAR f_f_i
ENCODING 64259
SWIDTH 1076 0
DWIDTH 43 0
BBX 41 33 1 -1
BITMAP
0000007FC000
003F03FFF800
01FFE7FFFC00
03FFFFE3FE00
07E3FFC1FE00
0FE1FF81FE00
0FC0FF80FE00
0FC0FF80FE00
1FC0FF807C00
1FC07F000000
1FC03F000000
FFFFFFF81E00
FFFFFFF8FF00
FFFFFFF8FF00
7FFFFFF1FF00
1FC03F00FF00
1FC03F00FF00
1FC03F007F00
1FC03F007F00
1FC03F007F00
1FC03F007F00
1FC03F007F00
1FC03F007F00
1FC03F007F00
1FC03F007F00
1FC03F007F00
1FC03F807F00
1FC07F80FF00
3FE07F80FF80
3FE0FFC0FF80
3FE0FFC1FF80
3FE0FFC0FF80
3FE07F80FF80
ENDCHAR
STARTCHAR f_f_l
ENCODING 64260
SWIDTH 1076 0
DWIDTH 43 0
BBX 41 33 1 -1
BITMAP
0000007FC000
007F83FFF800
01FFE7FFFE00
03FFFFE3FE00
07E1FFC0FF00
0FC1FF80FF00
0FC0FF807F00
1FC0FF807F00
1FC0FF807F00
1FC03F007F00
1FC03F007F00
FFFFFFF87F00
FFFFFFF87F00
FFFFFFF87F00
7FFFFFF07F00
1FC03F007F00
1FC03F007F00
1FC03F007F00
1FC03F007F00
1FC03F007F00
1FC03F007F00
1FC03F007F00
1FC03F007F00
1FC03F007F00
1FC03F007F00
1FC03F007F00
1FC03F807F00
1FC07F80FF00
3FE07F80FF80
3FE0FFC0FF80
3FE0FFC1FF80
3FE0FFC0FF80
3FE07F80FF80
ENDCHAR
STARTCHAR .notdef
ENCODING -1
SWIDTH 250 0
DWIDTH 10 0
BBX 1 1 0 0
BITMAP
00
ENDCHAR
ENDFONT
