STARTFONT 2.1
FONT -FontForge-Pragati Narrow-Book-R-Normal--42-720-42-42-P-165-ISO10646-1
SIZE 72 42 42
FONTBOUNDINGBOX 109 71 -21 -22
COMMENT "Generated by fontforge, http://fontforge.sourceforge.net"
COMMENT "Copyright (c) 2012-2015, Omnibus-Type (www.omnibus-type.com omnibus.type@gmail.com)"
STARTPROPERTIES 40
FOUNDRY "FontForge"
FAMILY_NAME "Pragati Narrow"
WEIGHT_NAME "Book"
SLANT "R"
SETWIDTH_NAME "Normal"
ADD_STYLE_NAME ""
PIXEL_SIZE 42
POINT_SIZE 720
RESOLUTION_X 42
RESOLUTION_Y 42
SPACING "P"
AVERAGE_WIDTH 165
CHARSET_REGISTRY "ISO10646"
CHARSET_ENCODING "1"
FONTNAME_REGISTRY ""
CHARSET_COLLECTIONS "ISO8859-2 ISO8859-9 ISO8859-4 ISO10646-1"
FONT_NAME "PragatiNarrow-Regular"
FACE_NAME "Pragati Narrow"
COPYRIGHT "Copyright (c) 2012-2015, Omnibus-Type (www.omnibus-type.com omnibus.type@gmail.com)"
FONT_VERSION "1.010; ttfautohint (v1.3)"
FONT_ASCENT 34
FONT_DESCENT 8
UNDERLINE_POSITION -4
UNDERLINE_THICKNESS 3
X_HEIGHT 20
CAP_HEIGHT 26
RAW_ASCENT 800
RAW_DESCENT 200
NORM_SPACE 9
RELATIVE_WEIGHT 40
RELATIVE_SETWIDTH 50
SUPERSCRIPT_X 0
SUPERSCRIPT_Y 14
SUPERSCRIPT_SIZE 25
SUBSCRIPT_X 0
SUBSCRIPT_Y 3
SUBSCRIPT_SIZE 25
FIGURE_WIDTH 18
AVG_LOWERCASE_WIDTH 160
AVG_UPPERCASE_WIDTH 215
ENDPROPERTIES
CHARS 1148
STARTCHAR uni000C
ENCODING 12
SWIDTH 0 0
DWIDTH 0 0
BBX 1 1 0 0
BITMAP
00
ENDCHAR
STARTCHAR nonmarkingreturn
ENCODING 13
SWIDTH 0 0
DWIDTH 0 0
BBX 1 1 0 0
BITMAP
00
ENDCHAR
STARTCHAR space
ENCODING 32
SWIDTH 210 0
DWIDTH 9 0
BBX 1 1 0 0
BITMAP
00
ENDCHAR
STARTCHAR exclam
ENCODING 33
SWIDTH 210 0
DWIDTH 9 0
BBX 5 27 2 0
BITMAP
F8
F8
F8
F0
70
70
70
70
70
70
70
70
70
70
70
70
70
70
70
70
00
00
00
70
70
70
70
ENDCHAR
STARTCHAR quotedbl
ENCODING 34
SWIDTH 267 0
DWIDTH 11 0
BBX 9 11 1 16
BITMAP
F380
F380
F380
F380
F380
F380
6380
6300
6300
6300
6300
ENDCHAR
STARTCHAR numbersign
ENCODING 35
SWIDTH 419 0
DWIDTH 18 0
BBX 17 27 0 0
BITMAP
01C380
01C700
01C700
038700
038700
038E00
038E00
038E00
3FFF80
3FFF80
3FFF80
071C00
0E1C00
0E1C00
0E3800
0E3800
0E3800
FFFF00
FFFF00
FFFF00
1C7000
187000
387000
38E000
38E000
38E000
70E000
ENDCHAR
STARTCHAR dollar
ENCODING 36
SWIDTH 419 0
DWIDTH 18 0
BBX 13 30 2 -2
BITMAP
0300
0300
0300
0300
0FC0
3FF0
7FF0
7378
7338
F338
7300
7B00
7F00
3FC0
1FF0
03F0
03F8
0338
E338
E338
F338
F338
7FF8
3FF0
1FE0
0300
0300
0300
0300
0300
ENDCHAR
STARTCHAR percent
ENCODING 37
SWIDTH 670 0
DWIDTH 28 0
BBX 25 27 2 0
BITMAP
3E001C00
7F003800
FF807000
E3807000
E180E000
C1C0C000
C1C1C000
C1C38000
C1C38000
E1870000
E3860000
FF8E0000
7F1C0000
3E1C7C00
0038FE00
0030FF00
0071C700
00E1C380
00E1C380
01C1C380
0181C380
0381C380
0701C380
0701C700
0E00FF00
0C00FE00
1C007C00
ENDCHAR
STARTCHAR ampersand
ENCODING 38
SWIDTH 503 0
DWIDTH 21 0
BBX 20 27 1 0
BITMAP
07F000
1FFC00
3FFE00
3C1F00
780780
700780
700380
700000
700000
780000
3C0000
1FC3F0
0FC3F0
3FC3F0
3C0380
780380
700380
F00380
F00380
F00380
F00380
700780
780700
7C1F00
3FFE00
1FFC00
07F000
ENDCHAR
STARTCHAR quotesingle
ENCODING 39
SWIDTH 145 0
DWIDTH 6 0
BBX 4 11 1 16
BITMAP
F0
F0
F0
F0
F0
F0
E0
60
60
60
60
ENDCHAR
STARTCHAR parenleft
ENCODING 40
SWIDTH 251 0
DWIDTH 11 0
BBX 8 35 2 -7
BITMAP
07
06
0E
1C
1C
38
38
70
70
70
F0
E0
E0
E0
E0
E0
E0
E0
E0
E0
E0
E0
E0
E0
F0
70
70
78
38
38
1C
1C
0E
06
07
ENDCHAR
STARTCHAR parenright
ENCODING 41
SWIDTH 251 0
DWIDTH 11 0
BBX 8 35 1 -7
BITMAP
C0
E0
70
70
38
38
1C
1C
1C
0E
0E
0E
0F
0F
07
07
07
07
07
07
07
0F
0F
0E
0E
0E
1C
1C
1C
38
38
70
60
E0
C0
ENDCHAR
STARTCHAR asterisk
ENCODING 42
SWIDTH 293 0
DWIDTH 12 0
BBX 10 10 1 17
BITMAP
0C00
4C80
6DC0
FFC0
3F00
3F00
FFC0
6DC0
4C80
0C00
ENDCHAR
STARTCHAR plus
ENCODING 43
SWIDTH 440 0
DWIDTH 18 0
BBX 15 20 2 0
BITMAP
0380
0380
0380
0380
0380
0380
0380
0380
0380
FFFE
FFFE
FFFE
0380
0380
0380
0380
0380
0380
0380
0380
ENDCHAR
STARTCHAR comma
ENCODING 44
SWIDTH 210 0
DWIDTH 9 0
BBX 4 9 2 -5
BITMAP
F0
F0
F0
F0
30
30
60
60
E0
ENDCHAR
STARTCHAR hyphen
ENCODING 45
SWIDTH 251 0
DWIDTH 11 0
BBX 10 4 0 9
BITMAP
FFC0
FFC0
FFC0
FFC0
ENDCHAR
STARTCHAR period
ENCODING 46
SWIDTH 210 0
DWIDTH 9 0
BBX 4 4 2 0
BITMAP
F0
F0
F0
F0
ENDCHAR
STARTCHAR slash
ENCODING 47
SWIDTH 210 0
DWIDTH 9 0
BBX 9 30 0 -2
BITMAP
0380
0380
0300
0700
0700
0700
0700
0600
0E00
0E00
0E00
0E00
0C00
1C00
1C00
1C00
1C00
1800
3800
3800
3800
3800
3000
7000
7000
7000
7000
6000
E000
E000
ENDCHAR
STARTCHAR zero
ENCODING 48
SWIDTH 419 0
DWIDTH 18 0
BBX 14 27 2 0
BITMAP
0FC0
3FE0
3FF0
7878
7078
F038
E03C
E03C
E01C
E01C
E01C
E01C
E01C
E01C
E01C
E01C
E01C
E01C
E01C
E03C
E038
F038
7078
7870
3FF0
3FE0
0FC0
ENDCHAR
STARTCHAR one
ENCODING 49
SWIDTH 419 0
DWIDTH 18 0
BBX 15 27 2 0
BITMAP
0180
0780
3F80
FF80
FF80
0380
0380
0380
0380
0380
0380
0380
0380
0380
0380
0380
0380
0380
0380
0380
0380
0380
0380
0380
FFFE
FFFE
FFFE
ENDCHAR
STARTCHAR two
ENCODING 50
SWIDTH 419 0
DWIDTH 18 0
BBX 15 27 1 0
BITMAP
07E0
1FF8
3FFC
3C3C
781E
781E
701E
701E
701E
701C
001C
003C
0078
0078
00F0
01E0
03C0
0780
0F80
1F00
1E00
3C00
7800
7800
7FFE
7FFE
FFFE
ENDCHAR
STARTCHAR three
ENCODING 51
SWIDTH 419 0
DWIDTH 18 0
BBX 15 27 1 0
BITMAP
07E0
1FF0
3FF8
3C3C
781C
701E
701E
001E
001C
001C
0038
07F0
07E0
07F8
003C
001C
001E
000E
F00E
F00E
F00E
701E
701E
7C3C
3FF8
1FF0
07E0
ENDCHAR
STARTCHAR four
ENCODING 52
SWIDTH 419 0
DWIDTH 18 0
BBX 16 27 1 0
BITMAP
01C0
0380
0380
0380
0788
0718
0718
0F18
0E38
0E38
1C38
1C38
3C38
3838
7838
7038
7038
E038
FFFF
FFFF
FFFF
0038
0038
0038
0038
0038
0038
ENDCHAR
STARTCHAR five
ENCODING 53
SWIDTH 419 0
DWIDTH 18 0
BBX 14 27 2 0
BITMAP
7FF8
7FF8
7FF8
7000
7000
7000
7000
7000
7000
73C0
EFF0
FFF8
F878
F03C
F01C
001C
001C
001C
E01C
E01C
E01C
E03C
F03C
7878
7FF0
3FE0
0FC0
ENDCHAR
STARTCHAR six
ENCODING 54
SWIDTH 419 0
DWIDTH 18 0
BBX 14 27 2 0
BITMAP
0FC0
1FE0
3FF0
78F0
7078
F038
E038
E038
E000
E000
E7C0
EFF0
FFF0
F878
F038
F03C
E01C
E01C
E01C
E01C
E01C
F03C
7038
7878
3FF0
1FE0
0FC0
ENDCHAR
STARTCHAR seven
ENCODING 55
SWIDTH 419 0
DWIDTH 18 0
BBX 15 27 1 0
BITMAP
FFFE
FFFE
FFFE
001C
003C
0038
0078
0070
00F0
00E0
01E0
01C0
01C0
0380
0380
0780
0700
0700
0700
0F00
0E00
0E00
0E00
0E00
0E00
0E00
0E00
ENDCHAR
STARTCHAR eight
ENCODING 56
SWIDTH 419 0
DWIDTH 18 0
BBX 14 27 2 0
BITMAP
0FC0
3FE0
7FF0
7878
F038
E038
E03C
E038
E038
7038
7878
3FF0
1FE0
7FF0
7878
F038
E03C
E01C
E01C
E01C
E01C
E03C
F03C
F878
7FF0
3FF0
0FC0
ENDCHAR
STARTCHAR nine
ENCODING 57
SWIDTH 419 0
DWIDTH 18 0
BBX 14 27 2 0
BITMAP
0F80
3FE0
7FF0
78F8
F078
E038
E03C
E03C
E01C
E03C
E03C
E03C
F07C
78FC
7FFC
3FDC
1F1C
001C
001C
E03C
F038
F038
7038
7870
3FF0
3FE0
0F80
ENDCHAR
STARTCHAR colon
ENCODING 58
SWIDTH 210 0
DWIDTH 9 0
BBX 4 21 2 0
BITMAP
F0
F0
F0
F0
00
00
00
00
00
00
00
00
00
00
00
00
00
F0
F0
F0
F0
ENDCHAR
STARTCHAR semicolon
ENCODING 59
SWIDTH 210 0
DWIDTH 9 0
BBX 4 26 2 -5
BITMAP
F0
F0
F0
F0
00
00
00
00
00
00
00
00
00
00
00
00
00
F0
F0
F0
F0
30
30
60
60
E0
ENDCHAR
STARTCHAR less
ENCODING 60
SWIDTH 440 0
DWIDTH 18 0
BBX 15 20 2 0
BITMAP
0002
000E
001E
007E
01FC
07F0
1FC0
7F00
FC00
F000
F000
FC00
FE00
3F80
0FE0
03F8
00FE
003E
000E
0002
ENDCHAR
STARTCHAR equal
ENCODING 61
SWIDTH 440 0
DWIDTH 18 0
BBX 15 11 2 4
BITMAP
FFFE
FFFE
FFFE
0000
0000
0000
0000
0000
FFFE
FFFE
FFFE
ENDCHAR
STARTCHAR greater
ENCODING 62
SWIDTH 440 0
DWIDTH 18 0
BBX 15 20 2 0
BITMAP
8000
C000
F000
FC00
7F00
1FC0
07F0
01FC
007E
001E
001E
007E
01FC
07F0
1FC0
7F00
FC00
F000
C000
8000
ENDCHAR
STARTCHAR question
ENCODING 63
SWIDTH 419 0
DWIDTH 18 0
BBX 14 27 2 0
BITMAP
0FC0
3FE0
7FF0
7878
F038
F03C
E03C
E03C
E03C
003C
0078
0078
00F0
01F0
03E0
03C0
0380
0780
0780
0780
0000
0000
0000
0780
0780
0780
0780
ENDCHAR
STARTCHAR at
ENCODING 64
SWIDTH 764 0
DWIDTH 32 0
BBX 28 33 2 -6
BITMAP
003FE000
01FFFC00
03C03E00
0F000780
1E000380
180001C0
380FC0E0
303FE060
607FF070
60787030
E0707030
E0707030
C0007030
C0007030
C007F030
C03FF030
C07FF030
C0787030
C0F07030
C0E07070
C0E07060
C0E070E0
E0F1F9E0
E07FBFC0
607F3F80
701E1E00
30000000
38000000
1C000000
0E000000
07806000
03FFE000
007F8000
ENDCHAR
STARTCHAR A
ENCODING 65
SWIDTH 503 0
DWIDTH 21 0
BBX 21 27 0 0
BITMAP
00F800
00F800
00FC00
01DC00
01DC00
01DC00
03DE00
038E00
038E00
078F00
070F00
070700
0F0780
0F0780
0E0380
0E03C0
1E03C0
1C01C0
1FFFC0
3FFFE0
3FFFE0
3800E0
7800F0
7000F0
700070
F00078
F00078
ENDCHAR
STARTCHAR B
ENCODING 66
SWIDTH 503 0
DWIDTH 21 0
BBX 18 27 2 0
BITMAP
FFF800
FFFE00
FFFF00
F00F80
F00780
F00780
F00380
F00380
F00380
F00780
F00700
F00F00
FFFE00
FFFC00
FFFE00
F00F00
F00780
F003C0
F003C0
F003C0
F003C0
F003C0
F003C0
F00F80
FFFF00
FFFE00
FFF800
ENDCHAR
STARTCHAR C
ENCODING 67
SWIDTH 544 0
DWIDTH 23 0
BBX 19 27 2 0
BITMAP
03F800
0FFF00
1FFF80
3E07C0
7C03C0
7801E0
7001E0
F000E0
F000E0
E000E0
E00000
E00000
E00000
E00000
E00000
E00000
E00000
E000E0
F000E0
F000E0
7001E0
7801E0
7C03C0
3E07C0
1FFF80
0FFF00
03F800
ENDCHAR
STARTCHAR D
ENCODING 68
SWIDTH 544 0
DWIDTH 23 0
BBX 18 27 3 0
BITMAP
FFE000
FFF800
FFFE00
E03E00
E00F00
E00780
E00780
E00380
E003C0
E003C0
E003C0
E003C0
E003C0
E003C0
E003C0
E003C0
E003C0
E003C0
E00380
E00380
E00780
E00700
E00F00
E03E00
FFFC00
FFF800
FFE000
ENDCHAR
STARTCHAR E
ENCODING 69
SWIDTH 503 0
DWIDTH 21 0
BBX 16 27 3 0
BITMAP
FFFF
FFFF
FFFF
E000
E000
E000
E000
E000
E000
E000
E000
E000
FFFC
FFFC
FFFC
E000
E000
E000
E000
E000
E000
E000
E000
E000
FFFF
FFFF
FFFF
ENDCHAR
STARTCHAR F
ENCODING 70
SWIDTH 461 0
DWIDTH 19 0
BBX 15 27 3 0
BITMAP
FFFE
FFFE
FFFE
E000
E000
E000
E000
E000
E000
E000
E000
E000
FFFC
FFFC
FFFC
E000
E000
E000
E000
E000
E000
E000
E000
E000
E000
E000
E000
ENDCHAR
STARTCHAR G
ENCODING 71
SWIDTH 587 0
DWIDTH 25 0
BBX 20 27 2 0
BITMAP
01FC00
07FF00
0FFFC0
1F07C0
3C01E0
7800F0
7800F0
7000F0
F00070
F00000
F00000
E00000
E00000
E03FF0
E03FF0
E03FF0
F00070
F00070
F00070
7000F0
7800F0
7800F0
3C01F0
3F07F0
1FFFF0
07FF30
01F830
ENDCHAR
STARTCHAR H
ENCODING 72
SWIDTH 544 0
DWIDTH 23 0
BBX 17 27 3 0
BITMAP
E00380
E00380
E00380
E00380
E00380
E00380
E00380
E00380
E00380
E00380
E00380
E00380
FFFF80
FFFF80
FFFF80
E00380
E00380
E00380
E00380
E00380
E00380
E00380
E00380
E00380
E00380
E00380
E00380
ENDCHAR
STARTCHAR I
ENCODING 73
SWIDTH 210 0
DWIDTH 9 0
BBX 3 27 3 0
BITMAP
E0
E0
E0
E0
E0
E0
E0
E0
E0
E0
E0
E0
E0
E0
E0
E0
E0
E0
E0
E0
E0
E0
E0
E0
E0
E0
E0
ENDCHAR
STARTCHAR J
ENCODING 74
SWIDTH 376 0
DWIDTH 16 0
BBX 13 27 0 0
BITMAP
0038
0038
0038
0038
0038
0038
0038
0038
0038
0038
0038
0038
0038
0038
0038
0038
0038
0038
0038
F038
F038
7038
7078
7878
7FF0
3FE0
0FC0
ENDCHAR
STARTCHAR K
ENCODING 75
SWIDTH 503 0
DWIDTH 21 0
BBX 18 27 3 0
BITMAP
E00780
E00F00
E00F00
E01E00
E03C00
E03800
E07800
E0F000
E1E000
E1E000
E3C000
E7C000
E7C000
EFE000
FEE000
FCF000
F87000
F07800
E03800
E03C00
E01C00
E01E00
E00E00
E00F00
E00700
E00780
E003C0
ENDCHAR
STARTCHAR L
ENCODING 76
SWIDTH 419 0
DWIDTH 18 0
BBX 14 27 3 0
BITMAP
E000
E000
E000
E000
E000
E000
E000
E000
E000
E000
E000
E000
E000
E000
E000
E000
E000
E000
E000
E000
E000
E000
E000
E000
FFFC
FFFC
FFFC
ENDCHAR
STARTCHAR M
ENCODING 77
SWIDTH 628 0
DWIDTH 26 0
BBX 22 27 2 0
BITMAP
FC007C
FC00FC
FC00FC
FC00FC
EE00FC
EE01DC
EE01DC
EF01DC
EF01DC
E7039C
E7039C
E7839C
E7831C
E3871C
E3871C
E3C71C
E1CE1C
E1CE1C
E1CE1C
E1EE1C
E0EC1C
E0EC1C
E0FC1C
E0781C
E0781C
E0781C
E0781C
ENDCHAR
STARTCHAR N
ENCODING 78
SWIDTH 544 0
DWIDTH 23 0
BBX 17 27 3 0
BITMAP
E00380
E00380
F00380
F80380
F80380
FC0380
FC0380
FE0380
EF0380
EF0380
E78380
E78380
E3C380
E3C380
E1E380
E0F380
E0F380
E07B80
E07B80
E03F80
E01F80
E01F80
E00F80
E00F80
E00780
E00780
E00380
ENDCHAR
STARTCHAR O
ENCODING 79
SWIDTH 587 0
DWIDTH 25 0
BBX 21 27 2 0
BITMAP
01FC00
07FF00
1FFF80
1F07C0
3C03E0
7801E0
7800F0
7000F0
F00070
F00070
F00078
E00078
E00078
E00078
E00078
E00078
F00078
F00070
F00070
7000F0
7800F0
7801E0
3C01E0
1F07C0
1FFF80
07FF00
01FC00
ENDCHAR
STARTCHAR P
ENCODING 80
SWIDTH 503 0
DWIDTH 21 0
BBX 17 27 3 0
BITMAP
FFF000
FFFC00
FFFE00
E01F00
E00F80
E00780
E00780
E00780
E00780
E00780
E00780
E00F00
E01F00
FFFE00
FFFC00
FFF000
E00000
E00000
E00000
E00000
E00000
E00000
E00000
E00000
E00000
E00000
E00000
ENDCHAR
STARTCHAR Q
ENCODING 81
SWIDTH 587 0
DWIDTH 25 0
BBX 21 31 2 -4
BITMAP
01FC00
07FF00
1FFF80
1F07C0
3C03E0
7801E0
7800F0
7000F0
F00070
F00070
F00078
E00078
E00078
E00078
E00078
E00078
F00078
F00070
F00070
7000F0
7800F0
7801E0
3C01E0
1F07C0
1FFF80
07FF00
01FE00
001F00
000F80
0007C0
0003F0
ENDCHAR
STARTCHAR R
ENCODING 82
SWIDTH 544 0
DWIDTH 23 0
BBX 19 27 3 0
BITMAP
FFFC00
FFFF00
FFFF80
E00780
E003C0
E003C0
E001C0
E001C0
E001C0
E003C0
E003C0
E00F80
FFFF00
FFFE00
FFFC00
E03C00
E01C00
E01E00
E00E00
E00F00
E00F00
E00780
E00780
E00380
E003C0
E001C0
E001E0
ENDCHAR
STARTCHAR S
ENCODING 83
SWIDTH 503 0
DWIDTH 21 0
BBX 17 27 2 0
BITMAP
07F000
1FFC00
3FFE00
7C1F00
700F00
F00780
F00780
F00780
F00000
F80000
7E0000
3FC000
1FF800
07FE00
01FF00
003F80
000F80
000780
E00380
E00380
E00380
F00380
F00780
7C1F00
7FFF00
1FFE00
07F000
ENDCHAR
STARTCHAR T
ENCODING 84
SWIDTH 461 0
DWIDTH 19 0
BBX 18 27 1 0
BITMAP
FFFFC0
FFFFC0
FFFFC0
01C000
01C000
01C000
01C000
01C000
01C000
01C000
01C000
01C000
01C000
01C000
01C000
01C000
01C000
01C000
01C000
01C000
01C000
01C000
01C000
01C000
01C000
01C000
01C000
ENDCHAR
STARTCHAR U
ENCODING 85
SWIDTH 544 0
DWIDTH 23 0
BBX 17 27 3 0
BITMAP
E00380
E00380
E00380
E00380
E00380
E00380
E00380
E00380
E00380
E00380
E00380
E00380
E00380
E00380
E00380
E00380
E00380
E00380
E00380
E00380
E00780
F00780
F80F00
7C1F00
3FFE00
1FFC00
07F000
ENDCHAR
STARTCHAR V
ENCODING 86
SWIDTH 503 0
DWIDTH 21 0
BBX 21 27 0 0
BITMAP
F00078
780070
780070
7800F0
3800E0
3C00E0
3C00E0
1C01E0
1C01C0
1E01C0
1E03C0
0E0380
0F0380
0F0380
070700
070700
078700
038F00
038E00
03CE00
03CE00
01DC00
01DC00
01FC00
00FC00
00F800
00F800
ENDCHAR
STARTCHAR W
ENCODING 87
SWIDTH 711 0
DWIDTH 30 0
BBX 29 27 0 0
BITMAP
F007C038
700FC038
780FC038
780FC038
780FC070
380FC070
380DE070
3C1DE070
3C1CE070
1C1CE0E0
1C1CE0E0
1C1CE0E0
1E18F0E0
1E3871C0
0E3871C0
0E3871C0
0F3871C0
0F3871C0
07307B80
07303B80
07703B80
07F03B80
07F03B00
03F03F00
03E03F00
03E01F00
03E01E00
ENDCHAR
STARTCHAR X
ENCODING 88
SWIDTH 503 0
DWIDTH 21 0
BBX 21 27 0 0
BITMAP
7800F0
3C00E0
3C01E0
1E03C0
0F0380
0F0780
078700
078F00
03DE00
03DC00
01FC00
00F800
00F800
00F800
00F800
01FC00
01DE00
03DE00
078F00
070F00
0F0780
1E03C0
1E03C0
3C01E0
3801E0
7800F0
F00078
ENDCHAR
STARTCHAR Y
ENCODING 89
SWIDTH 503 0
DWIDTH 21 0
BBX 21 27 0 0
BITMAP
F00078
780070
3800E0
3C00E0
1C01C0
1E01C0
0F0380
0F0380
078700
078700
03CE00
03CE00
01FC00
00FC00
00F800
007800
007000
007000
007000
007000
007000
007000
007000
007000
007000
007000
007000
ENDCHAR
STARTCHAR Z
ENCODING 90
SWIDTH 461 0
DWIDTH 19 0
BBX 17 27 1 0
BITMAP
7FFF80
7FFF80
7FFF80
000F00
000F00
001E00
003C00
003C00
007800
007800
00F000
00F000
01E000
01C000
03C000
078000
078000
0F0000
0F0000
1E0000
1E0000
3C0000
380000
780000
FFFF80
FFFF80
FFFF80
ENDCHAR
STARTCHAR bracketleft
ENCODING 91
SWIDTH 210 0
DWIDTH 9 0
BBX 6 35 2 -7
BITMAP
FC
FC
FC
E0
E0
E0
E0
E0
E0
E0
E0
E0
E0
E0
E0
E0
E0
E0
E0
E0
E0
E0
E0
E0
E0
E0
E0
E0
E0
E0
E0
E0
FC
FC
FC
ENDCHAR
STARTCHAR backslash
ENCODING 92
SWIDTH 210 0
DWIDTH 9 0
BBX 9 30 0 -2
BITMAP
E000
E000
6000
6000
7000
7000
7000
3000
3000
3800
3800
3800
1800
1800
1C00
1C00
1C00
0C00
0C00
0E00
0E00
0E00
0600
0600
0700
0700
0700
0700
0300
0380
ENDCHAR
STARTCHAR bracketright
ENCODING 93
SWIDTH 210 0
DWIDTH 9 0
BBX 6 35 1 -7
BITMAP
FC
FC
FC
1C
1C
1C
1C
1C
1C
1C
1C
1C
1C
1C
1C
1C
1C
1C
1C
1C
1C
1C
1C
1C
1C
1C
1C
1C
1C
1C
1C
1C
FC
FC
FC
ENDCHAR
STARTCHAR asciicircum
ENCODING 94
SWIDTH 354 0
DWIDTH 15 0
BBX 15 15 0 12
BITMAP
07C0
07C0
07C0
0EE0
0EE0
1EE0
1C70
1C70
3C78
3838
3838
783C
701C
701C
F01E
ENDCHAR
STARTCHAR underscore
ENCODING 95
SWIDTH 419 0
DWIDTH 18 0
BBX 18 2 0 -5
BITMAP
FFFFC0
FFFFC0
ENDCHAR
STARTCHAR grave
ENCODING 96
SWIDTH 251 0
DWIDTH 11 0
BBX 7 5 1 23
BITMAP
F0
78
38
1C
0E
ENDCHAR
STARTCHAR a
ENCODING 97
SWIDTH 419 0
DWIDTH 18 0
BBX 16 21 1 0
BITMAP
07E0
1FF0
3FF8
787C
783C
701C
701C
001C
001C
07FC
1FFC
3FFC
7C1C
701C
F01C
F03C
F03C
F8FC
7FDF
7FDF
1F0F
ENDCHAR
STARTCHAR b
ENCODING 98
SWIDTH 419 0
DWIDTH 18 0
BBX 14 28 2 0
BITMAP
F000
F000
F000
F000
F000
F000
F000
F3C0
FFF0
FFF0
F878
F838
F03C
F03C
F01C
F01C
F01C
F01C
F01C
F01C
F01C
F03C
F03C
F838
F878
EFF0
EFF0
E3C0
ENDCHAR
STARTCHAR c
ENCODING 99
SWIDTH 376 0
DWIDTH 16 0
BBX 14 21 1 0
BITMAP
07C0
1FF0
3FF0
3C78
7838
7038
7038
703C
F000
F000
F000
F000
F000
F03C
7038
7038
7838
7C78
3FF0
1FE0
0FC0
ENDCHAR
STARTCHAR d
ENCODING 100
SWIDTH 419 0
DWIDTH 18 0
BBX 13 28 2 0
BITMAP
0038
0038
0038
0038
0038
0038
0038
1F38
3FB8
7FF8
78F8
F078
E038
E038
E038
E038
E038
E038
E038
E038
E038
E038
E038
F078
78F8
7FF8
3FD8
1F18
ENDCHAR
STARTCHAR e
ENCODING 101
SWIDTH 419 0
DWIDTH 18 0
BBX 14 21 2 0
BITMAP
0FC0
3FF0
3FF8
7878
F038
E03C
E01C
E01C
FFFC
FFFC
FFFC
E000
E000
E01C
E01C
F03C
F038
7878
7FF8
3FF0
0FC0
ENDCHAR
STARTCHAR f
ENCODING 102
SWIDTH 210 0
DWIDTH 9 0
BBX 9 28 0 0
BITMAP
0F80
1F80
3F80
3C00
3800
3800
3800
FF80
FF80
FF80
3800
3800
3800
3800
3800
3800
3800
3800
3800
3800
3800
3800
3800
3800
3800
3800
3800
3800
ENDCHAR
STARTCHAR g
ENCODING 103
SWIDTH 419 0
DWIDTH 18 0
BBX 17 31 0 -7
BITMAP
000380
000380
000700
03EF00
0FFE00
1FFC00
1E3C00
3C1E00
380E00
380E00
380E00
380E00
3C1E00
1E3E00
0FFC00
0FF800
3FF000
380000
380000
780000
380000
3FFE00
1FFF00
7FFF80
700780
700380
F00380
700780
7FFF00
3FFF00
1FFC00
ENDCHAR
STARTCHAR h
ENCODING 104
SWIDTH 419 0
DWIDTH 18 0
BBX 13 28 2 0
BITMAP
F000
F000
F000
F000
F000
F000
F000
F3E0
F7F0
FFF8
FC78
F838
F038
F038
F038
F038
F038
F038
F038
F038
F038
F038
F038
F038
F038
F038
F038
F038
ENDCHAR
STARTCHAR i
ENCODING 105
SWIDTH 167 0
DWIDTH 7 0
BBX 3 28 2 0
BITMAP
E0
E0
E0
E0
00
00
00
E0
E0
E0
E0
E0
E0
E0
E0
E0
E0
E0
E0
E0
E0
E0
E0
E0
E0
E0
E0
E0
ENDCHAR
STARTCHAR j
ENCODING 106
SWIDTH 167 0
DWIDTH 7 0
BBX 7 35 -2 -7
BITMAP
0E
0E
0E
0E
00
00
00
0E
0E
0E
0E
0E
0E
0E
0E
0E
0E
0E
0E
0E
0E
0E
0E
0E
0E
0E
0E
0E
0E
0E
0E
1E
FE
FC
F8
ENDCHAR
STARTCHAR k
ENCODING 107
SWIDTH 376 0
DWIDTH 16 0
BBX 14 28 2 0
BITMAP
F000
F000
F000
F000
F000
F000
F000
F03C
F078
F0F0
F0E0
F1C0
F3C0
F380
F700
FF00
FF00
FF00
FF80
FBC0
F1C0
F1E0
F0E0
F0F0
F070
F078
F038
F03C
ENDCHAR
STARTCHAR l
ENCODING 108
SWIDTH 167 0
DWIDTH 7 0
BBX 3 28 2 0
BITMAP
E0
E0
E0
E0
E0
E0
E0
E0
E0
E0
E0
E0
E0
E0
E0
E0
E0
E0
E0
E0
E0
E0
E0
E0
E0
E0
E0
E0
ENDCHAR
STARTCHAR m
ENCODING 109
SWIDTH 628 0
DWIDTH 26 0
BBX 22 21 2 0
BITMAP
E3C1F0
EFE3F8
EFF7F8
F87E3C
F87C1C
F0381C
F0381C
F0381C
F0381C
F0381C
F0381C
F0381C
F0381C
F0381C
F0381C
F0381C
F0381C
F0381C
F0381C
F0381C
F0381C
ENDCHAR
STARTCHAR n
ENCODING 110
SWIDTH 419 0
DWIDTH 18 0
BBX 13 21 2 0
BITMAP
E3E0
EFF0
EFF8
FC78
F838
F038
F038
F038
F038
F038
F038
F038
F038
F038
F038
F038
F038
F038
F038
F038
F038
ENDCHAR
STARTCHAR o
ENCODING 111
SWIDTH 419 0
DWIDTH 18 0
BBX 14 21 2 0
BITMAP
0FC0
3FE0
7FF0
7878
F038
E03C
E03C
E01C
E01C
E01C
E01C
E01C
E01C
E01C
E03C
E03C
F038
7878
7FF0
3FE0
0FC0
ENDCHAR
STARTCHAR p
ENCODING 112
SWIDTH 419 0
DWIDTH 18 0
BBX 14 28 2 -7
BITMAP
E3C0
EFF0
EFF0
F878
F038
F03C
F03C
F01C
F01C
F01C
F01C
F01C
F01C
F01C
F03C
F03C
F838
F878
FFF0
FFE0
F3C0
F000
F000
F000
F000
F000
F000
F000
ENDCHAR
STARTCHAR q
ENCODING 113
SWIDTH 419 0
DWIDTH 18 0
BBX 13 28 2 -7
BITMAP
1F18
3F98
7FD8
78F8
F078
E038
E038
E038
E038
E038
E038
E038
E038
E038
E038
E038
F078
78F8
7FF8
3FB8
1F38
0038
0038
0038
0038
0038
0038
0038
ENDCHAR
STARTCHAR r
ENCODING 114
SWIDTH 251 0
DWIDTH 11 0
BBX 8 21 2 0
BITMAP
E7
EF
FF
F8
F0
F0
F0
F0
F0
F0
F0
F0
F0
F0
F0
F0
F0
F0
F0
F0
F0
ENDCHAR
STARTCHAR s
ENCODING 115
SWIDTH 376 0
DWIDTH 16 0
BBX 13 21 1 0
BITMAP
0FC0
3FE0
3FF0
7878
7078
7038
7000
7800
7E00
3FC0
0FE0
03F0
0078
0038
F038
F038
F038
7878
7FF0
3FF0
0FC0
ENDCHAR
STARTCHAR t
ENCODING 116
SWIDTH 210 0
DWIDTH 9 0
BBX 8 27 0 0
BITMAP
18
18
18
18
38
38
FF
FF
FF
38
38
38
38
38
38
38
38
38
38
38
38
38
38
3C
1F
1F
0F
ENDCHAR
STARTCHAR u
ENCODING 117
SWIDTH 419 0
DWIDTH 18 0
BBX 13 21 2 0
BITMAP
F038
F038
F038
F038
F038
F038
F038
F038
F038
F038
F038
F038
F038
F038
F038
F038
F078
78F8
7FF8
3F98
1F18
ENDCHAR
STARTCHAR v
ENCODING 118
SWIDTH 376 0
DWIDTH 16 0
BBX 15 21 0 0
BITMAP
F00E
700E
780E
781E
381C
381C
3C1C
3C38
1C38
1C38
1E38
0E70
0E70
0E70
0F60
07E0
07E0
07E0
03C0
03C0
03C0
ENDCHAR
STARTCHAR w
ENCODING 119
SWIDTH 544 0
DWIDTH 23 0
BBX 23 21 0 0
BITMAP
F0381E
F07C1C
707C1C
707C1C
706C1C
786C38
386E38
38EE38
38EE38
3CEE38
1CCE70
1CC670
1CC770
1DC770
0FC760
0FC7E0
0F87E0
0F83E0
0783C0
0783C0
0783C0
ENDCHAR
STARTCHAR x
ENCODING 120
SWIDTH 376 0
DWIDTH 16 0
BBX 16 21 0 0
BITMAP
F80E
781E
3C3C
3C38
1E78
1E70
0FF0
07E0
07E0
03C0
03C0
03C0
07E0
0FE0
0EF0
1E78
1C78
3C3C
383C
781E
F00F
ENDCHAR
STARTCHAR y
ENCODING 121
SWIDTH 376 0
DWIDTH 16 0
BBX 15 28 0 -7
BITMAP
F00E
700E
780E
781E
381C
381C
3C1C
1C1C
1C38
1C38
0E38
0E30
0E70
0F70
0770
0760
07E0
03E0
03E0
03C0
01C0
03C0
0380
0780
0F80
7F00
7E00
7C00
ENDCHAR
STARTCHAR z
ENCODING 122
SWIDTH 376 0
DWIDTH 16 0
BBX 14 21 1 0
BITMAP
7FF8
7FF8
7FF8
0070
00F0
00E0
01E0
03C0
03C0
0780
0700
0F00
0E00
1E00
1C00
3C00
3800
7800
7FFC
FFFC
FFFC
ENDCHAR
STARTCHAR braceleft
ENCODING 123
SWIDTH 252 0
DWIDTH 11 0
BBX 9 35 1 -7
BITMAP
0380
0F80
1E00
1C00
1C00
1C00
1C00
1C00
1C00
1C00
1C00
1C00
1C00
1800
1800
3800
F000
C000
F000
3800
1800
1800
1C00
1C00
1C00
1C00
1C00
1C00
1C00
1C00
1C00
1C00
1E00
0F80
0380
ENDCHAR
STARTCHAR bar
ENCODING 124
SWIDTH 196 0
DWIDTH 8 0
BBX 3 35 3 -7
BITMAP
E0
E0
E0
E0
E0
E0
E0
E0
E0
E0
E0
E0
E0
E0
E0
E0
E0
E0
E0
E0
E0
E0
E0
E0
E0
E0
E0
E0
E0
E0
E0
E0
E0
E0
E0
ENDCHAR
STARTCHAR braceright
ENCODING 125
SWIDTH 252 0
DWIDTH 11 0
BBX 9 35 1 -7
BITMAP
E000
F800
3800
1C00
1C00
1C00
1C00
1C00
1C00
1C00
1C00
1C00
1C00
1C00
1C00
0E00
0F80
0380
0F80
0E00
1C00
1C00
1C00
1C00
1C00
1C00
1C00
1C00
1C00
1C00
1C00
1C00
3800
F000
E000
ENDCHAR
STARTCHAR asciitilde
ENCODING 126
SWIDTH 440 0
DWIDTH 18 0
BBX 16 6 1 9
BITMAP
1E01
7F01
7FC3
E1FF
C0FE
803C
ENDCHAR
STARTCHAR uni00A0
ENCODING 160
SWIDTH 210 0
DWIDTH 9 0
BBX 1 1 0 0
BITMAP
00
ENDCHAR
STARTCHAR exclamdown
ENCODING 161
SWIDTH 251 0
DWIDTH 11 0
BBX 4 26 4 -5
BITMAP
F0
F0
F0
F0
00
00
60
60
60
60
60
60
70
F0
F0
F0
F0
F0
F0
F0
F0
F0
F0
F0
F0
F0
ENDCHAR
STARTCHAR cent
ENCODING 162
SWIDTH 419 0
DWIDTH 18 0
BBX 14 30 2 -2
BITMAP
0300
0300
0300
0300
0780
1FE0
3FF0
7B78
7338
F338
E33C
E33C
E300
E300
E300
E300
E300
E31C
E31C
F33C
F338
7B38
7FF8
3FF0
1FE0
0300
0300
0300
0300
0300
ENDCHAR
STARTCHAR sterling
ENCODING 163
SWIDTH 419 0
DWIDTH 18 0
BBX 15 27 1 0
BITMAP
03F0
0FF8
0FFC
1E3C
1C1E
1C0E
1C0E
3C0E
3C00
3C00
3C00
3C00
FFE0
FFE0
FFE0
3C00
3C00
3C00
3C00
3C00
3800
3800
3800
3800
FFFE
FFFE
FFFE
ENDCHAR
STARTCHAR currency
ENCODING 164
SWIDTH 419 0
DWIDTH 18 0
BBX 18 19 0 4
BITMAP
03E000
4FF980
FFFFC0
7E1F80
380F00
700700
700380
600380
E00380
E00380
E00380
600380
700380
700700
380F00
7E1F80
FFFFC0
6FF980
03E000
ENDCHAR
STARTCHAR yen
ENCODING 165
SWIDTH 419 0
DWIDTH 18 0
BBX 17 27 0 0
BITMAP
F00380
700380
780700
380700
3C0E00
1C0E00
1E1C00
0E1C00
0F3800
073800
07F000
03F000
7FFF80
7FFF80
7FFF80
01E000
01E000
01E000
7FFF80
7FFF80
7FFF80
01E000
01E000
01E000
01E000
01E000
01E000
ENDCHAR
STARTCHAR brokenbar
ENCODING 166
SWIDTH 196 0
DWIDTH 8 0
BBX 3 35 3 -7
BITMAP
E0
E0
E0
E0
E0
E0
E0
E0
E0
E0
E0
E0
E0
E0
E0
00
00
00
00
00
E0
E0
E0
E0
E0
E0
E0
E0
E0
E0
E0
E0
E0
E0
E0
ENDCHAR
STARTCHAR section
ENCODING 167
SWIDTH 419 0
DWIDTH 18 0
BBX 13 34 3 -7
BITMAP
1F80
3FC0
7FE0
F0F0
F0F0
E070
E000
F000
F000
7800
7E00
3F80
7FC0
E3E0
E1F0
E0F0
E070
E078
F070
F870
7C70
3FE0
1FC0
07C0
01E0
00F0
00F0
0070
E070
F070
F0F0
7FE0
3FC0
1F80
ENDCHAR
STARTCHAR dieresis
ENCODING 168
SWIDTH 251 0
DWIDTH 11 0
BBX 9 3 1 25
BITMAP
E380
E380
E380
ENDCHAR
STARTCHAR copyright
ENCODING 169
SWIDTH 555 0
DWIDTH 23 0
BBX 22 27 1 0
BITMAP
01FC00
07FF00
0F03C0
1C00C0
380060
30F830
61FE30
638618
C70718
C60318
C60318
C60008
C60008
C6000C
C60008
C60308
C60318
C70318
C38618
61FE18
60F830
700030
380060
1C00C0
0F03C0
07FF00
01FC00
ENDCHAR
STARTCHAR ordfeminine
ENCODING 170
SWIDTH 279 0
DWIDTH 12 0
BBX 11 14 1 14
BITMAP
3E00
7F00
6380
E180
E180
0180
1F80
7F80
E180
C180
C380
E780
FFE0
78E0
ENDCHAR
STARTCHAR guillemotleft
ENCODING 171
SWIDTH 419 0
DWIDTH 18 0
BBX 14 16 2 5
BITMAP
071C
0E38
0E38
1C70
3CF0
38E0
79E0
F3C0
F3C0
79E0
38E0
3CF0
1C70
0E38
0E38
071C
ENDCHAR
STARTCHAR logicalnot
ENCODING 172
SWIDTH 440 0
DWIDTH 18 0
BBX 16 9 1 8
BITMAP
FFFF
FFFF
FFFF
0007
0007
0007
0007
0007
0007
ENDCHAR
STARTCHAR uni00AD
ENCODING 173
SWIDTH 251 0
DWIDTH 11 0
BBX 10 4 0 9
BITMAP
FFC0
FFC0
FFC0
FFC0
ENDCHAR
STARTCHAR registered
ENCODING 174
SWIDTH 555 0
DWIDTH 23 0
BBX 22 27 1 0
BITMAP
01FC00
07FF00
0F03C0
1C00C0
380060
300030
63FC30
63FE18
C30718
C30318
C30318
C30608
C3FC08
C3FC0C
C30E08
C30708
C30718
C30318
C30318
630318
6301B0
700030
380060
1C00C0
0F03C0
07FF00
01FC00
ENDCHAR
STARTCHAR macron
ENCODING 175
SWIDTH 251 0
DWIDTH 11 0
BBX 10 3 0 23
BITMAP
FFC0
FFC0
FFC0
ENDCHAR
STARTCHAR degree
ENCODING 176
SWIDTH 368 0
DWIDTH 15 0
BBX 11 10 2 17
BITMAP
1F00
3F80
71C0
60E0
E060
E060
60E0
71C0
3F80
1F00
ENDCHAR
STARTCHAR plusminus
ENCODING 177
SWIDTH 504 0
DWIDTH 21 0
BBX 15 23 3 0
BITMAP
0380
0380
0380
0380
0380
0380
0380
0380
FFFE
FFFE
FFFE
0380
0380
0380
0380
0380
0380
0380
0000
0000
FFFE
FFFE
FFFE
ENDCHAR
STARTCHAR uni00B2
ENCODING 178
SWIDTH 251 0
DWIDTH 11 0
BBX 9 17 1 11
BITMAP
3E00
7F00
7F00
E380
E380
E380
E300
0700
0600
0C00
1C00
3800
7000
6000
FF80
FF80
FF80
ENDCHAR
STARTCHAR uni00B3
ENCODING 179
SWIDTH 251 0
DWIDTH 11 0
BBX 9 16 1 12
BITMAP
3E00
7F00
6300
E380
E380
0380
0700
1E00
1F00
0300
0380
C380
C380
E300
7F00
3E00
ENDCHAR
STARTCHAR acute
ENCODING 180
SWIDTH 251 0
DWIDTH 11 0
BBX 6 5 3 23
BITMAP
1C
38
70
70
E0
ENDCHAR
STARTCHAR uni00B5
ENCODING 181
SWIDTH 419 0
DWIDTH 18 0
BBX 13 28 2 -7
BITMAP
F038
F038
F038
F038
F038
F038
F038
F038
F038
F038
F038
F038
F038
F038
F038
F038
F078
F8F8
FFF8
FF98
FF18
F000
F000
F000
F000
F000
F000
F000
ENDCHAR
STARTCHAR paragraph
ENCODING 182
SWIDTH 405 0
DWIDTH 17 0
BBX 15 34 1 -7
BITMAP
07FE
1FFE
3FFE
7F98
7F98
FF98
FF98
FF98
FF98
FF98
FF98
FF98
FF98
7F98
7F98
3F98
1F98
0798
0398
0398
0398
0398
0398
0398
0398
0398
0398
0398
0398
0398
0398
0398
0398
0398
ENDCHAR
STARTCHAR periodcentered
ENCODING 183
SWIDTH 210 0
DWIDTH 9 0
BBX 4 4 2 11
BITMAP
F0
F0
F0
F0
ENDCHAR
STARTCHAR cedilla
ENCODING 184
SWIDTH 251 0
DWIDTH 11 0
BBX 8 7 1 -7
BITMAP
18
38
3E
07
07
FE
FC
ENDCHAR
STARTCHAR uni00B9
ENCODING 185
SWIDTH 251 0
DWIDTH 11 0
BBX 9 16 1 12
BITMAP
0C00
3C00
FC00
0C00
0C00
0C00
0C00
0C00
0C00
0C00
0C00
0C00
0C00
0C00
7F80
7F80
ENDCHAR
STARTCHAR ordmasculine
ENCODING 186
SWIDTH 275 0
DWIDTH 12 0
BBX 10 14 1 14
BITMAP
3E00
7F00
6380
E180
C1C0
C1C0
C1C0
C1C0
C1C0
C180
E180
6380
7F00
3E00
ENDCHAR
STARTCHAR guillemotright
ENCODING 187
SWIDTH 419 0
DWIDTH 18 0
BBX 15 16 1 5
BITMAP
F380
71C0
38E0
3CE0
1C70
1E78
0F38
0F3C
07BE
0F3C
1E78
1C70
3CE0
38E0
71C0
F380
ENDCHAR
STARTCHAR onequarter
ENCODING 188
SWIDTH 629 0
DWIDTH 26 0
BBX 24 28 1 0
BITMAP
00001C
0C0018
7C0038
FC0030
1C0070
1C0060
1C00C0
1C01C0
1C0180
1C0380
1C0300
1C0600
1C0E30
1C0C30
FF1C74
FF1864
00386C
0030EC
0060CC
00E1CC
00C18C
01C38C
0183FF
0303FF
07000C
06000C
0E000C
1C000C
ENDCHAR
STARTCHAR onehalf
ENCODING 189
SWIDTH 629 0
DWIDTH 26 0
BBX 24 28 1 0
BITMAP
000018
0C0038
FC0030
FC0070
1C0060
1C00E0
1C00C0
1C0180
1C0380
1C0300
1C0700
1C067C
1C0EFE
1C1CFE
FF19C7
FF39C7
0031C7
007006
00600E
00C00C
01C018
018038
038070
0300E0
0700C0
0E01FF
0C01FF
1C01FF
ENDCHAR
STARTCHAR threequarters
ENCODING 190
SWIDTH 629 0
DWIDTH 26 0
BBX 24 27 1 0
BITMAP
3E001C
7F0038
638030
E38070
E380E0
0300C0
1F01C0
1F0180
030380
038300
C18630
E18E30
E38C70
639C74
7F1864
3E30EC
0070EC
0060CC
00E1CC
00C18C
01838C
0383FF
0303FF
07000C
06000C
0C000C
1C000C
ENDCHAR
STARTCHAR questiondown
ENCODING 191
SWIDTH 461 0
DWIDTH 19 0
BBX 14 28 3 -7
BITMAP
0F00
0F00
0F00
0F00
0000
0000
0000
0700
0700
0700
0F00
0F00
1E00
3E00
3C00
7800
F800
F000
E03C
E03C
E03C
E03C
F03C
F078
F878
7FF0
3FE0
0FC0
ENDCHAR
STARTCHAR Agrave
ENCODING 192
SWIDTH 503 0
DWIDTH 21 0
BBX 21 35 0 0
BITMAP
03C000
01C000
00E000
00F000
007000
003800
000000
000000
00F800
00F800
00FC00
01DC00
01DC00
01DC00
03DE00
038E00
038E00
078F00
070F00
070700
0F0780
0F0780
0E0380
0E03C0
1E03C0
1C01C0
1FFFC0
3FFFE0
3FFFE0
3800E0
7800F0
7000F0
700070
F00078
F00078
ENDCHAR
STARTCHAR Aacute
ENCODING 193
SWIDTH 503 0
DWIDTH 21 0
BBX 21 35 0 0
BITMAP
000E00
001C00
003C00
003800
007000
00E000
000000
000000
00F800
00F800
00FC00
01DC00
01DC00
01DC00
03DE00
038E00
038E00
078F00
070F00
070700
0F0780
0F0780
0E0380
0E03C0
1E03C0
1C01C0
1FFFC0
3FFFE0
3FFFE0
3800E0
7800F0
7000F0
700070
F00078
F00078
ENDCHAR
STARTCHAR Acircumflex
ENCODING 194
SWIDTH 503 0
DWIDTH 21 0
BBX 21 35 0 0
BITMAP
007000
00F800
00F800
01DC00
01DC00
038E00
000000
000000
00F800
00F800
00FC00
01DC00
01DC00
01DC00
03DE00
038E00
038E00
078F00
070F00
070700
0F0780
0F0780
0E0380
0E03C0
1E03C0
1C01C0
1FFFC0
3FFFE0
3FFFE0
3800E0
7800F0
7000F0
700070
F00078
F00078
ENDCHAR
STARTCHAR Atilde
ENCODING 195
SWIDTH 503 0
DWIDTH 21 0
BBX 21 35 0 0
BITMAP
01C300
03E300
07FF00
073E00
061C00
000000
000000
000000
00F800
00F800
00FC00
01DC00
01DC00
01DC00
03DE00
038E00
038E00
078F00
070F00
070700
0F0780
0F0780
0E0380
0E03C0
1E03C0
1C01C0
1FFFC0
3FFFE0
3FFFE0
3800E0
7800F0
7000F0
700070
F00078
F00078
ENDCHAR
STARTCHAR Adieresis
ENCODING 196
SWIDTH 503 0
DWIDTH 21 0
BBX 21 34 0 0
BITMAP
038E00
038E00
038E00
000000
000000
000000
000000
00F800
00F800
00FC00
01DC00
01DC00
01DC00
03DE00
038E00
038E00
078F00
070F00
070700
0F0780
0F0780
0E0380
0E03C0
1E03C0
1C01C0
1FFFC0
3FFFE0
3FFFE0
3800E0
7800F0
7000F0
700070
F00078
F00078
ENDCHAR
STARTCHAR Aring
ENCODING 197
SWIDTH 503 0
DWIDTH 21 0
BBX 21 36 0 0
BITMAP
007000
00F800
018C00
018C00
018C00
018C00
00F800
007000
000000
00F800
00F800
00FC00
01DC00
01DC00
01DC00
03DE00
038E00
038E00
078F00
070F00
070700
0F0780
0F0780
0E0380
0E03C0
1E03C0
1C01C0
1FFFC0
3FFFE0
3FFFE0
3800E0
7800F0
7000F0
700070
F00078
F00078
ENDCHAR
STARTCHAR AE
ENCODING 198
SWIDTH 754 0
DWIDTH 32 0
BBX 30 27 0 0
BITMAP
001FFFFC
003FFFFC
003FFFFC
00770000
00770000
00770000
00E78000
00E78000
01C38000
01C38000
01C38000
0383C000
0383FFF0
0781FFF0
0701FFF0
0701E000
0E01E000
0E01E000
1FFFE000
1FFFE000
1FFFF000
3800F000
3800F000
78007000
70007FFC
70007FFC
F0007FFC
ENDCHAR
STARTCHAR Ccedilla
ENCODING 199
SWIDTH 544 0
DWIDTH 23 0
BBX 19 34 2 -7
BITMAP
03F800
0FFF00
1FFF80
3E07C0
7C03C0
7801E0
7001E0
F000E0
F000E0
E000E0
E00000
E00000
E00000
E00000
E00000
E00000
E00000
E000E0
F000E0
F000E0
F001E0
7801E0
7C03C0
3E07C0
1FFF80
0FFF00
07F800
00C000
00F000
00F800
003800
003800
03F800
03E000
ENDCHAR
STARTCHAR Egrave
ENCODING 200
SWIDTH 503 0
DWIDTH 21 0
BBX 16 35 3 0
BITMAP
1E00
0E00
0700
0780
0380
01C0
0000
0000
FFFF
FFFF
FFFF
E000
E000
E000
E000
E000
E000
E000
E000
E000
FFFC
FFFC
FFFC
E000
E000
E000
E000
E000
E000
E000
E000
E000
FFFF
FFFF
FFFF
ENDCHAR
STARTCHAR Eacute
ENCODING 201
SWIDTH 503 0
DWIDTH 21 0
BBX 16 35 3 0
BITMAP
0070
00E0
01E0
01C0
0380
0700
0000
0000
FFFF
FFFF
FFFF
E000
E000
E000
E000
E000
E000
E000
E000
E000
FFFC
FFFC
FFFC
E000
E000
E000
E000
E000
E000
E000
E000
E000
FFFF
FFFF
FFFF
ENDCHAR
STARTCHAR Ecircumflex
ENCODING 202
SWIDTH 503 0
DWIDTH 21 0
BBX 16 35 3 0
BITMAP
0380
07C0
07C0
0EE0
0EE0
1C70
0000
0000
FFFF
FFFF
FFFF
E000
E000
E000
E000
E000
E000
E000
E000
E000
FFFC
FFFC
FFFC
E000
E000
E000
E000
E000
E000
E000
E000
E000
FFFF
FFFF
FFFF
ENDCHAR
STARTCHAR Edieresis
ENCODING 203
SWIDTH 503 0
DWIDTH 21 0
BBX 16 34 3 0
BITMAP
1C70
1C70
1C70
0000
0000
0000
0000
FFFF
FFFF
FFFF
E000
E000
E000
E000
E000
E000
E000
E000
E000
FFFC
FFFC
FFFC
E000
E000
E000
E000
E000
E000
E000
E000
E000
FFFF
FFFF
FFFF
ENDCHAR
STARTCHAR Igrave
ENCODING 204
SWIDTH 210 0
DWIDTH 9 0
BBX 7 35 0 0
BITMAP
E0
70
38
38
1C
0E
00
00
1C
1C
1C
1C
1C
1C
1C
1C
1C
1C
1C
1C
1C
1C
1C
1C
1C
1C
1C
1C
1C
1C
1C
1C
1C
1C
1C
ENDCHAR
STARTCHAR Iacute
ENCODING 205
SWIDTH 210 0
DWIDTH 9 0
BBX 7 35 2 0
BITMAP
1E
1C
38
70
70
E0
00
00
70
70
70
70
70
70
70
70
70
70
70
70
70
70
70
70
70
70
70
70
70
70
70
70
70
70
70
ENDCHAR
STARTCHAR Icircumflex
ENCODING 206
SWIDTH 210 0
DWIDTH 9 0
BBX 9 35 0 0
BITMAP
1C00
3E00
3E00
7700
F700
E380
0000
0000
1C00
1C00
1C00
1C00
1C00
1C00
1C00
1C00
1C00
1C00
1C00
1C00
1C00
1C00
1C00
1C00
1C00
1C00
1C00
1C00
1C00
1C00
1C00
1C00
1C00
1C00
1C00
ENDCHAR
STARTCHAR Idieresis
ENCODING 207
SWIDTH 210 0
DWIDTH 9 0
BBX 9 34 0 0
BITMAP
E380
E380
E380
0000
0000
0000
0000
1C00
1C00
1C00
1C00
1C00
1C00
1C00
1C00
1C00
1C00
1C00
1C00
1C00
1C00
1C00
1C00
1C00
1C00
1C00
1C00
1C00
1C00
1C00
1C00
1C00
1C00
1C00
ENDCHAR
STARTCHAR Eth
ENCODING 208
SWIDTH 544 0
DWIDTH 23 0
BBX 21 27 0 0
BITMAP
1FFC00
1FFF00
1FFFC0
1C07C0
1C01E0
1C00F0
1C00F0
1C0070
1C0078
1C0078
1C0078
1C0078
FFF078
FFF078
FFF078
1C0078
1C0078
1C0078
1C0070
1C0070
1C00F0
1C00E0
1C01E0
1C07C0
1FFF80
1FFF00
1FFC00
ENDCHAR
STARTCHAR Ntilde
ENCODING 209
SWIDTH 544 0
DWIDTH 23 0
BBX 17 35 3 0
BITMAP
0F0C00
0F9C00
1FFC00
18F800
187000
000000
000000
000000
E00380
E00380
F00380
F80380
F80380
FC0380
FC0380
FE0380
EF0380
EF0380
E78380
E78380
E3C380
E3C380
E1E380
E0F380
E0F380
E07B80
E07B80
E03F80
E01F80
E01F80
E00F80
E00F80
E00780
E00780
E00380
ENDCHAR
STARTCHAR Ograve
ENCODING 210
SWIDTH 587 0
DWIDTH 25 0
BBX 21 35 2 0
BITMAP
03C000
01C000
00E000
007000
003800
000000
000000
000000
01FC00
07FF00
1FFF80
1F07C0
3C03E0
7801E0
7800F0
7000F0
F00070
F00070
F00078
E00078
E00078
E00078
E00078
E00078
F00078
F00070
F00070
7000F0
7800F0
7801E0
3C01E0
1F07C0
1FFF80
07FF00
01FC00
ENDCHAR
STARTCHAR Oacute
ENCODING 211
SWIDTH 587 0
DWIDTH 25 0
BBX 21 35 2 0
BITMAP
001E00
003C00
003800
007000
00E000
000000
000000
000000
01FC00
07FF00
1FFF80
1F07C0
3C03E0
7801E0
7800F0
7000F0
F00070
F00070
F00078
E00078
E00078
E00078
E00078
E00078
F00078
F00070
F00070
7000F0
7800F0
7801E0
3C01E0
1F07C0
1FFF80
07FF00
01FC00
ENDCHAR
STARTCHAR Ocircumflex
ENCODING 212
SWIDTH 587 0
DWIDTH 25 0
BBX 21 35 2 0
BITMAP
007000
00F800
01F800
01DC00
039E00
038E00
000000
000000
01FC00
07FF00
1FFF80
1F07C0
3C03E0
7801E0
7800F0
7000F0
F00070
F00070
F00078
E00078
E00078
E00078
E00078
E00078
F00078
F00070
F00070
7000F0
7800F0
7801E0
3C01E0
1F07C0
1FFF80
07FF00
01FC00
ENDCHAR
STARTCHAR Otilde
ENCODING 213
SWIDTH 587 0
DWIDTH 25 0
BBX 21 35 2 0
BITMAP
03C300
07FF00
07FE00
063C00
000000
000000
000000
000000
01FC00
07FF00
1FFF80
1F07C0
3C03E0
7801E0
7800F0
7000F0
F00070
F00070
F00078
E00078
E00078
E00078
E00078
E00078
F00078
F00070
F00070
7000F0
7800F0
7801E0
3C01E0
1F07C0
1FFF80
07FF00
01FC00
ENDCHAR
STARTCHAR Odieresis
ENCODING 214
SWIDTH 587 0
DWIDTH 25 0
BBX 21 35 2 0
BITMAP
038E00
038E00
038E00
000000
000000
000000
000000
000000
01FC00
07FF00
1FFF80
1F07C0
3C03E0
7801E0
7800F0
7000F0
F00070
F00070
F00078
E00078
E00078
E00078
E00078
E00078
F00078
F00070
F00070
7000F0
7800F0
7801E0
3C01E0
1F07C0
1FFF80
07FF00
01FC00
ENDCHAR
STARTCHAR multiply
ENCODING 215
SWIDTH 440 0
DWIDTH 18 0
BBX 17 16 1 2
BITMAP
200200
700700
F80F80
3C1E00
1E3C00
0F7800
07F000
03E000
03E000
07F000
0F7800
1E3C00
3C1E00
F80F80
700700
200200
ENDCHAR
STARTCHAR Oslash
ENCODING 216
SWIDTH 587 0
DWIDTH 25 0
BBX 21 29 2 -1
BITMAP
000038
01FC70
07FF60
1FFFE0
1F07C0
3C03E0
7803E0
7803F0
7006F0
F00E70
F00C70
F01C78
E03878
E03078
E07078
E06078
E0C078
F1C078
F18070
F30070
7700F0
7E00F0
7E01E0
3C01E0
3F07C0
3FFF80
37FF00
61FC00
E00000
ENDCHAR
STARTCHAR Ugrave
ENCODING 217
SWIDTH 544 0
DWIDTH 23 0
BBX 17 35 3 0
BITMAP
0F0000
070000
038000
01C000
00E000
000000
000000
000000
E00380
E00380
E00380
E00380
E00380
E00380
E00380
E00380
E00380
E00380
E00380
E00380
E00380
E00380
E00380
E00380
E00380
E00380
E00380
E00380
E00780
F00780
F80F00
7C1F00
3FFE00
1FFC00
07F000
ENDCHAR
STARTCHAR Uacute
ENCODING 218
SWIDTH 544 0
DWIDTH 23 0
BBX 17 35 3 0
BITMAP
007800
00F000
00E000
01C000
038000
000000
000000
000000
E00380
E00380
E00380
E00380
E00380
E00380
E00380
E00380
E00380
E00380
E00380
E00380
E00380
E00380
E00380
E00380
E00380
E00380
E00380
E00380
E00780
F00780
F80F00
7C1F00
3FFE00
1FFC00
07F000
ENDCHAR
STARTCHAR Ucircumflex
ENCODING 219
SWIDTH 544 0
DWIDTH 23 0
BBX 17 35 3 0
BITMAP
01C000
03E000
076000
077000
0E3800
0E3800
000000
000000
E00380
E00380
E00380
E00380
E00380
E00380
E00380
E00380
E00380
E00380
E00380
E00380
E00380
E00380
E00380
E00380
E00380
E00380
E00380
E00380
E00780
F00780
F80F00
7C1F00
3FFE00
1FFC00
07F000
ENDCHAR
STARTCHAR Udieresis
ENCODING 220
SWIDTH 544 0
DWIDTH 23 0
BBX 17 35 3 0
BITMAP
0E3800
0E3800
0E3800
000000
000000
000000
000000
000000
E00380
E00380
E00380
E00380
E00380
E00380
E00380
E00380
E00380
E00380
E00380
E00380
E00380
E00380
E00380
E00380
E00380
E00380
E00380
E00380
E00780
F00780
F80F00
7C1F00
3FFE00
1FFC00
07F000
ENDCHAR
STARTCHAR Yacute
ENCODING 221
SWIDTH 503 0
DWIDTH 21 0
BBX 21 35 0 0
BITMAP
000E00
001C00
003C00
003800
007000
00E000
000000
000000
F00078
780070
3800E0
3C00E0
1C01C0
1E01C0
0F0380
0F0380
078700
078700
03CE00
03CE00
01FC00
00FC00
00F800
007800
007000
007000
007000
007000
007000
007000
007000
007000
007000
007000
007000
ENDCHAR
STARTCHAR Thorn
ENCODING 222
SWIDTH 503 0
DWIDTH 21 0
BBX 17 27 3 0
BITMAP
E00000
E00000
E00000
E00000
E00000
E00000
FFF800
FFFC00
FFFE00
E01F00
E00780
E00780
E00780
E00780
E00780
E00780
E00780
E01F00
FFFE00
FFFC00
FFF000
E00000
E00000
E00000
E00000
E00000
E00000
ENDCHAR
STARTCHAR germandbls
ENCODING 223
SWIDTH 461 0
DWIDTH 19 0
BBX 16 28 2 0
BITMAP
07E0
1FF8
3FFC
783C
701E
F00E
E00E
E00E
E01E
E01C
E03C
E7F8
E7F0
E7F8
E03C
E01E
E00E
E00F
E007
E007
E00F
E00F
E00E
E01E
E03E
E7FC
E7F8
E7E0
ENDCHAR
STARTCHAR agrave
ENCODING 224
SWIDTH 419 0
DWIDTH 18 0
BBX 16 28 1 0
BITMAP
1E00
0F00
0700
0380
01C0
0000
0000
07E0
1FF0
3FF8
787C
783C
701C
701C
001C
001C
07FC
1FFC
3FFC
7C1C
701C
F01C
F03C
F03C
F8FC
7FDF
7FDF
1F0F
ENDCHAR
STARTCHAR aacute
ENCODING 225
SWIDTH 419 0
DWIDTH 18 0
BBX 16 28 1 0
BITMAP
00F0
00E0
01C0
0380
0700
0000
0000
07E0
1FF0
3FF8
787C
783C
701C
701C
001C
001C
07FC
1FFC
3FFC
7C1C
701C
F01C
F03C
F03C
F8FC
7FDF
7FDF
1F0F
ENDCHAR
STARTCHAR acircumflex
ENCODING 226
SWIDTH 419 0
DWIDTH 18 0
BBX 16 28 1 0
BITMAP
03C0
07C0
07E0
0E70
1C70
0008
0000
07E0
1FF0
3FF8
787C
783C
701C
701C
001C
001C
07FC
1FFC
3FFC
7C1C
701C
F01C
F03C
F03C
F8FC
7FDF
7FDF
1F0F
ENDCHAR
STARTCHAR atilde
ENCODING 227
SWIDTH 419 0
DWIDTH 18 0
BBX 16 28 1 0
BITMAP
0F18
1FF8
3FF8
38F0
0000
0000
0000
07E0
1FF0
3FF8
787C
783C
701C
701C
001C
001C
07FC
1FFC
3FFC
7C1C
701C
F01C
F03C
F03C
F8FC
7FDF
7FDF
1F0F
ENDCHAR
STARTCHAR adieresis
ENCODING 228
SWIDTH 419 0
DWIDTH 18 0
BBX 16 28 1 0
BITMAP
1E70
1E70
1E70
0000
0000
0000
0000
07E0
1FF0
3FF8
787C
783C
701C
701C
001C
001C
07FC
1FFC
3FFC
7C1C
701C
F01C
F03C
F03C
F8FC
7FDF
7FDF
1F0F
ENDCHAR
STARTCHAR aring
ENCODING 229
SWIDTH 419 0
DWIDTH 18 0
BBX 16 30 1 0
BITMAP
03C0
07E0
0E60
0C20
0C20
0E60
07E0
03C0
0000
07E0
1FF0
3FF8
787C
783C
701C
701C
001C
001C
07FC
1FFC
3FFC
7C1C
701C
F01C
F03C
F03C
F8FC
7FDF
7FDF
1F0F
ENDCHAR
STARTCHAR ae
ENCODING 230
SWIDTH 670 0
DWIDTH 28 0
BBX 24 21 2 0
BITMAP
0FC1F0
3FE7FC
7FFFFE
787E1E
F03C0F
F03C0F
003807
003807
07FFFF
3FFFFF
7FFFFF
FC3800
F03800
E03807
E03C07
E07C07
E07C0F
F0FE1E
FFEFFE
7FC7FC
1F03F0
ENDCHAR
STARTCHAR ccedilla
ENCODING 231
SWIDTH 376 0
DWIDTH 16 0
BBX 14 28 1 -7
BITMAP
07C0
1FF0
3FF0
3C78
7838
7038
7038
703C
F000
F000
F000
F000
F000
703C
7038
7038
7838
3C78
3FF0
1FE0
0FC0
0700
0780
07C0
00E0
01C0
1FC0
1F80
ENDCHAR
STARTCHAR egrave
ENCODING 232
SWIDTH 419 0
DWIDTH 18 0
BBX 14 28 2 0
BITMAP
1E00
0E00
0700
0380
03C0
0000
0000
0FC0
3FF0
3FF8
7878
F038
E03C
E01C
E01C
FFFC
FFFC
FFFC
E000
E000
E01C
E01C
F03C
F038
7878
7FF8
3FF0
0FC0
ENDCHAR
STARTCHAR eacute
ENCODING 233
SWIDTH 419 0
DWIDTH 18 0
BBX 14 28 2 0
BITMAP
00F0
01E0
01C0
0380
0700
0000
0000
0FC0
3FF0
3FF8
7878
F038
E03C
E01C
E01C
FFFC
FFFC
FFFC
E000
E000
E01C
E01C
F03C
F038
7878
7FF8
3FF0
0FC0
ENDCHAR
STARTCHAR ecircumflex
ENCODING 234
SWIDTH 419 0
DWIDTH 18 0
BBX 14 28 2 0
BITMAP
0780
0F80
0FC0
1CE0
38E0
0010
0000
0FC0
3FF0
3FF8
7878
F038
E03C
E01C
E01C
FFFC
FFFC
FFFC
E000
E000
E01C
E01C
F03C
F038
7878
7FF8
3FF0
0FC0
ENDCHAR
STARTCHAR edieresis
ENCODING 235
SWIDTH 419 0
DWIDTH 18 0
BBX 14 28 2 0
BITMAP
3CE0
3CE0
3CE0
0000
0000
0000
0000
0FC0
3FF0
3FF8
7878
F038
E03C
E01C
E01C
FFFC
FFFC
FFFC
E000
E000
E01C
E01C
F03C
F038
7878
7FF8
3FF0
0FC0
ENDCHAR
STARTCHAR igrave
ENCODING 236
SWIDTH 210 0
DWIDTH 9 0
BBX 7 28 0 0
BITMAP
F0
70
38
1C
0E
00
00
1C
1C
1C
1C
1C
1C
1C
1C
1C
1C
1C
1C
1C
1C
1C
1C
1C
1C
1C
1C
1C
ENDCHAR
STARTCHAR iacute
ENCODING 237
SWIDTH 210 0
DWIDTH 9 0
BBX 7 28 2 0
BITMAP
1E
3C
38
70
E0
00
00
70
70
70
70
70
70
70
70
70
70
70
70
70
70
70
70
70
70
70
70
70
ENDCHAR
STARTCHAR icircumflex
ENCODING 238
SWIDTH 210 0
DWIDTH 9 0
BBX 9 28 0 0
BITMAP
1C00
3E00
7700
E700
E380
0000
0000
1C00
1C00
1C00
1C00
1C00
1C00
1C00
1C00
1C00
1C00
1C00
1C00
1C00
1C00
1C00
1C00
1C00
1C00
1C00
1C00
1C00
ENDCHAR
STARTCHAR idieresis
ENCODING 239
SWIDTH 210 0
DWIDTH 9 0
BBX 9 28 0 0
BITMAP
E380
E380
E380
0000
0000
0000
0000
1C00
1C00
1C00
1C00
1C00
1C00
1C00
1C00
1C00
1C00
1C00
1C00
1C00
1C00
1C00
1C00
1C00
1C00
1C00
1C00
1C00
ENDCHAR
STARTCHAR eth
ENCODING 240
SWIDTH 419 0
DWIDTH 18 0
BBX 14 28 2 0
BITMAP
3C00
0E10
3FF0
3FF0
33C0
01E0
00E0
0FF0
3FF0
7FF8
7878
F038
E03C
E03C
E01C
E01C
E01C
E01C
E01C
E01C
E01C
E03C
E03C
F038
7878
7FF0
3FE0
0FC0
ENDCHAR
STARTCHAR ntilde
ENCODING 241
SWIDTH 419 0
DWIDTH 18 0
BBX 13 28 2 0
BITMAP
1E30
3FF0
7FF0
71E0
0000
0000
0000
E3E0
EFF0
EFF8
FC78
F838
F038
F038
F038
F038
F038
F038
F038
F038
F038
F038
F038
F038
F038
F038
F038
F038
ENDCHAR
STARTCHAR ograve
ENCODING 242
SWIDTH 419 0
DWIDTH 18 0
BBX 14 28 2 0
BITMAP
3C00
0E00
0E00
0700
0380
0000
0000
0FC0
3FE0
7FF0
7878
F038
E03C
E03C
E01C
E01C
E01C
E01C
E01C
E01C
E01C
E03C
E03C
F038
7878
7FF0
3FE0
0FC0
ENDCHAR
STARTCHAR oacute
ENCODING 243
SWIDTH 419 0
DWIDTH 18 0
BBX 14 28 2 0
BITMAP
01E0
01C0
0380
0700
0700
0000
0000
0FC0
3FE0
7FF0
7878
F038
E03C
E03C
E01C
E01C
E01C
E01C
E01C
E01C
E01C
E03C
E03C
F038
7878
7FF0
3FE0
0FC0
ENDCHAR
STARTCHAR ocircumflex
ENCODING 244
SWIDTH 419 0
DWIDTH 18 0
BBX 14 28 2 0
BITMAP
0780
0F80
0FC0
1CE0
38E0
0010
0000
0FC0
3FE0
7FF0
7878
F038
E03C
E03C
E01C
E01C
E01C
E01C
E01C
E01C
E01C
E03C
E03C
F038
7878
7FF0
3FE0
0FC0
ENDCHAR
STARTCHAR otilde
ENCODING 245
SWIDTH 419 0
DWIDTH 18 0
BBX 14 28 2 0
BITMAP
1E30
3FF0
7FF0
71E0
0000
0000
0000
0FC0
3FE0
7FF0
7878
F038
E03C
E03C
E01C
E01C
E01C
E01C
E01C
E01C
E01C
E03C
E03C
F038
7878
7FF0
3FE0
0FC0
ENDCHAR
STARTCHAR odieresis
ENCODING 246
SWIDTH 419 0
DWIDTH 18 0
BBX 14 28 2 0
BITMAP
3CE0
3CE0
3CE0
0000
0000
0000
0000
0FC0
3FE0
7FF0
7878
F038
E03C
E03C
E01C
E01C
E01C
E01C
E01C
E01C
E01C
E03C
E03C
F038
7878
7FF0
3FE0
0FC0
ENDCHAR
STARTCHAR divide
ENCODING 247
SWIDTH 504 0
DWIDTH 21 0
BBX 17 16 2 2
BITMAP
01C000
01C000
01C000
000000
000000
000000
000000
FFFF80
FFFF80
FFFF80
000000
000000
000000
01C000
01C000
01C000
ENDCHAR
STARTCHAR oslash
ENCODING 248
SWIDTH 461 0
DWIDTH 19 0
BBX 15 22 2 0
BITMAP
0006
07CC
1FFC
3FF8
3C7C
783C
707C
707E
70DE
F0DE
F18E
F18E
F30E
F70E
761E
7C1E
7C1C
783C
3C7C
3FF8
7FF0
E7C0
ENDCHAR
STARTCHAR ugrave
ENCODING 249
SWIDTH 419 0
DWIDTH 18 0
BBX 13 28 2 0
BITMAP
3C00
0E00
0F00
0700
0380
0000
0000
F038
F038
F038
F038
F038
F038
F038
F038
F038
F038
F038
F038
F038
F038
F038
F038
F078
78F8
7FD8
3F98
1F18
ENDCHAR
STARTCHAR uacute
ENCODING 250
SWIDTH 419 0
DWIDTH 18 0
BBX 13 28 2 0
BITMAP
01E0
01C0
0380
0700
0600
0000
0000
F038
F038
F038
F038
F038
F038
F038
F038
F038
F038
F038
F038
F038
F038
F038
F038
F078
78F8
7FD8
3F98
1F18
ENDCHAR
STARTCHAR ucircumflex
ENCODING 251
SWIDTH 419 0
DWIDTH 18 0
BBX 13 28 2 0
BITMAP
0780
0F80
0DC0
1CE0
38F0
0000
0000
F038
F038
F038
F038
F038
F038
F038
F038
F038
F038
F038
F038
F038
F038
F038
F038
F078
78F8
7FF8
3F98
1F18
ENDCHAR
STARTCHAR udieresis
ENCODING 252
SWIDTH 419 0
DWIDTH 18 0
BBX 13 28 2 0
BITMAP
3CE0
3CE0
3CE0
0000
0000
0000
0000
F038
F038
F038
F038
F038
F038
F038
F038
F038
F038
F038
F038
F038
F038
F038
F038
F078
78F8
7FD8
3F98
1F18
ENDCHAR
STARTCHAR yacute
ENCODING 253
SWIDTH 376 0
DWIDTH 16 0
BBX 15 35 0 -7
BITMAP
0070
00E0
01C0
0380
0380
0000
0000
F00E
700E
780E
781E
381C
381C
3C1C
1C1C
1C38
1C38
0E38
0E30
0E70
0F70
0770
0760
07E0
03E0
03E0
03C0
01C0
03C0
0380
0780
0F80
7F00
7E00
7C00
ENDCHAR
STARTCHAR thorn
ENCODING 254
SWIDTH 419 0
DWIDTH 18 0
BBX 14 35 2 -7
BITMAP
F000
F000
F000
F000
F000
F000
F000
F3C0
FFF0
FFF0
F878
F038
F03C
F03C
F01C
F01C
F01C
F01C
F01C
F01C
F01C
F03C
F03C
F838
F878
FFF0
FFE0
F3C0
F000
F000
F000
F000
F000
F000
F000
ENDCHAR
STARTCHAR ydieresis
ENCODING 255
SWIDTH 376 0
DWIDTH 16 0
BBX 15 35 0 -7
BITMAP
1E70
1E70
1E70
0000
0000
0000
0000
F00E
700E
780E
781E
381C
381C
3C1C
1C1C
1C38
1C38
0E38
0E30
0E70
0F70
0770
0760
07E0
03E0
03E0
03C0
01C0
03C0
0380
0780
0F80
7F00
7E00
7C00
ENDCHAR
STARTCHAR Amacron
ENCODING 256
SWIDTH 503 0
DWIDTH 21 0
BBX 21 32 0 0
BITMAP
03FE00
03FE00
03FE00
000000
000000
00F800
00F800
00FC00
01DC00
01DC00
01DC00
03DE00
038E00
038E00
078F00
070F00
070700
0F0780
0F0780
0E0380
0E03C0
1E03C0
1C01C0
1FFFC0
3FFFE0
3FFFE0
3800E0
7800F0
7000F0
700070
F00078
F00078
ENDCHAR
STARTCHAR amacron
ENCODING 257
SWIDTH 419 0
DWIDTH 18 0
BBX 16 27 1 0
BITMAP
1FF8
1FF8
1FF8
0000
0000
0000
07E0
1FF0
3FF8
787C
783C
701C
701C
001C
001C
07FC
1FFC
3FFC
7C1C
701C
F01C
F03C
F03C
F8FC
7FDF
7FDF
1F0F
ENDCHAR
STARTCHAR Abreve
ENCODING 258
SWIDTH 503 0
DWIDTH 21 0
BBX 21 35 0 0
BITMAP
030600
038E00
03FE00
01FC00
00F800
000000
000000
000000
00F800
00F800
00FC00
01DC00
01DC00
01DC00
03DE00
038E00
038E00
078F00
070F00
070700
0F0780
0F0780
0E0380
0E03C0
1E03C0
1C01C0
1FFFC0
3FFFE0
3FFFE0
3800E0
7800F0
7000F0
700070
F00078
F00078
ENDCHAR
STARTCHAR abreve
ENCODING 259
SWIDTH 419 0
DWIDTH 18 0
BBX 16 28 1 0
BITMAP
1C38
1FF0
0FF0
07C0
0000
0000
0000
07E0
1FF0
3FF8
387C
783C
701C
701C
001C
001C
07FC
1FFC
3FFC
7C1C
701C
F01C
F03C
F03C
F8FC
7FDF
7FDF
1F0F
ENDCHAR
STARTCHAR Aogonek
ENCODING 260
SWIDTH 503 0
DWIDTH 21 0
BBX 23 34 0 -7
BITMAP
00F800
00F800
00FC00
01DC00
01DC00
01DE00
03DE00
038E00
038E00
078F00
070F00
070700
0F0780
0E0780
0E0380
0E03C0
1E03C0
1C01C0
1FFFE0
3FFFE0
3FFFE0
3800F0
7800F0
7000F0
700070
F00078
F00078
000038
000030
000070
000078
00007E
00003E
00001E
ENDCHAR
STARTCHAR aogonek
ENCODING 261
SWIDTH 419 0
DWIDTH 18 0
BBX 18 28 1 -7
BITMAP
07E000
1FF000
3FF800
787C00
783C00
701C00
701C00
001C00
001C00
07FC00
1FFC00
3FFC00
7C1C00
701C00
F01C00
F03C00
F03C00
F8FC00
7FDF00
7FDF00
1F0F00
000600
000E00
000E00
000F00
000FC0
0007C0
0003C0
ENDCHAR
STARTCHAR Cacute
ENCODING 262
SWIDTH 544 0
DWIDTH 23 0
BBX 19 35 2 0
BITMAP
001E00
003800
007000
007000
00E000
000000
000000
000000
03F800
0FFF00
1FFF80
3E07C0
7C03C0
7801E0
7001E0
F000E0
F000E0
E000E0
E00000
E00000
E00000
E00000
E00000
E00000
E00000
E000E0
F000E0
F000E0
7001E0
7801E0
7C03C0
3E07C0
1FFF80
0FFF00
03F800
ENDCHAR
STARTCHAR cacute
ENCODING 263
SWIDTH 376 0
DWIDTH 16 0
BBX 14 28 1 0
BITMAP
00F0
01E0
01C0
0380
0700
0000
0000
07C0
1FF0
3FF0
3C78
7838
7038
7038
703C
F000
F000
F000
F000
F000
F03C
7038
7038
7838
7C78
3FF0
1FE0
0FC0
ENDCHAR
STARTCHAR Ccircumflex
ENCODING 264
SWIDTH 544 0
DWIDTH 23 0
BBX 19 35 2 0
BITMAP
00E000
01F000
03B000
03B800
071C00
071C00
000000
000000
03F800
0FFF00
1FFF80
3E07C0
7C03C0
7801E0
7001E0
F000E0
F000E0
E000E0
E00000
E00000
E00000
E00000
E00000
E00000
E00000
E000E0
F000E0
F000E0
7001E0
7801E0
7C03C0
3E07C0
1FFF80
0FFF00
03F800
ENDCHAR
STARTCHAR ccircumflex
ENCODING 265
SWIDTH 376 0
DWIDTH 16 0
BBX 14 28 1 0
BITMAP
0780
0F80
0FC0
1CE0
3CF0
0000
0000
07C0
1FF0
3FF0
3C78
7838
7038
7038
703C
F000
F000
F000
F000
F000
F03C
7038
7038
7838
7C78
3FF0
1FE0
0FC0
ENDCHAR
STARTCHAR Cdotaccent
ENCODING 266
SWIDTH 544 0
DWIDTH 23 0
BBX 19 35 2 0
BITMAP
00E000
00E000
00E000
000000
000000
000000
000000
000000
03F800
0FFF00
1FFF80
3E07C0
7C03C0
7801E0
7001E0
F000E0
F000E0
E000E0
E00000
E00000
E00000
E00000
E00000
E00000
E00000
E000E0
F000E0
F000E0
7001E0
7801E0
7C03C0
3E07C0
1FFF80
0FFF00
03F800
ENDCHAR
STARTCHAR cdotaccent
ENCODING 267
SWIDTH 376 0
DWIDTH 16 0
BBX 14 28 1 0
BITMAP
0780
0780
0780
0000
0000
0000
0000
07C0
1FF0
3FF0
3C78
7838
7038
7038
703C
F000
F000
F000
F000
F000
F03C
7038
7038
7838
7C78
3FF0
1FE0
0FC0
ENDCHAR
STARTCHAR Ccaron
ENCODING 268
SWIDTH 544 0
DWIDTH 23 0
BBX 19 35 2 0
BITMAP
071C00
07B800
03B800
01F000
01F000
00E000
000000
000000
03F800
0FFF00
1FFF80
3E07C0
7C03C0
7801E0
7001E0
F000E0
F000E0
E000E0
E00000
E00000
E00000
E00000
E00000
E00000
E00000
E000E0
F000E0
F000E0
7001E0
7801E0
7C03C0
3E07C0
1FFF80
0FFF00
03F800
ENDCHAR
STARTCHAR ccaron
ENCODING 269
SWIDTH 376 0
DWIDTH 16 0
BBX 14 28 1 0
BITMAP
3CF0
1CE0
0FC0
0FC0
0780
0000
0000
07C0
1FF0
3FF0
3C78
7838
7038
7038
703C
F000
F000
F000
F000
F000
F03C
7038
7038
7838
7C78
3FF0
1FE0
0FC0
ENDCHAR
STARTCHAR Dcaron
ENCODING 270
SWIDTH 544 0
DWIDTH 23 0
BBX 18 35 3 0
BITMAP
0E3800
0E3800
077000
076000
03E000
01C000
000000
000000
FFE000
FFF800
FFFE00
E03E00
E00F00
E00780
E00780
E00380
E003C0
E003C0
E003C0
E003C0
E003C0
E003C0
E003C0
E003C0
E003C0
E003C0
E00380
E00380
E00780
E00700
E00F00
E03E00
FFFC00
FFF800
FFE000
ENDCHAR
STARTCHAR dcaron
ENCODING 271
SWIDTH 464 0
DWIDTH 19 0
BBX 19 28 2 0
BITMAP
003800
0039E0
0039E0
0039E0
0039E0
0038C0
0038C0
1F38C0
3FB980
7FF980
78F800
F07800
E03800
E03800
E03800
E03800
E03800
E03800
E03800
E03800
E03800
E03800
E03800
F07800
78F800
7FF800
3FD800
1F1800
ENDCHAR
STARTCHAR Dcroat
ENCODING 272
SWIDTH 544 0
DWIDTH 23 0
BBX 21 27 0 0
BITMAP
1FFC00
1FFF00
1FFFC0
1C07C0
1C01E0
1C00F0
1C00F0
1C0070
1C0078
1C0078
1C0078
1C0078
FFF078
FFF078
FFF078
1C0078
1C0078
1C0078
1C0070
1C0070
1C00F0
1C00E0
1C01E0
1C07C0
1FFF80
1FFF00
1FFC00
ENDCHAR
STARTCHAR dcroat
ENCODING 273
SWIDTH 416 0
DWIDTH 17 0
BBX 16 28 2 0
BITMAP
0038
0038
03FF
03FF
03FF
0038
0038
1F38
3FB8
7FF8
78F8
F078
E038
E038
E038
E038
E038
E038
E038
E038
E038
E038
E038
F078
78F8
7FD8
3F98
1F18
ENDCHAR
STARTCHAR Emacron
ENCODING 274
SWIDTH 503 0
DWIDTH 21 0
BBX 16 32 3 0
BITMAP
1FF0
1FF0
1FF0
0000
0000
FFFF
FFFF
FFFF
E000
E000
E000
E000
E000
E000
E000
E000
E000
FFFC
FFFC
FFFC
E000
E000
E000
E000
E000
E000
E000
E000
E000
FFFF
FFFF
FFFF
ENDCHAR
STARTCHAR emacron
ENCODING 275
SWIDTH 419 0
DWIDTH 18 0
BBX 14 27 2 0
BITMAP
3FF0
3FF0
3FF0
0000
0000
0000
0FC0
3FF0
3FF8
7878
F038
E03C
E01C
E01C
FFFC
FFFC
FFFC
E000
E000
E01C
E01C
F03C
F038
7878
7FF8
3FF0
0FC0
ENDCHAR
STARTCHAR Ebreve
ENCODING 276
SWIDTH 503 0
DWIDTH 21 0
BBX 16 35 3 0
BITMAP
1830
1C70
1FF0
0FE0
07C0
0000
0000
0000
FFFF
FFFF
FFFF
E000
E000
E000
E000
E000
E000
E000
E000
E000
FFFC
FFFC
FFFC
E000
E000
E000
E000
E000
E000
E000
E000
E000
FFFF
FFFF
FFFF
ENDCHAR
STARTCHAR ebreve
ENCODING 277
SWIDTH 419 0
DWIDTH 18 0
BBX 14 28 2 0
BITMAP
3870
3FE0
1FE0
0F80
0000
0000
0000
0FC0
3FF0
3FF8
7878
F038
E03C
E01C
E01C
FFFC
FFFC
FFFC
E000
E000
E01C
E01C
F03C
F038
7878
7FF8
3FF0
0FC0
ENDCHAR
STARTCHAR Edotaccent
ENCODING 278
SWIDTH 503 0
DWIDTH 21 0
BBX 16 34 3 0
BITMAP
0380
0380
0380
0000
0000
0000
0000
FFFF
FFFF
FFFF
E000
E000
E000
E000
E000
E000
E000
E000
E000
FFFC
FFFC
FFFC
E000
E000
E000
E000
E000
E000
E000
E000
E000
FFFF
FFFF
FFFF
ENDCHAR
STARTCHAR edotaccent
ENCODING 279
SWIDTH 419 0
DWIDTH 18 0
BBX 14 28 2 0
BITMAP
0780
0780
0780
0000
0000
0000
0000
0FC0
3FF0
3FF8
7878
F038
E03C
E01C
E01C
FFFC
FFFC
FFFC
E000
E000
E01C
E01C
F03C
F038
7878
7FF8
3FF0
0FC0
ENDCHAR
STARTCHAR Eogonek
ENCODING 280
SWIDTH 503 0
DWIDTH 21 0
BBX 18 34 3 -7
BITMAP
FFFF00
FFFF00
FFFF00
E00000
E00000
E00000
E00000
E00000
E00000
E00000
E00000
E00000
FFFC00
FFFC00
FFFC00
E00000
E00000
E00000
E00000
E00000
E00000
E00000
E00000
E00000
FFFF00
FFFF00
FFFF00
000700
000600
000E00
000F00
000FC0
0007C0
0003C0
ENDCHAR
STARTCHAR eogonek
ENCODING 281
SWIDTH 419 0
DWIDTH 18 0
BBX 14 28 2 -7
BITMAP
0FC0
3FF0
3FF0
7878
F038
F03C
E03C
E01C
E01C
FFFC
FFFC
FFFC
E000
E000
E01C
F01C
F03C
7878
7FF8
3FF0
0FC0
01C0
0180
0380
03C0
03F0
01F0
00F0
ENDCHAR
STARTCHAR Ecaron
ENCODING 282
SWIDTH 503 0
DWIDTH 21 0
BBX 16 35 3 0
BITMAP
1C70
1C70
0EE0
06E0
07C0
0380
0000
0000
FFFF
FFFF
FFFF
E000
E000
E000
E000
E000
E000
E000
E000
E000
FFFC
FFFC
FFFC
E000
E000
E000
E000
E000
E000
E000
E000
E000
FFFF
FFFF
FFFF
ENDCHAR
STARTCHAR ecaron
ENCODING 283
SWIDTH 419 0
DWIDTH 18 0
BBX 14 28 2 0
BITMAP
38F0
1CE0
0FC0
0F80
0780
0000
0000
0FC0
3FF0
3FF8
7878
F038
E03C
E01C
E01C
FFFC
FFFC
FFFC
E000
E000
E01C
E01C
F03C
F038
7878
7FF8
3FF0
0FC0
ENDCHAR
STARTCHAR Gcircumflex
ENCODING 284
SWIDTH 587 0
DWIDTH 25 0
BBX 20 35 2 0
BITMAP
007000
00F800
01F800
01DC00
038E00
038E00
000000
000000
01FC00
07FF00
0FFFC0
1F07C0
3C01E0
7800F0
7800F0
7000F0
F00070
F00000
F00000
E00000
E00000
E03FF0
E03FF0
E03FF0
F00070
F00070
F00070
7000F0
7800F0
7800F0
3C01F0
3F07F0
1FFFF0
07FF30
01F830
ENDCHAR
STARTCHAR gcircumflex
ENCODING 285
SWIDTH 419 0
DWIDTH 18 0
BBX 17 35 0 -7
BITMAP
01E000
03E000
03F000
073800
0E3B80
000780
000700
03EF00
0FFE00
1FFC00
1E3C00
3C1E00
380E00
380E00
380E00
380E00
3C1E00
1E3E00
0FFC00
0FF800
3FF000
380000
380000
780000
380000
3FFE00
1FFF00
7FFF80
700780
700380
F00380
700780
7FFF00
3FFF00
1FFC00
ENDCHAR
STARTCHAR Gbreve
ENCODING 286
SWIDTH 587 0
DWIDTH 25 0
BBX 20 35 2 0
BITMAP
030E00
03FE00
01FC00
00F800
000000
000000
000000
000000
01FC00
07FF00
0FFFC0
1F07C0
3C01E0
7800F0
7800F0
7000F0
F00070
F00000
F00000
E00000
E00000
E03FF0
E03FF0
E03FF0
F00070
F00070
F00070
7000F0
7800F0
7800F0
3C01F0
3F07F0
1FFFF0
07FF30
01F830
ENDCHAR
STARTCHAR gbreve
ENCODING 287
SWIDTH 419 0
DWIDTH 18 0
BBX 17 35 0 -7
BITMAP
0E1C00
0FF800
07F800
03E000
000380
000380
000700
03EF00
0FFE00
1FFC00
1E3C00
3C1E00
380E00
380E00
380E00
380E00
3C1E00
1E3E00
0FFC00
0FF800
3FF000
380000
380000
780000
380000
3FFE00
1FFF00
7FFF80
700780
700380
F00380
700780
7FFF00
3FFF00
1FFC00
ENDCHAR
STARTCHAR Gdotaccent
ENCODING 288
SWIDTH 587 0
DWIDTH 25 0
BBX 20 35 2 0
BITMAP
007000
007000
007000
000000
000000
000000
000000
000000
01FC00
07FF00
0FFFC0
1F07C0
3C01E0
7800F0
7800F0
7000F0
F00070
F00000
F00000
E00000
E00000
E03FF0
E03FF0
E03FF0
F00070
F00070
F00070
7000F0
7800F0
7800F0
3C01F0
3F07F0
1FFFF0
07FF30
01F830
ENDCHAR
STARTCHAR gdotaccent
ENCODING 289
SWIDTH 419 0
DWIDTH 18 0
BBX 17 35 0 -7
BITMAP
01E000
01E000
01E000
000000
000380
000380
000700
03EF00
0FFE00
1FFC00
1E3C00
3C1E00
380E00
380E00
380E00
380E00
3C1E00
1E3E00
0FFC00
0FF800
3FF000
380000
380000
780000
380000
3FFE00
1FFF00
7FFF80
700780
700380
F00380
700780
7FFF00
3FFF00
1FFC00
ENDCHAR
STARTCHAR Gcommaaccent
ENCODING 290
SWIDTH 587 0
DWIDTH 25 0
BBX 20 35 2 -8
BITMAP
01FC00
07FF00
0FFFC0
1F07C0
3C01E0
7800F0
7800F0
7000F0
F00070
F00000
F00000
E00000
E00000
E03FF0
E03FF0
E03FF0
F00070
F00070
F00070
7000F0
7800F0
7800F0
3C01F0
3F07F0
1FFFF0
07FF30
01F830
000000
000000
007000
007000
007000
003000
002000
006000
ENDCHAR
STARTCHAR gcommaaccent
ENCODING 291
SWIDTH 419 0
DWIDTH 18 0
BBX 17 37 0 -7
BITMAP
008000
018000
018000
01C000
01C000
01C380
000380
000380
000700
03EF00
0FFE00
1FFC00
1E3C00
3C1E00
380E00
380E00
380E00
380E00
3C1E00
1E3E00
0FFC00
0FF800
3FF000
380000
380000
780000
380000
3FFE00
1FFF00
7FFF80
700780
700380
F00380
700780
7FFF00
3FFF00
1FFC00
ENDCHAR
STARTCHAR Hcircumflex
ENCODING 292
SWIDTH 544 0
DWIDTH 23 0
BBX 17 35 3 0
BITMAP
01C000
03E000
03E000
077000
0F7000
0E3800
000000
000000
E00380
E00380
E00380
E00380
E00380
E00380
E00380
E00380
E00380
E00380
E00380
E00380
FFFF80
FFFF80
FFFF80
E00380
E00380
E00380
E00380
E00380
E00380
E00380
E00380
E00380
E00380
E00380
E00380
ENDCHAR
STARTCHAR hcircumflex
ENCODING 293
SWIDTH 419 0
DWIDTH 18 0
BBX 16 35 -1 0
BITMAP
1E00
1E00
3F00
3F00
7380
F3C0
0000
1E00
1E00
1E00
1E00
1E00
1E00
1E00
1E7C
1EFE
1FFF
1F8F
1F07
1E07
1E07
1E07
1E07
1E07
1E07
1E07
1E07
1E07
1E07
1E07
1E07
1E07
1E07
1E07
1E07
ENDCHAR
STARTCHAR Hbar
ENCODING 294
SWIDTH 544 0
DWIDTH 23 0
BBX 21 27 1 0
BITMAP
3800E0
3800E0
3800E0
3800E0
3800E0
FFFFF8
FFFFF8
FFFFF8
3800E0
3800E0
3800E0
3800E0
3FFFE0
3FFFE0
3FFFE0
3800E0
3800E0
3800E0
3800E0
3800E0
3800E0
3800E0
3800E0
3800E0
3800E0
3800E0
3800E0
ENDCHAR
STARTCHAR hbar
ENCODING 295
SWIDTH 419 0
DWIDTH 18 0
BBX 15 28 0 0
BITMAP
3C00
3C00
FFC0
FFC0
FFC0
3C00
3C00
3CF8
3DFC
3FFE
3F1E
3E0E
3C0E
3C0E
3C0E
3C0E
3C0E
3C0E
3C0E
3C0E
3C0E
3C0E
3C0E
3C0E
3C0E
3C0E
3C0E
3C0E
ENDCHAR
STARTCHAR Itilde
ENCODING 296
SWIDTH 210 0
DWIDTH 9 0
BBX 11 35 -1 0
BITMAP
7860
7CE0
FFE0
C7C0
C380
0000
0000
0000
0E00
0E00
0E00
0E00
0E00
0E00
0E00
0E00
0E00
0E00
0E00
0E00
0E00
0E00
0E00
0E00
0E00
0E00
0E00
0E00
0E00
0E00
0E00
0E00
0E00
0E00
0E00
ENDCHAR
STARTCHAR itilde
ENCODING 297
SWIDTH 210 0
DWIDTH 9 0
BBX 11 28 -1 0
BITMAP
7860
FFE0
FFC0
C380
0000
0000
0000
0E00
0E00
0E00
0E00
0E00
0E00
0E00
0E00
0E00
0E00
0E00
0E00
0E00
0E00
0E00
0E00
0E00
0E00
0E00
0E00
0E00
ENDCHAR
STARTCHAR Imacron
ENCODING 298
SWIDTH 210 0
DWIDTH 9 0
BBX 9 32 0 0
BITMAP
FF80
FF80
FF80
0000
0000
1C00
1C00
1C00
1C00
1C00
1C00
1C00
1C00
1C00
1C00
1C00
1C00
1C00
1C00
1C00
1C00
1C00
1C00
1C00
1C00
1C00
1C00
1C00
1C00
1C00
1C00
1C00
ENDCHAR
STARTCHAR imacron
ENCODING 299
SWIDTH 210 0
DWIDTH 9 0
BBX 9 26 0 0
BITMAP
FF80
FF80
FF80
0000
0000
1C00
1C00
1C00
1C00
1C00
1C00
1C00
1C00
1C00
1C00
1C00
1C00
1C00
1C00
1C00
1C00
1C00
1C00
1C00
1C00
1C00
ENDCHAR
STARTCHAR Ibreve
ENCODING 300
SWIDTH 210 0
DWIDTH 9 0
BBX 9 35 0 0
BITMAP
C180
E380
FF80
7F00
3E00
0000
0000
0000
1C00
1C00
1C00
1C00
1C00
1C00
1C00
1C00
1C00
1C00
1C00
1C00
1C00
1C00
1C00
1C00
1C00
1C00
1C00
1C00
1C00
1C00
1C00
1C00
1C00
1C00
1C00
ENDCHAR
STARTCHAR ibreve
ENCODING 301
SWIDTH 210 0
DWIDTH 9 0
BBX 9 28 0 0
BITMAP
E380
FF80
7F00
3E00
0000
0000
0000
1C00
1C00
1C00
1C00
1C00
1C00
1C00
1C00
1C00
1C00
1C00
1C00
1C00
1C00
1C00
1C00
1C00
1C00
1C00
1C00
1C00
ENDCHAR
STARTCHAR Iogonek
ENCODING 302
SWIDTH 210 0
DWIDTH 9 0
BBX 6 34 2 -7
BITMAP
70
70
70
70
70
70
70
70
70
70
70
70
70
70
70
70
70
70
70
70
70
70
70
70
70
70
70
70
60
E0
F0
FC
7C
3C
ENDCHAR
STARTCHAR iogonek
ENCODING 303
SWIDTH 167 0
DWIDTH 7 0
BBX 6 35 1 -7
BITMAP
70
70
70
00
00
00
00
70
70
70
70
70
70
70
70
70
70
70
70
70
70
70
70
70
70
70
70
70
70
60
E0
F0
FC
7C
3C
ENDCHAR
STARTCHAR Idotaccent
ENCODING 304
SWIDTH 210 0
DWIDTH 9 0
BBX 3 34 3 0
BITMAP
E0
E0
E0
00
00
00
00
E0
E0
E0
E0
E0
E0
E0
E0
E0
E0
E0
E0
E0
E0
E0
E0
E0
E0
E0
E0
E0
E0
E0
E0
E0
E0
E0
ENDCHAR
STARTCHAR dotlessi
ENCODING 305
SWIDTH 210 0
DWIDTH 9 0
BBX 3 21 3 0
BITMAP
E0
E0
E0
E0
E0
E0
E0
E0
E0
E0
E0
E0
E0
E0
E0
E0
E0
E0
E0
E0
E0
ENDCHAR
STARTCHAR IJ
ENCODING 306
SWIDTH 587 0
DWIDTH 25 0
BBX 19 27 3 0
BITMAP
E000E0
E000E0
E000E0
E000E0
E000E0
E000E0
E000E0
E000E0
E000E0
E000E0
E000E0
E000E0
E000E0
E000E0
E000E0
E000E0
E000E0
E000E0
E000E0
E3C0E0
E3C0E0
E3C0E0
E1C1E0
E1E3E0
E1FFC0
E0FF80
E03F00
ENDCHAR
STARTCHAR ij
ENCODING 307
SWIDTH 335 0
DWIDTH 14 0
BBX 10 35 2 -7
BITMAP
E1C0
E1C0
E1C0
E1C0
0000
0000
0000
E1C0
E1C0
E1C0
E1C0
E1C0
E1C0
E1C0
E1C0
E1C0
E1C0
E1C0
E1C0
E1C0
E1C0
E1C0
E1C0
E1C0
E1C0
E1C0
E1C0
E1C0
01C0
01C0
01C0
01C0
1FC0
1F80
1F00
ENDCHAR
STARTCHAR Jcircumflex
ENCODING 308
SWIDTH 376 0
DWIDTH 16 0
BBX 16 35 0 0
BITMAP
0038
007C
007E
00EE
01C7
01C7
0000
0000
0038
0038
0038
0038
0038
0038
0038
0038
0038
0038
0038
0038
0038
0038
0038
0038
0038
0038
0038
F038
F038
7038
7078
7878
7FF0
3FE0
0FC0
ENDCHAR
STARTCHAR jcircumflex
ENCODING 309
SWIDTH 167 0
DWIDTH 7 0
BBX 10 35 -2 -7
BITMAP
0E00
1F00
3B80
3980
71C0
0000
0000
0E00
0E00
0E00
0E00
0E00
0E00
0E00
0E00
0E00
0E00
0E00
0E00
0E00
0E00
0E00
0E00
0E00
0E00
0E00
0E00
0E00
0E00
0E00
0E00
1E00
FE00
FC00
F800
ENDCHAR
STARTCHAR Kcommaaccent
ENCODING 310
SWIDTH 503 0
DWIDTH 21 0
BBX 18 35 3 -8
BITMAP
E00780
E00F00
E00F00
E01E00
E03C00
E03800
E07800
E0F000
E1E000
E1E000
E3C000
E7C000
E7C000
EFE000
FEE000
FCF000
F87000
F07800
E03800
E03C00
E01C00
E01E00
E00E00
E00F00
E00700
E00780
E003C0
000000
000000
000000
038000
038000
038000
018000
038000
ENDCHAR
STARTCHAR kcommaaccent
ENCODING 311
SWIDTH 376 0
DWIDTH 16 0
BBX 14 36 2 -8
BITMAP
F000
F000
F000
F000
F000
F000
F000
F03C
F078
F0F0
F0E0
F1C0
F3C0
F380
F700
FF00
FF00
FF00
FF80
FBC0
F1C0
F1E0
F0E0
F0F0
F070
F078
F038
F03C
0000
0000
0000
0F00
0F00
0F00
0600
0600
ENDCHAR
STARTCHAR kgreenlandic
ENCODING 312
SWIDTH 375 0
DWIDTH 16 0
BBX 14 21 2 0
BITMAP
F03C
F078
F0F0
F0E0
F1C0
F3C0
F380
F700
FF00
FF00
FF00
FF80
FBC0
F1C0
F1E0
F0E0
F0F0
F070
F078
F038
F03C
ENDCHAR
STARTCHAR Lacute
ENCODING 313
SWIDTH 419 0
DWIDTH 18 0
BBX 15 35 2 0
BITMAP
1E00
1C00
3800
7000
7000
E000
0000
0000
7000
7000
7000
7000
7000
7000
7000
7000
7000
7000
7000
7000
7000
7000
7000
7000
7000
7000
7000
7000
7000
7000
7000
7000
7FFE
7FFE
7FFE
ENDCHAR
STARTCHAR lacute
ENCODING 314
SWIDTH 167 0
DWIDTH 7 0
BBX 7 35 1 0
BITMAP
0E
1C
38
38
70
E0
00
70
70
70
70
70
70
70
70
70
70
70
70
70
70
70
70
70
70
70
70
70
70
70
70
70
70
70
70
ENDCHAR
STARTCHAR Lcommaaccent
ENCODING 315
SWIDTH 419 0
DWIDTH 18 0
BBX 14 35 3 -8
BITMAP
E000
E000
E000
E000
E000
E000
E000
E000
E000
E000
E000
E000
E000
E000
E000
E000
E000
E000
E000
E000
E000
E000
E000
E000
FFFC
FFFC
FFFC
0000
0000
0000
0F00
0F00
0F00
0600
0600
ENDCHAR
STARTCHAR lcommaaccent
ENCODING 316
SWIDTH 167 0
DWIDTH 7 0
BBX 3 36 2 -8
BITMAP
E0
E0
E0
E0
E0
E0
E0
E0
E0
E0
E0
E0
E0
E0
E0
E0
E0
E0
E0
E0
E0
E0
E0
E0
E0
E0
E0
E0
00
00
00
E0
E0
E0
60
C0
ENDCHAR
STARTCHAR Lcaron
ENCODING 317
SWIDTH 419 0
DWIDTH 18 0
BBX 14 27 3 0
BITMAP
E078
E078
E078
E078
E018
E038
E030
E030
E070
E000
E000
E000
E000
E000
E000
E000
E000
E000
E000
E000
E000
E000
E000
E000
FFFC
FFFC
FFFC
ENDCHAR
STARTCHAR lcaron
ENCODING 318
SWIDTH 219 0
DWIDTH 9 0
BBX 9 28 2 0
BITMAP
E000
E780
E780
E780
E780
E300
E300
E700
E600
E600
E000
E000
E000
E000
E000
E000
E000
E000
E000
E000
E000
E000
E000
E000
E000
E000
E000
E000
ENDCHAR
STARTCHAR Ldot
ENCODING 319
SWIDTH 419 0
DWIDTH 18 0
BBX 14 27 3 0
BITMAP
E000
E000
E000
E000
E000
E000
E0F0
E0F0
E0F0
E0F0
E000
E000
E000
E000
E000
E000
E000
E000
E000
E000
E000
E000
E000
E000
FFFC
FFFC
FFFC
ENDCHAR
STARTCHAR ldot
ENCODING 320
SWIDTH 297 0
DWIDTH 12 0
BBX 9 28 2 0
BITMAP
E000
E000
E000
E000
E000
E000
E000
E000
E000
E000
E000
E000
E000
E780
E780
E780
E780
E000
E000
E000
E000
E000
E000
E000
E000
E000
E000
E000
ENDCHAR
STARTCHAR Lslash
ENCODING 321
SWIDTH 419 0
DWIDTH 18 0
BBX 17 27 0 0
BITMAP
1C0000
1C0000
1C0000
1C0000
1C0000
1C0000
1C0000
1C2000
1C6000
1CE000
1DC000
1F8000
1F0000
1E0000
1C0000
3C0000
7C0000
FC0000
DC0000
9C0000
1C0000
1C0000
1C0000
1C0000
1FFF80
1FFF80
1FFF80
ENDCHAR
STARTCHAR lslash
ENCODING 322
SWIDTH 167 0
DWIDTH 7 0
BBX 9 28 -1 0
BITMAP
1C00
1C00
1C00
1C00
1C00
1C00
1C00
1C00
1C00
1C00
1C80
1C80
1D80
1F80
1F00
1C00
3C00
7C00
FC00
DC00
9C00
1C00
1C00
1C00
1C00
1C00
1C00
1C00
ENDCHAR
STARTCHAR Nacute
ENCODING 323
SWIDTH 544 0
DWIDTH 23 0
BBX 17 35 3 0
BITMAP
007800
007000
00E000
01E000
01C000
038000
000000
000000
E00380
E00380
F00380
F80380
F80380
FC0380
FC0380
FE0380
EF0380
EF0380
E78380
E78380
E3C380
E3C380
E1E380
E0F380
E0F380
E07B80
E07B80
E03F80
E01F80
E01F80
E00F80
E00F80
E00780
E00780
E00380
ENDCHAR
STARTCHAR nacute
ENCODING 324
SWIDTH 419 0
DWIDTH 18 0
BBX 13 28 2 0
BITMAP
01E0
01C0
0380
0700
0700
0000
0000
E3E0
EFF0
EFF8
FC78
F838
F038
F038
F038
F038
F038
F038
F038
F038
F038
F038
F038
F038
F038
F038
F038
F038
ENDCHAR
STARTCHAR Ncommaaccent
ENCODING 325
SWIDTH 544 0
DWIDTH 23 0
BBX 17 35 3 -8
BITMAP
E00380
E00380
F00380
F80380
F80380
FC0380
FC0380
FE0380
EF0380
EF0380
E78380
E78380
E3C380
E3C380
E1E380
E0F380
E0F380
E07B80
E07B80
E03F80
E01F80
E01F80
E00F80
E00F80
E00780
E00780
E00380
000000
000000
000000
01C000
01C000
01C000
00C000
018000
ENDCHAR
STARTCHAR ncommaaccent
ENCODING 326
SWIDTH 419 0
DWIDTH 18 0
BBX 13 29 2 -8
BITMAP
E3E0
EFF0
EFF8
FC78
F838
F038
F038
F038
F038
F038
F038
F038
F038
F038
F038
F038
F038
F038
F038
F038
F038
0000
0000
0000
0780
0780
0780
0300
0300
ENDCHAR
STARTCHAR Ncaron
ENCODING 327
SWIDTH 544 0
DWIDTH 23 0
BBX 17 35 3 0
BITMAP
0E3800
0E3800
077000
076000
03E000
01C000
000000
000000
E00380
E00380
F00380
F80380
F80380
FC0380
FC0380
FE0380
EF0380
EF0380
E78380
E78380
E3C380
E3C380
E1E380
E0F380
E0F380
E07B80
E07B80
E03F80
E01F80
E01F80
E00F80
E00F80
E00780
E00780
E00380
ENDCHAR
STARTCHAR ncaron
ENCODING 328
SWIDTH 419 0
DWIDTH 18 0
BBX 13 28 2 0
BITMAP
38F0
1CE0
0FC0
0F80
0780
0000
0000
E3E0
EFF0
EFF8
FC78
F838
F038
F038
F038
F038
F038
F038
F038
F038
F038
F038
F038
F038
F038
F038
F038
F038
ENDCHAR
STARTCHAR napostrophe
ENCODING 329
SWIDTH 527 0
DWIDTH 22 0
BBX 18 27 2 0
BITMAP
E00000
E00000
E00000
600000
600000
C00000
063E00
067F80
07FF80
07C380
0783C0
0781C0
0701C0
0701C0
0701C0
0701C0
0701C0
0701C0
0701C0
0701C0
0701C0
0701C0
0701C0
0701C0
0701C0
0701C0
0701C0
ENDCHAR
STARTCHAR Eng
ENCODING 330
SWIDTH 544 0
DWIDTH 23 0
BBX 17 34 3 -7
BITMAP
E00380
E00380
F00380
F80380
F80380
FC0380
FC0380
FE0380
EF0380
EF0380
E78380
E78380
E3C380
E3C380
E1E380
E0F380
E0F380
E07B80
E07B80
E03F80
E01F80
E01F80
E00F80
E00F80
E00780
E00780
E00380
000380
000380
000380
000380
003F80
003F00
003E00
ENDCHAR
STARTCHAR eng
ENCODING 331
SWIDTH 419 0
DWIDTH 18 0
BBX 13 28 2 -7
BITMAP
E3E0
EFF0
EFF8
FC78
F838
F038
F038
F038
F038
F038
F038
F038
F038
F038
F038
F038
F038
F038
F038
F038
F038
0038
0038
0038
0038
01F8
01F0
01E0
ENDCHAR
STARTCHAR Omacron
ENCODING 332
SWIDTH 587 0
DWIDTH 25 0
BBX 21 33 2 0
BITMAP
07FE00
07FE00
07FE00
000000
000000
000000
01FC00
07FF00
1FFF80
1F07C0
3C03E0
7801E0
7800F0
7000F0
F00070
F00070
F00078
E00078
E00078
E00078
E00078
E00078
F00078
F00070
F00070
7000F0
7800F0
7801E0
3C01E0
1F07C0
1FFF80
07FF00
01FC00
ENDCHAR
STARTCHAR omacron
ENCODING 333
SWIDTH 419 0
DWIDTH 18 0
BBX 14 27 2 0
BITMAP
3FF0
3FF0
3FF0
0000
0000
0000
0FC0
3FE0
7FF0
7878
F038
E03C
E03C
E01C
E01C
E01C
E01C
E01C
E01C
E01C
E03C
E03C
F038
7878
7FF0
3FE0
0FC0
ENDCHAR
STARTCHAR Obreve
ENCODING 334
SWIDTH 587 0
DWIDTH 25 0
BBX 21 35 2 0
BITMAP
030E00
03FE00
01FC00
00F800
000000
000000
000000
000000
01FC00
07FF00
1FFF80
1F07C0
3C03E0
7801E0
7800F0
7000F0
F00070
F00070
F00078
E00078
E00078
E00078
E00078
E00078
F00078
F00070
F00070
7000F0
7800F0
7801E0
3C01E0
1F07C0
1FFF80
07FF00
01FC00
ENDCHAR
STARTCHAR obreve
ENCODING 335
SWIDTH 419 0
DWIDTH 18 0
BBX 14 28 2 0
BITMAP
3870
3FE0
1FE0
0F80
0000
0000
0000
0FC0
3FE0
7FF0
7878
F038
E03C
E03C
E01C
E01C
E01C
E01C
E01C
E01C
E01C
E03C
E03C
F038
7878
7FF0
3FE0
0FC0
ENDCHAR
STARTCHAR Ohungarumlaut
ENCODING 336
SWIDTH 587 0
DWIDTH 25 0
BBX 21 35 2 0
BITMAP
0073C0
00F780
00E700
01CE00
01CE00
000000
000000
000000
01FC00
07FF00
1FFF80
1F07C0
3C03E0
7801E0
7800F0
7000F0
F00070
F00070
F00078
E00078
E00078
E00078
E00078
E00078
F00078
F00070
F00070
7000F0
7800F0
7801E0
3C01E0
1F07C0
1FFF80
07FF00
01FC00
ENDCHAR
STARTCHAR ohungarumlaut
ENCODING 337
SWIDTH 419 0
DWIDTH 18 0
BBX 14 28 2 0
BITMAP
07BC
0738
0E78
0E70
1CE0
0000
0000
0FC0
3FE0
7FF0
7878
F038
E03C
E03C
E01C
E01C
E01C
E01C
E01C
E01C
E01C
E03C
E03C
F038
7878
7FF0
3FE0
0FC0
ENDCHAR
STARTCHAR OE
ENCODING 338
SWIDTH 754 0
DWIDTH 32 0
BBX 28 27 2 0
BITMAP
03E3FFF0
0FFBFFF0
1FFFFFF0
3E1FC000
3C0FC000
7807C000
7007C000
F003C000
F003C000
F003C000
F003C000
E003FFC0
E003FFC0
E003FFC0
E003C000
E003C000
F003C000
F003C000
F003C000
F003C000
7007C000
7807C000
7C0FC000
3E1FC000
1FFFFFF0
0FFBFFF0
03E3FFF0
ENDCHAR
STARTCHAR oe
ENCODING 339
SWIDTH 711 0
DWIDTH 30 0
BBX 26 21 2 0
BITMAP
0FC0FC00
1FF3FE00
3FFFFF00
787F8780
703F0380
701E0380
F01E0380
E01E03C0
E01FFFC0
E01FFFC0
E01FFFC0
E01E0000
E01E0000
F01E03C0
F01E03C0
701E0380
783F0380
7C7F8780
3FFFFF00
1FF3FE00
0FC0FC00
ENDCHAR
STARTCHAR Racute
ENCODING 340
SWIDTH 544 0
DWIDTH 23 0
BBX 19 35 3 0
BITMAP
007000
00E000
01E000
01C000
038000
070000
000000
000000
FFFC00
FFFF00
FFFF80
E00780
E003C0
E003C0
E001C0
E001C0
E001C0
E003C0
E003C0
E00F80
FFFF00
FFFE00
FFFC00
E03C00
E01C00
E01E00
E00E00
E00F00
E00F00
E00780
E00780
E00380
E003C0
E001C0
E001E0
ENDCHAR
STARTCHAR racute
ENCODING 341
SWIDTH 251 0
DWIDTH 11 0
BBX 9 28 1 0
BITMAP
1E00
1C00
3800
7000
E000
0000
0000
7380
7780
7F80
7C00
7800
7800
7800
7800
7800
7800
7800
7800
7800
7800
7800
7800
7800
7800
7800
7800
7800
ENDCHAR
STARTCHAR Rcommaaccent
ENCODING 342
SWIDTH 544 0
DWIDTH 23 0
BBX 19 35 3 -8
BITMAP
FFFC00
FFFF00
FFFF80
E00780
E003C0
E003C0
E001C0
E001C0
E001C0
E003C0
E003C0
E00F80
FFFF00
FFFE00
FFFC00
E03C00
E01C00
E01E00
E00E00
E00F00
E00F00
E00780
E00780
E00380
E003C0
E001C0
E001E0
000000
000000
000000
01C000
01C000
01C000
00C000
018000
ENDCHAR
STARTCHAR rcommaaccent
ENCODING 343
SWIDTH 251 0
DWIDTH 11 0
BBX 8 29 2 -8
BITMAP
E7
EF
FF
F8
F0
F0
F0
F0
F0
F0
F0
F0
F0
F0
F0
F0
F0
F0
F0
F0
F0
00
00
00
70
70
70
30
60
ENDCHAR
STARTCHAR Rcaron
ENCODING 344
SWIDTH 544 0
DWIDTH 23 0
BBX 19 35 3 0
BITMAP
0E3800
0E3800
077000
076000
03E000
01C000
000000
000000
FFFC00
FFFF00
FFFF80
E00780
E003C0
E003C0
E001C0
E001C0
E001C0
E003C0
E003C0
E00F80
FFFF00
FFFE00
FFFC00
E03C00
E01C00
E01E00
E00E00
E00F00
E00F00
E00780
E00780
E00380
E003C0
E001C0
E001E0
ENDCHAR
STARTCHAR rcaron
ENCODING 345
SWIDTH 251 0
DWIDTH 11 0
BBX 10 28 0 0
BITMAP
E3C0
7380
7700
3E00
1E00
0000
0000
39C0
3BC0
3FC0
3E00
3C00
3C00
3C00
3C00
3C00
3C00
3C00
3C00
3C00
3C00
3C00
3C00
3C00
3C00
3C00
3C00
3C00
ENDCHAR
STARTCHAR Sacute
ENCODING 346
SWIDTH 503 0
DWIDTH 21 0
BBX 17 35 2 0
BITMAP
007800
007000
00E000
01C000
038000
000000
000000
000000
07F000
1FFC00
3FFE00
7C1F00
700F00
F00780
F00780
F00780
F00000
F80000
7E0000
3FC000
1FF800
07FE00
01FF00
003F80
000F80
000780
E00380
E00380
E00380
F00380
F00780
7C1F00
7FFF00
1FFE00
07F000
ENDCHAR
STARTCHAR sacute
ENCODING 347
SWIDTH 376 0
DWIDTH 16 0
BBX 13 28 1 0
BITMAP
00E0
01C0
0380
0380
0700
0000
0000
0FC0
3FE0
3FF0
7878
7078
7038
7000
7800
7E00
3FC0
0FE0
03F0
0078
0038
F038
F038
F038
7878
7FF0
3FF0
0FC0
ENDCHAR
STARTCHAR Scircumflex
ENCODING 348
SWIDTH 503 0
DWIDTH 21 0
BBX 17 35 2 0
BITMAP
01C000
03E000
03F000
077000
0E3800
0E3800
000000
000000
07F000
1FFC00
3FFE00
7C1F00
700F00
F00780
F00780
F00780
F00000
F80000
7E0000
3FC000
1FF800
07FE00
01FF00
003F80
000F80
000780
E00380
E00380
E00380
F00380
F00780
7C1F00
7FFF00
1FFE00
07F000
ENDCHAR
STARTCHAR scircumflex
ENCODING 349
SWIDTH 376 0
DWIDTH 16 0
BBX 13 28 1 0
BITMAP
0780
0F80
0FC0
1CE0
3CF0
0000
0000
0FC0
3FE0
3FF0
7878
7078
7038
7000
7800
7E00
3FC0
0FE0
03F0
0078
0038
F038
F038
F038
7878
7FF0
3FF0
0FC0
ENDCHAR
STARTCHAR Scedilla
ENCODING 350
SWIDTH 503 0
DWIDTH 21 0
BBX 17 34 2 -7
BITMAP
07F000
1FFC00
3FFE00
7C1F00
700F00
F00780
F00780
F00780
F00000
F80000
7E0000
3FC000
1FF800
07FE00
01FF00
003F80
000F80
000780
E00380
E00380
E00380
F00380
F00780
FC1F00
7FFF00
3FFE00
0FF800
018000
01E000
01F000
007000
007000
07F000
07E000
ENDCHAR
STARTCHAR scedilla
ENCODING 351
SWIDTH 376 0
DWIDTH 16 0
BBX 13 28 1 -7
BITMAP
0FC0
1FE0
3FF0
78F8
7078
7038
7038
7800
7C00
3F80
1FE0
07F0
01F8
0078
0038
F038
F038
F038
7878
3FF0
1FE0
0700
0600
07C0
01E0
01C0
1FC0
1F80
ENDCHAR
STARTCHAR Scaron
ENCODING 352
SWIDTH 503 0
DWIDTH 21 0
BBX 17 35 2 0
BITMAP
0E3800
077000
077000
03E000
03E000
01C000
000000
000000
07F000
1FFC00
3FFE00
7C1F00
700F00
F00780
F00780
F00780
F00000
F80000
7E0000
3FC000
1FF800
07FE00
01FF00
003F80
000F80
000780
E00380
E00380
E00380
F00380
F00780
7C1F00
7FFF00
1FFE00
07F000
ENDCHAR
STARTCHAR scaron
ENCODING 353
SWIDTH 376 0
DWIDTH 16 0
BBX 13 28 1 0
BITMAP
3CF0
1CE0
0FC0
0FC0
0780
0000
0000
0FC0
3FE0
3FF0
7878
7078
7038
7000
7800
7E00
3FC0
0FE0
03F0
0078
0038
F038
F038
F038
7878
7FF0
3FF0
0FC0
ENDCHAR
STARTCHAR uni0162
ENCODING 354
SWIDTH 461 0
DWIDTH 19 0
BBX 18 34 1 -7
BITMAP
FFFFC0
FFFFC0
FFFFC0
01C000
01C000
01C000
01C000
01C000
01C000
01C000
01C000
01C000
01C000
01C000
01C000
01C000
01C000
01C000
01C000
01C000
01C000
01C000
01C000
01C000
01C000
01C000
01C000
018000
01C000
01F000
007000
007000
07F000
07E000
ENDCHAR
STARTCHAR uni0163
ENCODING 355
SWIDTH 210 0
DWIDTH 9 0
BBX 9 33 0 -7
BITMAP
1800
1800
1800
3800
3800
FF00
FF00
FF00
3800
3800
3800
3800
3800
3800
3800
3800
3800
3800
3800
3800
3800
3800
3C00
1F00
1F00
0F00
0C00
1E00
1F00
0380
0380
3F00
3E00
ENDCHAR
STARTCHAR Tcaron
ENCODING 356
SWIDTH 461 0
DWIDTH 19 0
BBX 18 35 1 0
BITMAP
0E3800
0E3800
077000
03F000
03E000
01C000
000000
000000
FFFFC0
FFFFC0
FFFFC0
01C000
01C000
01C000
01C000
01C000
01C000
01C000
01C000
01C000
01C000
01C000
01C000
01C000
01C000
01C000
01C000
01C000
01C000
01C000
01C000
01C000
01C000
01C000
01C000
ENDCHAR
STARTCHAR tcaron
ENCODING 357
SWIDTH 282 0
DWIDTH 12 0
BBX 14 27 0 0
BITMAP
183C
183C
183C
183C
3818
3818
FF38
FF30
FF30
3800
3800
3800
3800
3800
3800
3800
3800
3800
3800
3800
3800
3800
3800
3C00
1F00
1F00
0F00
ENDCHAR
STARTCHAR Tbar
ENCODING 358
SWIDTH 461 0
DWIDTH 19 0
BBX 18 27 1 0
BITMAP
FFFFC0
FFFFC0
FFFFC0
01C000
01C000
01C000
01C000
01C000
01C000
01C000
01C000
01C000
3FFE00
3FFE00
3FFE00
01C000
01C000
01C000
01C000
01C000
01C000
01C000
01C000
01C000
01C000
01C000
01C000
ENDCHAR
STARTCHAR tbar
ENCODING 359
SWIDTH 210 0
DWIDTH 9 0
BBX 8 27 0 0
BITMAP
18
18
18
18
38
38
FF
FF
FF
38
38
38
38
7F
7F
7F
38
38
38
38
38
38
38
3C
1F
1F
0F
ENDCHAR
STARTCHAR Utilde
ENCODING 360
SWIDTH 544 0
DWIDTH 23 0
BBX 17 35 3 0
BITMAP
0F0C00
1FFC00
1FF800
18F800
000000
000000
000000
000000
E00380
E00380
E00380
E00380
E00380
E00380
E00380
E00380
E00380
E00380
E00380
E00380
E00380
E00380
E00380
E00380
E00380
E00380
E00380
E00380
E00780
F00780
F80F00
7C1F00
3FFE00
1FFC00
07F000
ENDCHAR
STARTCHAR utilde
ENCODING 361
SWIDTH 419 0
DWIDTH 18 0
BBX 13 28 2 0
BITMAP
1E30
3FF0
7FF0
71E0
0000
0000
0000
F038
F038
F038
F038
F038
F038
F038
F038
F038
F038
F038
F038
F038
F038
F038
F038
F078
78F8
7FF8
3F98
1F18
ENDCHAR
STARTCHAR Umacron
ENCODING 362
SWIDTH 544 0
DWIDTH 23 0
BBX 17 33 3 0
BITMAP
0FF800
0FF800
0FF800
000000
000000
000000
E00380
E00380
E00380
E00380
E00380
E00380
E00380
E00380
E00380
E00380
E00380
E00380
E00380
E00380
E00380
E00380
E00380
E00380
E00380
E00380
E00780
F00780
F80F00
7C1F00
3FFE00
1FFC00
07F000
ENDCHAR
STARTCHAR umacron
ENCODING 363
SWIDTH 419 0
DWIDTH 18 0
BBX 13 27 2 0
BITMAP
3FF0
3FF0
3FF0
0000
0000
0000
F038
F038
F038
F038
F038
F038
F038
F038
F038
F038
F038
F038
F038
F038
F038
F038
F078
78F8
7FF8
3F98
1F18
ENDCHAR
STARTCHAR Ubreve
ENCODING 364
SWIDTH 544 0
DWIDTH 23 0
BBX 17 35 3 0
BITMAP
0E3800
0FF800
07F000
03E000
000000
000000
000000
000000
E00380
E00380
E00380
E00380
E00380
E00380
E00380
E00380
E00380
E00380
E00380
E00380
E00380
E00380
E00380
E00380
E00380
E00380
E00380
E00380
E00780
F00780
F80F00
7C1F00
3FFE00
1FFC00
07F000
ENDCHAR
STARTCHAR ubreve
ENCODING 365
SWIDTH 419 0
DWIDTH 18 0
BBX 13 28 2 0
BITMAP
3870
3FE0
1FE0
0F80
0000
0000
0000
F038
F038
F038
F038
F038
F038
F038
F038
F038
F038
F038
F038
F038
F038
F038
F038
F078
78F8
7FF8
3F98
1F18
ENDCHAR
STARTCHAR Uring
ENCODING 366
SWIDTH 544 0
DWIDTH 23 0
BBX 17 36 3 0
BITMAP
03C000
07E000
063000
043000
063000
07E000
03C000
000000
000000
E00380
E00380
E00380
E00380
E00380
E00380
E00380
E00380
E00380
E00380
E00380
E00380
E00380
E00380
E00380
E00380
E00380
E00380
E00380
E00380
E00780
F00780
F80F00
7C1F00
3FFE00
1FFC00
07F000
ENDCHAR
STARTCHAR uring
ENCODING 367
SWIDTH 419 0
DWIDTH 18 0
BBX 13 30 2 0
BITMAP
0780
0FC0
1CC0
1840
1840
1CC0
0FC0
0780
0000
F038
F038
F038
F038
F038
F038
F038
F038
F038
F038
F038
F038
F038
F038
F038
F038
F078
78F8
7FF8
3F98
1F18
ENDCHAR
STARTCHAR Uhungarumlaut
ENCODING 368
SWIDTH 544 0
DWIDTH 23 0
BBX 17 35 3 0
BITMAP
01EF00
03DE00
039C00
071800
073800
000000
000000
000000
E00380
E00380
E00380
E00380
E00380
E00380
E00380
E00380
E00380
E00380
E00380
E00380
E00380
E00380
E00380
E00380
E00380
E00380
E00380
E00380
E00780
F00780
F80F00
7C1F00
3FFE00
1FFC00
07F000
ENDCHAR
STARTCHAR uhungarumlaut
ENCODING 369
SWIDTH 419 0
DWIDTH 18 0
BBX 14 28 2 0
BITMAP
07BC
0738
0E78
0E70
1CE0
0000
0000
F038
F038
F038
F038
F038
F038
F038
F038
F038
F038
F038
F038
F038
F038
F038
F038
F078
78F8
7FD8
3F98
1F18
ENDCHAR
STARTCHAR Uogonek
ENCODING 370
SWIDTH 544 0
DWIDTH 23 0
BBX 17 34 3 -7
BITMAP
E00380
E00380
E00380
E00380
E00380
E00380
E00380
E00380
E00380
E00380
E00380
E00380
E00380
E00380
E00380
E00380
E00380
E00380
E00380
E00380
E00780
F00780
F80F00
7C1F00
3FFE00
1FFC00
07F000
007000
006000
00E000
00F000
00FC00
007C00
003C00
ENDCHAR
STARTCHAR uogonek
ENCODING 371
SWIDTH 419 0
DWIDTH 18 0
BBX 15 28 2 -7
BITMAP
F038
F038
F038
F038
F038
F038
F038
F038
F038
F038
F038
F038
F038
F038
F038
F038
F078
78F8
7FD8
3F98
1F18
0038
0030
0070
0078
007E
003E
001E
ENDCHAR
STARTCHAR Wcircumflex
ENCODING 372
SWIDTH 711 0
DWIDTH 30 0
BBX 29 35 0 0
BITMAP
00070000
00078000
000FC000
000FC000
001CE000
003CF000
00000000
00000000
F007C038
700FC038
780FC038
780FC038
780FC070
380FC070
380DE070
3C1DE070
3C1CE070
1C1CE0E0
1C1CE0E0
1C1CE0E0
1E18F0E0
1E3871C0
0E3871C0
0E3871C0
0F3871C0
0F3871C0
07307B80
07303B80
07703B80
07F03B80
07F03B00
03F03F00
03E03F00
03E01F00
03E01E00
ENDCHAR
STARTCHAR wcircumflex
ENCODING 373
SWIDTH 544 0
DWIDTH 23 0
BBX 23 28 0 0
BITMAP
003800
007C00
00EE00
01CE00
01C700
000000
000000
F0381E
F07C1C
707C1C
707C1C
706C1C
786C38
386E38
38EE38
38EE38
3CEE38
1CCE70
1CC670
1CC770
1DC770
0FC760
0FC7E0
0F87E0
0F83E0
0783C0
0783C0
0783C0
ENDCHAR
STARTCHAR Ycircumflex
ENCODING 374
SWIDTH 503 0
DWIDTH 21 0
BBX 21 35 0 0
BITMAP
007000
00F800
00F800
01DC00
01DC00
038E00
000000
000000
F00078
780070
3800E0
3C00E0
1C01C0
1E01C0
0F0380
0F0380
078700
078700
03CE00
03CE00
01FC00
00FC00
00F800
007800
007000
007000
007000
007000
007000
007000
007000
007000
007000
007000
007000
ENDCHAR
STARTCHAR ycircumflex
ENCODING 375
SWIDTH 376 0
DWIDTH 16 0
BBX 15 35 0 -7
BITMAP
03C0
07E0
07E0
0E70
1C78
0000
0000
F00E
700E
780E
781E
381C
381C
3C1C
1C1C
1C38
1C38
0E38
0E30
0E70
0F70
0770
0760
07E0
03E0
03E0
03C0
01C0
03C0
0380
0780
0F80
7F00
7E00
7C00
ENDCHAR
STARTCHAR Ydieresis
ENCODING 376
SWIDTH 503 0
DWIDTH 21 0
BBX 21 34 0 0
BITMAP
038E00
038E00
038E00
000000
000000
000000
000000
F00078
780070
3800E0
3C00E0
1C01C0
1E01C0
0F0380
0F0380
078700
078700
03CE00
03CE00
01FC00
00FC00
00F800
007800
007000
007000
007000
007000
007000
007000
007000
007000
007000
007000
007000
ENDCHAR
STARTCHAR Zacute
ENCODING 377
SWIDTH 461 0
DWIDTH 19 0
BBX 17 35 1 0
BITMAP
003800
007000
00F000
00E000
01C000
038000
000000
000000
7FFF80
7FFF80
7FFF80
000F00
000F00
001E00
003C00
003C00
007800
007800
00F000
00F000
01E000
01C000
03C000
078000
078000
0F0000
0F0000
1E0000
1E0000
3C0000
380000
780000
FFFF80
FFFF80
FFFF80
ENDCHAR
STARTCHAR zacute
ENCODING 378
SWIDTH 376 0
DWIDTH 16 0
BBX 14 28 1 0
BITMAP
00E0
01C0
0380
0700
0700
0000
0000
7FF8
7FF8
7FF8
0070
00F0
00E0
01E0
03C0
03C0
0780
0700
0F00
0E00
1E00
1C00
3C00
3800
7800
7FFC
FFFC
FFFC
ENDCHAR
STARTCHAR Zdotaccent
ENCODING 379
SWIDTH 461 0
DWIDTH 19 0
BBX 17 34 1 0
BITMAP
01C000
01C000
01C000
000000
000000
000000
000000
7FFF80
7FFF80
7FFF80
000F00
000F00
001E00
003C00
003C00
007800
007800
00F000
00F000
01E000
01C000
03C000
078000
078000
0F0000
0F0000
1E0000
1E0000
3C0000
380000
780000
FFFF80
FFFF80
FFFF80
ENDCHAR
STARTCHAR zdotaccent
ENCODING 380
SWIDTH 376 0
DWIDTH 16 0
BBX 14 28 1 0
BITMAP
0780
0780
0780
0000
0000
0000
0000
7FF8
7FF8
7FF8
0070
00F0
00E0
01E0
03C0
03C0
0780
0700
0F00
0E00
1E00
1C00
3C00
3800
7800
7FFC
FFFC
FFFC
ENDCHAR
STARTCHAR Zcaron
ENCODING 381
SWIDTH 461 0
DWIDTH 19 0
BBX 17 35 1 0
BITMAP
0E3800
0E3800
077000
03F000
03E000
01C000
000000
000000
7FFF80
7FFF80
7FFF80
000F00
000F00
001E00
003C00
003C00
007800
007800
00F000
00F000
01E000
01C000
03C000
078000
078000
0F0000
0F0000
1E0000
1E0000
3C0000
380000
780000
FFFF80
FFFF80
FFFF80
ENDCHAR
STARTCHAR zcaron
ENCODING 382
SWIDTH 376 0
DWIDTH 16 0
BBX 14 28 1 0
BITMAP
3CF0
1CE0
0FC0
0780
0780
0000
0000
7FF8
7FF8
7FF8
0070
00F0
00E0
01E0
03C0
03C0
0780
0700
0F00
0E00
1E00
1C00
3C00
3800
7800
7FFC
FFFC
FFFC
ENDCHAR
STARTCHAR longs
ENCODING 383
SWIDTH 167 0
DWIDTH 7 0
BBX 9 28 0 0
BITMAP
0F80
1F80
3F80
3C00
3800
3800
3800
F800
F800
F800
3800
3800
3800
3800
3800
3800
3800
3800
3800
3800
3800
3800
3800
3800
3800
3800
3800
3800
ENDCHAR
STARTCHAR florin
ENCODING 402
SWIDTH 419 0
DWIDTH 18 0
BBX 15 35 1 -7
BITMAP
003E
007E
00FE
00F0
00E0
00E0
00E0
01E0
01C0
0FFC
0FFC
0FF8
01C0
03C0
03C0
0380
0380
0380
0380
0380
0780
0780
0700
0700
0700
0700
0700
0F00
0F00
0E00
0E00
1E00
FE00
FC00
F800
ENDCHAR
STARTCHAR Aringacute
ENCODING 506
SWIDTH 503 0
DWIDTH 21 0
BBX 21 38 0 0
BITMAP
000F00
000E00
001C00
003800
007000
000000
007800
01FC00
018C00
018C00
018C00
00F800
00F800
00FC00
01DC00
01DC00
01DC00
03DE00
038E00
038E00
078F00
070F00
070700
0F0780
0F0780
0E0380
1E03C0
1E03C0
1C01C0
1FFFE0
3FFFE0
3FFFE0
3800E0
7800F0
7000F0
700070
F00078
F00078
ENDCHAR
STARTCHAR aringacute
ENCODING 507
SWIDTH 419 0
DWIDTH 18 0
BBX 16 35 1 0
BITMAP
0078
0070
00E0
00E0
01C0
0000
03C0
07E0
0C60
0C20
0C60
07E0
03C0
0000
07E0
1FF0
3FF8
787C
783C
701C
701C
001C
001C
07FC
1FFC
3FFC
7C1C
701C
F01C
F03C
F03C
F8FC
7FDF
7FDF
1F0F
ENDCHAR
STARTCHAR AEacute
ENCODING 508
SWIDTH 754 0
DWIDTH 32 0
BBX 30 35 0 0
BITMAP
00000700
00000E00
00001E00
00001C00
00003800
00007000
00000000
00000000
001FFFFC
003FFFFC
003FFFFC
00770000
00770000
00770000
00E78000
00E78000
01C38000
01C38000
01C38000
0383C000
0383FFF0
0781FFF0
0701FFF0
0701E000
0E01E000
0E01E000
1FFFE000
1FFFE000
1FFFF000
3800F000
3800F000
78007000
70007FFC
70007FFC
F0007FFC
ENDCHAR
STARTCHAR aeacute
ENCODING 509
SWIDTH 670 0
DWIDTH 28 0
BBX 24 28 2 0
BITMAP
000780
000E00
001E00
001C00
003800
000000
000000
0FC1F0
3FE7FC
7FFFFE
787E1E
F03C0F
F03C0F
003807
003807
07FFFF
3FFFFF
7FFFFF
FC3800
F03800
E03807
E03C07
E07C07
E07C0F
F0FE1E
FFEFFE
7FC7FC
1F03F0
ENDCHAR
STARTCHAR Oslashacute
ENCODING 510
SWIDTH 587 0
DWIDTH 25 0
BBX 21 36 2 -1
BITMAP
001E00
003C00
003800
007000
00E000
000000
000000
000038
01FC70
07FF60
1FFFE0
1F07C0
3C03E0
7803E0
7803F0
7006F0
F00E70
F00C70
F01C78
E03878
E03078
E07078
E06078
E0C078
F1C078
F18070
F30070
7700F0
7E00F0
7E01E0
3C01E0
3F07C0
3FFF80
37FF00
61FC00
E00000
ENDCHAR
STARTCHAR oslashacute
ENCODING 511
SWIDTH 461 0
DWIDTH 19 0
BBX 15 28 2 0
BITMAP
00F0
00E0
01C0
0380
0700
0000
0006
07CC
1FFC
3FF8
3C7C
783C
707C
707E
70DE
F0DE
F18E
F18E
F30E
F70E
761E
7C1E
7C1C
783C
3C7C
3FF8
7FF0
E7C0
ENDCHAR
STARTCHAR Scommaaccent
ENCODING 536
SWIDTH 503 0
DWIDTH 21 0
BBX 17 35 2 -8
BITMAP
07F000
1FFC00
3FFE00
7C1F00
700F00
F00780
F00780
F00780
F00000
F80000
7E0000
3FC000
1FF800
07FE00
01FF00
003F80
000F80
000780
E00380
E00380
E00380
F00380
F00780
7C1F00
7FFF00
1FFE00
07F000
000000
000000
01C000
01C000
01C000
00C000
00C000
018000
ENDCHAR
STARTCHAR scommaaccent
ENCODING 537
SWIDTH 376 0
DWIDTH 16 0
BBX 13 29 1 -8
BITMAP
0FC0
3FE0
3FF0
7878
7078
7038
7000
7800
7E00
3FC0
0FE0
03F0
0078
0038
F038
F038
F038
7878
7FF0
3FF0
0FC0
0000
0000
0780
0780
0780
0300
0300
0300
ENDCHAR
STARTCHAR uni021A
ENCODING 538
SWIDTH 461 0
DWIDTH 19 0
BBX 18 35 1 -8
BITMAP
FFFFC0
FFFFC0
FFFFC0
01C000
01C000
01C000
01C000
01C000
01C000
01C000
01C000
01C000
01C000
01C000
01C000
01C000
01C000
01C000
01C000
01C000
01C000
01C000
01C000
01C000
01C000
01C000
01C000
000000
000000
000000
01C000
01C000
01C000
00C000
01C000
ENDCHAR
STARTCHAR uni021B
ENCODING 539
SWIDTH 210 0
DWIDTH 9 0
BBX 8 35 0 -8
BITMAP
18
18
18
18
38
38
FF
FF
FF
38
38
38
38
38
38
38
38
38
38
38
38
38
38
3C
1F
1F
0F
00
00
1C
1C
1C
0C
0C
18
ENDCHAR
STARTCHAR circumflex
ENCODING 710
SWIDTH 251 0
DWIDTH 11 0
BBX 10 5 0 23
BITMAP
1E00
1F00
3B00
7380
F1C0
ENDCHAR
STARTCHAR caron
ENCODING 711
SWIDTH 251 0
DWIDTH 11 0
BBX 10 5 0 23
BITMAP
F1C0
7380
3B00
3F00
1E00
ENDCHAR
STARTCHAR uni02C9
ENCODING 713
SWIDTH 460 0
DWIDTH 19 0
BBX 19 2 0 31
BITMAP
FFFFE0
FFFFE0
ENDCHAR
STARTCHAR breve
ENCODING 728
SWIDTH 251 0
DWIDTH 11 0
BBX 10 4 0 24
BITMAP
E1C0
7FC0
7F80
1E00
ENDCHAR
STARTCHAR dotaccent
ENCODING 729
SWIDTH 251 0
DWIDTH 11 0
BBX 3 3 4 25
BITMAP
E0
E0
E0
ENDCHAR
STARTCHAR ring
ENCODING 730
SWIDTH 251 0
DWIDTH 11 0
BBX 7 8 2 22
BITMAP
38
FC
C6
86
86
C6
FC
38
ENDCHAR
STARTCHAR ogonek
ENCODING 731
SWIDTH 251 0
DWIDTH 11 0
BBX 6 8 3 -7
BITMAP
30
60
E0
E0
E0
FC
FC
7C
ENDCHAR
STARTCHAR tilde
ENCODING 732
SWIDTH 251 0
DWIDTH 11 0
BBX 11 4 0 24
BITMAP
78E0
FFE0
FFC0
C780
ENDCHAR
STARTCHAR hungarumlaut
ENCODING 733
SWIDTH 251 0
DWIDTH 11 0
BBX 11 5 0 23
BITMAP
3DE0
39C0
7BC0
7380
E700
ENDCHAR
STARTCHAR gravecomb
ENCODING 768
SWIDTH 0 0
DWIDTH 0 0
BBX 6 5 -9 23
BITMAP
E0
70
38
38
1C
ENDCHAR
STARTCHAR acutecomb
ENCODING 769
SWIDTH 0 0
DWIDTH 0 0
BBX 7 5 -8 23
BITMAP
1E
3C
38
70
E0
ENDCHAR
STARTCHAR uni0302
ENCODING 770
SWIDTH 0 0
DWIDTH 0 0
BBX 9 5 -10 23
BITMAP
1E00
3E00
7700
7300
E380
ENDCHAR
STARTCHAR tildecomb
ENCODING 771
SWIDTH 0 0
DWIDTH 0 0
BBX 11 4 -11 24
BITMAP
3C60
7FE0
FFE0
C3C0
ENDCHAR
STARTCHAR uni0304
ENCODING 772
SWIDTH 0 0
DWIDTH 0 0
BBX 10 3 -10 23
BITMAP
FFC0
FFC0
FFC0
ENDCHAR
STARTCHAR uni0306
ENCODING 774
SWIDTH 0 0
DWIDTH 0 0
BBX 9 4 -10 24
BITMAP
E180
FF80
7F00
3E00
ENDCHAR
STARTCHAR uni0307
ENCODING 775
SWIDTH 0 0
DWIDTH 0 0
BBX 3 3 -7 25
BITMAP
E0
E0
E0
ENDCHAR
STARTCHAR uni0308
ENCODING 776
SWIDTH 0 0
DWIDTH 0 0
BBX 9 3 -10 25
BITMAP
F380
F380
F380
ENDCHAR
STARTCHAR uni030A
ENCODING 778
SWIDTH 0 0
DWIDTH 0 0
BBX 8 8 -9 22
BITMAP
3C
7E
E6
C3
C2
E6
7E
3C
ENDCHAR
STARTCHAR uni030B
ENCODING 779
SWIDTH 0 0
DWIDTH 0 0
BBX 11 5 -10 23
BITMAP
3DE0
7BC0
7380
E700
E700
ENDCHAR
STARTCHAR uni030C
ENCODING 780
SWIDTH 0 0
DWIDTH 0 0
BBX 9 5 -10 23
BITMAP
E380
7380
7700
3E00
1E00
ENDCHAR
STARTCHAR uni0326
ENCODING 806
SWIDTH 0 0
DWIDTH 0 0
BBX 3 6 -7 -9
BITMAP
E0
E0
E0
60
60
60
ENDCHAR
STARTCHAR uni0327
ENCODING 807
SWIDTH 0 0
DWIDTH 0 0
BBX 7 7 -9 -7
BITMAP
30
30
3E
0E
0E
FE
F8
ENDCHAR
STARTCHAR uni0328
ENCODING 808
SWIDTH 0 0
DWIDTH 0 0
BBX 6 8 -8 -7
BITMAP
30
70
60
E0
F0
FC
7C
3C
ENDCHAR
STARTCHAR Delta
ENCODING 916
SWIDTH 514 0
DWIDTH 22 0
BBX 20 27 1 0
BITMAP
00F000
01F800
01F800
01F800
03F800
03BC00
039C00
079C00
071E00
071E00
0F0E00
0E0F00
0E0F00
1E0700
1C0780
1C0780
3C0380
3C03C0
3803C0
3803C0
7801E0
7001E0
7001E0
F000E0
FFFFF0
FFFFF0
FFFFF0
ENDCHAR
STARTCHAR Omega
ENCODING 937
SWIDTH 706 0
DWIDTH 30 0
BBX 21 27 4 0
BITMAP
01FC00
07FF00
0FFFC0
1F07E0
3E01E0
3C00F0
7800F0
780070
700078
700078
700038
F00038
F00038
F00038
F00038
F00038
700038
700038
700078
700070
380070
3800F0
1C00E0
1E01C0
FF87F8
FFCFF8
FFCFF8
ENDCHAR
STARTCHAR mu
ENCODING 956
SWIDTH 419 0
DWIDTH 18 0
BBX 13 28 2 -7
BITMAP
F038
F038
F038
F038
F038
F038
F038
F038
F038
F038
F038
F038
F038
F038
F038
F038
F038
F078
F8F8
FFD8
FF98
FF00
F000
F000
F000
F000
F000
F000
ENDCHAR
STARTCHAR pi
ENCODING 960
SWIDTH 512 0
DWIDTH 22 0
BBX 21 21 0 0
BITMAP
3FFFF8
FFFFF8
7FFFF8
470380
070380
070380
070380
070380
070380
070380
0F0380
0E0380
0E0380
0E0380
0E0380
0E0380
0E0380
1E03C0
1C03C0
1C03C0
1C01C0
ENDCHAR
STARTCHAR uni0900
ENCODING 2304
SWIDTH 0 0
DWIDTH 0 0
BBX 13 10 -11 29
BITMAP
1F80
3FE0
7FF0
F0F0
E078
E038
EF38
0F00
0F00
0F00
ENDCHAR
STARTCHAR uni0901
ENCODING 2305
SWIDTH 0 0
DWIDTH 0 0
BBX 13 10 -11 29
BITMAP
0F00
0F00
0F00
EF38
E038
E078
F0F0
7FF0
3FE0
1F80
ENDCHAR
STARTCHAR uni0902
ENCODING 2306
SWIDTH 0 0
DWIDTH 0 0
BBX 4 4 -7 30
BITMAP
F0
F0
F0
F0
ENDCHAR
STARTCHAR uni0903
ENCODING 2307
SWIDTH 205 0
DWIDTH 9 0
BBX 9 23 0 4
BITMAP
FF80
FF80
FF80
0000
0000
0000
0000
3C00
3C00
3C00
3C00
0000
0000
0000
0000
0000
0000
0000
0000
3C00
3C00
3C00
3C00
ENDCHAR
STARTCHAR uni0904
ENCODING 2308
SWIDTH 614 0
DWIDTH 26 0
BBX 24 37 2 0
BITMAP
1C0000
1C0000
1E0000
1FFFE0
0FFFF0
07FFF8
000078
000038
000038
000038
0F83FF
3FE3FF
7FF3FF
78F038
F07038
E07838
E07838
007838
007038
007038
00F038
0FE038
0FF038
00FFF8
007FF8
003FF8
003838
E03838
E03838
E03838
E07838
F0F038
7FF038
3FE038
1F8038
000038
000038
ENDCHAR
STARTCHAR uni0905
ENCODING 2309
SWIDTH 614 0
DWIDTH 26 0
BBX 24 27 2 0
BITMAP
0F83FF
3FE3FF
7FF3FF
78F038
F07038
E07838
E07838
007838
007038
007038
00F038
0FE038
0FF038
00FFF8
007FF8
003FF8
003838
E03838
E03838
E03838
E07838
F0F038
7FF038
3FE038
1F8038
000038
000038
ENDCHAR
STARTCHAR uni0906
ENCODING 2310
SWIDTH 842 0
DWIDTH 35 0
BBX 34 27 2 0
BITMAP
0F83FFFFC0
3FE3FFFFC0
7FF3FFFFC0
78F0381C00
F070381C00
E078381C00
E078381C00
0078381C00
0070381C00
0070381C00
00F0381C00
0FE0381C00
0FF0381C00
00FFF81C00
007FF81C00
003FF81C00
0038381C00
E038381C00
E038381C00
E038381C00
E078381C00
F0F0381C00
7FF0381C00
3FE0381C00
1F80381C00
0000381C00
0000381C00
ENDCHAR
STARTCHAR uni0907
ENCODING 2311
SWIDTH 433 0
DWIDTH 18 0
BBX 19 29 0 -2
BITMAP
FFFFE0
FFFFE0
FFFFE0
000E00
000E00
000E00
000E00
03FE00
0FFE00
1FFE00
1E0000
1C0000
1C0000
1E0000
1FF800
0FFE00
07FF00
000F00
000700
1C0700
1C0700
1E0F00
1FFF00
1FFE00
1DF800
1C0000
1C0000
1C0000
1C0000
ENDCHAR
STARTCHAR uni0908
ENCODING 2312
SWIDTH 433 0
DWIDTH 18 0
BBX 19 39 0 -2
BITMAP
000380
000F80
001F80
003E00
003C00
003800
003800
003800
001C00
001C00
FFFFE0
FFFFE0
FFFFE0
000E00
000E00
000E00
000E00
03FE00
0FFE00
1FFE00
1E0000
1C0000
1C0000
1E0000
1FF800
0FFE00
07FF00
000F00
000700
1C0700
1C0700
1E0F00
1FFF00
1FFE00
1DF800
1C0000
1C0000
1C0000
1C0000
ENDCHAR
STARTCHAR uni0909
ENCODING 2313
SWIDTH 385 0
DWIDTH 16 0
BBX 17 25 0 2
BITMAP
FFFF80
FFFF80
FFFF80
007800
003C00
003C00
001C00
001C00
003C00
003800
007800
07F000
07F000
07F800
007C00
003C00
001C00
001C00
701C00
701C00
783C00
787C00
3FF800
1FF000
0FC000
ENDCHAR
STARTCHAR uni090A
ENCODING 2314
SWIDTH 610 0
DWIDTH 26 0
BBX 26 25 0 2
BITMAP
FFFFFFC0
FFFFFFC0
FFFFFFC0
00780000
003C0000
003C0000
001C0000
003C0000
003C0000
00780000
07F0F800
07F3FC00
07FFFE00
007F0F00
003E0700
001E0780
001C0380
701C0380
701C0380
701C0780
783C0700
7C780F00
3FF87E00
1FF07C00
07C07800
ENDCHAR
STARTCHAR uni090B
ENCODING 2315
SWIDTH 698 0
DWIDTH 29 0
BBX 30 28 0 -1
BITMAP
FFFFFFFC
FFFFFFFC
FFFFFFFC
000E0000
000E0000
000E0000
000E0000
000E0000
1F8E01E0
3FCE01E0
3FEE03E0
21FE0FE0
007E1FE0
007E7FE0
003FF9E0
001FF1E0
000FC1E0
003F03E0
00FE07E0
01FE0FE0
07EE0F00
1F8E1E00
1E0E1C00
1C0E1E00
100E0F08
000E0FF0
000E07F0
000E01F0
ENDCHAR
STARTCHAR uni090C
ENCODING 2316
SWIDTH 634 0
DWIDTH 27 0
BBX 27 31 0 -4
BITMAP
FFFFFFE0
FFFFFFE0
FFFFFFE0
00000E00
00000E00
00000E00
00000E00
00000E00
07C1EE00
0FE3FE00
1FF7FE00
3C771E00
383E0E00
381C0E00
781C0E00
781C0E00
781C0E00
781C0E00
781C0E00
78000E00
38001E00
3C003E00
3C007E00
1F00F000
0FF0E000
07F0E000
01F0F000
0000F080
00007F80
00003F80
00001F80
ENDCHAR
STARTCHAR uni090D
ENCODING 2317
SWIDTH 456 0
DWIDTH 19 0
BBX 20 38 0 -2
BITMAP
1C0700
1E0700
0E0F00
0F1E00
0FFE00
07FC00
01F000
000000
000000
FFFFF0
FFFFF0
FFFFF0
1C0700
1C0700
1C0700
1C0700
1C0700
1C0700
1C0700
1C0700
1C0700
1C0F00
1C3F00
1C3E00
1E3C00
0F0000
0F8000
07C000
03E000
01F000
00F800
007C00
003E00
001E00
000F00
000700
000700
000600
ENDCHAR
STARTCHAR uni090E
ENCODING 2318
SWIDTH 456 0
DWIDTH 19 0
BBX 22 39 -2 -2
BITMAP
E00000
E00000
F00000
7FFF00
7FFF80
3FFFC0
0003C0
0001C0
0001C0
0001C0
3FFFFC
3FFFFC
3FFFFC
0701C0
0701C0
0701C0
0701C0
0701C0
0701C0
0701C0
0701C0
0701C0
0703C0
070FC0
070F80
078F00
03C000
03E000
01F000
00F800
007C00
003E00
001F00
000F80
000780
0003C0
0001C0
0001C0
000180
ENDCHAR
STARTCHAR uni090F
ENCODING 2319
SWIDTH 456 0
DWIDTH 19 0
BBX 20 29 0 -2
BITMAP
FFFFF0
FFFFF0
FFFFF0
1C0700
1C0700
1C0700
1C0700
1C0700
1C0700
1C0700
1C0700
1C0700
1C0F00
1C3F00
1C3E00
1E3C00
0F0000
0F8000
07C000
03E000
01F000
00F800
007C00
003E00
001E00
000F00
000700
000700
000600
ENDCHAR
STARTCHAR uni0910
ENCODING 2320
SWIDTH 456 0
DWIDTH 19 0
BBX 20 41 0 -2
BITMAP
007000
003800
003800
003800
003C00
001C00
001C00
001C00
000E00
000E00
000E00
000600
FFFFF0
FFFFF0
FFFFF0
1C0700
1C0700
1C0700
1C0700
1C0700
1C0700
1C0700
1C0700
1C0700
1C0F00
1C3F00
1C3E00
1E3C00
0F0000
0F8000
07C000
03E000
01F000
00F800
007C00
003E00
001E00
000F00
000700
000700
000600
ENDCHAR
STARTCHAR uni0911
ENCODING 2321
SWIDTH 842 0
DWIDTH 35 0
BBX 34 36 2 0
BITMAP
00781C0000
00781C0000
00383C0000
003C780000
001FF80000
001FF00000
0007C00000
0000000000
0000000000
0F83FFFFC0
3FE3FFFFC0
7FF3FFFFC0
78F0381C00
F070381C00
E078381C00
E078381C00
0078381C00
0070381C00
0070381C00
00F0381C00
0FE0381C00
0FF0381C00
00FFF81C00
007FF81C00
003FF81C00
0038381C00
E038381C00
E038381C00
E038381C00
E078381C00
F0F0381C00
7FF0381C00
3FE0381C00
1F80381C00
0000381C00
0000381C00
ENDCHAR
STARTCHAR uni0912
ENCODING 2322
SWIDTH 842 0
DWIDTH 35 0
BBX 34 37 2 0
BITMAP
0007000000
0007000000
0007000000
0007FFF000
0007FFF800
0001FFFC00
0000001C00
0000001C00
0000001C00
0000001C00
0F83FFFFC0
3FE3FFFFC0
7FF3FFFFC0
78F0381C00
F070381C00
E078381C00
E078381C00
0078381C00
0070381C00
0070381C00
00F0381C00
0FE0381C00
0FF0381C00
00FFF81C00
007FF81C00
003FF81C00
0038381C00
E038381C00
E038381C00
E038381C00
E078381C00
F0F0381C00
7FF0381C00
3FE0381C00
1F80381C00
0000381C00
0000381C00
ENDCHAR
STARTCHAR uni0913
ENCODING 2323
SWIDTH 842 0
DWIDTH 35 0
BBX 34 39 2 0
BITMAP
000001E000
000000E000
000000E000
000000E000
0000007000
0000007000
0000007000
0000003800
0000003800
0000003800
0000003800
0000001C00
0F83FFFFC0
3FE3FFFFC0
7FF3FFFFC0
78F0381C00
F070381C00
E078381C00
E078381C00
0078381C00
0070381C00
0070381C00
00F0381C00
0FE0381C00
0FF0381C00
00FFF81C00
007FF81C00
003FF81C00
0038381C00
E038381C00
E038381C00
E038381C00
E078381C00
F0F0381C00
7FF0381C00
3FE0381C00
1F80381C00
0000381C00
0000381C00
ENDCHAR
STARTCHAR uni0914
ENCODING 2324
SWIDTH 842 0
DWIDTH 35 0
BBX 34 39 2 0
BITMAP
00000E1C00
00000F1C00
0000071C00
0000071C00
0000071C00
0000039C00
0000039C00
0000039C00
0000019C00
000001DC00
000001DC00
000001DC00
0F83FFFFC0
3FE3FFFFC0
7FF3FFFFC0
78F0381C00
F070381C00
E078381C00
E078381C00
0078381C00
0070381C00
0070381C00
00F0381C00
0FE0381C00
0FF0381C00
00FFF81C00
007FF81C00
003FF81C00
0038381C00
E038381C00
E038381C00
E038381C00
E078381C00
F0F0381C00
7FF0381C00
3FE0381C00
1F80381C00
0000381C00
0000381C00
ENDCHAR
STARTCHAR uni0915
ENCODING 2325
SWIDTH 638 0
DWIDTH 27 0
BBX 27 27 0 0
BITMAP
FFFFFFE0
FFFFFFE0
FFFFFFE0
000E0000
000E0000
000E0000
000E0000
0FCE7C00
1FEFFE00
3FFFFF00
3C3F0F00
781E0780
701E0380
701E0380
701E0380
700E0380
701E0380
701E0380
781E0780
3C3E0F00
3FFE3F00
1FEE3E00
0F8E3800
000E0000
000E0000
000E0000
000E0000
ENDCHAR
STARTCHAR uni0916
ENCODING 2326
SWIDTH 678 0
DWIDTH 28 0
BBX 29 27 0 0
BITMAP
FFFFFFF8
FFFFFFF8
FFFFFFF8
01C00380
01C00380
01C00380
01C00380
01C0F380
01C3FF80
01C7FF80
01C78780
03C70380
07C70380
7F870380
7F070380
7E070380
78078780
3807FF80
3803FF80
3C00F380
1E000780
0F000F80
0FC03F80
03FFFF80
01FFFB80
003FE380
00000380
ENDCHAR
STARTCHAR uni0917
ENCODING 2327
SWIDTH 564 0
DWIDTH 24 0
BBX 24 27 0 0
BITMAP
FFFFFF
FFFFFF
FFFFFF
00F078
00F078
00F078
00F078
00F078
00F078
00F078
0FF078
3FF078
7FF078
78F078
70F078
70F078
70F078
78E078
3FE078
3FC078
0F8078
000078
000078
000078
000078
000078
000078
ENDCHAR
STARTCHAR uni0918
ENCODING 2328
SWIDTH 484 0
DWIDTH 20 0
BBX 21 27 0 0
BITMAP
FFFFF8
FFFFF8
FFFFF8
3C0380
380380
380380
380380
380380
3C0380
1E0380
0FE380
07E380
1FE380
1E0380
3C0380
380380
380380
380780
3C0780
3E0F80
1FFF80
0FFB80
03F380
000380
000380
000380
000380
ENDCHAR
STARTCHAR uni0919
ENCODING 2329
SWIDTH 476 0
DWIDTH 20 0
BBX 20 27 0 0
BITMAP
FFFFF0
FFFFF0
FFFFF0
000E00
000E00
000E00
000E00
07FE00
0FFE00
1FFE00
3C00E0
3C00E0
3C00E0
3C00E0
1FF000
1FFC00
07FE00
001E00
000F00
000700
380700
380F00
3C0F00
3E1E00
1FFE00
0FFC00
07F000
ENDCHAR
STARTCHAR uni091A
ENCODING 2330
SWIDTH 480 0
DWIDTH 20 0
BBX 21 27 0 0
BITMAP
FFFFF8
FFFFF8
FFFFF8
000380
000380
000380
000380
000380
7FE380
7FE380
7FE380
0F0380
0E0380
1E0380
1E0380
1E0380
1E0380
1E0380
1E0780
0F0F80
0FFF80
07FF80
01F380
000380
000380
000380
000380
ENDCHAR
STARTCHAR uni091B
ENCODING 2331
SWIDTH 536 0
DWIDTH 23 0
BBX 23 25 0 2
BITMAP
FFFFFE
FFFFFE
FFFFFE
1C01C0
3801C0
3801C0
3801C0
3803E0
3807F0
3C07F8
1E0E38
0F8E38
078038
0F803C
1E0038
3C0038
380038
380038
380078
3800F0
3C01E0
1F07E0
1FFFC0
07FF00
01FC00
ENDCHAR
STARTCHAR uni091C
ENCODING 2332
SWIDTH 519 0
DWIDTH 22 0
BBX 22 27 0 0
BITMAP
FFFFFC
FFFFFC
FFFFFC
0001E0
0001E0
0001E0
0001E0
0001E0
0001E0
707FE0
707FE0
707FE0
7071E0
7071E0
7071E0
7071E0
7071E0
7071E0
7071E0
78F1E0
3FF1E0
3FE1E0
0F81E0
0001E0
0001E0
0001E0
0001E0
ENDCHAR
STARTCHAR uni091D
ENCODING 2333
SWIDTH 659 0
DWIDTH 28 0
BBX 28 29 0 -2
BITMAP
FFFFFFF0
FFFFFFF0
FFFFFFF0
000E0700
000E0700
000E0700
000E0700
07FE0700
1FFE0700
1FFE0700
3C000700
3C000700
3C000700
3FFFFF00
1FFFFF00
0FFFFF00
003E0700
000F0700
00070700
1C070700
1C0F0700
1E1F0700
1FFE0700
1FFC0700
1DF80700
1C000700
1C000700
1C000000
1C000000
ENDCHAR
STARTCHAR uni091E
ENCODING 2334
SWIDTH 561 0
DWIDTH 24 0
BBX 24 27 0 0
BITMAP
FFFFFF
FFFFFF
FFFFFF
000070
000070
000070
000070
0F8070
3FE070
7FE070
78F070
707070
007070
007870
007FF0
007FF0
007FF0
007870
707070
78F070
7FF070
3FE070
0FC070
000070
000070
000070
000070
ENDCHAR
STARTCHAR uni091F
ENCODING 2335
SWIDTH 408 0
DWIDTH 17 0
BBX 18 25 0 2
BITMAP
FFFFC0
FFFFC0
FFFFC0
001C00
001C00
001C00
001C00
03FC00
0FFC00
1FFC00
1E0000
3C0000
380000
380000
380000
380000
380000
380700
380700
380700
3C0F00
3E1E00
1FFE00
0FFC00
03F000
ENDCHAR
STARTCHAR uni0920
ENCODING 2336
SWIDTH 436 0
DWIDTH 18 0
BBX 19 25 0 2
BITMAP
FFFFE0
FFFFE0
FFFFE0
001C00
001C00
001C00
001C00
03FC00
0FFC00
1FFE00
3E0F00
3C0700
380780
380380
780380
780380
780380
780380
780380
380780
3C0700
3E0F00
1FFE00
0FFC00
03F000
ENDCHAR
STARTCHAR uni0921
ENCODING 2337
SWIDTH 422 0
DWIDTH 18 0
BBX 18 27 0 0
BITMAP
FFFFC0
FFFFC0
FFFFC0
000E00
000E00
000E00
000E00
07FE00
0FFE00
1FFE00
3C0000
3C0000
3C0000
3C0000
1FF000
1FFC00
07FE00
001E00
000F00
000700
380700
380F00
3C0F00
3E1E00
1FFE00
0FFC00
07F000
ENDCHAR
STARTCHAR uni0922
ENCODING 2338
SWIDTH 435 0
DWIDTH 18 0
BBX 19 25 0 2
BITMAP
FFFFE0
FFFFE0
FFFFE0
001C00
001C00
001C00
001C00
03FC00
0FFC00
1FFC00
3E0000
3C0000
380000
380000
387C00
39FE00
39FF00
3BC700
3B8700
3B8700
3F8700
1F8F00
0FFE00
07FC00
01F800
ENDCHAR
STARTCHAR uni0923
ENCODING 2339
SWIDTH 651 0
DWIDTH 27 0
BBX 28 27 0 0
BITMAP
FFFFFFF0
FFFFFFF0
FFFFFFF0
380E0700
380E0700
380E0700
380E0700
380E0700
380E0700
380E0700
380E0700
380E0700
380E0700
380E0700
380E0700
380E0700
380E0700
3C0E0700
3C0E0700
1E1E0700
1FFC0700
0FF80700
03F00700
00000700
00000700
00000700
00000700
ENDCHAR
STARTCHAR uni0924
ENCODING 2340
SWIDTH 477 0
DWIDTH 20 0
BBX 21 27 0 0
BITMAP
FFFFF8
FFFFF8
FFFFF8
000380
000380
000380
000380
000380
000380
07FF80
1FFF80
3FFF80
3C0380
780380
780380
780380
780380
380380
380380
380380
3C0380
1C0380
1C0380
1E0380
0E0380
0F0380
078380
ENDCHAR
STARTCHAR uni0925
ENCODING 2341
SWIDTH 547 0
DWIDTH 23 0
BBX 21 27 2 0
BITMAP
1F1FF8
7F9FF8
FFDFF8
F1E1C0
E1E1C0
E0E1C0
00E1C0
00E1C0
00E1C0
01E1C0
01C1C0
03C1C0
3F81C0
7F01C0
7C03C0
3803C0
3C07C0
3E0FC0
1FFFC0
0FFDC0
03F1C0
0001C0
0001C0
0001C0
0001C0
0001C0
0001C0
ENDCHAR
STARTCHAR uni0926
ENCODING 2342
SWIDTH 422 0
DWIDTH 18 0
BBX 18 27 0 0
BITMAP
FFFFC0
FFFFC0
FFFFC0
001C00
001C00
001C00
001C00
03FC00
0FFC00
1FFC00
1E0000
3C0000
380000
380000
380000
380000
380000
380000
380E00
380F00
3C0700
1E0F00
1FFF00
0FFF80
03F380
000380
000380
ENDCHAR
STARTCHAR uni0927
ENCODING 2343
SWIDTH 504 0
DWIDTH 21 0
BBX 20 27 2 0
BITMAP
3E3FF0
7F3FF0
FFBFF0
F38700
E38700
E00700
E00700
E00700
F00700
780700
3F8700
1F8700
7F8700
780700
F00700
E00700
E00700
E00F00
F00F00
F83F00
7FFF00
3FF700
0FC700
000700
000700
000700
000700
ENDCHAR
STARTCHAR uni0928
ENCODING 2344
SWIDTH 506 0
DWIDTH 21 0
BBX 22 27 0 0
BITMAP
FFFFFC
FFFFFC
FFFFFC
0001C0
0001C0
0001C0
0001C0
0001C0
0001C0
0001C0
1FFFC0
7FFFC0
7FFFC0
F1E1C0
E1E1C0
E1C1C0
F1C1C0
7FC1C0
3F81C0
1F01C0
0001C0
0001C0
0001C0
0001C0
0001C0
0001C0
0001C0
ENDCHAR
STARTCHAR uni0929
ENCODING 2345
SWIDTH 506 0
DWIDTH 21 0
BBX 22 27 0 0
BITMAP
FFFFFC
FFFFFC
FFFFFC
0001C0
0001C0
0001C0
0001C0
0001C0
0001C0
0001C0
1FFFC0
7FFFC0
7FFFC0
F1E1C0
E1E1C0
E1C1C0
F1C1C0
7FC1C0
3F81C0
1F01C0
0001C0
0001C0
0001C0
1E01C0
1E01C0
1E01C0
1E01C0
ENDCHAR
STARTCHAR uni092A
ENCODING 2346
SWIDTH 440 0
DWIDTH 18 0
BBX 19 27 0 0
BITMAP
FFFFE0
FFFFE0
FFFFE0
3C0E00
3C0E00
3C0E00
3C0E00
3C0E00
3C0E00
3C0E00
3C0E00
3C0E00
3C0E00
3C0E00
3C0E00
3C0E00
3C0E00
1E1E00
1FFE00
0FFE00
07EE00
000E00
000E00
000E00
000E00
000E00
000E00
ENDCHAR
STARTCHAR uni092B
ENCODING 2347
SWIDTH 652 0
DWIDTH 27 0
BBX 28 27 0 0
BITMAP
FFFFFFF0
FFFFFFF0
FFFFFFF0
3C0E0000
3C0E0000
3C0E0000
3C0E0000
3C0E7C00
3C0EFF00
3C0FFF80
3C0F8780
3C0F0380
3C0E03C0
3C0E03C0
3C0E03C0
3C0E01C0
3C0E03C0
1E1E03C0
1FFE0380
0FFE0780
07EE3F00
000E3F00
000E3C00
000E0000
000E0000
000E0000
000E0000
ENDCHAR
STARTCHAR uni092C
ENCODING 2348
SWIDTH 454 0
DWIDTH 19 0
BBX 20 27 0 0
BITMAP
FFFFF0
FFFFF0
FFFFF0
000700
000700
000700
000700
07E700
1FF700
1FFF00
3E1F00
3B0F00
7B0F00
798700
79C700
78C700
786700
786F00
383F00
3C3F00
1FFF00
0FF700
07E700
000700
000700
000700
000700
ENDCHAR
STARTCHAR uni092D
ENCODING 2349
SWIDTH 589 0
DWIDTH 25 0
BBX 23 27 2 0
BITMAP
1F07FE
7F87FE
FFC7FE
F1C0F0
E1C0F0
E1C0F0
E1C0F0
01C0F0
01C0F0
01C0F0
01C0F0
01C0F0
01C0F0
1FFFF0
7FFFF0
7FFFF0
F1C0F0
E1C0F0
E1C0F0
F1C0F0
7FC0F0
3F80F0
1F00F0
0000F0
0000F0
0000F0
0000F0
ENDCHAR
STARTCHAR uni092E
ENCODING 2350
SWIDTH 551 0
DWIDTH 23 0
BBX 24 27 0 0
BITMAP
FFFFFF
FFFFFF
FFFFFF
01E070
01E070
01E070
01E070
01E070
01E070
01E070
01E070
01E070
01E070
1FFFF0
7FFFF0
7FFFF0
F1E070
E1E070
E1E070
F1C070
7FC070
3F8070
1F0070
000070
000070
000070
000070
ENDCHAR
STARTCHAR uni092F
ENCODING 2351
SWIDTH 491 0
DWIDTH 21 0
BBX 21 27 0 0
BITMAP
FFFFF8
FFFFF8
FFFFF8
070380
038380
03C380
03C380
01C380
03C380
038380
0F8380
3F0380
3E0380
380380
380380
3C0380
3C0780
1F0F80
0FFF80
07FF80
03F380
000380
000380
000380
000380
000380
000380
ENDCHAR
STARTCHAR uni0930
ENCODING 2352
SWIDTH 333 0
DWIDTH 14 0
BBX 14 27 0 0
BITMAP
FFFC
FFFC
FFFC
00E0
00E0
00E0
00E0
00E0
00E0
00E0
00E0
01E0
03C0
3FC0
3F80
3F00
3800
1C00
1C00
0E00
0E00
0F00
0700
0780
0380
03C0
01C0
ENDCHAR
STARTCHAR uni0931
ENCODING 2353
SWIDTH 333 0
DWIDTH 14 0
BBX 15 27 -1 0
BITMAP
7FFE
7FFE
7FFE
0070
0070
0070
0070
0070
0070
0070
0070
00F0
01E0
1FE0
1FC0
1F80
1C00
0E00
0E00
0700
0700
0780
0380
F3C0
F1C0
F1E0
F0E0
ENDCHAR
STARTCHAR uni0932
ENCODING 2354
SWIDTH 634 0
DWIDTH 27 0
BBX 27 27 0 0
BITMAP
FFFFFFE0
FFFFFFE0
FFFFFFE0
00000E00
00000E00
00000E00
00000E00
00000E00
07C1EE00
0FE3FE00
1FF7FE00
3C771E00
383E0E00
381C0E00
781C0E00
781C0E00
781C0E00
781C0E00
781C0E00
78000E00
38000E00
3C000E00
3C000E00
1F000E00
0FF00E00
07F00E00
01F00E00
ENDCHAR
STARTCHAR uni0933
ENCODING 2355
SWIDTH 658 0
DWIDTH 28 0
BBX 28 25 0 2
BITMAP
FFFFFFF0
FFFFFFF0
FFFFFFF0
00001C00
00001C00
00001C00
00001C00
03C07C00
0FF0FF00
1FF9FF80
3C3BC780
3C1F83C0
381F01C0
780F01C0
780F01C0
780F01E0
780E01C0
780F01C0
780F01C0
381F81C0
3C1F83C0
3C3FC780
1FF9FF80
0FF0FF00
07E07C00
ENDCHAR
STARTCHAR uni0934
ENCODING 2356
SWIDTH 658 0
DWIDTH 28 0
BBX 28 30 0 -3
BITMAP
FFFFFFF0
FFFFFFF0
FFFFFFF0
00001C00
00001C00
00001C00
00001C00
03C07C00
0FF0FF00
1FF9FF80
3C3BC780
3C1F83C0
381F01C0
780F01C0
780F01C0
780F01E0
780E01C0
780F01C0
780F01C0
381F81C0
3C1F83C0
3C3FC780
1FF9FF80
0FF0FF00
07E07C00
00000000
000F0000
000F0000
000F0000
000F0000
ENDCHAR
STARTCHAR uni0935
ENCODING 2357
SWIDTH 434 0
DWIDTH 18 0
BBX 19 27 0 0
BITMAP
FFFFE0
FFFFE0
FFFFE0
000E00
000E00
000E00
000E00
07CE00
1FFE00
3FFE00
3C3E00
781E00
700E00
700E00
700E00
700E00
700E00
700E00
781E00
3C3E00
3FFE00
1FFE00
07CE00
000E00
000E00
000E00
000E00
ENDCHAR
STARTCHAR uni0936
ENCODING 2358
SWIDTH 554 0
DWIDTH 23 0
BBX 22 27 2 0
BITMAP
1F0FFC
7F8FFC
FFCFFC
F1E1C0
E1E1C0
E0E1C0
00E1C0
00E1C0
00E1C0
01E1C0
01C1C0
03C1C0
0781C0
3F81C0
FE01C0
FC01C0
7001C0
3801C0
3C01C0
1C01C0
1E01C0
0E01C0
0701C0
0781C0
0381C0
01C1C0
01E1C0
ENDCHAR
STARTCHAR uni0937
ENCODING 2359
SWIDTH 440 0
DWIDTH 18 0
BBX 19 27 0 0
BITMAP
FFFFE0
FFFFE0
FFFFE0
3C0E00
3C0E00
3E0E00
3E0E00
3F0E00
3F0E00
3D8E00
3D8E00
3CCE00
3CEE00
3C6E00
3C3E00
3C3E00
3C1E00
1E1E00
1FFE00
0FFE00
07EE00
000E00
000E00
000E00
000E00
000E00
000E00
ENDCHAR
STARTCHAR uni0938
ENCODING 2360
SWIDTH 536 0
DWIDTH 23 0
BBX 23 27 0 0
BITMAP
FFFFFE
FFFFFE
FFFFFE
00E070
00E070
00E070
00E070
00E070
00E070
00E070
00E070
01E070
03C070
3FFFF0
3FFFF0
3FFFF0
380070
1C0070
1C0070
0E0070
0E0070
0F0070
070070
078070
038070
03C070
01C070
ENDCHAR
STARTCHAR uni0939
ENCODING 2361
SWIDTH 444 0
DWIDTH 19 0
BBX 19 29 0 -2
BITMAP
FFFFE0
FFFFE0
FFFFE0
000E00
000E00
000E00
000E00
03FE00
0FFE00
1FFE00
1E0000
1C0000
1C0000
1E0000
1FFC00
0FFE00
0FFF00
0F0F80
1E0780
1C0380
1C0380
1C0380
1C0000
1C0000
1E0000
0F0000
0FFC00
07FC00
00FC00
ENDCHAR
STARTCHAR uni093A
ENCODING 2362
SWIDTH 0 0
DWIDTH 0 0
BBX 3 8 -6 30
BITMAP
E0
E0
E0
E0
E0
E0
E0
E0
ENDCHAR
STARTCHAR uni093B
ENCODING 2363
SWIDTH 228 0
DWIDTH 10 0
BBX 10 35 0 0
BITMAP
1C00
1C00
1C00
1C00
1C00
1C00
1C00
1C00
FFC0
FFC0
FFC0
1C00
1C00
1C00
1C00
1C00
1C00
1C00
1C00
1C00
1C00
1C00
1C00
1C00
1C00
1C00
1C00
1C00
1C00
1C00
1C00
1C00
1C00
1C00
1C00
ENDCHAR
STARTCHAR uni093C
ENCODING 2364
SWIDTH 0 0
DWIDTH 0 0
BBX 4 4 -7 -6
BITMAP
F0
F0
F0
F0
ENDCHAR
STARTCHAR uni093D
ENCODING 2365
SWIDTH 405 0
DWIDTH 17 0
BBX 14 28 2 -1
BITMAP
1FFC
3FFC
7FFC
F000
E000
E000
E000
E000
F000
7800
7C00
3E00
1F00
0780
03C0
01E0
00F0
0078
0038
0038
E038
E038
E038
E078
F8F8
7FF0
3FE0
1FC0
ENDCHAR
STARTCHAR uni093E
ENCODING 2366
SWIDTH 228 0
DWIDTH 10 0
BBX 10 27 0 0
BITMAP
FFC0
FFC0
FFC0
1C00
1C00
1C00
1C00
1C00
1C00
1C00
1C00
1C00
1C00
1C00
1C00
1C00
1C00
1C00
1C00
1C00
1C00
1C00
1C00
1C00
1C00
1C00
1C00
ENDCHAR
STARTCHAR uni093F
ENCODING 2367
SWIDTH 228 0
DWIDTH 10 0
BBX 25 39 0 0
BITMAP
003FE000
01FFF800
03FFFE00
07C03F00
0F000F00
0E000780
1E000780
1C000380
1C000380
1C000000
1C000000
1C000000
FFC00000
FFC00000
FFC00000
1C000000
1C000000
1C000000
1C000000
1C000000
1C000000
1C000000
1C000000
1C000000
1C000000
1C000000
1C000000
1C000000
1C000000
1C000000
1C000000
1C000000
1C000000
1C000000
1C000000
1C000000
1C000000
1C000000
1C000000
ENDCHAR
STARTCHAR uni0940
ENCODING 2368
SWIDTH 228 0
DWIDTH 10 0
BBX 16 39 -6 0
BITMAP
0F80
3FC0
7FE0
78F0
F070
E070
E070
E070
E070
0070
0070
0070
03FF
03FF
03FF
0070
0070
0070
0070
0070
0070
0070
0070
0070
0070
0070
0070
0070
0070
0070
0070
0070
0070
0070
0070
0070
0070
0070
0070
ENDCHAR
STARTCHAR uni0941
ENCODING 2369
SWIDTH 0 0
DWIDTH 0 0
BBX 14 11 -14 -10
BITMAP
03E0
07F8
07FC
843C
C01C
E01C
F01C
7C3C
3FFC
0FF8
03E0
ENDCHAR
STARTCHAR uni0942
ENCODING 2370
SWIDTH 0 0
DWIDTH 0 0
BBX 16 11 -12 -10
BITMAP
0FC0
3FF0
7FF8
787C
F03C
F01E
F00E
780E
7F8E
3F8F
0F87
ENDCHAR
STARTCHAR uni0943
ENCODING 2371
SWIDTH 0 0
DWIDTH 0 0
BBX 10 11 -11 -8
BITMAP
0F00
3F00
7F00
7800
7000
F000
7000
7840
7FC0
3FC0
0F80
ENDCHAR
STARTCHAR uni0944
ENCODING 2372
SWIDTH 0 0
DWIDTH 0 0
BBX 10 17 -11 -14
BITMAP
1F00
3F00
7F00
7000
F000
7000
7800
7F00
3F00
7F00
7000
7000
F000
7800
7FC0
3FC0
0F80
ENDCHAR
STARTCHAR uni0945
ENCODING 2373
SWIDTH 0 0
DWIDTH 0 0
BBX 12 6 -11 30
BITMAP
E070
E070
F0F0
7FE0
3FE0
1F80
ENDCHAR
STARTCHAR uni0946
ENCODING 2374
SWIDTH 0 0
DWIDTH 0 0
BBX 18 11 -21 26
BITMAP
E00000
E00000
F00000
FFFF00
7FFF80
3FFFC0
0003C0
0001C0
0001C0
0001C0
0001C0
ENDCHAR
STARTCHAR uni0947
ENCODING 2375
SWIDTH 0 0
DWIDTH 0 0
BBX 7 15 -10 24
BITMAP
E0
F0
70
70
70
38
38
38
38
1C
1C
1C
1E
1E
1E
ENDCHAR
STARTCHAR uni0948
ENCODING 2376
SWIDTH 0 0
DWIDTH 0 0
BBX 10 15 -13 24
BITMAP
E3C0
E3C0
F3C0
73C0
73C0
73C0
3BC0
3BC0
39C0
19C0
1DC0
1DC0
1FC0
1FC0
1FC0
ENDCHAR
STARTCHAR uni0949
ENCODING 2377
SWIDTH 228 0
DWIDTH 10 0
BBX 12 36 -1 0
BITMAP
E070
E070
E0F0
F0E0
7FE0
7FC0
1F00
0000
0000
7FE0
7FE0
7FE0
0E00
0E00
0E00
0E00
0E00
0E00
0E00
0E00
0E00
0E00
0E00
0E00
0E00
0E00
0E00
0E00
0E00
0E00
0E00
0E00
0E00
0E00
0E00
0E00
ENDCHAR
STARTCHAR uni094A
ENCODING 2378
SWIDTH 228 0
DWIDTH 10 0
BBX 21 37 -11 0
BITMAP
E00000
E00000
E00000
FFFE00
7FFF80
3FFF80
000380
000380
000380
000380
001FF8
001FF8
001FF8
000380
000380
000380
000380
000380
000380
000380
000380
000380
000380
000380
000380
000380
000380
000380
000380
000380
000380
000380
000380
000380
000380
000380
000380
ENDCHAR
STARTCHAR uni094B
ENCODING 2379
SWIDTH 228 0
DWIDTH 10 0
BBX 10 39 0 0
BITMAP
E000
E000
E000
7000
7000
7000
3800
3800
3800
3800
1C00
1C00
FFC0
FFC0
FFC0
1C00
1C00
1C00
1C00
1C00
1C00
1C00
1C00
1C00
1C00
1C00
1C00
1C00
1C00
1C00
1C00
1C00
1C00
1C00
1C00
1C00
1C00
1C00
1C00
ENDCHAR
STARTCHAR uni094C
ENCODING 2380
SWIDTH 228 0
DWIDTH 10 0
BBX 14 39 -4 0
BITMAP
F1C0
71C0
71C0
71C0
39C0
39C0
39C0
39C0
1DC0
1DC0
1DC0
0DC0
1FFC
1FFC
1FFC
01C0
01C0
01C0
01C0
01C0
01C0
01C0
01C0
01C0
01C0
01C0
01C0
01C0
01C0
01C0
01C0
01C0
01C0
01C0
01C0
01C0
01C0
01C0
01C0
ENDCHAR
STARTCHAR uni094D
ENCODING 2381
SWIDTH 0 0
DWIDTH 0 0
BBX 10 7 -9 -10
BITMAP
C000
F000
FE00
3F80
0FC0
01C0
0040
ENDCHAR
STARTCHAR uni094E
ENCODING 2382
SWIDTH 228 0
DWIDTH 10 0
BBX 7 27 3 0
BITMAP
FE
FE
FE
E0
E0
E0
E0
E0
E0
E0
E0
E0
E0
E0
E0
E0
E0
E0
E0
E0
E0
E0
E0
E0
E0
E0
E0
ENDCHAR
STARTCHAR uni094F
ENCODING 2383
SWIDTH 228 0
DWIDTH 10 0
BBX 24 38 -14 0
BITMAP
070000
070000
07FFF0
E7FFFC
E1FFFC
F0001C
7FFF1E
7FFF9E
3FFFDC
0001DC
0001DC
0003FF
0003FF
0003FF
000070
000070
000070
000070
000070
000070
000070
000070
000070
000070
000070
000070
000070
000070
000070
000070
000070
000070
000070
000070
000070
000070
000070
000070
ENDCHAR
STARTCHAR uni0950
ENCODING 2384
SWIDTH 769 0
DWIDTH 32 0
BBX 29 30 2 2
BITMAP
00000700
00000700
00000700
00000700
0000E038
0FC0E038
3FF0F070
7FF87FF0
78783FE0
F0381F80
E0380000
E03C0000
00380000
00380F80
00383FE0
00F87FF0
0FE078F0
0FE07078
0FF07078
00787038
003CF038
001CF038
001FE078
E01FE078
E01FC0F0
E03F83F0
F07C03E0
7FF80380
3FF00000
1FC00000
ENDCHAR
STARTCHAR uni0951
ENCODING 2385
SWIDTH 0 0
DWIDTH 0 0
BBX 3 10 -6 39
BITMAP
E0
E0
E0
E0
E0
E0
E0
E0
E0
E0
ENDCHAR
STARTCHAR uni0952
ENCODING 2386
SWIDTH 0 0
DWIDTH 0 0
BBX 18 3 -19 -18
BITMAP
FFFFC0
FFFFC0
FFFFC0
ENDCHAR
STARTCHAR uni0953
ENCODING 2387
SWIDTH 0 0
DWIDTH 0 0
BBX 7 5 -10 30
BITMAP
F0
70
38
1C
1E
ENDCHAR
STARTCHAR uni0954
ENCODING 2388
SWIDTH 0 0
DWIDTH 0 0
BBX 7 5 -6 30
BITMAP
1E
3C
38
70
E0
ENDCHAR
STARTCHAR uni0955
ENCODING 2389
SWIDTH 0 0
DWIDTH 0 0
BBX 12 9 -11 28
BITMAP
E070
E070
F0F0
7FF0
3FE0
1F80
FFF0
FFF0
FFF0
ENDCHAR
STARTCHAR uni0956
ENCODING 2390
SWIDTH 0 0
DWIDTH 0 0
BBX 15 5 -18 -6
BITMAP
E00E
783C
7FFC
3FF8
0FE0
ENDCHAR
STARTCHAR uni0957
ENCODING 2391
SWIDTH 0 0
DWIDTH 0 0
BBX 15 11 -18 -12
BITMAP
E00E
783C
7FFC
3FF8
0FE0
8002
701C
783C
3FF8
1FF0
0FE0
ENDCHAR
STARTCHAR uni0958
ENCODING 2392
SWIDTH 638 0
DWIDTH 27 0
BBX 27 28 0 -1
BITMAP
FFFFFFE0
FFFFFFE0
FFFFFFE0
000E0000
000E0000
000E0000
000E0000
0FCE7C00
1FEFFE00
3FFFFF00
3C3F0F00
781E0780
701E0380
701E0380
701E0380
700E0380
701E0380
701E0380
781E0780
3C3E0F00
3FFE3F00
1FEE3E00
0F8E3800
000E0000
0E0E0000
0E0E0000
0E0E0000
0E000000
ENDCHAR
STARTCHAR uni0959
ENCODING 2393
SWIDTH 678 0
DWIDTH 28 0
BBX 29 28 0 -1
BITMAP
FFFFFFF8
FFFFFFF8
FFFFFFF8
01C00380
01C00380
01C00380
01C00380
01C0F380
01C3FF80
01C7FF80
01C78780
03C70380
07C70380
7F870380
7F070380
7E070380
78078780
3807FF80
3803FF80
3C00F380
1E000780
0F000F80
0FC03F80
03FFFF80
79FFFB80
783FE380
78000380
78000000
ENDCHAR
STARTCHAR uni095A
ENCODING 2394
SWIDTH 564 0
DWIDTH 24 0
BBX 24 27 0 0
BITMAP
FFFFFF
FFFFFF
FFFFFF
00F078
00F078
00F078
00F078
00F078
00F078
00F078
0FF078
3FF078
7FF078
78F078
70F078
70F078
70F078
78E078
3FE078
3FC078
0F8078
000078
000078
0F0078
0F0078
0F0078
0F0078
ENDCHAR
STARTCHAR uni095B
ENCODING 2395
SWIDTH 519 0
DWIDTH 22 0
BBX 22 30 0 -3
BITMAP
FFFFFC
FFFFFC
FFFFFC
0001E0
0001E0
0001E0
0001E0
0001E0
0001E0
707FE0
707FE0
707FE0
7071E0
7071E0
7071E0
7071E0
7071E0
7071E0
7071E0
78F1E0
3FF1E0
3FE1E0
0F81E0
0001E0
0001E0
0001E0
0781E0
078000
078000
078000
ENDCHAR
STARTCHAR uni095C
ENCODING 2396
SWIDTH 422 0
DWIDTH 18 0
BBX 18 33 0 -6
BITMAP
FFFFC0
FFFFC0
FFFFC0
000E00
000E00
000E00
000E00
07FE00
0FFE00
1FFE00
3C0000
3C0000
3C0000
3C0000
1FF000
1FFC00
07FE00
001E00
000F00
000700
380700
380F00
3C0F00
3E1E00
1FFE00
0FFC00
07F000
000000
000000
01E000
01E000
01E000
01E000
ENDCHAR
STARTCHAR uni095D
ENCODING 2397
SWIDTH 435 0
DWIDTH 18 0
BBX 19 31 0 -4
BITMAP
FFFFE0
FFFFE0
FFFFE0
001C00
001C00
001C00
001C00
03FC00
0FFC00
1FFC00
3E0000
3C0000
380000
380000
387C00
39FE00
39FF00
3B8700
3B8700
3B8700
3F8700
1F8F00
0FFE00
07FC00
01F800
000000
000000
00F000
00F000
00F000
00F000
ENDCHAR
STARTCHAR uni095E
ENCODING 2398
SWIDTH 652 0
DWIDTH 27 0
BBX 28 27 0 0
BITMAP
FFFFFFF0
FFFFFFF0
FFFFFFF0
3C0E0000
3C0E0000
3C0E0000
3C0E0000
3C0E7C00
3C0EFF00
3C0FFF80
3C0F8780
3C0F0380
3C0E03C0
3C0E03C0
3C0E03C0
3C0E01C0
3C0E03C0
1E1E03C0
1FFE0380
0FFE0780
07EE3F00
000E3F00
000E3C00
700E0000
700E0000
700E0000
700E0000
ENDCHAR
STARTCHAR uni095F
ENCODING 2399
SWIDTH 491 0
DWIDTH 21 0
BBX 21 28 0 -1
BITMAP
FFFFF8
FFFFF8
FFFFF8
070380
038380
03C380
03C380
01C380
03C380
038380
0F8380
3F0380
3E0380
380380
380380
3C0380
3C0780
1F0F80
0FFF80
07FF80
03F380
000380
000380
000380
3C0380
3C0380
3C0380
3C0000
ENDCHAR
STARTCHAR uni0960
ENCODING 2400
SWIDTH 698 0
DWIDTH 29 0
BBX 30 34 0 -7
BITMAP
FFFFFFFC
FFFFFFFC
FFFFFFFC
000E0000
000E0000
000E0000
000E0000
000E0000
1F8E01E0
3FCE01E0
3FEE03E0
21FE0FE0
007E1FE0
007E7FE0
003FF9E0
001FF1E0
000FC1E0
003F03E0
00FE07E0
03FE0FE0
07EE1E00
1F8E1E00
1E0E1E00
180E0E00
100E0FE0
000E07E0
000E0FE0
000E0E00
00001E00
00001E00
00001E00
00000FF0
000007F0
000003F0
ENDCHAR
STARTCHAR uni0961
ENCODING 2401
SWIDTH 634 0
DWIDTH 27 0
BBX 27 37 0 -10
BITMAP
FFFFFFE0
FFFFFFE0
FFFFFFE0
00000E00
00000E00
00000E00
00000E00
00000E00
07C1EE00
0FE3FE00
1FF7FE00
3C771E00
383E0E00
381C0E00
781C0E00
781C0E00
781C0E00
781C0E00
78000E00
78000E00
38001E00
3C007E00
3C007E00
1F00F000
0FF0E000
07F0E000
01F0F000
00007E00
00003E00
00007E00
0000F000
0000E000
0000E000
0000F000
00007F80
00003F80
00001F80
ENDCHAR
STARTCHAR uni0962
ENCODING 2402
SWIDTH 0 0
DWIDTH 0 0
BBX 14 15 -11 -12
BITMAP
78E0
FDF0
FFF8
E738
E738
E738
E070
E070
F860
78E0
38E0
00E0
00FC
00FC
003C
ENDCHAR
STARTCHAR uni0963
ENCODING 2403
SWIDTH 0 0
DWIDTH 0 0
BBX 14 19 -11 -16
BITMAP
78E0
FDF0
FFF8
E738
E730
E770
E070
E060
F8E0
78E0
38E4
00FC
00FC
00FC
00E0
00E0
00FC
00FC
007C
ENDCHAR
STARTCHAR uni0964
ENCODING 2404
SWIDTH 263 0
DWIDTH 11 0
BBX 3 27 4 0
BITMAP
E0
E0
E0
E0
E0
E0
E0
E0
E0
E0
E0
E0
E0
E0
E0
E0
E0
E0
E0
E0
E0
E0
E0
E0
E0
E0
E0
ENDCHAR
STARTCHAR uni0965
ENCODING 2405
SWIDTH 434 0
DWIDTH 18 0
BBX 10 27 4 0
BITMAP
E1C0
E1C0
E1C0
E1C0
E1C0
E1C0
E1C0
E1C0
E1C0
E1C0
E1C0
E1C0
E1C0
E1C0
E1C0
E1C0
E1C0
E1C0
E1C0
E1C0
E1C0
E1C0
E1C0
E1C0
E1C0
E1C0
E1C0
ENDCHAR
STARTCHAR uni0966
ENCODING 2406
SWIDTH 440 0
DWIDTH 18 0
BBX 15 18 2 5
BITMAP
0FC0
1FF0
3FF8
7878
703C
F01C
E01C
E01C
E01C
E01E
E01C
E01C
F01C
703C
7878
3FF8
1FF0
0FC0
ENDCHAR
STARTCHAR uni0967
ENCODING 2407
SWIDTH 356 0
DWIDTH 15 0
BBX 11 28 2 1
BITMAP
1F00
7F80
7FC0
F1E0
E0E0
E0E0
E0E0
E0E0
F0E0
7FE0
3FC0
0FC0
03C0
0780
0F00
1E00
3C00
7800
7000
7800
3C00
1E00
0F00
0780
03C0
01C0
01C0
01C0
ENDCHAR
STARTCHAR uni0968
ENCODING 2408
SWIDTH 404 0
DWIDTH 17 0
BBX 13 28 2 0
BITMAP
1F80
3FE0
7FE0
70F0
F070
F078
E038
E038
0038
0038
0038
0038
0038
E038
E038
E078
F070
F8F0
FFF0
FFE0
EF80
E000
E000
E000
E000
E000
E000
E000
ENDCHAR
STARTCHAR uni0969
ENCODING 2409
SWIDTH 420 0
DWIDTH 18 0
BBX 14 28 2 0
BITMAP
0FC0
1FE0
3FF0
7878
7038
7038
F038
0038
0038
0070
0FE0
0FC0
0FF0
0078
0038
003C
E01C
E01C
E03C
F03C
F878
FFF8
FFF0
EFC0
E000
E000
E000
E000
ENDCHAR
STARTCHAR uni096A
ENCODING 2410
SWIDTH 440 0
DWIDTH 18 0
BBX 15 29 2 0
BITMAP
E01E
E01E
E01E
E01E
E01E
E01E
E01E
E01E
E01E
E01C
E01C
F01C
703C
7878
3FF8
1FE0
3FF0
3878
7038
701C
701C
701C
701C
701C
703C
7878
3FF0
1FF0
0FC0
ENDCHAR
STARTCHAR uni096B
ENCODING 2411
SWIDTH 419 0
DWIDTH 18 0
BBX 14 28 2 0
BITMAP
3C00
3800
3800
7800
7000
7000
7000
F000
E000
E000
E000
E000
E03C
E03C
E03C
E03C
E03C
703C
707C
78FC
3FFC
3FFC
0FBC
003C
003C
003C
003C
003C
ENDCHAR
STARTCHAR uni096C
ENCODING 2412
SWIDTH 420 0
DWIDTH 18 0
BBX 16 28 2 0
BITMAP
0F80
3FE0
7FF0
78F8
F078
F038
F038
F000
7000
7800
3F80
1F80
3F80
7800
F000
E000
E038
E038
E03C
F03C
F87C
7FFC
3FDC
0F9E
000E
000E
000E
000F
ENDCHAR
STARTCHAR uni096D
ENCODING 2413
SWIDTH 516 0
DWIDTH 22 0
BBX 18 29 2 0
BITMAP
1C0000
3C0000
380000
380000
780000
703E00
707F00
70FF80
F1E380
F1C380
E1C3C0
E1C1C0
E1C1C0
E1C1C0
E1E1C0
E0F1C0
E0FFC0
E07FC0
E03FC0
E00380
E00380
F00380
700380
700700
780F00
3C1E00
3FFC00
1FF800
07E000
ENDCHAR
STARTCHAR uni096E
ENCODING 2414
SWIDTH 444 0
DWIDTH 19 0
BBX 15 29 2 0
BITMAP
003C
0078
00F0
01E0
01E0
03C0
0780
0780
0F00
1E00
1E00
3C00
3800
7800
7000
7000
F000
E000
E000
E000
E00E
E00E
E00E
F01E
F01E
787C
7FF8
3FF0
0FE0
ENDCHAR
STARTCHAR uni096F
ENCODING 2415
SWIDTH 402 0
DWIDTH 17 0
BBX 13 28 2 0
BITMAP
0F80
3FE0
7FF0
78F0
F078
E038
E038
E038
E078
E0F0
FFE0
FFC0
FF80
7000
7800
3800
3C00
1E00
1E00
0F00
0780
03C0
01E0
00E0
00F0
0070
0070
0060
ENDCHAR
STARTCHAR uni0970
ENCODING 2416
SWIDTH 422 0
DWIDTH 18 0
BBX 12 13 3 14
BITMAP
1F00
3FC0
7FE0
F0E0
E070
C070
C030
C070
E070
F0E0
7FE0
3FC0
1F00
ENDCHAR
STARTCHAR uni0971
ENCODING 2417
SWIDTH 251 0
DWIDTH 11 0
BBX 4 4 3 24
BITMAP
F0
F0
F0
F0
ENDCHAR
STARTCHAR uni0972
ENCODING 2418
SWIDTH 614 0
DWIDTH 26 0
BBX 24 36 2 0
BITMAP
070380
070380
070380
078700
03FF00
01FE00
00FC00
000000
000000
0F83FF
3FE3FF
7FF3FF
78F038
F07038
E07838
E07838
007838
007038
007038
00F038
0FE038
0FF038
00FFF8
007FF8
003FF8
003838
E03838
E03838
E03838
E07838
F0F038
7FF038
3FE038
1F8038
000038
000038
ENDCHAR
STARTCHAR uni0973
ENCODING 2419
SWIDTH 614 0
DWIDTH 26 0
BBX 24 37 2 0
BITMAP
000038
000038
000038
000038
000038
000038
000038
000038
000000
000000
0F83FF
3FE3FF
7FF3FF
78F038
F07038
E07838
E07838
007838
007038
007038
00F038
0FE038
0FF038
00FFF8
007FF8
003FF8
003838
E03838
E03838
E03838
E07838
F0F038
7FF038
3FE038
1F8038
000038
000038
ENDCHAR
STARTCHAR uni0974
ENCODING 2420
SWIDTH 842 0
DWIDTH 35 0
BBX 34 37 2 0
BITMAP
0000001C00
0000001C00
0000001C00
0000001C00
0000001C00
0000001C00
0000001C00
0000001C00
0000000000
0000000000
0F83FFFFC0
3FE3FFFFC0
7FF3FFFFC0
78F0381C00
F070381C00
E078381C00
E078381C00
0078381C00
0070381C00
0070381C00
00F0381C00
0FE0381C00
0FF0381C00
00FFF81C00
007FF81C00
003FF81C00
0038381C00
E038381C00
E038381C00
E038381C00
E078381C00
F0F0381C00
7FF0381C00
3FE0381C00
1F80381C00
0000381C00
0000381C00
ENDCHAR
STARTCHAR uni0975
ENCODING 2421
SWIDTH 842 0
DWIDTH 35 0
BBX 34 38 2 0
BITMAP
0003800000
0003C00000
0001FFFC00
0039FFFE00
0038FFFF00
003C000700
003FFFC700
001FFFE700
000FFFF700
0000007700
0000007700
0F83FFFFC0
3FE3FFFFC0
7FF3FFFFC0
F0F0381C00
F078381C00
E078381C00
0078381C00
0078381C00
0070381C00
00F0381C00
0FE0381C00
0FE0381C00
0FF0381C00
00FFF81C00
007FF81C00
003FF81C00
0038381C00
E038381C00
E038381C00
E038381C00
E078381C00
F0F0381C00
7FF0381C00
3FE0381C00
1F80381C00
0000381C00
0000381C00
ENDCHAR
STARTCHAR uni0976
ENCODING 2422
SWIDTH 614 0
DWIDTH 26 0
BBX 24 34 2 -7
BITMAP
0F83FF
3FE3FF
7FF3FF
78F038
F07038
E07838
E07838
007838
007038
007038
00F038
0FE038
0FF038
00FFF8
007FF8
003FF8
003838
E03838
E03838
E03838
E07838
F0F038
7FF038
3FE038
1F8038
000038
000038
000000
0E00C0
0F01C0
0783C0
07FF80
03FF00
00FC00
ENDCHAR
STARTCHAR uni0977
ENCODING 2423
SWIDTH 614 0
DWIDTH 26 0
BBX 24 40 2 -13
BITMAP
0F83FF
3FE3FF
7FF3FF
78F038
F07038
E07838
E07838
007838
007038
007038
00F038
0FE038
0FF038
00FFF8
007FF8
003FF8
003838
E03838
E03838
E03838
E07838
F0F038
7FF038
3FE038
1F8038
000038
000038
000000
0E00C0
0F01C0
0783C0
07FF80
03FF00
00FC00
000000
0E01C0
0783C0
07FF80
03FF00
00FE00
ENDCHAR
STARTCHAR uni0978
ENCODING 2424
SWIDTH 458 0
DWIDTH 19 0
BBX 20 27 0 0
BITMAP
FFFFF0
FFFFF0
FFFFF0
00E000
00E000
00E000
00E000
00E000
00E000
00E000
00E000
00E000
01C000
03C000
1FF800
1FFE00
1FFF00
000F00
000780
000780
000780
000780
000780
000700
000700
000E00
001E00
ENDCHAR
STARTCHAR uni0979
ENCODING 2425
SWIDTH 519 0
DWIDTH 22 0
BBX 22 34 0 -7
BITMAP
FFFFFC
FFFFFC
FFFFFC
0001E0
0001E0
0001E0
0001E0
0001E0
0001E0
707FE0
707FE0
707FE0
7071E0
7071E0
7071E0
7071E0
7071E0
7071E0
7071E0
78F1E0
3FF1E0
3FE1E0
0F81E0
0001E0
0001E0
0001E0
F079E0
F07800
F07800
F07800
078000
078000
078000
078000
ENDCHAR
STARTCHAR uni097A
ENCODING 2426
SWIDTH 491 0
DWIDTH 21 0
BBX 21 27 0 0
BITMAP
FFFFF8
FFFFF8
FFFFF8
078380
038380
03C380
03C380
01E380
03E380
03B380
0FB380
3F1B80
3E1B80
380F80
380F80
3C0780
3C0780
1F0F80
0FFF80
07FF80
03F380
000380
000380
000380
000380
000380
000380
ENDCHAR
STARTCHAR uni097B
ENCODING 2427
SWIDTH 564 0
DWIDTH 24 0
BBX 24 27 0 0
BITMAP
FFFFFF
FFFFFF
FFFFFF
00F078
00F078
00F078
00F078
00F078
00F078
00F078
0FF078
3FF078
7FF078
78F078
70F078
70F078
70F078
78E078
3FE078
3FC078
0F8078
000078
000078
000078
1FFFF8
1FFFF8
1FFFF8
ENDCHAR
STARTCHAR uni097C
ENCODING 2428
SWIDTH 518 0
DWIDTH 22 0
BBX 22 27 0 0
BITMAP
FFFFFC
FFFFFC
FFFFFC
0001E0
0001E0
0001E0
0001E0
0001E0
0001E0
707FE0
707FE0
707FE0
7071E0
7071E0
7071E0
7071E0
7071E0
7071E0
78F1E0
3FF1E0
3FE1E0
0F81E0
0001E0
0001E0
7FFFE0
7FFFE0
7FFFE0
ENDCHAR
STARTCHAR uni097D
ENCODING 2429
SWIDTH 420 0
DWIDTH 18 0
BBX 14 27 2 0
BITMAP
0FC0
3FE0
7FF0
7878
F038
F03C
E03C
E03C
E03C
003C
0078
0078
00F0
01E0
03E0
03C0
0780
0780
0700
0700
0700
0700
0700
0700
0700
0700
0700
ENDCHAR
STARTCHAR uni097E
ENCODING 2430
SWIDTH 412 0
DWIDTH 17 0
BBX 18 30 0 -3
BITMAP
FFFFC0
FFFFC0
FFFFC0
001C00
001C00
001C00
001C00
07FC00
1FFC00
3FFC00
3C0000
380000
3C0000
3FF000
1FFC00
0FFE00
001E00
000E00
700E00
780E00
780E00
3C1E00
3FFC00
1FF800
07F000
000000
000000
3FFE00
3FFE00
3FFE00
ENDCHAR
STARTCHAR uni097F
ENCODING 2431
SWIDTH 454 0
DWIDTH 19 0
BBX 20 27 0 0
BITMAP
FFFFF0
FFFFF0
FFFFF0
000700
000700
000700
07E700
1FF700
1FFF00
3F1F00
3B0F00
798F00
798700
78C700
78C700
786700
387F00
3C3F00
3FFF00
1FF700
07E700
000700
000700
000700
3FFF00
3FFF00
3FFF00
ENDCHAR
STARTCHAR uni1CDA
ENCODING 7386
SWIDTH 0 0
DWIDTH 0 0
BBX 8 10 -6 39
BITMAP
E7
E7
E7
E7
E7
E7
E7
E7
E7
E7
ENDCHAR
STARTCHAR uni1CDB
ENCODING 7387
SWIDTH 0 0
DWIDTH 0 0
BBX 12 10 -6 39
BITMAP
EE70
EE70
EE70
EE70
EE70
EE70
EE70
EE70
EE70
EE70
ENDCHAR
STARTCHAR uni1CF5
ENCODING 7413
SWIDTH 504 0
DWIDTH 21 0
BBX 21 27 0 0
BITMAP
7800F0
3C00E0
1C01E0
1E03C0
0F0380
0F0780
078700
038F00
03DE00
01FC00
01FC00
00F800
007000
007800
00F800
01FC00
01DE00
03CE00
078F00
070700
0F0780
0E03C0
1E03C0
3C01E0
3800E0
7800F0
F00078
ENDCHAR
STARTCHAR uni1CF6
ENCODING 7414
SWIDTH 594 0
DWIDTH 25 0
BBX 23 24 1 3
BITMAP
F0381E
F0381E
F0381E
F0381E
F0381E
70381C
707C1C
78EE3C
3FEFF8
1FC7F0
0F83E0
000000
000000
0F83E0
1FC7F0
3FEFF8
78EE3C
707C1C
70381C
F0381C
F0381E
F0381E
F0381E
F0381E
ENDCHAR
STARTCHAR Wgrave
ENCODING 7808
SWIDTH 711 0
DWIDTH 30 0
BBX 29 35 0 0
BITMAP
003C0000
001E0000
000E0000
00070000
00038000
00018000
00000000
00000000
F007C038
700FC038
780FC038
780FC038
780FC070
380FC070
380DE070
3C1DE070
3C1CE070
1C1CE0E0
1C1CE0E0
1C1CE0E0
1E18F0E0
1E3871C0
0E3871C0
0E3871C0
0F3871C0
0F3871C0
07307B80
07303B80
07703B80
07F03B80
07F03B00
03F03F00
03E03F00
03E01F00
03E01E00
ENDCHAR
STARTCHAR wgrave
ENCODING 7809
SWIDTH 544 0
DWIDTH 23 0
BBX 23 28 0 0
BITMAP
01E000
00F000
007000
003800
001C00
000000
000000
F0381E
F07C1C
707C1C
707C1C
706C1C
786C38
386E38
38EE38
38EE38
3CEE38
1CCE70
1CC670
1CC770
1DC770
0FC760
0FC7E0
0F87E0
0F83E0
0783C0
0783C0
0783C0
ENDCHAR
STARTCHAR Wacute
ENCODING 7810
SWIDTH 711 0
DWIDTH 30 0
BBX 29 35 0 0
BITMAP
0000E000
0001E000
0001C000
00038000
00070000
00060000
00000000
00000000
F007C038
700FC038
780FC038
780FC038
780FC070
380FC070
380DE070
3C1DE070
3C1CE070
1C1CE0E0
1C1CE0E0
1C1CE0E0
1E18F0E0
1E3871C0
0E3871C0
0E3871C0
0F3871C0
0F3871C0
07307B80
07303B80
07703B80
07F03B80
07F03B00
03F03F00
03E03F00
03E01F00
03E01E00
ENDCHAR
STARTCHAR wacute
ENCODING 7811
SWIDTH 544 0
DWIDTH 23 0
BBX 23 28 0 0
BITMAP
000F00
001E00
001C00
003800
007000
000000
000000
F0381E
F07C1C
707C1C
707C1C
706C1C
786C38
386E38
38EE38
38EE38
3CEE38
1CCE70
1CC670
1CC770
1DC770
0FC760
0FC7E0
0F87E0
0F83E0
0783C0
0783C0
0783C0
ENDCHAR
STARTCHAR Wdieresis
ENCODING 7812
SWIDTH 711 0
DWIDTH 30 0
BBX 29 34 0 0
BITMAP
003CF000
003CF000
003CF000
00000000
00000000
00000000
00000000
F007C038
700FC038
780FC038
780FC038
780FC070
380FC070
380DE070
3C1DE070
3C1CE070
1C1CE0E0
1C1CE0E0
1C1CE0E0
1E18F0E0
1E3871C0
0E3871C0
0E3871C0
0F3871C0
0F3871C0
07307B80
07303B80
07703B80
07F03B80
07F03B00
03F03F00
03E03F00
03E01F00
03E01E00
ENDCHAR
STARTCHAR wdieresis
ENCODING 7813
SWIDTH 544 0
DWIDTH 23 0
BBX 23 28 0 0
BITMAP
01C700
01C700
01C700
000000
000000
000000
000000
F0381E
F07C1C
707C1C
707C1C
706C1C
786C38
386E38
38EE38
38EE38
3CEE38
1CCE70
1CC670
1CC770
1DC770
0FC760
0FC7E0
0F87E0
0F83E0
0783C0
0783C0
0783C0
ENDCHAR
STARTCHAR Ygrave
ENCODING 7922
SWIDTH 503 0
DWIDTH 21 0
BBX 21 35 0 0
BITMAP
03C000
01C000
00E000
00F000
007000
003800
000000
000000
F00078
780070
3800E0
3C00E0
1C01C0
1E01C0
0F0380
0F0380
078700
078700
03CE00
03CE00
01FC00
00FC00
00F800
007800
007000
007000
007000
007000
007000
007000
007000
007000
007000
007000
007000
ENDCHAR
STARTCHAR ygrave
ENCODING 7923
SWIDTH 376 0
DWIDTH 16 0
BBX 15 35 0 -7
BITMAP
1E00
0700
0380
0380
01C0
0000
0000
F00E
700E
780E
781E
381C
381C
3C1C
1C1C
1C38
1C38
0E38
0E30
0E70
0F70
0770
0760
07E0
03E0
03E0
03C0
01C0
03C0
0380
0780
0F80
7F00
7E00
7C00
ENDCHAR
STARTCHAR uni200C
ENCODING 8204
SWIDTH 0 0
DWIDTH 0 0
BBX 3 55 0 -18
BITMAP
E0
E0
E0
E0
E0
E0
E0
E0
E0
E0
E0
E0
E0
E0
E0
E0
E0
E0
E0
E0
E0
E0
E0
E0
E0
E0
E0
E0
E0
E0
E0
E0
E0
E0
E0
E0
E0
E0
E0
E0
E0
E0
E0
E0
E0
E0
E0
E0
E0
E0
E0
E0
E0
E0
E0
ENDCHAR
STARTCHAR uni200D
ENCODING 8205
SWIDTH 0 0
DWIDTH 0 0
BBX 10 54 0 -17
BITMAP
FFC0
FFC0
FFC0
E000
E000
E000
E000
E000
E000
E000
E000
E000
E000
E000
E000
E000
E000
E000
E000
E000
E000
E000
E000
E000
E000
E000
E000
E000
E000
E000
E000
E000
E000
E000
E000
E000
E000
E000
E000
E000
E000
E000
E000
E000
E000
E000
E000
E000
E000
E000
E000
E000
E000
E000
ENDCHAR
STARTCHAR endash
ENCODING 8211
SWIDTH 419 0
DWIDTH 18 0
BBX 18 3 0 9
BITMAP
FFFFC0
FFFFC0
FFFFC0
ENDCHAR
STARTCHAR emdash
ENCODING 8212
SWIDTH 754 0
DWIDTH 32 0
BBX 32 3 0 9
BITMAP
FFFFFFFF
FFFFFFFF
FFFFFFFF
ENDCHAR
STARTCHAR uni2015
ENCODING 8213
SWIDTH 754 0
DWIDTH 32 0
BBX 24 3 4 9
BITMAP
FFFFFF
FFFFFF
FFFFFF
ENDCHAR
STARTCHAR underscoredbl
ENCODING 8215
SWIDTH 460 0
DWIDTH 19 0
BBX 17 6 1 -8
BITMAP
FFFF80
FFFF80
000000
000000
FFFF80
FFFF80
ENDCHAR
STARTCHAR quoteleft
ENCODING 8216
SWIDTH 167 0
DWIDTH 7 0
BBX 3 9 2 18
BITMAP
60
60
60
C0
C0
E0
E0
E0
E0
ENDCHAR
STARTCHAR quoteright
ENCODING 8217
SWIDTH 167 0
DWIDTH 7 0
BBX 3 9 2 18
BITMAP
E0
E0
E0
E0
60
60
C0
C0
C0
ENDCHAR
STARTCHAR quotesinglbase
ENCODING 8218
SWIDTH 167 0
DWIDTH 7 0
BBX 4 9 1 -5
BITMAP
F0
F0
F0
F0
30
70
60
60
E0
ENDCHAR
STARTCHAR quotereversed
ENCODING 8219
SWIDTH 167 0
DWIDTH 7 0
BBX 3 9 2 18
BITMAP
E0
E0
E0
E0
C0
C0
60
60
60
ENDCHAR
STARTCHAR quotedblleft
ENCODING 8220
SWIDTH 251 0
DWIDTH 11 0
BBX 9 9 1 18
BITMAP
7380
6300
6300
E700
C600
F780
F780
F780
F780
ENDCHAR
STARTCHAR quotedblright
ENCODING 8221
SWIDTH 251 0
DWIDTH 11 0
BBX 9 9 1 18
BITMAP
F780
F780
F780
F780
6300
6300
6300
C600
C600
ENDCHAR
STARTCHAR quotedblbase
ENCODING 8222
SWIDTH 251 0
DWIDTH 11 0
BBX 9 9 1 -5
BITMAP
F780
F780
F780
F780
7300
6300
6300
C600
C600
ENDCHAR
STARTCHAR dagger
ENCODING 8224
SWIDTH 419 0
DWIDTH 18 0
BBX 15 34 1 -7
BITMAP
03C0
0380
0380
0380
0380
0180
0180
F18E
FFFE
FFFE
E186
0180
0180
0180
0180
0180
0180
0380
0380
0380
0380
0380
0380
0380
0380
0380
0380
0380
0380
0380
0380
03C0
03C0
03C0
ENDCHAR
STARTCHAR daggerdbl
ENCODING 8225
SWIDTH 419 0
DWIDTH 18 0
BBX 15 34 1 -7
BITMAP
03C0
0380
0380
0380
0380
0180
0180
F18E
FFFE
FFFE
E186
0180
0380
0380
0380
0380
03C0
03C0
0380
0380
0380
0380
0180
C182
FFFE
FFFE
FDFE
0180
0180
0380
0380
0380
0380
03C0
ENDCHAR
STARTCHAR bullet
ENCODING 8226
SWIDTH 264 0
DWIDTH 11 0
BBX 9 9 1 9
BITMAP
1C00
7F00
7F00
FF80
FF80
FF80
7F00
7F00
1C00
ENDCHAR
STARTCHAR ellipsis
ENCODING 8230
SWIDTH 754 0
DWIDTH 32 0
BBX 25 4 3 0
BITMAP
F01E0780
F01E0780
F01E0780
F01E0780
ENDCHAR
STARTCHAR perthousand
ENCODING 8240
SWIDTH 754 0
DWIDTH 32 0
BBX 31 27 1 0
BITMAP
1E00E000
3F00C000
7F81C000
73818000
61830000
E1870000
E1860000
E1CE0000
E18C0000
E19C0000
73980000
7FB80000
3F300000
1E73C0F0
0067E1F8
00CFF3FC
00CE739C
019C330E
039C330E
031C330E
071C330E
061C330E
0E1C330E
0C0E739C
1C0FF3FC
1807E1F8
3803C0F0
ENDCHAR
STARTCHAR minute
ENCODING 8242
SWIDTH 145 0
DWIDTH 6 0
BBX 4 6 1 21
BITMAP
70
70
F0
E0
E0
E0
ENDCHAR
STARTCHAR second
ENCODING 8243
SWIDTH 267 0
DWIDTH 11 0
BBX 9 6 1 21
BITMAP
7380
7380
F780
E700
E700
E700
ENDCHAR
STARTCHAR uni2038
ENCODING 8248
SWIDTH 260 0
DWIDTH 11 0
BBX 11 11 0 -9
BITMAP
0E00
0E00
1F00
1F00
1F00
3F80
3B80
3B80
73C0
71C0
F1E0
ENDCHAR
STARTCHAR guilsinglleft
ENCODING 8249
SWIDTH 251 0
DWIDTH 11 0
BBX 8 16 1 5
BITMAP
07
07
0E
1C
1C
38
78
F0
F0
78
38
3C
1C
0E
07
07
ENDCHAR
STARTCHAR guilsinglright
ENCODING 8250
SWIDTH 251 0
DWIDTH 11 0
BBX 8 16 1 5
BITMAP
E0
70
38
38
1C
1E
0E
0F
0F
0E
1E
1C
38
38
70
E0
ENDCHAR
STARTCHAR exclamdbl
ENCODING 8252
SWIDTH 419 0
DWIDTH 18 0
BBX 13 27 2 0
BITMAP
F878
F878
F878
F878
7078
7078
7078
7078
7078
7070
7070
7070
7070
7070
7070
7070
7070
7070
7070
7030
0000
0000
0000
7078
7078
7078
7078
ENDCHAR
STARTCHAR uni203E
ENCODING 8254
SWIDTH 460 0
DWIDTH 19 0
BBX 19 2 0 31
BITMAP
FFFFE0
FFFFE0
ENDCHAR
STARTCHAR fraction
ENCODING 8260
SWIDTH 126 0
DWIDTH 5 0
BBX 19 28 -7 0
BITMAP
0000E0
0000C0
0001C0
000180
000300
000700
000600
000E00
000C00
001C00
003800
003000
007000
006000
00E000
00C000
018000
038000
030000
070000
060000
0E0000
1C0000
180000
380000
300000
700000
E00000
ENDCHAR
STARTCHAR uni207F
ENCODING 8319
SWIDTH 275 0
DWIDTH 12 0
BBX 9 14 1 14
BITMAP
CF00
DF80
F380
E180
E180
E180
E180
E180
E180
E180
E180
E180
E180
E180
ENDCHAR
STARTCHAR franc
ENCODING 8355
SWIDTH 464 0
DWIDTH 19 0
BBX 17 27 2 0
BITMAP
FFF800
FFF800
FFF800
F00000
F00000
F00000
F00000
F00000
F00000
F06380
F07780
F07F80
FFFC00
FFF800
FFF000
F07000
F07000
F07000
F07000
F07000
F07000
F07000
F07000
F07000
F07000
F07000
F07000
ENDCHAR
STARTCHAR lira
ENCODING 8356
SWIDTH 419 0
DWIDTH 18 0
BBX 15 27 1 0
BITMAP
03F0
0FF8
0FFC
1E3C
1C1E
1C0E
3C0E
3C0E
3C00
3C00
FFE0
FFE0
FFE0
3C00
3C00
FFE0
FFE0
FFE0
3C00
3C00
3C00
3C00
3800
3800
FFFE
FFFE
FFFE
ENDCHAR
STARTCHAR peseta
ENCODING 8359
SWIDTH 876 0
DWIDTH 37 0
BBX 33 27 3 0
BITMAP
FF80C00000
FFE1C00000
FFF1C00000
E0F9C00000
E079C00000
E03DC00000
E03FFFF800
E03FFFFE00
E03FFFFF00
E03DC78F00
E03DCF0700
E079CF0700
E0F9CF0000
FFF1CF0000
FFE1C7C000
FF81C3F800
E001C1FE00
E001C03F00
E001C00F00
E001C00780
E001CE0780
E001CE0780
E001CF0780
E001CF8F00
E001FFFF00
E000FBFE00
E000F9F800
ENDCHAR
STARTCHAR Euro
ENCODING 8364
SWIDTH 419 0
DWIDTH 18 0
BBX 15 27 1 0
BITMAP
007E
01FE
03FE
07C0
0F00
1E00
1C00
1C00
3C00
FFF8
FFF8
FFF8
3800
3800
FFF8
FFF8
FFF8
3C00
3C00
1C00
1E00
0F00
0F80
07E0
03FE
01FE
007E
ENDCHAR
STARTCHAR uni20B9
ENCODING 8377
SWIDTH 406 0
DWIDTH 17 0
BBX 14 27 1 0
BITMAP
FFFC
FFFC
FFFC
07C0
01E0
01E0
00E0
FFFC
FFFC
FFFC
00E0
01E0
03E0
FFC0
FF80
FE00
F000
7800
3C00
3C00
1E00
0F00
0F00
0780
03C0
01E0
01F0
ENDCHAR
STARTCHAR uni2105
ENCODING 8453
SWIDTH 697 0
DWIDTH 29 0
BBX 25 29 2 -2
BITMAP
1E001C00
7F003800
7F803000
F3807000
E1806000
E180E000
E180C000
E0018000
E0038000
E1830000
E1870000
E1860000
F38E0000
7F8C3C00
7F1C7F00
1E18FF00
0030E380
0031C380
0061C180
00E1C180
00C1C180
01C1C180
0181C180
0381C180
0301C380
0700E380
0600FF00
0C007F00
1C003E00
ENDCHAR
STARTCHAR uni2113
ENCODING 8467
SWIDTH 321 0
DWIDTH 13 0
BBX 10 30 2 0
BITMAP
0F00
1F80
3F80
39C0
70C0
70C0
70C0
70C0
70C0
71C0
7180
7180
7380
7300
7700
7E00
7C00
7C00
7800
7000
F000
F000
F000
7000
7000
7000
3840
3FC0
1FC0
0F80
ENDCHAR
STARTCHAR uni2116
ENCODING 8470
SWIDTH 809 0
DWIDTH 34 0
BBX 31 27 2 0
BITMAP
F001C1F0
F001C3F8
F801C7FC
FC01C71C
FC01CE1C
FE01CE0C
FE01CE0C
EF01CE0E
EF01CE0C
E781CE0C
F7C1CE1C
F3C1C71C
F1E1C7FC
F1E1C3F8
F0F1C1F0
F0F9C000
F079C7FC
F03DC7FC
F03DC7FC
F01FC000
F01FC000
F00FC000
F00FC000
F007C000
F003C000
F003C000
F001C000
ENDCHAR
STARTCHAR trademark
ENCODING 8482
SWIDTH 754 0
DWIDTH 32 0
BBX 25 16 3 11
BITMAP
FFEE0380
FFEF0380
0C0F0780
0C0F0780
0C0D0580
0C0D8580
0C0D8D80
0C0D8D80
0C0C8980
0C0CD980
0C0CD980
0C0CD980
0C0C5180
0C0C7180
0C0C7180
0C0C6180
ENDCHAR
STARTCHAR uni2126
ENCODING 8486
SWIDTH 706 0
DWIDTH 30 0
BBX 21 27 4 0
BITMAP
01FC00
07FF00
0FFFC0
1F07E0
3E01E0
3C00F0
7800F0
780070
700078
700078
700038
F00038
F00038
F00038
F00038
F00038
700038
700038
700078
700070
380070
3800F0
1C00E0
1E01C0
FF87F8
FFCFF8
FFCFF8
ENDCHAR
STARTCHAR estimated
ENCODING 8494
SWIDTH 551 0
DWIDTH 23 0
BBX 20 22 2 0
BITMAP
03F800
0FFE00
1E0700
380180
7001C0
7001C0
F001E0
F001E0
F001E0
F001E0
FFFFF0
FFFFF0
F00000
F00000
F00000
F00000
700040
7000C0
300180
1C0700
0FFE00
03F800
ENDCHAR
STARTCHAR oneeighth
ENCODING 8539
SWIDTH 629 0
DWIDTH 26 0
BBX 24 28 1 0
BITMAP
00001C
1C0018
FC0038
FC0030
1C0060
1C0060
1C00C0
1C01C0
1C0180
1C0380
1C0300
1C0678
1C0EFE
1C0CFE
FF1CC6
FF19C7
0039C7
0071C6
0060C6
00E0FC
00C0FE
01C1C6
0181C7
0301C7
0701C7
0601FE
0E00FE
1C007C
ENDCHAR
STARTCHAR threeeighths
ENCODING 8540
SWIDTH 629 0
DWIDTH 26 0
BBX 24 27 1 0
BITMAP
1E001C
3F0038
738030
618070
6180E0
0380C0
1F01C0
1F0180
038380
018300
E1C678
618EFE
618CFE
739CC6
3F19C7
1E31C7
0071C6
0060C6
00E0FC
00C0FE
0181C6
0381C7
0301C7
0701C7
0601FE
0C00FE
1C007C
ENDCHAR
STARTCHAR fiveeighths
ENCODING 8541
SWIDTH 629 0
DWIDTH 26 0
BBX 24 28 1 0
BITMAP
00001C
7F8018
7F8038
7F8030
600060
6000E0
6000C0
6E01C0
7F0180
738380
018300
018600
E18E3C
E38C7E
7F9CE6
7F18C7
1E30C7
0070C7
0060E6
00E07E
00C0FE
01C0C7
0381C3
0301C3
0701C7
0600FF
0E00FE
1C007C
ENDCHAR
STARTCHAR seveneighths
ENCODING 8542
SWIDTH 629 0
DWIDTH 26 0
BBX 23 28 2 0
BITMAP
000030
FF8070
FF8060
FF80C0
0301C0
070180
060380
0E0300
0C0600
0C0E00
1C0C00
181C78
1818FC
3839FE
3831CE
386186
38E186
00C186
01C1CE
0180FC
0380FC
07018E
060186
0E0386
0C018E
1C01FE
1801FC
3000F8
ENDCHAR
STARTCHAR arrowleft
ENCODING 8592
SWIDTH 919 0
DWIDTH 39 0
BBX 35 14 2 4
BITMAP
0180000000
0300000000
0700000000
0F00000000
1E00000000
7E00000000
FFFFFFFFE0
FFFFFFFFE0
FFFFFFFFE0
7E00000000
1E00000000
0F00000000
0700000000
0380000000
ENDCHAR
STARTCHAR arrowup
ENCODING 8593
SWIDTH 460 0
DWIDTH 19 0
BBX 13 36 3 -8
BITMAP
0200
0700
0F80
0FC0
1FE0
3FE0
7FF0
FFF8
E718
8708
0700
0700
0700
0700
0700
0700
0700
0700
0700
0700
0700
0700
0700
0700
0700
0700
0700
0700
0700
0700
0700
0700
0700
0700
0700
0700
ENDCHAR
STARTCHAR arrowright
ENCODING 8594
SWIDTH 919 0
DWIDTH 39 0
BBX 35 14 2 4
BITMAP
0000002000
0000003800
0000001C00
0000001E00
0000001F00
0000000F80
FFFFFFFFC0
FFFFFFFFE0
FFFFFFFFC0
0000000F80
0000001F00
0000001E00
0000001C00
0000003800
ENDCHAR
STARTCHAR arrowdown
ENCODING 8595
SWIDTH 460 0
DWIDTH 19 0
BBX 13 36 3 -8
BITMAP
0700
0700
0700
0700
0700
0700
0700
0700
0700
0700
0700
0700
0700
0700
0700
0700
0700
0700
0700
0700
0700
0700
0700
0700
0700
0700
0700
C708
F778
7FF0
3FF0
1FE0
1FC0
0F80
0700
0300
ENDCHAR
STARTCHAR arrowboth
ENCODING 8596
SWIDTH 919 0
DWIDTH 39 0
BBX 35 14 2 4
BITMAP
0180002000
0300003800
0700001C00
0F00001E00
1E00001F00
7E00000F80
FFFFFFFFC0
FFFFFFFFE0
FFFFFFFFC0
7E00000F80
1E00001F00
0F00001E00
0700001C00
0380003800
ENDCHAR
STARTCHAR arrowupdn
ENCODING 8597
SWIDTH 460 0
DWIDTH 19 0
BBX 13 36 3 -8
BITMAP
0200
0700
0F80
1FC0
1FE0
3FE0
7FF0
FFF8
E738
8708
0700
0700
0700
0700
0700
0700
0700
0700
0700
0700
0700
0700
0700
0700
0700
0700
0700
C708
F778
7FF0
3FF0
3FE0
1FC0
0F80
0700
0200
ENDCHAR
STARTCHAR arrowupdnbse
ENCODING 8616
SWIDTH 460 0
DWIDTH 19 0
BBX 13 40 3 -12
BITMAP
0200
0700
0F80
1FC0
1FE0
3FE0
7FF0
FFF8
E738
8708
0700
0700
0700
0700
0700
0700
0700
0700
0700
0700
0700
0700
0700
0700
0700
0700
0700
C708
F778
7FF0
3FF0
3FE0
1FC0
0F80
0700
0200
0000
0000
FFF8
FFF8
ENDCHAR
STARTCHAR partialdiff
ENCODING 8706
SWIDTH 454 0
DWIDTH 19 0
BBX 15 30 2 0
BITMAP
0F80
3FE0
3FF0
30F0
0078
0038
003C
001C
001C
001C
000E
000E
078E
1FCE
3FEE
3C7E
781E
701E
F01E
F01C
F01C
E01C
E01C
F03C
F038
7078
78F0
3FE0
1FE0
0F80
ENDCHAR
STARTCHAR uni2206
ENCODING 8710
SWIDTH 514 0
DWIDTH 22 0
BBX 20 27 1 0
BITMAP
00F000
01F800
01F800
01F800
03F800
03BC00
039C00
079C00
071E00
071E00
0F0E00
0E0F00
0E0F00
1E0700
1C0780
1C0780
3C0380
3C03C0
3803C0
3803C0
7801E0
7001E0
7001E0
F000E0
FFFFF0
FFFFF0
FFFFF0
ENDCHAR
STARTCHAR product
ENCODING 8719
SWIDTH 757 0
DWIDTH 32 0
BBX 24 33 4 -5
BITMAP
FFFFFF
FFFFFF
FFFFFF
1C0070
1C0070
1C0070
1C0070
1C0070
1C0070
1C0070
1C0070
1C0070
1C0070
1C0070
1C0070
1C0070
1C0070
1C0070
1C0070
1C0070
1C0070
1C0070
1C0070
1C0070
1C0070
1C0070
1C0070
1C0070
1C0070
1C0070
1C0070
1C0070
1C0070
ENDCHAR
STARTCHAR summation
ENCODING 8721
SWIDTH 655 0
DWIDTH 28 0
BBX 23 33 3 -5
BITMAP
7FFFFC
7FFFFC
7FFFFC
7C0000
3C0000
1E0000
0F0000
0F8000
07C000
03C000
01E000
00F000
00F800
007800
003C00
001E00
001E00
001C00
003C00
007800
007000
00E000
01C000
03C000
078000
070000
0E0000
1E0000
3C0000
780000
7FFFFE
FFFFFE
FFFFFE
ENDCHAR
STARTCHAR minus
ENCODING 8722
SWIDTH 440 0
DWIDTH 18 0
BBX 15 3 2 8
BITMAP
FFFE
FFFE
FFFE
ENDCHAR
STARTCHAR uni2215
ENCODING 8725
SWIDTH 86 0
DWIDTH 4 0
BBX 19 28 -7 0
BITMAP
0000E0
0001C0
000180
000380
000300
000700
000E00
000C00
001C00
001800
003800
003000
007000
00E000
00C000
01C000
018000
038000
030000
070000
0E0000
0C0000
1C0000
180000
380000
300000
700000
E00000
ENDCHAR
STARTCHAR uni2219
ENCODING 8729
SWIDTH 210 0
DWIDTH 9 0
BBX 4 4 2 11
BITMAP
F0
F0
F0
F0
ENDCHAR
STARTCHAR radical
ENCODING 8730
SWIDTH 504 0
DWIDTH 21 0
BBX 20 40 1 -6
BITMAP
000070
000070
000070
000070
000070
000060
000060
0000E0
0000E0
0000E0
0000E0
0000C0
0000C0
0001C0
0001C0
0001C0
0001C0
000180
000180
060180
1E0380
7E0380
FF0380
4F0380
0F0300
078300
078700
038700
03C700
03C700
01E600
01E600
01E600
00FE00
00FE00
007E00
007C00
007C00
003C00
003C00
ENDCHAR
STARTCHAR infinity
ENCODING 8734
SWIDTH 655 0
DWIDTH 28 0
BBX 24 12 2 6
BITMAP
1F01F0
3FC3FC
7FE7FE
F1FF1E
E07E0F
E03C07
E07C07
E0FE0F
F1FF0E
7FE7FE
3F83FC
1F00F0
ENDCHAR
STARTCHAR orthogonal
ENCODING 8735
SWIDTH 900 0
DWIDTH 38 0
BBX 24 25 7 0
BITMAP
E00000
E00000
E00000
E00000
E00000
E00000
E00000
E00000
E00000
E00000
E00000
E00000
E00000
E00000
E00000
E00000
E00000
E00000
E00000
E00000
E00000
E00000
FFFFFF
FFFFFF
FFFFFF
ENDCHAR
STARTCHAR intersection
ENCODING 8745
SWIDTH 664 0
DWIDTH 28 0
BBX 20 27 4 0
BITMAP
01F800
07FE00
1FFF80
3E0FC0
7803C0
7001E0
F000E0
E000F0
E00070
E00070
E00070
E00070
E00070
E00070
E00070
E00070
E00070
E00070
E00070
E00070
E00070
E00070
E00070
E00070
E00070
E00070
E00070
ENDCHAR
STARTCHAR integral
ENCODING 8747
SWIDTH 252 0
DWIDTH 11 0
BBX 9 39 1 -6
BITMAP
0780
1F80
1C00
1800
3800
3800
3800
1800
1800
1800
1C00
1C00
1C00
1C00
1C00
1C00
1C00
1C00
1C00
1C00
1C00
1C00
1C00
1C00
1C00
1C00
1C00
1C00
1C00
1C00
1C00
1C00
1C00
1C00
0C00
1C00
1C00
FC00
F000
ENDCHAR
STARTCHAR approxequal
ENCODING 8776
SWIDTH 504 0
DWIDTH 21 0
BBX 19 15 1 1
BITMAP
000020
1F0060
7FE0E0
FFFFE0
E0FFC0
C01F00
800000
000000
000020
1F0060
7FE0E0
FFFFE0
E0FFC0
C03F80
801F00
ENDCHAR
STARTCHAR notequal
ENCODING 8800
SWIDTH 504 0
DWIDTH 21 0
BBX 15 18 3 1
BITMAP
0018
0038
0030
FFFE
FFFE
FFFE
00C0
01C0
0180
0380
0300
0700
FFFE
FFFE
FFFE
1C00
1800
3800
ENDCHAR
STARTCHAR equivalence
ENCODING 8801
SWIDTH 440 0
DWIDTH 18 0
BBX 15 20 2 0
BITMAP
FFFE
FFFE
FFFE
0000
0000
0000
0000
0000
FFFE
FFFE
FFFE
0000
0000
0000
0000
0000
0000
FFFE
FFFE
FFFE
ENDCHAR
STARTCHAR lessequal
ENCODING 8804
SWIDTH 504 0
DWIDTH 21 0
BBX 15 24 3 0
BITMAP
0002
0006
001E
007E
01FC
07F0
1FC0
7F80
FE00
F800
F000
F800
FE00
3F80
0FE0
03F8
00FE
003E
000E
0002
0000
FFFE
FFFE
FFFE
ENDCHAR
STARTCHAR greaterequal
ENCODING 8805
SWIDTH 504 0
DWIDTH 21 0
BBX 15 24 3 0
BITMAP
8000
C000
F000
FC00
7F00
1FC0
07F0
01FC
007E
001E
000E
003E
00FE
03F8
0FE0
3F80
FE00
F800
E000
8000
0000
FFFE
FFFE
FFFE
ENDCHAR
STARTCHAR house
ENCODING 8962
SWIDTH 551 0
DWIDTH 23 0
BBX 17 23 3 0
BITMAP
008000
01C000
01E000
03F000
077000
0E3800
1C1C00
380E00
780700
F00780
E00380
C00180
C00180
C00180
C00180
C00180
C00180
C00180
C00180
C00180
FFFF80
FFFF80
FFFF80
ENDCHAR
STARTCHAR revlogicalnot
ENCODING 8976
SWIDTH 440 0
DWIDTH 18 0
BBX 16 9 1 8
BITMAP
FFFF
FFFF
FFFF
F000
F000
F000
F000
F000
F000
ENDCHAR
STARTCHAR integraltp
ENCODING 8992
SWIDTH 555 0
DWIDTH 23 0
BBX 6 44 10 -10
BITMAP
1C
7C
F0
E0
E0
E0
E0
E0
E0
E0
E0
E0
E0
E0
E0
E0
E0
E0
E0
E0
E0
E0
E0
E0
E0
E0
E0
E0
E0
E0
E0
E0
E0
E0
E0
E0
E0
E0
E0
E0
E0
E0
E0
60
ENDCHAR
STARTCHAR integralbt
ENCODING 8993
SWIDTH 555 0
DWIDTH 23 0
BBX 6 44 7 -10
BITMAP
1C
1C
1C
1C
1C
1C
1C
1C
1C
1C
1C
1C
1C
1C
1C
1C
1C
1C
1C
1C
1C
1C
1C
1C
1C
1C
1C
1C
1C
1C
1C
1C
1C
1C
1C
1C
1C
1C
0C
0C
1C
1C
F8
F0
ENDCHAR
STARTCHAR lozenge
ENCODING 9674
SWIDTH 514 0
DWIDTH 22 0
BBX 13 27 4 0
BITMAP
0780
0FC0
0FC0
0FC0
1FC0
1DE0
1CE0
3CE0
38F0
3870
7870
7078
7078
F038
7078
7078
7870
3870
38F0
3CE0
1CE0
1DE0
1DE0
0FC0
0FC0
0FC0
0780
ENDCHAR
STARTCHAR uni25CC
ENCODING 9676
SWIDTH 456 0
DWIDTH 19 0
BBX 19 20 0 0
BITMAP
01B000
07BC00
1E0F00
080200
2000C0
6000C0
400060
C00060
C00060
000000
C00060
C00060
C00060
400060
6000C0
2000C0
080200
1C0700
07BC00
01B000
ENDCHAR
STARTCHAR uniA8E0
ENCODING 43232
SWIDTH 0 0
DWIDTH 0 0
BBX 6 5 -8 31
BITMAP
78
CC
C4
CC
78
ENDCHAR
STARTCHAR uniA8E1
ENCODING 43233
SWIDTH 0 0
DWIDTH 0 0
BBX 5 8 -7 29
BITMAP
F0
D8
F8
30
E0
60
30
10
ENDCHAR
STARTCHAR uniA8E2
ENCODING 43234
SWIDTH 0 0
DWIDTH 0 0
BBX 5 8 -7 29
BITMAP
F0
98
18
18
98
F0
80
80
ENDCHAR
STARTCHAR uniA8E3
ENCODING 43235
SWIDTH 0 0
DWIDTH 0 0
BBX 5 8 -7 29
BITMAP
70
D8
18
30
18
98
F8
80
ENDCHAR
STARTCHAR uniA8E4
ENCODING 43236
SWIDTH 0 0
DWIDTH 0 0
BBX 6 8 -8 29
BITMAP
C4
C4
C4
4C
38
4C
4C
78
ENDCHAR
STARTCHAR uniA8E5
ENCODING 43237
SWIDTH 0 0
DWIDTH 0 0
BBX 6 8 -8 29
BITMAP
60
C0
C0
CC
CC
FC
7C
0C
ENDCHAR
STARTCHAR uniA8E6
ENCODING 43238
SWIDTH 0 0
DWIDTH 0 0
BBX 6 8 -8 29
BITMAP
78
CC
C0
60
C0
CC
7C
04
ENDCHAR
STARTCHAR uniA8E7
ENCODING 43239
SWIDTH 0 0
DWIDTH 0 0
BBX 8 8 -9 29
BITMAP
60
6E
5B
DB
CF
C3
66
3C
ENDCHAR
STARTCHAR uniA8E8
ENCODING 43240
SWIDTH 0 0
DWIDTH 0 0
BBX 6 8 -8 29
BITMAP
1C
30
60
60
C0
C0
CC
7C
ENDCHAR
STARTCHAR uniA8E9
ENCODING 43241
SWIDTH 0 0
DWIDTH 0 0
BBX 6 8 -8 29
BITMAP
78
C8
C8
F8
60
30
18
0C
ENDCHAR
STARTCHAR uniA8EA
ENCODING 43242
SWIDTH 0 0
DWIDTH 0 0
BBX 10 7 -12 30
BITMAP
F3C0
D980
1980
3180
1F80
D980
F180
ENDCHAR
STARTCHAR uniA8EB
ENCODING 43243
SWIDTH 0 0
DWIDTH 0 0
BBX 7 7 -9 30
BITMAP
FE
04
04
18
04
66
3C
ENDCHAR
STARTCHAR uniA8EC
ENCODING 43244
SWIDTH 0 0
DWIDTH 0 0
BBX 11 7 -10 30
BITMAP
FFE0
0C00
7F80
4CC0
CCC0
4CC0
7D80
ENDCHAR
STARTCHAR uniA8ED
ENCODING 43245
SWIDTH 0 0
DWIDTH 0 0
BBX 9 8 -11 29
BITMAP
FF80
0300
0300
FF00
DB00
F300
6300
0300
ENDCHAR
STARTCHAR uniA8EE
ENCODING 43246
SWIDTH 0 0
DWIDTH 0 0
BBX 8 7 -10 30
BITMAP
FF
66
66
66
66
3E
06
ENDCHAR
STARTCHAR uniA8EF
ENCODING 43247
SWIDTH 0 0
DWIDTH 0 0
BBX 6 7 -8 30
BITMAP
FC
18
18
70
60
30
18
ENDCHAR
STARTCHAR uniA8F0
ENCODING 43248
SWIDTH 0 0
DWIDTH 0 0
BBX 12 10 -14 30
BITMAP
1FC0
3060
3000
FFF0
3060
33E0
3660
3660
3660
33E0
ENDCHAR
STARTCHAR uniA8F1
ENCODING 43249
SWIDTH 0 0
DWIDTH 0 0
BBX 6 8 -8 29
BITMAP
7C
C0
E0
70
38
0C
CC
78
ENDCHAR
STARTCHAR uniA8F2
ENCODING 43250
SWIDTH 389 0
DWIDTH 16 0
BBX 13 10 2 20
BITMAP
0F00
0F00
0F00
EF38
E038
E078
F0F0
7FF0
3FE0
1F80
ENDCHAR
STARTCHAR uniA8F3
ENCODING 43251
SWIDTH 389 0
DWIDTH 16 0
BBX 13 20 2 10
BITMAP
0F00
0F00
0F00
EF38
E038
E078
F0F0
7FF0
3FE0
1F80
0000
0000
0000
2000
3800
3F00
1FC0
07F0
00F0
0030
ENDCHAR
STARTCHAR uniA8F4
ENCODING 43252
SWIDTH 389 0
DWIDTH 16 0
BBX 13 30 2 -1
BITMAP
0F00
0F00
0F00
EF38
E038
E078
F0F0
7FF0
3FE0
1F80
0F00
0F00
0F00
EF38
E038
E078
F0F0
7FF0
3FE0
1F80
0000
0000
0000
3000
3C00
3F80
0FE0
03F0
0070
0010
ENDCHAR
STARTCHAR uniA8F5
ENCODING 43253
SWIDTH 389 0
DWIDTH 16 0
BBX 13 29 2 0
BITMAP
0F00
0F00
0F00
EF38
E038
E078
F0F0
7FF0
3FE0
1F80
0000
0000
1F80
3FC0
7FE0
79E0
70F0
00F0
00F0
00F0
70F0
70F0
78E0
7FE0
7FC0
7F80
7000
7000
7000
ENDCHAR
STARTCHAR uniA8F6
ENCODING 43254
SWIDTH 389 0
DWIDTH 16 0
BBX 13 29 2 0
BITMAP
0F00
0F00
0F00
EF38
E038
E078
F0F0
7FF0
3FE0
1F80
0000
0000
1F80
3FC0
7FE0
71E0
70E0
01E0
07C0
0780
07C0
01E0
F0E0
F1E0
FFE0
FFC0
EF80
E000
E000
ENDCHAR
STARTCHAR uniA8F7
ENCODING 43255
SWIDTH 389 0
DWIDTH 16 0
BBX 13 30 2 0
BITMAP
0F00
0F00
0F00
EF38
E038
E078
F0F0
7FF0
3FE0
1F80
0000
0000
3FF8
7FF8
FFF8
F000
E000
F000
F800
7E00
1F80
07E0
01F0
00F0
E070
E070
F070
FFF0
7FE0
1F80
ENDCHAR
STARTCHAR uniA8F8
ENCODING 43256
SWIDTH 594 0
DWIDTH 25 0
BBX 21 19 2 2
BITMAP
1F87C0
7F8FE0
FF9FF0
F01E70
E01C38
E01C38
F00038
7F8038
3F8038
3F8038
780078
700070
7000F0
7000F0
7803E0
7C0FC0
3FFF80
1FFE00
07F800
ENDCHAR
STARTCHAR uniA8F9
ENCODING 43257
SWIDTH 576 0
DWIDTH 24 0
BBX 20 20 2 2
BITMAP
000780
000FE0
001FE0
001CF0
003C70
003870
001870
000070
0F0070
3F0070
7F0070
F800F0
F000F0
E001E0
E001E0
F003C0
780F80
7FFF00
3FFE00
07F000
ENDCHAR
STARTCHAR uniA8FA
ENCODING 43258
SWIDTH 191 0
DWIDTH 8 0
BBX 10 11 -1 26
BITMAP
E1C0
6180
7380
7380
3300
3B00
3F00
1E00
1E00
1E00
0C00
ENDCHAR
STARTCHAR uniA8FB
ENCODING 43259
SWIDTH 419 0
DWIDTH 18 0
BBX 18 2 0 35
BITMAP
FFFFC0
FFFFC0
ENDCHAR
STARTCHAR fi
ENCODING 64257
SWIDTH 376 0
DWIDTH 16 0
BBX 14 28 0 0
BITMAP
0F9C
1F9C
3F9C
3C1C
3800
3800
3800
FF9C
FF9C
FF9C
381C
381C
381C
381C
381C
381C
381C
381C
381C
381C
381C
381C
381C
381C
381C
381C
381C
381C
ENDCHAR
STARTCHAR fl
ENCODING 64258
SWIDTH 376 0
DWIDTH 16 0
BBX 14 28 0 0
BITMAP
0F9C
1F9C
3F9C
3C1C
381C
381C
381C
FF9C
FF9C
FF9C
381C
381C
381C
381C
381C
381C
381C
381C
381C
381C
381C
381C
381C
381C
381C
381C
381C
381C
ENDCHAR
STARTCHAR .notdef
ENCODING -1
SWIDTH 460 0
DWIDTH 19 0
BBX 19 28 0 0
BITMAP
FFFFE0
FFFFE0
E000E0
F001E0
F801E0
D803E0
DC0760
CE0660
C60E60
C71C60
C31860
C1B860
C1F060
C0E060
C0E060
C0F060
C1B060
C39860
C31C60
C60C60
CE0660
CC0760
D80360
F801E0
F001E0
E000E0
FFFFE0
FFFFE0
ENDCHAR
STARTCHAR NULL
ENCODING -1
SWIDTH 0 0
DWIDTH 0 0
BBX 1 1 0 0
BITMAP
00
ENDCHAR
STARTCHAR uni09080902
ENCODING -1
SWIDTH 433 0
DWIDTH 18 0
BBX 20 39 0 -2
BITMAP
000380
000F80
001F80
003E00
003C00
0038F0
0038F0
0038F0
001C00
001C00
FFFFE0
FFFFE0
FFFFE0
000E00
000E00
000E00
000E00
03FE00
0FFE00
1FFE00
1E0000
1C0000
1C0000
1E0000
1FF800
0FFE00
07FF00
000F00
000700
1C0700
1C0700
1E0F00
1FFF00
1FFE00
1DF800
1C0000
1C0000
1C0000
1C0000
ENDCHAR
STARTCHAR uni093F0901
ENCODING -1
SWIDTH 228 0
DWIDTH 10 0
BBX 34 40 0 0
BITMAP
0000003800
003FC03800
01FFF83800
03FFFF39C0
07C03F01C0
0F000F03C0
0E00078780
1E0007FF80
1C0003FF00
1C0003FC00
1C00038000
1C00000000
1C00000000
FFC0000000
FFC0000000
FFC0000000
1C00000000
1C00000000
1C00000000
1C00000000
1C00000000
1C00000000
1C00000000
1C00000000
1C00000000
1C00000000
1C00000000
1C00000000
1C00000000
1C00000000
1C00000000
1C00000000
1C00000000
1C00000000
1C00000000
1C00000000
1C00000000
1C00000000
1C00000000
1C00000000
ENDCHAR
STARTCHAR uni093F0902
ENCODING -1
SWIDTH 228 0
DWIDTH 10 0
BBX 30 39 0 0
BITMAP
003FE03C
01FFF83C
03FFFE3C
07C03F3C
0F000F00
0E000780
1E000780
1C000380
1C000380
1C000000
1C000000
1C000000
FFC00000
FFC00000
FFC00000
1C000000
1C000000
1C000000
1C000000
1C000000
1C000000
1C000000
1C000000
1C000000
1C000000
1C000000
1C000000
1C000000
1C000000
1C000000
1C000000
1C000000
1C000000
1C000000
1C000000
1C000000
1C000000
1C000000
1C000000
ENDCHAR
STARTCHAR uni093F0930094D
ENCODING -1
SWIDTH 228 0
DWIDTH 10 0
BBX 28 39 0 0
BITMAP
003FE000
01FFF800
03FFFC70
07C03FF0
0F000FF0
0E0007C0
1E000380
1C000300
1C000300
1C000300
1C000080
1C000000
FFC00000
FFC00000
FFC00000
1C000000
1C000000
1C000000
1C000000
1C000000
1C000000
1C000000
1C000000
1C000000
1C000000
1C000000
1C000000
1C000000
1C000000
1C000000
1C000000
1C000000
1C000000
1C000000
1C000000
1C000000
1C000000
1C000000
1C000000
ENDCHAR
STARTCHAR uni093F0930094D0901
ENCODING -1
SWIDTH 228 0
DWIDTH 10 0
BBX 35 39 0 0
BITMAP
003FE00000
01FFF87000
03FFFCF000
07C03FF000
0F000FC000
0E00078600
1E00070600
1C000376E0
1C000370C0
1C0003BFC0
1C00001F00
1C00000000
FFC0000000
FFC0000000
FFC0000000
1C00000000
1C00000000
1C00000000
1C00000000
1C00000000
1C00000000
1C00000000
1C00000000
1C00000000
1C00000000
1C00000000
1C00000000
1C00000000
1C00000000
1C00000000
1C00000000
1C00000000
1C00000000
1C00000000
1C00000000
1C00000000
1C00000000
1C00000000
1C00000000
ENDCHAR
STARTCHAR uni093F0930094D0902
ENCODING -1
SWIDTH 228 0
DWIDTH 10 0
BBX 30 39 0 0
BITMAP
003FE000
01FFF800
03FFFC70
07C03FF0
0F000FF0
0E0007C0
1E000380
1C00033C
1C00033C
1C0003BC
1C000000
1C000000
FFC00000
FFC00000
FFC00000
1C000000
1C000000
1C000000
1C000000
1C000000
1C000000
1C000000
1C000000
1C000000
1C000000
1C000000
1C000000
1C000000
1C000000
1C000000
1C000000
1C000000
1C000000
1C000000
1C000000
1C000000
1C000000
1C000000
1C000000
ENDCHAR
STARTCHAR uni09400901
ENCODING -1
SWIDTH 228 0
DWIDTH 10 0
BBX 21 39 -6 0
BITMAP
1F0F00
3F8F00
7FCF38
71EF70
F0E070
E0F0F0
E0FFE0
E0FFC0
E07F80
E07000
007000
007000
03FF00
03FF00
03FF00
007000
007000
007000
007000
007000
007000
007000
007000
007000
007000
007000
007000
007000
007000
007000
007000
007000
007000
007000
007000
007000
007000
007000
007000
ENDCHAR
STARTCHAR uni09400902
ENCODING -1
SWIDTH 228 0
DWIDTH 10 0
BBX 17 39 -6 0
BITMAP
1F0780
3F8780
7FC780
71E780
F0E000
E0E000
E0E000
E0F000
E07000
007000
007000
007000
03FF00
03FF00
03FF00
007000
007000
007000
007000
007000
007000
007000
007000
007000
007000
007000
007000
007000
007000
007000
007000
007000
007000
007000
007000
007000
007000
007000
007000
ENDCHAR
STARTCHAR uni09400930094D
ENCODING -1
SWIDTH 228 0
DWIDTH 10 0
BBX 16 39 -6 0
BITMAP
1F00
3F80
7FCF
71FF
F0FF
E0F8
E0F0
E0F0
E070
0070
0070
0070
03FF
03FF
03FF
0070
0070
0070
0070
0070
0070
0070
0070
0070
0070
0070
0070
0070
0070
0070
0070
0070
0070
0070
0070
0070
0070
0070
0070
ENDCHAR
STARTCHAR uni09400930094D0901
ENCODING -1
SWIDTH 228 0
DWIDTH 10 0
BBX 22 39 -6 0
BITMAP
1F0000
3F8700
7FCF00
71FF00
F0F800
E0F0E0
E0F0E0
E0FEFC
E0761C
0077F8
0071E0
007000
03FF00
03FF00
03FF00
007000
007000
007000
007000
007000
007000
007000
007000
007000
007000
007000
007000
007000
007000
007000
007000
007000
007000
007000
007000
007000
007000
007000
007000
ENDCHAR
STARTCHAR uni09400930094D0902
ENCODING -1
SWIDTH 228 0
DWIDTH 10 0
BBX 17 39 -6 0
BITMAP
1F0000
3F8000
7FCF00
71FF00
F0FF00
E0F800
E0F000
E0F380
E07380
007380
007000
007000
03FF00
03FF00
03FF00
007000
007000
007000
007000
007000
007000
007000
007000
007000
007000
007000
007000
007000
007000
007000
007000
007000
007000
007000
007000
007000
007000
007000
007000
ENDCHAR
STARTCHAR uni09490902
ENCODING -1
SWIDTH 228 0
DWIDTH 10 0
BBX 13 39 -2 0
BITMAP
0780
0780
0780
E7B8
E038
F038
7878
7FF0
3FE0
0F80
0000
0000
3FF0
3FF0
3FF0
0700
0700
0700
0700
0700
0700
0700
0700
0700
0700
0700
0700
0700
0700
0700
0700
0700
0700
0700
0700
0700
0700
0700
0700
ENDCHAR
STARTCHAR uni09490930094D
ENCODING -1
SWIDTH 228 0
DWIDTH 10 0
BBX 16 37 0 0
BITMAP
0700
1F00
3F00
3C00
7800
7387
738F
79FE
38FC
3800
FFC0
FFC0
FFC0
1C00
1C00
1C00
1C00
1C00
1C00
1C00
1C00
1C00
1C00
1C00
1C00
1C00
1C00
1C00
1C00
1C00
1C00
1C00
1C00
1C00
1C00
1C00
1C00
ENDCHAR
STARTCHAR uni09490930094D0902
ENCODING -1
SWIDTH 228 0
DWIDTH 10 0
BBX 16 38 0 0
BITMAP
0380
0F80
1F80
1E00
3C30
3830
3BB7
3B86
39FE
1CF8
1C00
FFC0
FFC0
FFC0
1C00
1C00
1C00
1C00
1C00
1C00
1C00
1C00
1C00
1C00
1C00
1C00
1C00
1C00
1C00
1C00
1C00
1C00
1C00
1C00
1C00
1C00
1C00
1C00
ENDCHAR
STARTCHAR uni094A0901
ENCODING -1
SWIDTH 228 0
DWIDTH 10 0
BBX 26 40 -11 0
BITMAP
00007800
00007800
00007800
E0007800
E00701C0
E0070380
FFFF8780
7FFFFF00
3FFFFE00
0003FC00
00038000
00038000
00038000
001FF800
001FF800
001FF800
00038000
00038000
00038000
00038000
00038000
00038000
00038000
00038000
00038000
00038000
00038000
00038000
00038000
00038000
00038000
00038000
00038000
00038000
00038000
00038000
00038000
00038000
00038000
00038000
ENDCHAR
STARTCHAR uni094A0902
ENCODING -1
SWIDTH 228 0
DWIDTH 10 0
BBX 21 39 -11 0
BITMAP
000780
000780
E00780
E00780
E00000
FFFE00
7FFF80
3FFF80
000380
000380
000380
000380
001FF8
001FF8
001FF8
000380
000380
000380
000380
000380
000380
000380
000380
000380
000380
000380
000380
000380
000380
000380
000380
000380
000380
000380
000380
000380
000380
000380
000380
ENDCHAR
STARTCHAR uni094A0930094D
ENCODING -1
SWIDTH 228 0
DWIDTH 10 0
BBX 21 37 -11 0
BITMAP
E000E0
E003E0
E007E0
FFFF80
7FFF00
3FFF00
000F00
000700
000700
000700
001FF8
001FF8
001FF8
000380
000380
000380
000380
000380
000380
000380
000380
000380
000380
000380
000380
000380
000380
000380
000380
000380
000380
000380
000380
000380
000380
000380
000380
ENDCHAR
STARTCHAR uni094A0930094D0901
ENCODING -1
SWIDTH 228 0
DWIDTH 10 0
BBX 26 38 -11 0
BITMAP
0000E000
E001E000
E003E000
E0078000
FFFF0E00
7FFF0E00
3FFF6EC0
000F61C0
00073F80
00071F00
00070000
001FF800
001FF800
001FF800
00038000
00038000
00038000
00038000
00038000
00038000
00038000
00038000
00038000
00038000
00038000
00038000
00038000
00038000
00038000
00038000
00038000
00038000
00038000
00038000
00038000
00038000
00038000
00038000
ENDCHAR
STARTCHAR uni094A0930094D0902
ENCODING -1
SWIDTH 228 0
DWIDTH 10 0
BBX 22 37 -11 0
BITMAP
E000E0
E003E0
E007E0
FFFF80
7FFF00
3FFF1C
000F1C
00071C
000700
000700
001FF8
001FF8
001FF8
000380
000380
000380
000380
000380
000380
000380
000380
000380
000380
000380
000380
000380
000380
000380
000380
000380
000380
000380
000380
000380
000380
000380
000380
ENDCHAR
STARTCHAR uni094B0901
ENCODING -1
SWIDTH 228 0
DWIDTH 10 0
BBX 15 39 -1 0
BITMAP
F000
7000
71C0
39C0
39CE
39CE
3C1C
1FFC
1FF8
1FE0
0C00
0E00
7FE0
7FE0
7FE0
0E00
0E00
0E00
0E00
0E00
0E00
0E00
0E00
0E00
0E00
0E00
0E00
0E00
0E00
0E00
0E00
0E00
0E00
0E00
0E00
0E00
0E00
0E00
0E00
ENDCHAR
STARTCHAR uni094B0902
ENCODING -1
SWIDTH 228 0
DWIDTH 10 0
BBX 10 39 0 0
BITMAP
E000
E000
E000
73C0
73C0
73C0
3BC0
3800
3800
3800
1C00
1C00
FFC0
FFC0
FFC0
1C00
1C00
1C00
1C00
1C00
1C00
1C00
1C00
1C00
1C00
1C00
1C00
1C00
1C00
1C00
1C00
1C00
1C00
1C00
1C00
1C00
1C00
1C00
1C00
ENDCHAR
STARTCHAR uni094B0930094D
ENCODING -1
SWIDTH 228 0
DWIDTH 10 0
BBX 12 39 -2 0
BITMAP
F000
7000
70E0
39E0
3BE0
1B00
1E00
1E00
0E00
0E00
0600
0700
3FF0
3FF0
3FF0
0700
0700
0700
0700
0700
0700
0700
0700
0700
0700
0700
0700
0700
0700
0700
0700
0700
0700
0700
0700
0700
0700
0700
0700
ENDCHAR
STARTCHAR uni094B0930094D0901
ENCODING -1
SWIDTH 228 0
DWIDTH 10 0
BBX 17 39 -2 0
BITMAP
E00000
70E000
71E000
33E000
3B0000
3A1C00
1E1C00
1FDF80
0EC380
0EFF00
0E3E00
060000
3FF000
3FF000
3FF000
070000
070000
070000
070000
070000
070000
070000
070000
070000
070000
070000
070000
070000
070000
070000
070000
070000
070000
070000
070000
070000
070000
070000
070000
ENDCHAR
STARTCHAR uni094B0930094D0902
ENCODING -1
SWIDTH 228 0
DWIDTH 10 0
BBX 13 39 -2 0
BITMAP
F000
7000
70E0
39E0
3BE0
1B00
1A00
1E78
0E78
0E78
0600
0700
3FF0
3FF0
3FF0
0700
0700
0700
0700
0700
0700
0700
0700
0700
0700
0700
0700
0700
0700
0700
0700
0700
0700
0700
0700
0700
0700
0700
0700
ENDCHAR
STARTCHAR uni094C0901
ENCODING -1
SWIDTH 228 0
DWIDTH 10 0
BBX 21 39 -7 0
BITMAP
E3C000
71C000
71CF00
39EF00
38EF38
1CEF38
0EF070
0E7FF0
077FE0
077F80
03F000
03B800
03FF80
03FF80
03FF80
003800
003800
003800
003800
003800
003800
003800
003800
003800
003800
003800
003800
003800
003800
003800
003800
003800
003800
003800
003800
003800
003800
003800
003800
ENDCHAR
STARTCHAR uni094C0902
ENCODING -1
SWIDTH 228 0
DWIDTH 10 0
BBX 17 39 -7 0
BITMAP
F1C000
71C000
39E000
38E780
1CE780
1CE780
0E7780
0E7000
077000
033000
03B800
01B800
03FF80
03FF80
03FF80
003800
003800
003800
003800
003800
003800
003800
003800
003800
003800
003800
003800
003800
003800
003800
003800
003800
003800
003800
003800
003800
003800
003800
003800
ENDCHAR
STARTCHAR uni094C0930094D
ENCODING -1
SWIDTH 228 0
DWIDTH 10 0
BBX 18 39 -7 0
BITMAP
F1C000
71C000
38E3C0
38E7C0
1CEFC0
1CEE00
0E7C00
0E7800
077800
033800
03B800
01B800
01FF80
01FF80
01FF80
003800
003800
003800
003800
003800
003800
003800
003800
003800
003800
003800
003800
003800
003800
003800
003800
003800
003800
003800
003800
003800
003800
003800
003800
ENDCHAR
STARTCHAR uni094C0930094D0901
ENCODING -1
SWIDTH 228 0
DWIDTH 10 0
BBX 23 39 -8 0
BITMAP
E38000
F38700
71CF00
39CF00
38DC00
1CF870
0EF870
0E777E
07730E
033BFC
03B8F8
01D800
01FFC0
01FFC0
01FFC0
001C00
001C00
001C00
001C00
001C00
001C00
001C00
001C00
001C00
001C00
001C00
001C00
001C00
001C00
001C00
001C00
001C00
001C00
001C00
001C00
001C00
001C00
001C00
001C00
ENDCHAR
STARTCHAR uni094C0930094D0902
ENCODING -1
SWIDTH 228 0
DWIDTH 10 0
BBX 19 39 -8 0
BITMAP
F1C000
71C000
38E380
1CE780
1C6780
0E7E00
067C00
0738E0
03B8E0
019CE0
01DC00
00CC00
00FFC0
00FFC0
00FFC0
001C00
001C00
001C00
001C00
001C00
001C00
001C00
001C00
001C00
001C00
001C00
001C00
001C00
001C00
001C00
001C00
001C00
001C00
001C00
001C00
001C00
001C00
001C00
001C00
ENDCHAR
STARTCHAR uni0940.0
ENCODING -1
SWIDTH 228 0
DWIDTH 10 0
BBX 25 39 -15 0
BITMAP
03FE0000
0FFFC000
3FFFE000
3E01F000
78007800
70003800
F0003800
F0003800
F0003800
00003800
00003800
00003800
0001FF80
0001FF80
0001FF80
00003800
00003800
00003800
00003800
00003800
00003800
00003800
00003800
00003800
00003800
00003800
00003800
00003800
00003800
00003800
00003800
00003800
00003800
00003800
00003800
00003800
00003800
00003800
00003800
ENDCHAR
STARTCHAR uni09400901.0
ENCODING -1
SWIDTH 228 0
DWIDTH 10 0
BBX 29 39 -15 0
BITMAP
03FE0F00
0FFF8F00
3FFFCF00
3E03EF38
7800F070
700070F0
F0007FE0
F0007FC0
F0007F80
00007800
00003800
00003800
0001FF80
0001FF80
0001FF80
00003800
00003800
00003800
00003800
00003800
00003800
00003800
00003800
00003800
00003800
00003800
00003800
00003800
00003800
00003800
00003800
00003800
00003800
00003800
00003800
00003800
00003800
00003800
00003800
ENDCHAR
STARTCHAR uni09400902.0
ENCODING -1
SWIDTH 228 0
DWIDTH 10 0
BBX 25 39 -15 0
BITMAP
03FE0380
0FFF8380
3FFFC380
3E03E380
7800F000
70007000
F0007000
F0007000
F0007800
00007800
00003800
00003800
0001FF80
0001FF80
0001FF80
00003800
00003800
00003800
00003800
00003800
00003800
00003800
00003800
00003800
00003800
00003800
00003800
00003800
00003800
00003800
00003800
00003800
00003800
00003800
00003800
00003800
00003800
00003800
00003800
ENDCHAR
STARTCHAR uni09400930094D.0
ENCODING -1
SWIDTH 228 0
DWIDTH 10 0
BBX 25 39 -15 0
BITMAP
03FE0000
0FFF8000
3FFFC780
3E03EF80
7800FF80
70007C00
F0007800
F0007800
F0007800
00007800
00003800
00003800
0001FF80
0001FF80
0001FF80
00003800
00003800
00003800
00003800
00003800
00003800
00003800
00003800
00003800
00003800
00003800
00003800
00003800
00003800
00003800
00003800
00003800
00003800
00003800
00003800
00003800
00003800
00003800
00003800
ENDCHAR
STARTCHAR uni09400930094D0901.0
ENCODING -1
SWIDTH 228 0
DWIDTH 10 0
BBX 31 39 -15 0
BITMAP
03FE0000
0FFF8380
3FFFC780
3E03EF80
7800EC00
70007870
F0007870
F0007F7E
F0007B0E
00007BFC
000038F0
00003800
0001FF80
0001FF80
0001FF80
00003800
00003800
00003800
00003800
00003800
00003800
00003800
00003800
00003800
00003800
00003800
00003800
00003800
00003800
00003800
00003800
00003800
00003800
00003800
00003800
00003800
00003800
00003800
00003800
ENDCHAR
STARTCHAR uni09400930094D0902.0
ENCODING -1
SWIDTH 228 0
DWIDTH 10 0
BBX 26 39 -15 0
BITMAP
03FE0000
0FFF8000
3FFFC780
3E03EF80
7800FF80
70007C00
F0007800
F00079C0
F00079C0
000079C0
00003800
00003800
0001FF80
0001FF80
0001FF80
00003800
00003800
00003800
00003800
00003800
00003800
00003800
00003800
00003800
00003800
00003800
00003800
00003800
00003800
00003800
00003800
00003800
00003800
00003800
00003800
00003800
00003800
00003800
00003800
ENDCHAR
STARTCHAR uni093F.00
ENCODING -1
SWIDTH 228 0
DWIDTH 10 0
BBX 20 39 0 0
BITMAP
00FF00
03FFC0
07FFE0
0F81F0
0F00F0
0E0070
1E0070
1C0070
1C0070
1C0000
1C0000
1C0000
FFC000
FFC000
FFC000
1C0000
1C0000
1C0000
1C0000
1C0000
1C0000
1C0000
1C0000
1C0000
1C0000
1C0000
1C0000
1C0000
1C0000
1C0000
1C0000
1C0000
1C0000
1C0000
1C0000
1C0000
1C0000
1C0000
1C0000
ENDCHAR
STARTCHAR uni093F0901.00
ENCODING -1
SWIDTH 228 0
DWIDTH 10 0
BBX 30 40 0 0
BITMAP
00000780
00FE0780
03FF8780
07FFE79C
0F81E03C
0F00F038
0E007878
1E007FF0
1C007FE0
1C007FC0
1C007000
1C000000
1C000000
FFC00000
FFC00000
FFC00000
1C000000
1C000000
1C000000
1C000000
1C000000
1C000000
1C000000
1C000000
1C000000
1C000000
1C000000
1C000000
1C000000
1C000000
1C000000
1C000000
1C000000
1C000000
1C000000
1C000000
1C000000
1C000000
1C000000
1C000000
ENDCHAR
STARTCHAR uni093F0902.00
ENCODING -1
SWIDTH 228 0
DWIDTH 10 0
BBX 26 39 0 0
BITMAP
00FF03C0
03FFC3C0
07FFE3C0
0F81F3C0
0F00F000
0E007000
1E007000
1C007000
1C007000
1C000000
1C000000
1C000000
FFC00000
FFC00000
FFC00000
1C000000
1C000000
1C000000
1C000000
1C000000
1C000000
1C000000
1C000000
1C000000
1C000000
1C000000
1C000000
1C000000
1C000000
1C000000
1C000000
1C000000
1C000000
1C000000
1C000000
1C000000
1C000000
1C000000
1C000000
ENDCHAR
STARTCHAR uni093F0930094D.00
ENCODING -1
SWIDTH 228 0
DWIDTH 10 0
BBX 24 39 0 0
BITMAP
00FE00
03FF80
07FFEF
0F81FF
0F00FF
0E0078
1E0070
1C0070
1C0070
1C0030
1C0000
1C0000
FFC000
FFC000
FFC000
1C0000
1C0000
1C0000
1C0000
1C0000
1C0000
1C0000
1C0000
1C0000
1C0000
1C0000
1C0000
1C0000
1C0000
1C0000
1C0000
1C0000
1C0000
1C0000
1C0000
1C0000
1C0000
1C0000
1C0000
ENDCHAR
STARTCHAR uni093F0930094D0901.00
ENCODING -1
SWIDTH 228 0
DWIDTH 10 0
BBX 30 39 0 0
BITMAP
00FF0000
03FF8700
07FFFF00
0F81FF00
0F00FC00
0E0078E0
1E0070E0
1C0076EC
1C00771C
1C0033F8
1C0001F0
1C000000
FFC00000
FFC00000
FFC00000
1C000000
1C000000
1C000000
1C000000
1C000000
1C000000
1C000000
1C000000
1C000000
1C000000
1C000000
1C000000
1C000000
1C000000
1C000000
1C000000
1C000000
1C000000
1C000000
1C000000
1C000000
1C000000
1C000000
1C000000
ENDCHAR
STARTCHAR uni093F0930094D0902.00
ENCODING -1
SWIDTH 228 0
DWIDTH 10 0
BBX 25 39 0 0
BITMAP
00FE0000
03FF8000
07FFEF00
0F81FF00
0F00FF00
0E007800
1E007000
1C007380
1C007380
1C003380
1C000000
1C000000
FFC00000
FFC00000
FFC00000
1C000000
1C000000
1C000000
1C000000
1C000000
1C000000
1C000000
1C000000
1C000000
1C000000
1C000000
1C000000
1C000000
1C000000
1C000000
1C000000
1C000000
1C000000
1C000000
1C000000
1C000000
1C000000
1C000000
1C000000
ENDCHAR
STARTCHAR uni093F.01
ENCODING -1
SWIDTH 228 0
DWIDTH 10 0
BBX 27 39 0 0
BITMAP
003FF000
01FFFE00
03FFFF00
07C00F80
0F0003C0
0E0001C0
1E0001E0
1C0001E0
1C0001E0
1C000000
1C000000
1C000000
FFC00000
FFC00000
FFC00000
1C000000
1C000000
1C000000
1C000000
1C000000
1C000000
1C000000
1C000000
1C000000
1C000000
1C000000
1C000000
1C000000
1C000000
1C000000
1C000000
1C000000
1C000000
1C000000
1C000000
1C000000
1C000000
1C000000
1C000000
ENDCHAR
STARTCHAR uni093F.02
ENCODING -1
SWIDTH 228 0
DWIDTH 10 0
BBX 28 39 0 0
BITMAP
003FFC00
01FFFF80
03FFFFC0
07C007E0
0F0000F0
0E000070
1E000070
1C000070
1C000070
1C000000
1C000000
1C000000
FFC00000
FFC00000
FFC00000
1C000000
1C000000
1C000000
1C000000
1C000000
1C000000
1C000000
1C000000
1C000000
1C000000
1C000000
1C000000
1C000000
1C000000
1C000000
1C000000
1C000000
1C000000
1C000000
1C000000
1C000000
1C000000
1C000000
1C000000
ENDCHAR
STARTCHAR uni093F.03
ENCODING -1
SWIDTH 228 0
DWIDTH 10 0
BBX 30 39 0 0
BITMAP
003FFE00
01FFFFC0
03FFFFF0
07E001F8
0F00007C
0E00003C
1E00001C
1C00001C
1C00001C
1C000000
1C000000
1C000000
FFC00000
FFC00000
FFC00000
1C000000
1C000000
1C000000
1C000000
1C000000
1C000000
1C000000
1C000000
1C000000
1C000000
1C000000
1C000000
1C000000
1C000000
1C000000
1C000000
1C000000
1C000000
1C000000
1C000000
1C000000
1C000000
1C000000
1C000000
ENDCHAR
STARTCHAR uni093F.04
ENCODING -1
SWIDTH 228 0
DWIDTH 10 0
BBX 32 39 0 0
BITMAP
001FFF80
00FFFFF0
03FFFFFC
07E000FE
0F00001E
0E00000F
1E000007
1E000007
1C000007
1C000000
1C000000
1C000000
FFC00000
FFC00000
FFC00000
1C000000
1C000000
1C000000
1C000000
1C000000
1C000000
1C000000
1C000000
1C000000
1C000000
1C000000
1C000000
1C000000
1C000000
1C000000
1C000000
1C000000
1C000000
1C000000
1C000000
1C000000
1C000000
1C000000
1C000000
ENDCHAR
STARTCHAR uni093F.05
ENCODING -1
SWIDTH 228 0
DWIDTH 10 0
BBX 34 39 0 0
BITMAP
001FFFC000
00FFFFFC00
03FFFFFE00
07E0003F00
0F80000780
0F000003C0
1E000003C0
1E000001C0
1C000001C0
1C00000000
1C00000000
1C00000000
FFC0000000
FFC0000000
FFC0000000
1C00000000
1C00000000
1C00000000
1C00000000
1C00000000
1C00000000
1C00000000
1C00000000
1C00000000
1C00000000
1C00000000
1C00000000
1C00000000
1C00000000
1C00000000
1C00000000
1C00000000
1C00000000
1C00000000
1C00000000
1C00000000
1C00000000
1C00000000
1C00000000
ENDCHAR
STARTCHAR uni093F.06
ENCODING -1
SWIDTH 228 0
DWIDTH 10 0
BBX 36 39 0 0
BITMAP
000FFFF000
00FFFFFE00
03FFFFFF80
07E0000FC0
0F800003E0
0F000001E0
1E000000E0
1E000000F0
1C000000F0
1C00000000
1C00000000
1C00000000
FFC0000000
FFC0000000
FFC0000000
1C00000000
1C00000000
1C00000000
1C00000000
1C00000000
1C00000000
1C00000000
1C00000000
1C00000000
1C00000000
1C00000000
1C00000000
1C00000000
1C00000000
1C00000000
1C00000000
1C00000000
1C00000000
1C00000000
1C00000000
1C00000000
1C00000000
1C00000000
1C00000000
ENDCHAR
STARTCHAR uni093F.07
ENCODING -1
SWIDTH 228 0
DWIDTH 10 0
BBX 37 39 0 0
BITMAP
000FFFF800
00FFFFFF80
03FFFFFFE0
07F00007F0
0F800000F8
0F00000078
1E00000038
1E00000038
1C00000038
1C00000000
1C00000000
1C00000000
FFC0000000
FFC0000000
FFC0000000
1C00000000
1C00000000
1C00000000
1C00000000
1C00000000
1C00000000
1C00000000
1C00000000
1C00000000
1C00000000
1C00000000
1C00000000
1C00000000
1C00000000
1C00000000
1C00000000
1C00000000
1C00000000
1C00000000
1C00000000
1C00000000
1C00000000
1C00000000
1C00000000
ENDCHAR
STARTCHAR uni093F.08
ENCODING -1
SWIDTH 228 0
DWIDTH 10 0
BBX 39 39 0 0
BITMAP
000FFFFE00
00FFFFFFE0
03FFFFFFF8
07F80003FC
0F8000003C
0F0000001E
0E0000000E
1E0000000E
1C0000000E
1C00000000
1C00000000
1C00000000
FFC0000000
FFC0000000
FFC0000000
1C00000000
1C00000000
1C00000000
1C00000000
1C00000000
1C00000000
1C00000000
1C00000000
1C00000000
1C00000000
1C00000000
1C00000000
1C00000000
1C00000000
1C00000000
1C00000000
1C00000000
1C00000000
1C00000000
1C00000000
1C00000000
1C00000000
1C00000000
1C00000000
ENDCHAR
STARTCHAR uni093F.09
ENCODING -1
SWIDTH 228 0
DWIDTH 10 0
BBX 41 39 0 0
BITMAP
0007FFFF0000
007FFFFFF000
01FFFFFFFC00
07F00000FE00
0F8000001F00
0F0000000780
0E0000000780
1E0000000380
1C0000000380
1C0000000000
1C0000000000
1C0000000000
FFC000000000
FFC000000000
FFC000000000
1C0000000000
1C0000000000
1C0000000000
1C0000000000
1C0000000000
1C0000000000
1C0000000000
1C0000000000
1C0000000000
1C0000000000
1C0000000000
1C0000000000
1C0000000000
1C0000000000
1C0000000000
1C0000000000
1C0000000000
1C0000000000
1C0000000000
1C0000000000
1C0000000000
1C0000000000
1C0000000000
1C0000000000
ENDCHAR
STARTCHAR uni093F.10
ENCODING -1
SWIDTH 228 0
DWIDTH 10 0
BBX 43 39 0 0
BITMAP
0007FFFFC000
007FFFFFFC00
01FFFFFFFF00
07F800007F80
0780000007C0
0F00000001C0
0E00000001E0
1E00000000E0
1C00000000E0
1C0000000000
1C0000000000
1C0000000000
FFC000000000
FFC000000000
FFC000000000
1C0000000000
1C0000000000
1C0000000000
1C0000000000
1C0000000000
1C0000000000
1C0000000000
1C0000000000
1C0000000000
1C0000000000
1C0000000000
1C0000000000
1C0000000000
1C0000000000
1C0000000000
1C0000000000
1C0000000000
1C0000000000
1C0000000000
1C0000000000
1C0000000000
1C0000000000
1C0000000000
1C0000000000
ENDCHAR
STARTCHAR uni093F.11
ENCODING -1
SWIDTH 228 0
DWIDTH 10 0
BBX 44 39 0 0
BITMAP
0003FFFFE000
007FFFFFFF00
01FFFFFFFFC0
07F800001FE0
07C0000001F0
0F00000000F0
0E0000000070
1E0000000070
1C0000000070
1C0000000000
1C0000000000
1C0000000000
FFC000000000
FFC000000000
FFC000000000
1C0000000000
1C0000000000
1C0000000000
1C0000000000
1C0000000000
1C0000000000
1C0000000000
1C0000000000
1C0000000000
1C0000000000
1C0000000000
1C0000000000
1C0000000000
1C0000000000
1C0000000000
1C0000000000
1C0000000000
1C0000000000
1C0000000000
1C0000000000
1C0000000000
1C0000000000
1C0000000000
1C0000000000
ENDCHAR
STARTCHAR uni093F.12
ENCODING -1
SWIDTH 228 0
DWIDTH 10 0
BBX 46 39 0 0
BITMAP
0003FFFFF000
007FFFFFFF80
01FFFFFFFFE0
03FC00000FF8
07C0000000F8
0F000000003C
0E000000001C
1E000000001C
1C000000001C
1C0000000000
1C0000000000
1C0000000000
FFC000000000
FFC000000000
FFC000000000
1C0000000000
1C0000000000
1C0000000000
1C0000000000
1C0000000000
1C0000000000
1C0000000000
1C0000000000
1C0000000000
1C0000000000
1C0000000000
1C0000000000
1C0000000000
1C0000000000
1C0000000000
1C0000000000
1C0000000000
1C0000000000
1C0000000000
1C0000000000
1C0000000000
1C0000000000
1C0000000000
1C0000000000
ENDCHAR
STARTCHAR uni093F.13
ENCODING -1
SWIDTH 228 0
DWIDTH 10 0
BBX 48 39 0 0
BITMAP
0003FFFFFC00
007FFFFFFFE0
01FFFFFFFFF8
03FE000007FC
07C00000003E
0F000000000F
0E0000000007
1E0000000007
1C0000000007
1C0000000000
1C0000000000
1C0000000000
FFC000000000
FFC000000000
FFC000000000
1C0000000000
1C0000000000
1C0000000000
1C0000000000
1C0000000000
1C0000000000
1C0000000000
1C0000000000
1C0000000000
1C0000000000
1C0000000000
1C0000000000
1C0000000000
1C0000000000
1C0000000000
1C0000000000
1C0000000000
1C0000000000
1C0000000000
1C0000000000
1C0000000000
1C0000000000
1C0000000000
1C0000000000
ENDCHAR
STARTCHAR uni093F.14
ENCODING -1
SWIDTH 228 0
DWIDTH 10 0
BBX 50 39 0 0
BITMAP
0001FFFFFE0000
003FFFFFFFF000
01FFFFFFFFFE00
03FC000001FF00
07C00000000F80
0F0000000007C0
0E0000000003C0
1E0000000001C0
1C0000000001C0
1C000000000000
1C000000000000
1C000000000000
FFC00000000000
FFC00000000000
FFC00000000000
1C000000000000
1C000000000000
1C000000000000
1C000000000000
1C000000000000
1C000000000000
1C000000000000
1C000000000000
1C000000000000
1C000000000000
1C000000000000
1C000000000000
1C000000000000
1C000000000000
1C000000000000
1C000000000000
1C000000000000
1C000000000000
1C000000000000
1C000000000000
1C000000000000
1C000000000000
1C000000000000
1C000000000000
ENDCHAR
STARTCHAR uni093F.15
ENCODING -1
SWIDTH 228 0
DWIDTH 10 0
BBX 52 39 0 0
BITMAP
0001FFFFFF8000
003FFFFFFFFC00
01FFFFFFFFFF00
03FE000000FFC0
07C000000007E0
0F0000000001E0
0E0000000000F0
1E0000000000F0
1E000000000070
1C000000000000
1C000000000000
1C000000000000
FFC00000000000
FFC00000000000
FFC00000000000
1C000000000000
1C000000000000
1C000000000000
1C000000000000
1C000000000000
1C000000000000
1C000000000000
1C000000000000
1C000000000000
1C000000000000
1C000000000000
1C000000000000
1C000000000000
1C000000000000
1C000000000000
1C000000000000
1C000000000000
1C000000000000
1C000000000000
1C000000000000
1C000000000000
1C000000000000
1C000000000000
1C000000000000
ENDCHAR
STARTCHAR uni093F.16
ENCODING -1
SWIDTH 228 0
DWIDTH 10 0
BBX 53 39 0 0
BITMAP
0000FFFFFFC000
003FFFFFFFFF00
01FFFFFFFFFFC0
03FE0000003FF0
07E000000001F8
0F000000000078
0E000000000038
1E000000000038
1E000000000038
1C000000000000
1C000000000000
1C000000000000
FFC00000000000
FFC00000000000
FFC00000000000
1C000000000000
1C000000000000
1C000000000000
1C000000000000
1C000000000000
1C000000000000
1C000000000000
1C000000000000
1C000000000000
1C000000000000
1C000000000000
1C000000000000
1C000000000000
1C000000000000
1C000000000000
1C000000000000
1C000000000000
1C000000000000
1C000000000000
1C000000000000
1C000000000000
1C000000000000
1C000000000000
1C000000000000
ENDCHAR
STARTCHAR uni093F.17
ENCODING -1
SWIDTH 228 0
DWIDTH 10 0
BBX 55 39 0 0
BITMAP
0000FFFFFFE000
003FFFFFFFFF80
00FFFFFFFFFFF0
03FF0000001FF8
07E0000000007C
0F80000000001E
0F00000000000E
1E00000000000E
1E00000000000E
1C000000000000
1C000000000000
1C000000000000
FFC00000000000
FFC00000000000
FFC00000000000
1C000000000000
1C000000000000
1C000000000000
1C000000000000
1C000000000000
1C000000000000
1C000000000000
1C000000000000
1C000000000000
1C000000000000
1C000000000000
1C000000000000
1C000000000000
1C000000000000
1C000000000000
1C000000000000
1C000000000000
1C000000000000
1C000000000000
1C000000000000
1C000000000000
1C000000000000
1C000000000000
1C000000000000
ENDCHAR
STARTCHAR uni093F.18
ENCODING -1
SWIDTH 228 0
DWIDTH 10 0
BBX 57 39 0 0
BITMAP
00007FFFFFF80000
003FFFFFFFFFE000
00FFFFFFFFFFFC00
03FF8000000FFE00
07E0000000003F00
0F80000000000F80
0F00000000000780
1E00000000000380
1E00000000000380
1C00000000000000
1C00000000000000
1C00000000000000
FFC0000000000000
FFC0000000000000
FFC0000000000000
1C00000000000000
1C00000000000000
1C00000000000000
1C00000000000000
1C00000000000000
1C00000000000000
1C00000000000000
1C00000000000000
1C00000000000000
1C00000000000000
1C00000000000000
1C00000000000000
1C00000000000000
1C00000000000000
1C00000000000000
1C00000000000000
1C00000000000000
1C00000000000000
1C00000000000000
1C00000000000000
1C00000000000000
1C00000000000000
1C00000000000000
1C00000000000000
ENDCHAR
STARTCHAR uni093F.19
ENCODING -1
SWIDTH 228 0
DWIDTH 10 0
BBX 59 39 0 0
BITMAP
00007FFFFFFC0000
001FFFFFFFFFF000
00FFFFFFFFFFFE00
03FF80000003FF80
07E0000000000FC0
0F800000000003C0
0F000000000001E0
1E000000000000E0
1E000000000000E0
1C00000000000000
1C00000000000000
1C00000000000000
FFC0000000000000
FFC0000000000000
FFC0000000000000
1C00000000000000
1C00000000000000
1C00000000000000
1C00000000000000
1C00000000000000
1C00000000000000
1C00000000000000
1C00000000000000
1C00000000000000
1C00000000000000
1C00000000000000
1C00000000000000
1C00000000000000
1C00000000000000
1C00000000000000
1C00000000000000
1C00000000000000
1C00000000000000
1C00000000000000
1C00000000000000
1C00000000000000
1C00000000000000
1C00000000000000
1C00000000000000
ENDCHAR
STARTCHAR uni093F.20
ENCODING -1
SWIDTH 228 0
DWIDTH 10 0
BBX 61 39 0 0
BITMAP
00003FFFFFFF0000
001FFFFFFFFFFC00
00FFFFFFFFFFFF80
03FFC0000001FFE0
07E00000000003F0
0F800000000000F0
0F00000000000078
0E00000000000078
1E00000000000078
1C00000000000000
1C00000000000000
1C00000000000000
FFC0000000000000
FFC0000000000000
FFC0000000000000
1C00000000000000
1C00000000000000
1C00000000000000
1C00000000000000
1C00000000000000
1C00000000000000
1C00000000000000
1C00000000000000
1C00000000000000
1C00000000000000
1C00000000000000
1C00000000000000
1C00000000000000
1C00000000000000
1C00000000000000
1C00000000000000
1C00000000000000
1C00000000000000
1C00000000000000
1C00000000000000
1C00000000000000
1C00000000000000
1C00000000000000
1C00000000000000
ENDCHAR
STARTCHAR uni093F.21
ENCODING -1
SWIDTH 228 0
DWIDTH 10 0
BBX 62 39 0 0
BITMAP
00003FFFFFFF8000
001FFFFFFFFFFF00
00FFFFFFFFFFFFE0
03FFC0000000FFF0
07E00000000001F8
0F8000000000003C
0F0000000000001C
0E0000000000001C
1E0000000000001C
1C00000000000000
1C00000000000000
1C00000000000000
FFC0000000000000
FFC0000000000000
FFC0000000000000
1C00000000000000
1C00000000000000
1C00000000000000
1C00000000000000
1C00000000000000
1C00000000000000
1C00000000000000
1C00000000000000
1C00000000000000
1C00000000000000
1C00000000000000
1C00000000000000
1C00000000000000
1C00000000000000
1C00000000000000
1C00000000000000
1C00000000000000
1C00000000000000
1C00000000000000
1C00000000000000
1C00000000000000
1C00000000000000
1C00000000000000
1C00000000000000
ENDCHAR
STARTCHAR uni093F.22
ENCODING -1
SWIDTH 228 0
DWIDTH 10 0
BBX 64 39 0 0
BITMAP
00001FFFFFFFC000
001FFFFFFFFFFF80
00FFFFFFFFFFFFF0
03FC000000003FFC
07C000000000007E
0F8000000000001F
0F0000000000000F
0E00000000000007
1E00000000000007
1C00000000000000
1C00000000000000
1C00000000000000
FFC0000000000000
FFC0000000000000
FFC0000000000000
1C00000000000000
1C00000000000000
1C00000000000000
1C00000000000000
1C00000000000000
1C00000000000000
1C00000000000000
1C00000000000000
1C00000000000000
1C00000000000000
1C00000000000000
1C00000000000000
1C00000000000000
1C00000000000000
1C00000000000000
1C00000000000000
1C00000000000000
1C00000000000000
1C00000000000000
1C00000000000000
1C00000000000000
1C00000000000000
1C00000000000000
1C00000000000000
ENDCHAR
STARTCHAR uni093F.23
ENCODING -1
SWIDTH 228 0
DWIDTH 10 0
BBX 66 39 0 0
BITMAP
00001FFFFFFFE00000
000FFFFFFFFFFFE000
00FFFFFFFFFFFFFC00
01FC000000001FFF00
07E000000000003F80
0F80000000000007C0
0F00000000000003C0
0E00000000000001C0
1E00000000000001C0
1C0000000000000000
1C0000000000000000
1C0000000000000000
FFC000000000000000
FFC000000000000000
FFC000000000000000
1C0000000000000000
1C0000000000000000
1C0000000000000000
1C0000000000000000
1C0000000000000000
1C0000000000000000
1C0000000000000000
1C0000000000000000
1C0000000000000000
1C0000000000000000
1C0000000000000000
1C0000000000000000
1C0000000000000000
1C0000000000000000
1C0000000000000000
1C0000000000000000
1C0000000000000000
1C0000000000000000
1C0000000000000000
1C0000000000000000
1C0000000000000000
1C0000000000000000
1C0000000000000000
1C0000000000000000
ENDCHAR
STARTCHAR uni093F.24
ENCODING -1
SWIDTH 228 0
DWIDTH 10 0
BBX 68 39 0 0
BITMAP
00000FFFFFFFF80000
000FFFFFFFFFFFF000
007FFFFFFFFFFFFF00
01FFE00000000FFFC0
07F000000000000FE0
07C0000000000001E0
0F00000000000000F0
0E00000000000000F0
1E0000000000000070
1E0000000000000000
1C0000000000000000
1C0000000000000000
FFC000000000000000
FFC000000000000000
FFC000000000000000
1C0000000000000000
1C0000000000000000
1C0000000000000000
1C0000000000000000
1C0000000000000000
1C0000000000000000
1C0000000000000000
1C0000000000000000
1C0000000000000000
1C0000000000000000
1C0000000000000000
1C0000000000000000
1C0000000000000000
1C0000000000000000
1C0000000000000000
1C0000000000000000
1C0000000000000000
1C0000000000000000
1C0000000000000000
1C0000000000000000
1C0000000000000000
1C0000000000000000
1C0000000000000000
1C0000000000000000
ENDCHAR
STARTCHAR uni093F.26
ENCODING -1
SWIDTH 228 0
DWIDTH 10 0
BBX 71 39 0 0
BITMAP
000007FFFFFFFE0000
000FFFFFFFFFFFFE00
007FFFFFFFFFFFFFE0
01FFF800000001FFF8
07F8000000000001FC
07C00000000000003E
0F000000000000000E
0E000000000000000E
1E000000000000000E
1E0000000000000000
1C0000000000000000
1C0000000000000000
FFC000000000000000
FFC000000000000000
FFC000000000000000
1C0000000000000000
1C0000000000000000
1C0000000000000000
1C0000000000000000
1C0000000000000000
1C0000000000000000
1C0000000000000000
1C0000000000000000
1C0000000000000000
1C0000000000000000
1C0000000000000000
1C0000000000000000
1C0000000000000000
1C0000000000000000
1C0000000000000000
1C0000000000000000
1C0000000000000000
1C0000000000000000
1C0000000000000000
1C0000000000000000
1C0000000000000000
1C0000000000000000
1C0000000000000000
1C0000000000000000
ENDCHAR
STARTCHAR uni093F.30
ENCODING -1
SWIDTH 228 0
DWIDTH 10 0
BBX 79 39 0 0
BITMAP
000001FFFFFFFFF80000
0003FFFFFFFFFFFFFC00
003FFFFFFFFFFFFFFFC0
01FF00000000000FFFF0
03F000000000000003F8
0780000000000000007C
0F00000000000000001C
0E00000000000000001E
1E00000000000000001C
1E000000000000000000
1C000000000000000000
1C000000000000000000
FFC00000000000000000
FFC00000000000000000
FFC00000000000000000
1C000000000000000000
1C000000000000000000
1C000000000000000000
1C000000000000000000
1C000000000000000000
1C000000000000000000
1C000000000000000000
1C000000000000000000
1C000000000000000000
1C000000000000000000
1C000000000000000000
1C000000000000000000
1C000000000000000000
1C000000000000000000
1C000000000000000000
1C000000000000000000
1C000000000000000000
1C000000000000000000
1C000000000000000000
1C000000000000000000
1C000000000000000000
1C000000000000000000
1C000000000000000000
1C000000000000000000
ENDCHAR
STARTCHAR uni093F0901.01
ENCODING -1
SWIDTH 228 0
DWIDTH 10 0
BBX 36 40 0 0
BITMAP
0000001E00
003FF01E00
01FFFE1E00
03FFFFDE70
07C00FC070
0F0003C0E0
0E0001E1E0
1E0001FFC0
1C0001FFC0
1C0001FF00
1C0001E000
1C00000000
1C00000000
FFC0000000
FFC0000000
FFC0000000
1C00000000
1C00000000
1C00000000
1C00000000
1C00000000
1C00000000
1C00000000
1C00000000
1C00000000
1C00000000
1C00000000
1C00000000
1C00000000
1C00000000
1C00000000
1C00000000
1C00000000
1C00000000
1C00000000
1C00000000
1C00000000
1C00000000
1C00000000
1C00000000
ENDCHAR
STARTCHAR uni093F0901.02
ENCODING -1
SWIDTH 228 0
DWIDTH 10 0
BBX 38 40 0 0
BITMAP
0000000780
003FFC0780
01FFFF0780
03FFFFE7BC
07C007E038
0F0001F038
0E0000F878
1E00007FF0
1C00007FE0
1C00007FC0
1C00007000
1C00000000
1C00000000
FFC0000000
FFC0000000
FFC0000000
1C00000000
1C00000000
1C00000000
1C00000000
1C00000000
1C00000000
1C00000000
1C00000000
1C00000000
1C00000000
1C00000000
1C00000000
1C00000000
1C00000000
1C00000000
1C00000000
1C00000000
1C00000000
1C00000000
1C00000000
1C00000000
1C00000000
1C00000000
1C00000000
ENDCHAR
STARTCHAR uni093F0901.03
ENCODING -1
SWIDTH 228 0
DWIDTH 10 0
BBX 39 40 0 0
BITMAP
00000001C0
003FFF01C0
01FFFFE1C0
03FFFFF9CE
07E001F80E
0F00007C0E
0E00003E1E
1E00001FFC
1C00001FF8
1C00001FE0
1C00000000
1C00000000
1C00000000
FFC0000000
FFC0000000
FFC0000000
1C00000000
1C00000000
1C00000000
1C00000000
1C00000000
1C00000000
1C00000000
1C00000000
1C00000000
1C00000000
1C00000000
1C00000000
1C00000000
1C00000000
1C00000000
1C00000000
1C00000000
1C00000000
1C00000000
1C00000000
1C00000000
1C00000000
1C00000000
1C00000000
ENDCHAR
STARTCHAR uni093F0901.04
ENCODING -1
SWIDTH 228 0
DWIDTH 10 0
BBX 41 40 0 0
BITMAP
000000007000
001FFF807000
00FFFFF07000
03FFFFFE7380
07E000FE0380
0F00001E0380
0E00000F0700
1E00000FFF00
1E000007FE00
1C000007F800
1C0000070000
1C0000000000
1C0000000000
FFC000000000
FFC000000000
FFC000000000
1C0000000000
1C0000000000
1C0000000000
1C0000000000
1C0000000000
1C0000000000
1C0000000000
1C0000000000
1C0000000000
1C0000000000
1C0000000000
1C0000000000
1C0000000000
1C0000000000
1C0000000000
1C0000000000
1C0000000000
1C0000000000
1C0000000000
1C0000000000
1C0000000000
1C0000000000
1C0000000000
1C0000000000
ENDCHAR
STARTCHAR uni093F0901.05
ENCODING -1
SWIDTH 228 0
DWIDTH 10 0
BBX 43 40 0 0
BITMAP
000000003C00
001FFFC03C00
00FFFFF83C00
03FFFFFFBCE0
07E0003F80E0
0F80000781E0
0F000003C3C0
1E000003FFC0
1E000001FF80
1C000001FE00
1C000001C000
1C0000000000
1C0000000000
FFC000000000
FFC000000000
FFC000000000
1C0000000000
1C0000000000
1C0000000000
1C0000000000
1C0000000000
1C0000000000
1C0000000000
1C0000000000
1C0000000000
1C0000000000
1C0000000000
1C0000000000
1C0000000000
1C0000000000
1C0000000000
1C0000000000
1C0000000000
1C0000000000
1C0000000000
1C0000000000
1C0000000000
1C0000000000
1C0000000000
1C0000000000
ENDCHAR
STARTCHAR uni093F0901.06
ENCODING -1
SWIDTH 228 0
DWIDTH 10 0
BBX 45 40 0 0
BITMAP
000000000F00
000FFFE00F00
00FFFFFE0F00
03FFFFFFCF38
07E0001FE038
0F800003E070
0F000001F0F0
1E000000FFE0
1E000000FFC0
1C000000FF80
1C000000E000
1C0000000000
1C0000000000
FFC000000000
FFC000000000
FFC000000000
1C0000000000
1C0000000000
1C0000000000
1C0000000000
1C0000000000
1C0000000000
1C0000000000
1C0000000000
1C0000000000
1C0000000000
1C0000000000
1C0000000000
1C0000000000
1C0000000000
1C0000000000
1C0000000000
1C0000000000
1C0000000000
1C0000000000
1C0000000000
1C0000000000
1C0000000000
1C0000000000
1C0000000000
ENDCHAR
STARTCHAR uni093F0901.07
ENCODING -1
SWIDTH 228 0
DWIDTH 10 0
BBX 47 40 0 0
BITMAP
0000000003C0
000FFFF803C0
00FFFFFF83C0
03FFFFFFF3DE
07F0000FF01C
0F800000F81C
0F0000007C3C
1E0000003FF8
1E0000003FF0
1C0000003FE0
1C0000003800
1C0000000000
1C0000000000
FFC000000000
FFC000000000
FFC000000000
1C0000000000
1C0000000000
1C0000000000
1C0000000000
1C0000000000
1C0000000000
1C0000000000
1C0000000000
1C0000000000
1C0000000000
1C0000000000
1C0000000000
1C0000000000
1C0000000000
1C0000000000
1C0000000000
1C0000000000
1C0000000000
1C0000000000
1C0000000000
1C0000000000
1C0000000000
1C0000000000
1C0000000000
ENDCHAR
STARTCHAR uni093F0901.08
ENCODING -1
SWIDTH 228 0
DWIDTH 10 0
BBX 48 40 0 0
BITMAP
0000000000E0
000FFFFE00E0
00FFFFFFC0E0
03FFFFFFFCE7
07F80003FC07
0F8000007C07
0F0000001E0F
0E0000000FFE
1E0000000FFC
1C0000000FF0
1C0000000E00
1C0000000000
1C0000000000
FFC000000000
FFC000000000
FFC000000000
1C0000000000
1C0000000000
1C0000000000
1C0000000000
1C0000000000
1C0000000000
1C0000000000
1C0000000000
1C0000000000
1C0000000000
1C0000000000
1C0000000000
1C0000000000
1C0000000000
1C0000000000
1C0000000000
1C0000000000
1C0000000000
1C0000000000
1C0000000000
1C0000000000
1C0000000000
1C0000000000
1C0000000000
ENDCHAR
STARTCHAR uni093F0901.09
ENCODING -1
SWIDTH 228 0
DWIDTH 10 0
BBX 50 40 0 0
BITMAP
00000000003800
0007FFFF003800
007FFFFFF03800
01FFFFFFFF39C0
07F00000FF01C0
0F8000001F01C0
0F000000078380
0E00000007FF80
1E00000003FF00
1C00000003FC00
1C000000038000
1C000000000000
1C000000000000
FFC00000000000
FFC00000000000
FFC00000000000
1C000000000000
1C000000000000
1C000000000000
1C000000000000
1C000000000000
1C000000000000
1C000000000000
1C000000000000
1C000000000000
1C000000000000
1C000000000000
1C000000000000
1C000000000000
1C000000000000
1C000000000000
1C000000000000
1C000000000000
1C000000000000
1C000000000000
1C000000000000
1C000000000000
1C000000000000
1C000000000000
1C000000000000
ENDCHAR
STARTCHAR uni093F0901.10
ENCODING -1
SWIDTH 228 0
DWIDTH 10 0
BBX 52 40 0 0
BITMAP
00000000001E00
0007FFFF801E00
007FFFFFFC1E00
01FFFFFFFFDE70
07F800007FC070
0780000007C0F0
0F00000003E1E0
0E00000001FFE0
1E00000001FFC0
1C00000000FF00
1C00000000E000
1C000000000000
1C000000000000
FFC00000000000
FFC00000000000
FFC00000000000
1C000000000000
1C000000000000
1C000000000000
1C000000000000
1C000000000000
1C000000000000
1C000000000000
1C000000000000
1C000000000000
1C000000000000
1C000000000000
1C000000000000
1C000000000000
1C000000000000
1C000000000000
1C000000000000
1C000000000000
1C000000000000
1C000000000000
1C000000000000
1C000000000000
1C000000000000
1C000000000000
1C000000000000
ENDCHAR
STARTCHAR uni093F0901.11
ENCODING -1
SWIDTH 228 0
DWIDTH 10 0
BBX 54 40 0 0
BITMAP
00000000000780
0003FFFFE00780
007FFFFFFE0780
01FFFFFFFFE79C
07F800003FE03C
07C0000003F038
0F00000000F878
0E000000007FF0
1E000000007FE0
1C000000007FC0
1C000000007000
1C000000000000
1C000000000000
FFC00000000000
FFC00000000000
FFC00000000000
1C000000000000
1C000000000000
1C000000000000
1C000000000000
1C000000000000
1C000000000000
1C000000000000
1C000000000000
1C000000000000
1C000000000000
1C000000000000
1C000000000000
1C000000000000
1C000000000000
1C000000000000
1C000000000000
1C000000000000
1C000000000000
1C000000000000
1C000000000000
1C000000000000
1C000000000000
1C000000000000
1C000000000000
ENDCHAR
STARTCHAR uni093F0901.12
ENCODING -1
SWIDTH 228 0
DWIDTH 10 0
BBX 55 40 0 0
BITMAP
000000000001E0
0003FFFFF001E0
007FFFFFFF81E0
01FFFFFFFFF9EE
03FC00000FF80E
07C0000000FC0E
0F000000003E1E
0E000000001FFC
1E000000001FF8
1C000000001FE0
1C000000001C00
1C000000000000
1C000000000000
FFC00000000000
FFC00000000000
FFC00000000000
1C000000000000
1C000000000000
1C000000000000
1C000000000000
1C000000000000
1C000000000000
1C000000000000
1C000000000000
1C000000000000
1C000000000000
1C000000000000
1C000000000000
1C000000000000
1C000000000000
1C000000000000
1C000000000000
1C000000000000
1C000000000000
1C000000000000
1C000000000000
1C000000000000
1C000000000000
1C000000000000
1C000000000000
ENDCHAR
STARTCHAR uni093F0901.13
ENCODING -1
SWIDTH 228 0
DWIDTH 10 0
BBX 57 40 0 0
BITMAP
0000000000007000
0003FFFFF8007000
007FFFFFFFC07000
01FFFFFFFFFE7380
03FE000007FE0380
07C00000003E0380
0F000000001F0780
0E000000000FFF00
1E0000000007FE00
1C0000000007F800
1C00000000070000
1C00000000000000
1C00000000000000
FFC0000000000000
FFC0000000000000
FFC0000000000000
1C00000000000000
1C00000000000000
1C00000000000000
1C00000000000000
1C00000000000000
1C00000000000000
1C00000000000000
1C00000000000000
1C00000000000000
1C00000000000000
1C00000000000000
1C00000000000000
1C00000000000000
1C00000000000000
1C00000000000000
1C00000000000000
1C00000000000000
1C00000000000000
1C00000000000000
1C00000000000000
1C00000000000000
1C00000000000000
1C00000000000000
1C00000000000000
ENDCHAR
STARTCHAR uni093F0901.14
ENCODING -1
SWIDTH 228 0
DWIDTH 10 0
BBX 59 40 0 0
BITMAP
0000000000001C00
0001FFFFFE001C00
003FFFFFFFF01C00
01FFFFFFFFFF9CE0
03FC000001FF80E0
07C00000001F81E0
0F0000000007C3C0
0E0000000003FFC0
1E0000000001FF80
1C0000000001FE00
1C0000000001C000
1C00000000000000
1C00000000000000
FFC0000000000000
FFC0000000000000
FFC0000000000000
1C00000000000000
1C00000000000000
1C00000000000000
1C00000000000000
1C00000000000000
1C00000000000000
1C00000000000000
1C00000000000000
1C00000000000000
1C00000000000000
1C00000000000000
1C00000000000000
1C00000000000000
1C00000000000000
1C00000000000000
1C00000000000000
1C00000000000000
1C00000000000000
1C00000000000000
1C00000000000000
1C00000000000000
1C00000000000000
1C00000000000000
1C00000000000000
ENDCHAR
STARTCHAR uni093F0901.15
ENCODING -1
SWIDTH 228 0
DWIDTH 10 0
BBX 61 40 0 0
BITMAP
0000000000000F00
0001FFFFFF000F00
003FFFFFFFFC0F00
01FFFFFFFFFFEF38
03FE000000FFE038
07C000000007E078
0F0000000001F0F0
0E0000000000FFE0
1E0000000000FFE0
1E0000000000FF80
1C00000000007000
1C00000000000000
1C00000000000000
FFC0000000000000
FFC0000000000000
FFC0000000000000
1C00000000000000
1C00000000000000
1C00000000000000
1C00000000000000
1C00000000000000
1C00000000000000
1C00000000000000
1C00000000000000
1C00000000000000
1C00000000000000
1C00000000000000
1C00000000000000
1C00000000000000
1C00000000000000
1C00000000000000
1C00000000000000
1C00000000000000
1C00000000000000
1C00000000000000
1C00000000000000
1C00000000000000
1C00000000000000
1C00000000000000
1C00000000000000
ENDCHAR
STARTCHAR uni093F0901.16
ENCODING -1
SWIDTH 228 0
DWIDTH 10 0
BBX 63 40 0 0
BITMAP
00000000000003C0
0000FFFFFF8003C0
003FFFFFFFFE03C0
01FFFFFFFFFFF3CE
03FE0000007FF01C
07E000000001F81C
0F00000000007C3C
0E00000000003FF8
1E00000000003FF0
1E00000000003FE0
1C00000000003800
1C00000000000000
1C00000000000000
FFC0000000000000
FFC0000000000000
FFC0000000000000
1C00000000000000
1C00000000000000
1C00000000000000
1C00000000000000
1C00000000000000
1C00000000000000
1C00000000000000
1C00000000000000
1C00000000000000
1C00000000000000
1C00000000000000
1C00000000000000
1C00000000000000
1C00000000000000
1C00000000000000
1C00000000000000
1C00000000000000
1C00000000000000
1C00000000000000
1C00000000000000
1C00000000000000
1C00000000000000
1C00000000000000
1C00000000000000
ENDCHAR
STARTCHAR uni093F0901.17
ENCODING -1
SWIDTH 228 0
DWIDTH 10 0
BBX 64 40 0 0
BITMAP
00000000000000F0
0000FFFFFFE000F0
003FFFFFFFFF80F0
00FFFFFFFFFFFCF7
03FF0000001FFC07
07E000000000FE07
0F80000000003F0F
0F00000000001FFE
1E00000000000FFC
1E00000000000FF0
1C00000000000E00
1C00000000000000
1C00000000000000
FFC0000000000000
FFC0000000000000
FFC0000000000000
1C00000000000000
1C00000000000000
1C00000000000000
1C00000000000000
1C00000000000000
1C00000000000000
1C00000000000000
1C00000000000000
1C00000000000000
1C00000000000000
1C00000000000000
1C00000000000000
1C00000000000000
1C00000000000000
1C00000000000000
1C00000000000000
1C00000000000000
1C00000000000000
1C00000000000000
1C00000000000000
1C00000000000000
1C00000000000000
1C00000000000000
1C00000000000000
ENDCHAR
STARTCHAR uni093F0901.18
ENCODING -1
SWIDTH 228 0
DWIDTH 10 0
BBX 66 40 0 0
BITMAP
000000000000003800
00007FFFFFF0003800
003FFFFFFFFFE03800
00FFFFFFFFFFFF39C0
03FF8000000FFF01C0
07E0000000003F01C0
0F80000000000F8380
0F000000000007FF80
1E000000000003FF00
1E000000000003FC00
1C0000000000038000
1C0000000000000000
1C0000000000000000
FFC000000000000000
FFC000000000000000
FFC000000000000000
1C0000000000000000
1C0000000000000000
1C0000000000000000
1C0000000000000000
1C0000000000000000
1C0000000000000000
1C0000000000000000
1C0000000000000000
1C0000000000000000
1C0000000000000000
1C0000000000000000
1C0000000000000000
1C0000000000000000
1C0000000000000000
1C0000000000000000
1C0000000000000000
1C0000000000000000
1C0000000000000000
1C0000000000000000
1C0000000000000000
1C0000000000000000
1C0000000000000000
1C0000000000000000
1C0000000000000000
ENDCHAR
STARTCHAR uni093F0901.19
ENCODING -1
SWIDTH 228 0
DWIDTH 10 0
BBX 68 40 0 0
BITMAP
000000000000000E00
00007FFFFFFC000E00
001FFFFFFFFFF00E00
00FFFFFFFFFFFFCE70
03FF80000007FFC070
07E0000000001FC0F0
0F800000000003E1E0
0F000000000001FFE0
1E000000000001FFC0
1E000000000000FF00
1C000000000000E000
1C0000000000000000
1C0000000000000000
FFC000000000000000
FFC000000000000000
FFC000000000000000
1C0000000000000000
1C0000000000000000
1C0000000000000000
1C0000000000000000
1C0000000000000000
1C0000000000000000
1C0000000000000000
1C0000000000000000
1C0000000000000000
1C0000000000000000
1C0000000000000000
1C0000000000000000
1C0000000000000000
1C0000000000000000
1C0000000000000000
1C0000000000000000
1C0000000000000000
1C0000000000000000
1C0000000000000000
1C0000000000000000
1C0000000000000000
1C0000000000000000
1C0000000000000000
1C0000000000000000
ENDCHAR
STARTCHAR uni093F0901.20
ENCODING -1
SWIDTH 228 0
DWIDTH 10 0
BBX 70 40 0 0
BITMAP
000000000000000780
00003FFFFFFE000780
001FFFFFFFFFFC0780
00FFFFFFFFFFFFF79C
03FFC0000003FFF01C
07E00000000007F03C
0F800000000001F878
0F0000000000007FF8
0E0000000000007FE0
1E0000000000007FC0
1C0000000000007800
1C0000000000000000
1C0000000000000000
FFC000000000000000
FFC000000000000000
FFC000000000000000
1C0000000000000000
1C0000000000000000
1C0000000000000000
1C0000000000000000
1C0000000000000000
1C0000000000000000
1C0000000000000000
1C0000000000000000
1C0000000000000000
1C0000000000000000
1C0000000000000000
1C0000000000000000
1C0000000000000000
1C0000000000000000
1C0000000000000000
1C0000000000000000
1C0000000000000000
1C0000000000000000
1C0000000000000000
1C0000000000000000
1C0000000000000000
1C0000000000000000
1C0000000000000000
1C0000000000000000
ENDCHAR
STARTCHAR uni093F0901.21
ENCODING -1
SWIDTH 228 0
DWIDTH 10 0
BBX 72 40 0 0
BITMAP
0000000000000001E0
00003FFFFFFF8001E0
001FFFFFFFFFFE01E0
00FFFFFFFFFFFFF9EF
03FFC0000000FFF80E
07E00000000001FC0E
0F8000000000007E1E
0F0000000000003FFC
0E0000000000001FF8
1E0000000000001FF0
1C0000000000001C00
1C0000000000000000
1C0000000000000000
FFC000000000000000
FFC000000000000000
FFC000000000000000
1C0000000000000000
1C0000000000000000
1C0000000000000000
1C0000000000000000
1C0000000000000000
1C0000000000000000
1C0000000000000000
1C0000000000000000
1C0000000000000000
1C0000000000000000
1C0000000000000000
1C0000000000000000
1C0000000000000000
1C0000000000000000
1C0000000000000000
1C0000000000000000
1C0000000000000000
1C0000000000000000
1C0000000000000000
1C0000000000000000
1C0000000000000000
1C0000000000000000
1C0000000000000000
1C0000000000000000
ENDCHAR
STARTCHAR uni093F0901.22
ENCODING -1
SWIDTH 228 0
DWIDTH 10 0
BBX 73 40 0 0
BITMAP
00000000000000007000
00001FFFFFFFC0007000
001FFFFFFFFFFF807000
00FFFFFFFFFFFFFE7380
03FC000000007FFE0380
07C00000000000FE0380
0F8000000000001F0780
0F0000000000000FFF00
0E00000000000007FE00
1E00000000000007F800
1C000000000000070000
1C000000000000000000
1C000000000000000000
FFC00000000000000000
FFC00000000000000000
FFC00000000000000000
1C000000000000000000
1C000000000000000000
1C000000000000000000
1C000000000000000000
1C000000000000000000
1C000000000000000000
1C000000000000000000
1C000000000000000000
1C000000000000000000
1C000000000000000000
1C000000000000000000
1C000000000000000000
1C000000000000000000
1C000000000000000000
1C000000000000000000
1C000000000000000000
1C000000000000000000
1C000000000000000000
1C000000000000000000
1C000000000000000000
1C000000000000000000
1C000000000000000000
1C000000000000000000
1C000000000000000000
ENDCHAR
STARTCHAR uni093F0901.23
ENCODING -1
SWIDTH 228 0
DWIDTH 10 0
BBX 75 40 0 0
BITMAP
00000000000000001C00
00001FFFFFFFE0001C00
000FFFFFFFFFFFE01C00
00FFFFFFFFFFFFFF9CE0
01FC000000001FFF80E0
07E000000000003F80E0
0F80000000000007C1C0
0F00000000000003FFC0
0E00000000000001FF80
1E00000000000001FE00
1C00000000000001C000
1C000000000000000000
1C000000000000000000
FFC00000000000000000
FFC00000000000000000
FFC00000000000000000
1C000000000000000000
1C000000000000000000
1C000000000000000000
1C000000000000000000
1C000000000000000000
1C000000000000000000
1C000000000000000000
1C000000000000000000
1C000000000000000000
1C000000000000000000
1C000000000000000000
1C000000000000000000
1C000000000000000000
1C000000000000000000
1C000000000000000000
1C000000000000000000
1C000000000000000000
1C000000000000000000
1C000000000000000000
1C000000000000000000
1C000000000000000000
1C000000000000000000
1C000000000000000000
1C000000000000000000
ENDCHAR
STARTCHAR uni093F0901.24
ENCODING -1
SWIDTH 228 0
DWIDTH 10 0
BBX 77 40 0 0
BITMAP
00000000000000000F00
00000FFFFFFFF0000F00
000FFFFFFFFFFFF00F00
007FFFFFFFFFFFFEEF38
01FFE00000000FFFE038
07F000000000001FE078
07C0000000000003F0F0
0F00000000000000FFF0
0E00000000000000FFE0
1E000000000000007F80
1E000000000000007000
1C000000000000000000
1C000000000000000000
FFC00000000000000000
FFC00000000000000000
FFC00000000000000000
1C000000000000000000
1C000000000000000000
1C000000000000000000
1C000000000000000000
1C000000000000000000
1C000000000000000000
1C000000000000000000
1C000000000000000000
1C000000000000000000
1C000000000000000000
1C000000000000000000
1C000000000000000000
1C000000000000000000
1C000000000000000000
1C000000000000000000
1C000000000000000000
1C000000000000000000
1C000000000000000000
1C000000000000000000
1C000000000000000000
1C000000000000000000
1C000000000000000000
1C000000000000000000
1C000000000000000000
ENDCHAR
STARTCHAR uni093F0901.26
ENCODING -1
SWIDTH 228 0
DWIDTH 10 0
BBX 80 40 0 0
BITMAP
000000000000000000F0
000007FFFFFFFE0000F0
000FFFFFFFFFFFFE00F0
007FFFFFFFFFFFFFFCF7
01FFF800000001FFFC07
07F8000000000001FE07
07C00000000000003F0F
0F000000000000001FFE
0E000000000000000FFC
1E000000000000000FF8
1E000000000000000E00
1C000000000000000000
1C000000000000000000
FFC00000000000000000
FFC00000000000000000
FFC00000000000000000
1C000000000000000000
1C000000000000000000
1C000000000000000000
1C000000000000000000
1C000000000000000000
1C000000000000000000
1C000000000000000000
1C000000000000000000
1C000000000000000000
1C000000000000000000
1C000000000000000000
1C000000000000000000
1C000000000000000000
1C000000000000000000
1C000000000000000000
1C000000000000000000
1C000000000000000000
1C000000000000000000
1C000000000000000000
1C000000000000000000
1C000000000000000000
1C000000000000000000
1C000000000000000000
1C000000000000000000
ENDCHAR
STARTCHAR uni093F0901.30
ENCODING -1
SWIDTH 228 0
DWIDTH 10 0
BBX 88 40 0 0
BITMAP
00000000000000000001E0
000001FFFFFFFFF00001E0
0003FFFFFFFFFFFFF801E0
003FFFFFFFFFFFFFFFB9E7
01FF00000000001FFFF80F
03F000000000000007FC0E
078000000000000000FE1E
0F00000000000000003FFC
0E00000000000000001FF8
1E00000000000000001FF0
1E00000000000000001C00
1C00000000000000000000
1C00000000000000000000
FFC0000000000000000000
FFC0000000000000000000
FFC0000000000000000000
1C00000000000000000000
1C00000000000000000000
1C00000000000000000000
1C00000000000000000000
1C00000000000000000000
1C00000000000000000000
1C00000000000000000000
1C00000000000000000000
1C00000000000000000000
1C00000000000000000000
1C00000000000000000000
1C00000000000000000000
1C00000000000000000000
1C00000000000000000000
1C00000000000000000000
1C00000000000000000000
1C00000000000000000000
1C00000000000000000000
1C00000000000000000000
1C00000000000000000000
1C00000000000000000000
1C00000000000000000000
1C00000000000000000000
1C00000000000000000000
ENDCHAR
STARTCHAR uni093F0902.01
ENCODING -1
SWIDTH 228 0
DWIDTH 10 0
BBX 32 39 0 0
BITMAP
003FF00F
01FFFE0F
03FFFF0F
07C00F8F
0F0003C0
0E0001C0
1E0001E0
1C0001E0
1C0001E0
1C000000
1C000000
1C000000
FFC00000
FFC00000
FFC00000
1C000000
1C000000
1C000000
1C000000
1C000000
1C000000
1C000000
1C000000
1C000000
1C000000
1C000000
1C000000
1C000000
1C000000
1C000000
1C000000
1C000000
1C000000
1C000000
1C000000
1C000000
1C000000
1C000000
1C000000
ENDCHAR
STARTCHAR uni093F0902.02
ENCODING -1
SWIDTH 228 0
DWIDTH 10 0
BBX 34 39 0 0
BITMAP
003FFC03C0
01FFFF83C0
03FFFFC3C0
07C007E3C0
0F0000F000
0E00007000
1E00007000
1C00007000
1C00007000
1C00000000
1C00000000
1C00000000
FFC0000000
FFC0000000
FFC0000000
1C00000000
1C00000000
1C00000000
1C00000000
1C00000000
1C00000000
1C00000000
1C00000000
1C00000000
1C00000000
1C00000000
1C00000000
1C00000000
1C00000000
1C00000000
1C00000000
1C00000000
1C00000000
1C00000000
1C00000000
1C00000000
1C00000000
1C00000000
1C00000000
ENDCHAR
STARTCHAR uni093F0902.03
ENCODING -1
SWIDTH 228 0
DWIDTH 10 0
BBX 36 39 0 0
BITMAP
003FFE00F0
01FFFFC0F0
03FFFFF0F0
07E001F8F0
0F00007C00
0E00003C00
1E00001C00
1C00001C00
1C00001C00
1C00000000
1C00000000
1C00000000
FFC0000000
FFC0000000
FFC0000000
1C00000000
1C00000000
1C00000000
1C00000000
1C00000000
1C00000000
1C00000000
1C00000000
1C00000000
1C00000000
1C00000000
1C00000000
1C00000000
1C00000000
1C00000000
1C00000000
1C00000000
1C00000000
1C00000000
1C00000000
1C00000000
1C00000000
1C00000000
1C00000000
ENDCHAR
STARTCHAR uni093F0902.04
ENCODING -1
SWIDTH 228 0
DWIDTH 10 0
BBX 37 39 0 0
BITMAP
001FFF8038
00FFFFF038
03FFFFFC38
07E0007E38
0F00001E00
0E00000F00
1E00000700
1E00000700
1C00000700
1C00000000
1C00000000
1C00000000
FFC0000000
FFC0000000
FFC0000000
1C00000000
1C00000000
1C00000000
1C00000000
1C00000000
1C00000000
1C00000000
1C00000000
1C00000000
1C00000000
1C00000000
1C00000000
1C00000000
1C00000000
1C00000000
1C00000000
1C00000000
1C00000000
1C00000000
1C00000000
1C00000000
1C00000000
1C00000000
1C00000000
ENDCHAR
STARTCHAR uni093F0902.05
ENCODING -1
SWIDTH 228 0
DWIDTH 10 0
BBX 39 39 0 0
BITMAP
001FFFC01E
00FFFFFC1E
03FFFFFE1E
07E0003F1E
0F80000780
0F000003C0
1E000003C0
1E000001C0
1C000001C0
1C00000000
1C00000000
1C00000000
FFC0000000
FFC0000000
FFC0000000
1C00000000
1C00000000
1C00000000
1C00000000
1C00000000
1C00000000
1C00000000
1C00000000
1C00000000
1C00000000
1C00000000
1C00000000
1C00000000
1C00000000
1C00000000
1C00000000
1C00000000
1C00000000
1C00000000
1C00000000
1C00000000
1C00000000
1C00000000
1C00000000
ENDCHAR
STARTCHAR uni093F0902.06
ENCODING -1
SWIDTH 228 0
DWIDTH 10 0
BBX 41 39 0 0
BITMAP
000FFFF00780
00FFFFFE0780
03FFFFFF8780
07E0000FC780
0F800003E000
0F000000E000
1E000000E000
1E000000F000
1C000000F000
1C0000000000
1C0000000000
1C0000000000
FFC000000000
FFC000000000
FFC000000000
1C0000000000
1C0000000000
1C0000000000
1C0000000000
1C0000000000
1C0000000000
1C0000000000
1C0000000000
1C0000000000
1C0000000000
1C0000000000
1C0000000000
1C0000000000
1C0000000000
1C0000000000
1C0000000000
1C0000000000
1C0000000000
1C0000000000
1C0000000000
1C0000000000
1C0000000000
1C0000000000
1C0000000000
ENDCHAR
STARTCHAR uni093F0902.07
ENCODING -1
SWIDTH 228 0
DWIDTH 10 0
BBX 43 39 0 0
BITMAP
000FFFF801E0
00FFFFFF81E0
03FFFFFFE1E0
07F00007F1E0
0F800000F800
0F0000007800
1E0000003800
1E0000003800
1C0000003800
1C0000000000
1C0000000000
1C0000000000
FFC000000000
FFC000000000
FFC000000000
1C0000000000
1C0000000000
1C0000000000
1C0000000000
1C0000000000
1C0000000000
1C0000000000
1C0000000000
1C0000000000
1C0000000000
1C0000000000
1C0000000000
1C0000000000
1C0000000000
1C0000000000
1C0000000000
1C0000000000
1C0000000000
1C0000000000
1C0000000000
1C0000000000
1C0000000000
1C0000000000
1C0000000000
ENDCHAR
STARTCHAR uni093F0902.08
ENCODING -1
SWIDTH 228 0
DWIDTH 10 0
BBX 45 39 0 0
BITMAP
000FFFFE0078
00FFFFFFE078
03FFFFFFF878
07F00003FC78
0F8000003C00
0F0000001E00
1E0000000E00
1E0000000E00
1C0000000E00
1C0000000000
1C0000000000
1C0000000000
FFC000000000
FFC000000000
FFC000000000
1C0000000000
1C0000000000
1C0000000000
1C0000000000
1C0000000000
1C0000000000
1C0000000000
1C0000000000
1C0000000000
1C0000000000
1C0000000000
1C0000000000
1C0000000000
1C0000000000
1C0000000000
1C0000000000
1C0000000000
1C0000000000
1C0000000000
1C0000000000
1C0000000000
1C0000000000
1C0000000000
1C0000000000
ENDCHAR
STARTCHAR uni093F0902.09
ENCODING -1
SWIDTH 228 0
DWIDTH 10 0
BBX 46 39 0 0
BITMAP
0007FFFF003C
007FFFFFF03C
01FFFFFFFC3C
07F80000FE3C
0F8000001F00
0F0000000780
0E0000000780
1E0000000380
1C0000000380
1C0000000000
1C0000000000
1C0000000000
FFC000000000
FFC000000000
FFC000000000
1C0000000000
1C0000000000
1C0000000000
1C0000000000
1C0000000000
1C0000000000
1C0000000000
1C0000000000
1C0000000000
1C0000000000
1C0000000000
1C0000000000
1C0000000000
1C0000000000
1C0000000000
1C0000000000
1C0000000000
1C0000000000
1C0000000000
1C0000000000
1C0000000000
1C0000000000
1C0000000000
1C0000000000
ENDCHAR
STARTCHAR uni093F0902.10
ENCODING -1
SWIDTH 228 0
DWIDTH 10 0
BBX 48 39 0 0
BITMAP
0007FFFFC00F
007FFFFFFC0F
01FFFFFFFF0F
07F800007F8F
0780000007C0
0F00000001C0
0E00000001E0
1E00000000E0
1C00000000E0
1C0000000000
1C0000000000
1C0000000000
FFC000000000
FFC000000000
FFC000000000
1C0000000000
1C0000000000
1C0000000000
1C0000000000
1C0000000000
1C0000000000
1C0000000000
1C0000000000
1C0000000000
1C0000000000
1C0000000000
1C0000000000
1C0000000000
1C0000000000
1C0000000000
1C0000000000
1C0000000000
1C0000000000
1C0000000000
1C0000000000
1C0000000000
1C0000000000
1C0000000000
1C0000000000
ENDCHAR
STARTCHAR uni093F0902.11
ENCODING -1
SWIDTH 228 0
DWIDTH 10 0
BBX 50 39 0 0
BITMAP
0003FFFFE003C0
007FFFFFFF03C0
01FFFFFFFFC3C0
07F800001FE3C0
07C0000001F000
0F00000000F000
0E000000007000
1E000000007000
1C000000007000
1C000000000000
1C000000000000
1C000000000000
FFC00000000000
FFC00000000000
FFC00000000000
1C000000000000
1C000000000000
1C000000000000
1C000000000000
1C000000000000
1C000000000000
1C000000000000
1C000000000000
1C000000000000
1C000000000000
1C000000000000
1C000000000000
1C000000000000
1C000000000000
1C000000000000
1C000000000000
1C000000000000
1C000000000000
1C000000000000
1C000000000000
1C000000000000
1C000000000000
1C000000000000
1C000000000000
ENDCHAR
STARTCHAR uni093F0902.12
ENCODING -1
SWIDTH 228 0
DWIDTH 10 0
BBX 52 39 0 0
BITMAP
0003FFFFF000F0
007FFFFFFF80F0
01FFFFFFFFE0F0
03FC00000FF8F0
07C0000000FC00
0F000000003C00
0E000000001C00
1E000000001C00
1C000000001C00
1C000000000000
1C000000000000
1C000000000000
FFC00000000000
FFC00000000000
FFC00000000000
1C000000000000
1C000000000000
1C000000000000
1C000000000000
1C000000000000
1C000000000000
1C000000000000
1C000000000000
1C000000000000
1C000000000000
1C000000000000
1C000000000000
1C000000000000
1C000000000000
1C000000000000
1C000000000000
1C000000000000
1C000000000000
1C000000000000
1C000000000000
1C000000000000
1C000000000000
1C000000000000
1C000000000000
ENDCHAR
STARTCHAR uni093F0902.13
ENCODING -1
SWIDTH 228 0
DWIDTH 10 0
BBX 54 39 0 0
BITMAP
0003FFFFFC003C
007FFFFFFFE03C
01FFFFFFFFF83C
03FE000007FE3C
07C00000003E00
0F000000000F00
0E000000000700
1E000000000700
1C000000000700
1C000000000000
1C000000000000
1C000000000000
FFC00000000000
FFC00000000000
FFC00000000000
1C000000000000
1C000000000000
1C000000000000
1C000000000000
1C000000000000
1C000000000000
1C000000000000
1C000000000000
1C000000000000
1C000000000000
1C000000000000
1C000000000000
1C000000000000
1C000000000000
1C000000000000
1C000000000000
1C000000000000
1C000000000000
1C000000000000
1C000000000000
1C000000000000
1C000000000000
1C000000000000
1C000000000000
ENDCHAR
STARTCHAR uni093F0902.14
ENCODING -1
SWIDTH 228 0
DWIDTH 10 0
BBX 55 39 0 0
BITMAP
0001FFFFFE001E
003FFFFFFFF81E
01FFFFFFFFFE1E
03FC000001FF1E
07C00000000F80
0F0000000003C0
0E0000000003C0
1E0000000001C0
1C0000000001C0
1C000000000000
1C000000000000
1C000000000000
FFC00000000000
FFC00000000000
FFC00000000000
1C000000000000
1C000000000000
1C000000000000
1C000000000000
1C000000000000
1C000000000000
1C000000000000
1C000000000000
1C000000000000
1C000000000000
1C000000000000
1C000000000000
1C000000000000
1C000000000000
1C000000000000
1C000000000000
1C000000000000
1C000000000000
1C000000000000
1C000000000000
1C000000000000
1C000000000000
1C000000000000
1C000000000000
ENDCHAR
STARTCHAR uni093F0902.15
ENCODING -1
SWIDTH 228 0
DWIDTH 10 0
BBX 57 39 0 0
BITMAP
0001FFFFFF800780
003FFFFFFFFC0780
01FFFFFFFFFF8780
03FE000000FFC780
07C000000007E000
0F0000000001E000
0E0000000000F000
1E0000000000F000
1E00000000007000
1C00000000000000
1C00000000000000
1C00000000000000
FFC0000000000000
FFC0000000000000
FFC0000000000000
1C00000000000000
1C00000000000000
1C00000000000000
1C00000000000000
1C00000000000000
1C00000000000000
1C00000000000000
1C00000000000000
1C00000000000000
1C00000000000000
1C00000000000000
1C00000000000000
1C00000000000000
1C00000000000000
1C00000000000000
1C00000000000000
1C00000000000000
1C00000000000000
1C00000000000000
1C00000000000000
1C00000000000000
1C00000000000000
1C00000000000000
1C00000000000000
ENDCHAR
STARTCHAR uni093F0902.16
ENCODING -1
SWIDTH 228 0
DWIDTH 10 0
BBX 59 39 0 0
BITMAP
0000FFFFFFC001E0
003FFFFFFFFF01E0
01FFFFFFFFFFC1E0
03FE0000003FF1E0
07E000000001F800
0F00000000007800
0E00000000003800
1E00000000003800
1E00000000003800
1C00000000000000
1C00000000000000
1C00000000000000
FFC0000000000000
FFC0000000000000
FFC0000000000000
1C00000000000000
1C00000000000000
1C00000000000000
1C00000000000000
1C00000000000000
1C00000000000000
1C00000000000000
1C00000000000000
1C00000000000000
1C00000000000000
1C00000000000000
1C00000000000000
1C00000000000000
1C00000000000000
1C00000000000000
1C00000000000000
1C00000000000000
1C00000000000000
1C00000000000000
1C00000000000000
1C00000000000000
1C00000000000000
1C00000000000000
1C00000000000000
ENDCHAR
STARTCHAR uni093F0902.17
ENCODING -1
SWIDTH 228 0
DWIDTH 10 0
BBX 61 39 0 0
BITMAP
0000FFFFFFE00078
003FFFFFFFFF8078
00FFFFFFFFFFF078
03FF0000001FF878
07E0000000007C00
0F80000000001E00
0F00000000000E00
1E00000000000E00
1E00000000000E00
1C00000000000000
1C00000000000000
1C00000000000000
FFC0000000000000
FFC0000000000000
FFC0000000000000
1C00000000000000
1C00000000000000
1C00000000000000
1C00000000000000
1C00000000000000
1C00000000000000
1C00000000000000
1C00000000000000
1C00000000000000
1C00000000000000
1C00000000000000
1C00000000000000
1C00000000000000
1C00000000000000
1C00000000000000
1C00000000000000
1C00000000000000
1C00000000000000
1C00000000000000
1C00000000000000
1C00000000000000
1C00000000000000
1C00000000000000
1C00000000000000
ENDCHAR
STARTCHAR uni093F0902.18
ENCODING -1
SWIDTH 228 0
DWIDTH 10 0
BBX 62 39 0 0
BITMAP
00007FFFFFF8001C
003FFFFFFFFFE01C
00FFFFFFFFFFFC1C
03FF8000000FFE1C
07E0000000003F00
0F80000000000780
0F00000000000780
1E00000000000380
1E00000000000380
1C00000000000000
1C00000000000000
1C00000000000000
FFC0000000000000
FFC0000000000000
FFC0000000000000
1C00000000000000
1C00000000000000
1C00000000000000
1C00000000000000
1C00000000000000
1C00000000000000
1C00000000000000
1C00000000000000
1C00000000000000
1C00000000000000
1C00000000000000
1C00000000000000
1C00000000000000
1C00000000000000
1C00000000000000
1C00000000000000
1C00000000000000
1C00000000000000
1C00000000000000
1C00000000000000
1C00000000000000
1C00000000000000
1C00000000000000
1C00000000000000
ENDCHAR
STARTCHAR uni093F0902.19
ENCODING -1
SWIDTH 228 0
DWIDTH 10 0
BBX 64 39 0 0
BITMAP
00007FFFFFFC000F
001FFFFFFFFFF80F
00FFFFFFFFFFFE0F
03FF80000003FF8F
07E0000000000FC0
0F800000000003C0
0F000000000001E0
1E000000000000E0
1E000000000000E0
1C00000000000000
1C00000000000000
1C00000000000000
FFC0000000000000
FFC0000000000000
FFC0000000000000
1C00000000000000
1C00000000000000
1C00000000000000
1C00000000000000
1C00000000000000
1C00000000000000
1C00000000000000
1C00000000000000
1C00000000000000
1C00000000000000
1C00000000000000
1C00000000000000
1C00000000000000
1C00000000000000
1C00000000000000
1C00000000000000
1C00000000000000
1C00000000000000
1C00000000000000
1C00000000000000
1C00000000000000
1C00000000000000
1C00000000000000
1C00000000000000
ENDCHAR
STARTCHAR uni093F0902.20
ENCODING -1
SWIDTH 228 0
DWIDTH 10 0
BBX 66 39 0 0
BITMAP
00003FFFFFFF0003C0
001FFFFFFFFFFC03C0
00FFFFFFFFFFFF83C0
03FFC0000001FFE3C0
07E00000000003F000
0F800000000000F000
0F0000000000007800
0E0000000000007800
1E0000000000007800
1C0000000000000000
1C0000000000000000
1C0000000000000000
FFC000000000000000
FFC000000000000000
FFC000000000000000
1C0000000000000000
1C0000000000000000
1C0000000000000000
1C0000000000000000
1C0000000000000000
1C0000000000000000
1C0000000000000000
1C0000000000000000
1C0000000000000000
1C0000000000000000
1C0000000000000000
1C0000000000000000
1C0000000000000000
1C0000000000000000
1C0000000000000000
1C0000000000000000
1C0000000000000000
1C0000000000000000
1C0000000000000000
1C0000000000000000
1C0000000000000000
1C0000000000000000
1C0000000000000000
1C0000000000000000
ENDCHAR
STARTCHAR uni093F0902.21
ENCODING -1
SWIDTH 228 0
DWIDTH 10 0
BBX 68 39 0 0
BITMAP
00003FFFFFFF8000F0
001FFFFFFFFFFF00F0
00FFFFFFFFFFFFE0F0
03FFC00000007FF0F0
07E00000000001F800
0F8000000000003C00
0F0000000000001C00
0E0000000000001C00
1E0000000000001C00
1C0000000000000000
1C0000000000000000
1C0000000000000000
FFC000000000000000
FFC000000000000000
FFC000000000000000
1C0000000000000000
1C0000000000000000
1C0000000000000000
1C0000000000000000
1C0000000000000000
1C0000000000000000
1C0000000000000000
1C0000000000000000
1C0000000000000000
1C0000000000000000
1C0000000000000000
1C0000000000000000
1C0000000000000000
1C0000000000000000
1C0000000000000000
1C0000000000000000
1C0000000000000000
1C0000000000000000
1C0000000000000000
1C0000000000000000
1C0000000000000000
1C0000000000000000
1C0000000000000000
1C0000000000000000
ENDCHAR
STARTCHAR uni093F0902.22
ENCODING -1
SWIDTH 228 0
DWIDTH 10 0
BBX 70 39 0 0
BITMAP
00001FFFFFFFC0003C
001FFFFFFFFFFF803C
00FFFFFFFFFFFFF03C
03FC000000003FFC3C
07C000000000007E00
0F8000000000001F00
0F0000000000000700
0E0000000000000700
1E0000000000000700
1C0000000000000000
1C0000000000000000
1C0000000000000000
FFC000000000000000
FFC000000000000000
FFC000000000000000
1C0000000000000000
1C0000000000000000
1C0000000000000000
1C0000000000000000
1C0000000000000000
1C0000000000000000
1C0000000000000000
1C0000000000000000
1C0000000000000000
1C0000000000000000
1C0000000000000000
1C0000000000000000
1C0000000000000000
1C0000000000000000
1C0000000000000000
1C0000000000000000
1C0000000000000000
1C0000000000000000
1C0000000000000000
1C0000000000000000
1C0000000000000000
1C0000000000000000
1C0000000000000000
1C0000000000000000
ENDCHAR
STARTCHAR uni093F0902.23
ENCODING -1
SWIDTH 228 0
DWIDTH 10 0
BBX 71 39 0 0
BITMAP
00001FFFFFFFE0000E
000FFFFFFFFFFFE00E
00FFFFFFFFFFFFFC0E
01FC000000001FFF0E
07E000000000001F80
0F80000000000007C0
0F00000000000003C0
0E00000000000001C0
1E00000000000001C0
1C0000000000000000
1C0000000000000000
1C0000000000000000
FFC000000000000000
FFC000000000000000
FFC000000000000000
1C0000000000000000
1C0000000000000000
1C0000000000000000
1C0000000000000000
1C0000000000000000
1C0000000000000000
1C0000000000000000
1C0000000000000000
1C0000000000000000
1C0000000000000000
1C0000000000000000
1C0000000000000000
1C0000000000000000
1C0000000000000000
1C0000000000000000
1C0000000000000000
1C0000000000000000
1C0000000000000000
1C0000000000000000
1C0000000000000000
1C0000000000000000
1C0000000000000000
1C0000000000000000
1C0000000000000000
ENDCHAR
STARTCHAR uni093F0902.24
ENCODING -1
SWIDTH 228 0
DWIDTH 10 0
BBX 73 39 0 0
BITMAP
00000FFFFFFFF8000780
000FFFFFFFFFFFF80780
007FFFFFFFFFFFFF0780
01FFF000000007FFC780
07F000000000000FE000
07C0000000000001E000
0F00000000000000F000
0E00000000000000F000
1E000000000000007000
1E000000000000000000
1C000000000000000000
1C000000000000000000
FFC00000000000000000
FFC00000000000000000
FFC00000000000000000
1C000000000000000000
1C000000000000000000
1C000000000000000000
1C000000000000000000
1C000000000000000000
1C000000000000000000
1C000000000000000000
1C000000000000000000
1C000000000000000000
1C000000000000000000
1C000000000000000000
1C000000000000000000
1C000000000000000000
1C000000000000000000
1C000000000000000000
1C000000000000000000
1C000000000000000000
1C000000000000000000
1C000000000000000000
1C000000000000000000
1C000000000000000000
1C000000000000000000
1C000000000000000000
1C000000000000000000
ENDCHAR
STARTCHAR uni093F0902.26
ENCODING -1
SWIDTH 228 0
DWIDTH 10 0
BBX 77 39 0 0
BITMAP
000007FFFFFFFE000078
000FFFFFFFFFFFFF0078
007FFFFFFFFFFFFFE078
01FFF800000001FFF878
07F8000000000001FC00
07C00000000000003E00
0F000000000000000E00
0E000000000000000E00
1E000000000000000E00
1E000000000000000000
1C000000000000000000
1C000000000000000000
FFC00000000000000000
FFC00000000000000000
FFC00000000000000000
1C000000000000000000
1C000000000000000000
1C000000000000000000
1C000000000000000000
1C000000000000000000
1C000000000000000000
1C000000000000000000
1C000000000000000000
1C000000000000000000
1C000000000000000000
1C000000000000000000
1C000000000000000000
1C000000000000000000
1C000000000000000000
1C000000000000000000
1C000000000000000000
1C000000000000000000
1C000000000000000000
1C000000000000000000
1C000000000000000000
1C000000000000000000
1C000000000000000000
1C000000000000000000
1C000000000000000000
ENDCHAR
STARTCHAR uni093F0902.30
ENCODING -1
SWIDTH 228 0
DWIDTH 10 0
BBX 84 39 0 0
BITMAP
000001FFFFFFFFF80000F0
0003FFFFFFFFFFFFFC00F0
003FFFFFFFFFFFFFFFC0F0
01FF000000000007FFF0F0
03F000000000000003F800
0780000000000000007C00
0F00000000000000001C00
0E00000000000000001E00
1E00000000000000001C00
1E00000000000000000000
1C00000000000000000000
1C00000000000000000000
FFC0000000000000000000
FFC0000000000000000000
FFC0000000000000000000
1C00000000000000000000
1C00000000000000000000
1C00000000000000000000
1C00000000000000000000
1C00000000000000000000
1C00000000000000000000
1C00000000000000000000
1C00000000000000000000
1C00000000000000000000
1C00000000000000000000
1C00000000000000000000
1C00000000000000000000
1C00000000000000000000
1C00000000000000000000
1C00000000000000000000
1C00000000000000000000
1C00000000000000000000
1C00000000000000000000
1C00000000000000000000
1C00000000000000000000
1C00000000000000000000
1C00000000000000000000
1C00000000000000000000
1C00000000000000000000
ENDCHAR
STARTCHAR uni093F0930094D.01
ENCODING -1
SWIDTH 228 0
DWIDTH 10 0
BBX 30 39 0 0
BITMAP
007FF000
01FFFE00
07FFFF3C
07C00FFC
0F0003FC
0E0001E0
1E0001C0
1C0001C0
1C0001C0
1C0001C0
1C000000
1C000000
FFC00000
FFC00000
FFC00000
1C000000
1C000000
1C000000
1C000000
1C000000
1C000000
1C000000
1C000000
1C000000
1C000000
1C000000
1C000000
1C000000
1C000000
1C000000
1C000000
1C000000
1C000000
1C000000
1C000000
1C000000
1C000000
1C000000
1C000000
ENDCHAR
STARTCHAR uni093F0930094D.02
ENCODING -1
SWIDTH 228 0
DWIDTH 10 0
BBX 31 39 0 0
BITMAP
003FFC00
01FFFF80
03FFFFCE
07C003FE
0F0000FE
0E0000F8
1E000070
1C000070
1C000070
1C000070
1C000000
1C000000
FFC00000
FFC00000
FFC00000
1C000000
1C000000
1C000000
1C000000
1C000000
1C000000
1C000000
1C000000
1C000000
1C000000
1C000000
1C000000
1C000000
1C000000
1C000000
1C000000
1C000000
1C000000
1C000000
1C000000
1C000000
1C000000
1C000000
1C000000
ENDCHAR
STARTCHAR uni093F0930094D.03
ENCODING -1
SWIDTH 228 0
DWIDTH 10 0
BBX 31 39 0 0
BITMAP
003FFC00
01FFFF80
03FFFFCE
07C003FE
0F0000FE
0E0000F8
1E000070
1C000070
1C000070
1C000070
1C000000
1C000000
FFC00000
FFC00000
FFC00000
1C000000
1C000000
1C000000
1C000000
1C000000
1C000000
1C000000
1C000000
1C000000
1C000000
1C000000
1C000000
1C000000
1C000000
1C000000
1C000000
1C000000
1C000000
1C000000
1C000000
1C000000
1C000000
1C000000
1C000000
ENDCHAR
STARTCHAR uni093F0930094D.04
ENCODING -1
SWIDTH 228 0
DWIDTH 10 0
BBX 35 39 0 0
BITMAP
003FFF8000
01FFFFF000
03FFFFF8E0
07C0007FE0
0F00001FE0
0E00000F80
1E00000F00
1E00000E00
1C00000600
1C00000600
1C00000100
1C00000000
FFC0000000
FFC0000000
FFC0000000
1C00000000
1C00000000
1C00000000
1C00000000
1C00000000
1C00000000
1C00000000
1C00000000
1C00000000
1C00000000
1C00000000
1C00000000
1C00000000
1C00000000
1C00000000
1C00000000
1C00000000
1C00000000
1C00000000
1C00000000
1C00000000
1C00000000
1C00000000
1C00000000
ENDCHAR
STARTCHAR uni093F0930094D.05
ENCODING -1
SWIDTH 228 0
DWIDTH 10 0
BBX 37 39 0 0
BITMAP
001FFFC000
01FFFFFC00
03FFFFFE38
07E0001FF8
0F000007F8
0E000003C0
1E00000380
1E00000380
1C00000380
1C00000180
1C00000000
1C00000000
FFC0000000
FFC0000000
FFC0000000
1C00000000
1C00000000
1C00000000
1C00000000
1C00000000
1C00000000
1C00000000
1C00000000
1C00000000
1C00000000
1C00000000
1C00000000
1C00000000
1C00000000
1C00000000
1C00000000
1C00000000
1C00000000
1C00000000
1C00000000
1C00000000
1C00000000
1C00000000
1C00000000
ENDCHAR
STARTCHAR uni093F0930094D.06
ENCODING -1
SWIDTH 228 0
DWIDTH 10 0
BBX 39 39 0 0
BITMAP
001FFFF000
00FFFFFE00
03FFFFFF9E
07E0000FFE
0F000003FE
0E000001F0
1E000000E0
1E000000E0
1C000000E0
1C000000E0
1C00000000
1C00000000
FFC0000000
FFC0000000
FFC0000000
1C00000000
1C00000000
1C00000000
1C00000000
1C00000000
1C00000000
1C00000000
1C00000000
1C00000000
1C00000000
1C00000000
1C00000000
1C00000000
1C00000000
1C00000000
1C00000000
1C00000000
1C00000000
1C00000000
1C00000000
1C00000000
1C00000000
1C00000000
1C00000000
ENDCHAR
STARTCHAR uni093F0930094D.07
ENCODING -1
SWIDTH 228 0
DWIDTH 10 0
BBX 40 39 0 0
BITMAP
000FFFF800
00FFFFFF80
03FFFFFFE7
07F00003EF
0F800000FF
0F0000007C
1E00000038
1E00000038
1C00000038
1C00000038
1C00000000
1C00000000
FFC0000000
FFC0000000
FFC0000000
1C00000000
1C00000000
1C00000000
1C00000000
1C00000000
1C00000000
1C00000000
1C00000000
1C00000000
1C00000000
1C00000000
1C00000000
1C00000000
1C00000000
1C00000000
1C00000000
1C00000000
1C00000000
1C00000000
1C00000000
1C00000000
1C00000000
1C00000000
1C00000000
ENDCHAR
STARTCHAR uni093F0930094D.08
ENCODING -1
SWIDTH 228 0
DWIDTH 10 0
BBX 42 39 0 0
BITMAP
000FFFFE0000
00FFFFFFE000
03FFFFFFF1C0
07F00001FFC0
0F8000003FC0
0F0000001F00
1E0000000E00
1E0000000C00
1C0000000C00
1C0000000E00
1C0000000000
1C0000000000
FFC000000000
FFC000000000
FFC000000000
1C0000000000
1C0000000000
1C0000000000
1C0000000000
1C0000000000
1C0000000000
1C0000000000
1C0000000000
1C0000000000
1C0000000000
1C0000000000
1C0000000000
1C0000000000
1C0000000000
1C0000000000
1C0000000000
1C0000000000
1C0000000000
1C0000000000
1C0000000000
1C0000000000
1C0000000000
1C0000000000
1C0000000000
ENDCHAR
STARTCHAR uni093F0930094D.09
ENCODING -1
SWIDTH 228 0
DWIDTH 10 0
BBX 44 39 0 0
BITMAP
000FFFFF0000
00FFFFFFF000
03FFFFFFFC70
07F00000FFF0
0F8000000FF0
0F00000007C0
1E0000000780
1E0000000700
1C0000000300
1C0000000300
1C0000000000
1C0000000000
FFC000000000
FFC000000000
FFC000000000
1C0000000000
1C0000000000
1C0000000000
1C0000000000
1C0000000000
1C0000000000
1C0000000000
1C0000000000
1C0000000000
1C0000000000
1C0000000000
1C0000000000
1C0000000000
1C0000000000
1C0000000000
1C0000000000
1C0000000000
1C0000000000
1C0000000000
1C0000000000
1C0000000000
1C0000000000
1C0000000000
1C0000000000
ENDCHAR
STARTCHAR uni093F0930094D.10
ENCODING -1
SWIDTH 228 0
DWIDTH 10 0
BBX 46 39 0 0
BITMAP
0007FFFFC000
00FFFFFFFC00
03FFFFFFFF1C
07F000003FFC
0F80000007FC
0F00000001E0
0E00000001C0
1E00000001C0
1C00000001C0
1C00000000C0
1C0000000000
1C0000000000
FFC000000000
FFC000000000
FFC000000000
1C0000000000
1C0000000000
1C0000000000
1C0000000000
1C0000000000
1C0000000000
1C0000000000
1C0000000000
1C0000000000
1C0000000000
1C0000000000
1C0000000000
1C0000000000
1C0000000000
1C0000000000
1C0000000000
1C0000000000
1C0000000000
1C0000000000
1C0000000000
1C0000000000
1C0000000000
1C0000000000
1C0000000000
ENDCHAR
STARTCHAR uni093F0930094D.11
ENCODING -1
SWIDTH 228 0
DWIDTH 10 0
BBX 48 39 0 0
BITMAP
0007FFFFE000
007FFFFFFF00
01FFFFFFFF8F
07F800001FFF
0F80000001FF
0F00000000F8
0E0000000070
1E0000000070
1C0000000070
1C0000000070
1C0000000000
1C0000000000
FFC000000000
FFC000000000
FFC000000000
1C0000000000
1C0000000000
1C0000000000
1C0000000000
1C0000000000
1C0000000000
1C0000000000
1C0000000000
1C0000000000
1C0000000000
1C0000000000
1C0000000000
1C0000000000
1C0000000000
1C0000000000
1C0000000000
1C0000000000
1C0000000000
1C0000000000
1C0000000000
1C0000000000
1C0000000000
1C0000000000
1C0000000000
ENDCHAR
STARTCHAR uni093F0930094D.12
ENCODING -1
SWIDTH 228 0
DWIDTH 10 0
BBX 49 39 0 0
BITMAP
0003FFFFF00000
007FFFFFFF8000
01FFFFFFFFE380
07F8000007F780
07C00000007F80
0F000000003E00
0E000000001C00
1E000000001C00
1C000000001C00
1C000000001C00
1C000000000000
1C000000000000
FFC00000000000
FFC00000000000
FFC00000000000
1C000000000000
1C000000000000
1C000000000000
1C000000000000
1C000000000000
1C000000000000
1C000000000000
1C000000000000
1C000000000000
1C000000000000
1C000000000000
1C000000000000
1C000000000000
1C000000000000
1C000000000000
1C000000000000
1C000000000000
1C000000000000
1C000000000000
1C000000000000
1C000000000000
1C000000000000
1C000000000000
1C000000000000
ENDCHAR
STARTCHAR uni093F0930094D.13
ENCODING -1
SWIDTH 228 0
DWIDTH 10 0
BBX 51 39 0 0
BITMAP
0003FFFFFC0000
007FFFFFFFE000
01FFFFFFFFF8E0
07F8000003FFE0
07C00000003FE0
0F000000000F80
0E000000000700
1E000000000600
1C000000000600
1C000000000700
1C000000000000
1C000000000000
FFC00000000000
FFC00000000000
FFC00000000000
1C000000000000
1C000000000000
1C000000000000
1C000000000000
1C000000000000
1C000000000000
1C000000000000
1C000000000000
1C000000000000
1C000000000000
1C000000000000
1C000000000000
1C000000000000
1C000000000000
1C000000000000
1C000000000000
1C000000000000
1C000000000000
1C000000000000
1C000000000000
1C000000000000
1C000000000000
1C000000000000
1C000000000000
ENDCHAR
STARTCHAR uni093F0930094D.14
ENCODING -1
SWIDTH 228 0
DWIDTH 10 0
BBX 53 39 0 0
BITMAP
0003FFFFFE0000
007FFFFFFFF000
01FFFFFFFFFE38
03FE000000FFF8
07C00000000FF8
0F0000000003E0
0E0000000003C0
1E000000000180
1E000000000180
1C000000000180
1C000000000040
1C000000000000
FFC00000000000
FFC00000000000
FFC00000000000
1C000000000000
1C000000000000
1C000000000000
1C000000000000
1C000000000000
1C000000000000
1C000000000000
1C000000000000
1C000000000000
1C000000000000
1C000000000000
1C000000000000
1C000000000000
1C000000000000
1C000000000000
1C000000000000
1C000000000000
1C000000000000
1C000000000000
1C000000000000
1C000000000000
1C000000000000
1C000000000000
1C000000000000
ENDCHAR
STARTCHAR uni093F0930094D.15
ENCODING -1
SWIDTH 228 0
DWIDTH 10 0
BBX 55 39 0 0
BITMAP
0001FFFFFF8000
007FFFFFFFFC00
01FFFFFFFFFF1E
03FC0000007FFE
07C000000003FE
0F0000000001F0
0E0000000000E0
1E0000000000E0
1E0000000000E0
1C000000000060
1C000000000000
1C000000000000
FFC00000000000
FFC00000000000
FFC00000000000
1C000000000000
1C000000000000
1C000000000000
1C000000000000
1C000000000000
1C000000000000
1C000000000000
1C000000000000
1C000000000000
1C000000000000
1C000000000000
1C000000000000
1C000000000000
1C000000000000
1C000000000000
1C000000000000
1C000000000000
1C000000000000
1C000000000000
1C000000000000
1C000000000000
1C000000000000
1C000000000000
1C000000000000
ENDCHAR
STARTCHAR uni093F0930094D.16
ENCODING -1
SWIDTH 228 0
DWIDTH 10 0
BBX 57 39 0 0
BITMAP
0000FFFFFFC00000
003FFFFFFFFF0000
01FFFFFFFFFFC780
03FE0000003FEF80
07C000000001FF80
0F00000000007C00
0E00000000003800
1E00000000003800
1E00000000003800
1C00000000003800
1C00000000000000
1C00000000000000
FFC0000000000000
FFC0000000000000
FFC0000000000000
1C00000000000000
1C00000000000000
1C00000000000000
1C00000000000000
1C00000000000000
1C00000000000000
1C00000000000000
1C00000000000000
1C00000000000000
1C00000000000000
1C00000000000000
1C00000000000000
1C00000000000000
1C00000000000000
1C00000000000000
1C00000000000000
1C00000000000000
1C00000000000000
1C00000000000000
1C00000000000000
1C00000000000000
1C00000000000000
1C00000000000000
1C00000000000000
ENDCHAR
STARTCHAR uni093F0930094D.17
ENCODING -1
SWIDTH 228 0
DWIDTH 10 0
BBX 58 39 0 0
BITMAP
0000FFFFFFE00000
003FFFFFFFFF8000
01FFFFFFFFFFF1C0
03FE0000001FFBC0
07C0000000007FC0
0F00000000001F00
0E00000000000E00
1E00000000000E00
1E00000000000E00
1C00000000000E00
1C00000000000000
1C00000000000000
FFC0000000000000
FFC0000000000000
FFC0000000000000
1C00000000000000
1C00000000000000
1C00000000000000
1C00000000000000
1C00000000000000
1C00000000000000
1C00000000000000
1C00000000000000
1C00000000000000
1C00000000000000
1C00000000000000
1C00000000000000
1C00000000000000
1C00000000000000
1C00000000000000
1C00000000000000
1C00000000000000
1C00000000000000
1C00000000000000
1C00000000000000
1C00000000000000
1C00000000000000
1C00000000000000
1C00000000000000
ENDCHAR
STARTCHAR uni093F0930094D.18
ENCODING -1
SWIDTH 228 0
DWIDTH 10 0
BBX 60 39 0 0
BITMAP
0000FFFFFFF80000
003FFFFFFFFFE000
01FFFFFFFFFFF870
03FF80000007FFF0
07E0000000001FF0
0F800000000007C0
0F00000000000780
1E00000000000300
1E00000000000300
1C00000000000380
1C00000000000000
1C00000000000000
FFC0000000000000
FFC0000000000000
FFC0000000000000
1C00000000000000
1C00000000000000
1C00000000000000
1C00000000000000
1C00000000000000
1C00000000000000
1C00000000000000
1C00000000000000
1C00000000000000
1C00000000000000
1C00000000000000
1C00000000000000
1C00000000000000
1C00000000000000
1C00000000000000
1C00000000000000
1C00000000000000
1C00000000000000
1C00000000000000
1C00000000000000
1C00000000000000
1C00000000000000
1C00000000000000
1C00000000000000
ENDCHAR
STARTCHAR uni093F0930094D.19
ENCODING -1
SWIDTH 228 0
DWIDTH 10 0
BBX 62 39 0 0
BITMAP
00007FFFFFFC0000
003FFFFFFFFFF000
00FFFFFFFFFFFE1C
03FF00000003FFFC
07E0000000000FFC
0F800000000003F0
0F000000000001E0
1E000000000000C0
1E000000000000C0
1C000000000000C0
1C00000000000020
1C00000000000000
FFC0000000000000
FFC0000000000000
FFC0000000000000
1C00000000000000
1C00000000000000
1C00000000000000
1C00000000000000
1C00000000000000
1C00000000000000
1C00000000000000
1C00000000000000
1C00000000000000
1C00000000000000
1C00000000000000
1C00000000000000
1C00000000000000
1C00000000000000
1C00000000000000
1C00000000000000
1C00000000000000
1C00000000000000
1C00000000000000
1C00000000000000
1C00000000000000
1C00000000000000
1C00000000000000
1C00000000000000
ENDCHAR
STARTCHAR uni093F0930094D.20
ENCODING -1
SWIDTH 228 0
DWIDTH 10 0
BBX 64 39 0 0
BITMAP
00003FFFFFFF0000
001FFFFFFFFFFC00
00FFFFFFFFFFFF87
03FF80000001FFDF
07E00000000003FF
0F800000000000F8
0F00000000000070
1E00000000000070
1E00000000000070
1C00000000000030
1C00000000000000
1C00000000000000
FFC0000000000000
FFC0000000000000
FFC0000000000000
1C00000000000000
1C00000000000000
1C00000000000000
1C00000000000000
1C00000000000000
1C00000000000000
1C00000000000000
1C00000000000000
1C00000000000000
1C00000000000000
1C00000000000000
1C00000000000000
1C00000000000000
1C00000000000000
1C00000000000000
1C00000000000000
1C00000000000000
1C00000000000000
1C00000000000000
1C00000000000000
1C00000000000000
1C00000000000000
1C00000000000000
1C00000000000000
ENDCHAR
STARTCHAR uni093F0930094D.21
ENCODING -1
SWIDTH 228 0
DWIDTH 10 0
BBX 66 39 0 0
BITMAP
00003FFFFFFF800000
001FFFFFFFFFFF0000
00FFFFFFFFFFFFC3C0
03FF800000007FF7C0
07F00000000000FFC0
0F8000000000003E00
0F0000000000001C00
0E0000000000001C00
1E0000000000001C00
1C0000000000001C00
1C0000000000000000
1C0000000000000000
FFC000000000000000
FFC000000000000000
FFC000000000000000
1C0000000000000000
1C0000000000000000
1C0000000000000000
1C0000000000000000
1C0000000000000000
1C0000000000000000
1C0000000000000000
1C0000000000000000
1C0000000000000000
1C0000000000000000
1C0000000000000000
1C0000000000000000
1C0000000000000000
1C0000000000000000
1C0000000000000000
1C0000000000000000
1C0000000000000000
1C0000000000000000
1C0000000000000000
1C0000000000000000
1C0000000000000000
1C0000000000000000
1C0000000000000000
1C0000000000000000
ENDCHAR
STARTCHAR uni093F0930094D.22
ENCODING -1
SWIDTH 228 0
DWIDTH 10 0
BBX 68 39 0 0
BITMAP
00003FFFFFFFE00000
001FFFFFFFFFFFC000
00FFFFFFFFFFFFF0F0
03FC000000003FFDF0
07C000000000007FF0
0F8000000000000F80
0F0000000000000700
0E0000000000000700
1E0000000000000700
1C0000000000000700
1C0000000000000000
1C0000000000000000
FFC000000000000000
FFC000000000000000
FFC000000000000000
1C0000000000000000
1C0000000000000000
1C0000000000000000
1C0000000000000000
1C0000000000000000
1C0000000000000000
1C0000000000000000
1C0000000000000000
1C0000000000000000
1C0000000000000000
1C0000000000000000
1C0000000000000000
1C0000000000000000
1C0000000000000000
1C0000000000000000
1C0000000000000000
1C0000000000000000
1C0000000000000000
1C0000000000000000
1C0000000000000000
1C0000000000000000
1C0000000000000000
1C0000000000000000
1C0000000000000000
ENDCHAR
STARTCHAR uni093F0930094D.23
ENCODING -1
SWIDTH 228 0
DWIDTH 10 0
BBX 69 39 0 0
BITMAP
00001FFFFFFFF00000
001FFFFFFFFFFFE000
00FFFFFFFFFFFFFC38
03FC000000001FFFF8
07E000000000001FF8
0F80000000000003E0
0F00000000000003C0
0E0000000000000180
1E0000000000000180
1C00000000000001C0
1C0000000000000000
1C0000000000000000
FFC000000000000000
FFC000000000000000
FFC000000000000000
1C0000000000000000
1C0000000000000000
1C0000000000000000
1C0000000000000000
1C0000000000000000
1C0000000000000000
1C0000000000000000
1C0000000000000000
1C0000000000000000
1C0000000000000000
1C0000000000000000
1C0000000000000000
1C0000000000000000
1C0000000000000000
1C0000000000000000
1C0000000000000000
1C0000000000000000
1C0000000000000000
1C0000000000000000
1C0000000000000000
1C0000000000000000
1C0000000000000000
1C0000000000000000
1C0000000000000000
ENDCHAR
STARTCHAR uni093F0930094D.24
ENCODING -1
SWIDTH 228 0
DWIDTH 10 0
BBX 71 39 0 0
BITMAP
00000FFFFFFFF80000
000FFFFFFFFFFFF000
00FFFFFFFFFFFFFF0E
01FFF00000000FFFBE
07F000000000000FFE
0F80000000000001F8
0F00000000000000F0
0E0000000000000060
1E0000000000000060
1E0000000000000060
1C0000000000000010
1C0000000000000000
FFC000000000000000
FFC000000000000000
FFC000000000000000
1C0000000000000000
1C0000000000000000
1C0000000000000000
1C0000000000000000
1C0000000000000000
1C0000000000000000
1C0000000000000000
1C0000000000000000
1C0000000000000000
1C0000000000000000
1C0000000000000000
1C0000000000000000
1C0000000000000000
1C0000000000000000
1C0000000000000000
1C0000000000000000
1C0000000000000000
1C0000000000000000
1C0000000000000000
1C0000000000000000
1C0000000000000000
1C0000000000000000
1C0000000000000000
1C0000000000000000
ENDCHAR
STARTCHAR uni093F0930094D.26
ENCODING -1
SWIDTH 228 0
DWIDTH 10 0
BBX 75 39 0 0
BITMAP
000007FFFFFFFF000000
000FFFFFFFFFFFFE0000
007FFFFFFFFFFFFFE1E0
01FFF800000001FFFBE0
07F0000000000000FFE0
07C00000000000001F00
0F000000000000000E00
0E000000000000000E00
1E000000000000000E00
1E000000000000000E00
1C000000000000000000
1C000000000000000000
FFC00000000000000000
FFC00000000000000000
FFC00000000000000000
1C000000000000000000
1C000000000000000000
1C000000000000000000
1C000000000000000000
1C000000000000000000
1C000000000000000000
1C000000000000000000
1C000000000000000000
1C000000000000000000
1C000000000000000000
1C000000000000000000
1C000000000000000000
1C000000000000000000
1C000000000000000000
1C000000000000000000
1C000000000000000000
1C000000000000000000
1C000000000000000000
1C000000000000000000
1C000000000000000000
1C000000000000000000
1C000000000000000000
1C000000000000000000
1C000000000000000000
ENDCHAR
STARTCHAR uni093F0930094D.30
ENCODING -1
SWIDTH 228 0
DWIDTH 10 0
BBX 82 39 0 0
BITMAP
000001FFFFFFFFF8000000
0003FFFFFFFFFFFFFC0000
003FFFFFFFFFFFFFFFC3C0
01FF00000000000FFFF7C0
03F000000000000003FFC0
0780000000000000003E00
0F00000000000000001C00
0E00000000000000001C00
1E00000000000000001C00
1E00000000000000000C00
1C00000000000000000000
1C00000000000000000000
FFC0000000000000000000
FFC0000000000000000000
FFC0000000000000000000
1C00000000000000000000
1C00000000000000000000
1C00000000000000000000
1C00000000000000000000
1C00000000000000000000
1C00000000000000000000
1C00000000000000000000
1C00000000000000000000
1C00000000000000000000
1C00000000000000000000
1C00000000000000000000
1C00000000000000000000
1C00000000000000000000
1C00000000000000000000
1C00000000000000000000
1C00000000000000000000
1C00000000000000000000
1C00000000000000000000
1C00000000000000000000
1C00000000000000000000
1C00000000000000000000
1C00000000000000000000
1C00000000000000000000
1C00000000000000000000
ENDCHAR
STARTCHAR uni093F0930094D0901.01
ENCODING -1
SWIDTH 228 0
DWIDTH 10 0
BBX 36 39 0 0
BITMAP
007FF00000
01FFFE1C00
07FFFF7C00
07C00FFC00
0F0003E000
0E0001C380
1E0001C380
1C0001DBB0
1C0001D870
1C0001DFE0
1C000007C0
1C00000000
FFC0000000
FFC0000000
FFC0000000
1C00000000
1C00000000
1C00000000
1C00000000
1C00000000
1C00000000
1C00000000
1C00000000
1C00000000
1C00000000
1C00000000
1C00000000
1C00000000
1C00000000
1C00000000
1C00000000
1C00000000
1C00000000
1C00000000
1C00000000
1C00000000
1C00000000
1C00000000
1C00000000
ENDCHAR
STARTCHAR uni093F0930094D0901.02
ENCODING -1
SWIDTH 228 0
DWIDTH 10 0
BBX 38 39 0 0
BITMAP
003FFC0000
01FFFF8E00
03FFFFDE00
07C003FE00
0F0000F800
0E0000F0E0
1E000070E0
1C00007EFC
1C0000761C
1C000077F8
1C000001F0
1C00000000
FFC0000000
FFC0000000
FFC0000000
1C00000000
1C00000000
1C00000000
1C00000000
1C00000000
1C00000000
1C00000000
1C00000000
1C00000000
1C00000000
1C00000000
1C00000000
1C00000000
1C00000000
1C00000000
1C00000000
1C00000000
1C00000000
1C00000000
1C00000000
1C00000000
1C00000000
1C00000000
1C00000000
ENDCHAR
STARTCHAR uni093F0930094D0901.03
ENCODING -1
SWIDTH 228 0
DWIDTH 10 0
BBX 38 39 0 0
BITMAP
003FFC0000
01FFFF8E00
03FFFFDE00
07C003FE00
0F0000F800
0E0000F0E0
1E000070E0
1C00007EFC
1C0000761C
1C000077F8
1C000001F0
1C00000000
FFC0000000
FFC0000000
FFC0000000
1C00000000
1C00000000
1C00000000
1C00000000
1C00000000
1C00000000
1C00000000
1C00000000
1C00000000
1C00000000
1C00000000
1C00000000
1C00000000
1C00000000
1C00000000
1C00000000
1C00000000
1C00000000
1C00000000
1C00000000
1C00000000
1C00000000
1C00000000
1C00000000
ENDCHAR
STARTCHAR uni093F0930094D0901.04
ENCODING -1
SWIDTH 228 0
DWIDTH 10 0
BBX 42 39 0 0
BITMAP
003FFF800000
01FFFFF0E000
03FFFFF9E000
07C0007FE000
0F00001F8000
0E00000F1C00
1E00000E1C00
1E00000EDDC0
1C000006E180
1C0000067F80
1C0000013E00
1C0000000000
FFC000000000
FFC000000000
FFC000000000
1C0000000000
1C0000000000
1C0000000000
1C0000000000
1C0000000000
1C0000000000
1C0000000000
1C0000000000
1C0000000000
1C0000000000
1C0000000000
1C0000000000
1C0000000000
1C0000000000
1C0000000000
1C0000000000
1C0000000000
1C0000000000
1C0000000000
1C0000000000
1C0000000000
1C0000000000
1C0000000000
1C0000000000
ENDCHAR
STARTCHAR uni093F0930094D0901.05
ENCODING -1
SWIDTH 228 0
DWIDTH 10 0
BBX 43 39 0 0
BITMAP
001FFFC00000
01FFFFFC3800
03FFFFFEF800
07E0001FF800
0F000007E000
0E000003C700
1E0000038700
1E000003B760
1C000003B860
1C0000019FC0
1C0000000F80
1C0000000000
FFC000000000
FFC000000000
FFC000000000
1C0000000000
1C0000000000
1C0000000000
1C0000000000
1C0000000000
1C0000000000
1C0000000000
1C0000000000
1C0000000000
1C0000000000
1C0000000000
1C0000000000
1C0000000000
1C0000000000
1C0000000000
1C0000000000
1C0000000000
1C0000000000
1C0000000000
1C0000000000
1C0000000000
1C0000000000
1C0000000000
1C0000000000
ENDCHAR
STARTCHAR uni093F0930094D0901.06
ENCODING -1
SWIDTH 228 0
DWIDTH 10 0
BBX 45 39 0 0
BITMAP
001FFFF00000
00FFFFFE0E00
03FFFFFFBE00
07E0000FFE00
0F000003F000
0E000001E1C0
1E000000E1C0
1E000000EDD8
1C000000EC38
1C000000EFF0
1C00000003E0
1C0000000000
FFC000000000
FFC000000000
FFC000000000
1C0000000000
1C0000000000
1C0000000000
1C0000000000
1C0000000000
1C0000000000
1C0000000000
1C0000000000
1C0000000000
1C0000000000
1C0000000000
1C0000000000
1C0000000000
1C0000000000
1C0000000000
1C0000000000
1C0000000000
1C0000000000
1C0000000000
1C0000000000
1C0000000000
1C0000000000
1C0000000000
1C0000000000
ENDCHAR
STARTCHAR uni093F0930094D0901.07
ENCODING -1
SWIDTH 228 0
DWIDTH 10 0
BBX 47 39 0 0
BITMAP
000FFFFC0000
00FFFFFF8700
03FFFFFFEF00
07F00003FF00
0F800000FC00
0F0000007870
1E0000003870
1E0000003F7E
1C0000003B0E
1C0000003BFC
1C00000000F8
1C0000000000
FFC000000000
FFC000000000
FFC000000000
1C0000000000
1C0000000000
1C0000000000
1C0000000000
1C0000000000
1C0000000000
1C0000000000
1C0000000000
1C0000000000
1C0000000000
1C0000000000
1C0000000000
1C0000000000
1C0000000000
1C0000000000
1C0000000000
1C0000000000
1C0000000000
1C0000000000
1C0000000000
1C0000000000
1C0000000000
1C0000000000
1C0000000000
ENDCHAR
STARTCHAR uni093F0930094D0901.08
ENCODING -1
SWIDTH 228 0
DWIDTH 10 0
BBX 49 39 0 0
BITMAP
000FFFFE000000
00FFFFFFE1C000
03FFFFFFF3C000
07F00001FFC000
0F8000003F0000
0F0000001E1800
1E0000000C1800
1E0000000DDB80
1C0000000DC300
1C0000000EFF00
1C000000003E00
1C000000000000
FFC00000000000
FFC00000000000
FFC00000000000
1C000000000000
1C000000000000
1C000000000000
1C000000000000
1C000000000000
1C000000000000
1C000000000000
1C000000000000
1C000000000000
1C000000000000
1C000000000000
1C000000000000
1C000000000000
1C000000000000
1C000000000000
1C000000000000
1C000000000000
1C000000000000
1C000000000000
1C000000000000
1C000000000000
1C000000000000
1C000000000000
1C000000000000
ENDCHAR
STARTCHAR uni093F0930094D0901.09
ENCODING -1
SWIDTH 228 0
DWIDTH 10 0
BBX 51 39 0 0
BITMAP
000FFFFF000000
00FFFFFFF07000
03FFFFFFFCF000
07F000007FF000
0F8000000FC000
0F000000078E00
1E000000070E00
1E000000076EE0
1C0000000370C0
1C000000033FC0
1C000000001F00
1C000000000000
FFC00000000000
FFC00000000000
FFC00000000000
1C000000000000
1C000000000000
1C000000000000
1C000000000000
1C000000000000
1C000000000000
1C000000000000
1C000000000000
1C000000000000
1C000000000000
1C000000000000
1C000000000000
1C000000000000
1C000000000000
1C000000000000
1C000000000000
1C000000000000
1C000000000000
1C000000000000
1C000000000000
1C000000000000
1C000000000000
1C000000000000
1C000000000000
ENDCHAR
STARTCHAR uni093F0930094D0901.10
ENCODING -1
SWIDTH 228 0
DWIDTH 10 0
BBX 52 39 0 0
BITMAP
0007FFFFC00000
00FFFFFFFC1C00
03FFFFFFFF7C00
07F000003FFC00
0F80000007F000
0F00000001E380
0E00000001C380
1E00000001DBB0
1C00000001DC30
1C00000000CFE0
1C0000000007C0
1C000000000000
FFC00000000000
FFC00000000000
FFC00000000000
1C000000000000
1C000000000000
1C000000000000
1C000000000000
1C000000000000
1C000000000000
1C000000000000
1C000000000000
1C000000000000
1C000000000000
1C000000000000
1C000000000000
1C000000000000
1C000000000000
1C000000000000
1C000000000000
1C000000000000
1C000000000000
1C000000000000
1C000000000000
1C000000000000
1C000000000000
1C000000000000
1C000000000000
ENDCHAR
STARTCHAR uni093F0930094D0901.11
ENCODING -1
SWIDTH 228 0
DWIDTH 10 0
BBX 54 39 0 0
BITMAP
0007FFFFE00000
007FFFFFFF0700
01FFFFFFFF9F00
07F800000FFF00
0F80000001F800
0F00000000F8E0
0E0000000070E0
1E0000000076EC
1C00000000761C
1C0000000073F8
1C0000000001F0
1C000000000000
FFC00000000000
FFC00000000000
FFC00000000000
1C000000000000
1C000000000000
1C000000000000
1C000000000000
1C000000000000
1C000000000000
1C000000000000
1C000000000000
1C000000000000
1C000000000000
1C000000000000
1C000000000000
1C000000000000
1C000000000000
1C000000000000
1C000000000000
1C000000000000
1C000000000000
1C000000000000
1C000000000000
1C000000000000
1C000000000000
1C000000000000
1C000000000000
ENDCHAR
STARTCHAR uni093F0930094D0901.12
ENCODING -1
SWIDTH 228 0
DWIDTH 10 0
BBX 56 39 0 0
BITMAP
0003FFFFF80000
007FFFFFFF8380
01FFFFFFFFE780
07F8000007FF80
07C00000007E00
0F000000003C38
0E000000001C38
1E000000001FBF
1C000000001D87
1C000000001DFE
1C00000000007C
1C000000000000
FFC00000000000
FFC00000000000
FFC00000000000
1C000000000000
1C000000000000
1C000000000000
1C000000000000
1C000000000000
1C000000000000
1C000000000000
1C000000000000
1C000000000000
1C000000000000
1C000000000000
1C000000000000
1C000000000000
1C000000000000
1C000000000000
1C000000000000
1C000000000000
1C000000000000
1C000000000000
1C000000000000
1C000000000000
1C000000000000
1C000000000000
1C000000000000
ENDCHAR
STARTCHAR uni093F0930094D0901.13
ENCODING -1
SWIDTH 228 0
DWIDTH 10 0
BBX 58 39 0 0
BITMAP
0003FFFFFC000000
007FFFFFFFE0E000
01FFFFFFFFF9E000
07F8000003FFE000
07C00000001F8000
0F000000000F0C00
0E00000000060C00
1E0000000006EDC0
1C0000000006E180
1C00000000077F80
1C00000000001E00
1C00000000000000
FFC0000000000000
FFC0000000000000
FFC0000000000000
1C00000000000000
1C00000000000000
1C00000000000000
1C00000000000000
1C00000000000000
1C00000000000000
1C00000000000000
1C00000000000000
1C00000000000000
1C00000000000000
1C00000000000000
1C00000000000000
1C00000000000000
1C00000000000000
1C00000000000000
1C00000000000000
1C00000000000000
1C00000000000000
1C00000000000000
1C00000000000000
1C00000000000000
1C00000000000000
1C00000000000000
1C00000000000000
ENDCHAR
STARTCHAR uni093F0930094D0901.14
ENCODING -1
SWIDTH 228 0
DWIDTH 10 0
BBX 60 39 0 0
BITMAP
0003FFFFFE000000
007FFFFFFFF03800
01FFFFFFFFFE7800
03FE000000FFF800
07C00000000FE000
0F0000000003C700
0E00000000038700
1E0000000001B770
1E0000000001B860
1C00000000019FE0
1C00000000004F80
1C00000000000000
FFC0000000000000
FFC0000000000000
FFC0000000000000
1C00000000000000
1C00000000000000
1C00000000000000
1C00000000000000
1C00000000000000
1C00000000000000
1C00000000000000
1C00000000000000
1C00000000000000
1C00000000000000
1C00000000000000
1C00000000000000
1C00000000000000
1C00000000000000
1C00000000000000
1C00000000000000
1C00000000000000
1C00000000000000
1C00000000000000
1C00000000000000
1C00000000000000
1C00000000000000
1C00000000000000
1C00000000000000
ENDCHAR
STARTCHAR uni093F0930094D0901.15
ENCODING -1
SWIDTH 228 0
DWIDTH 10 0
BBX 61 39 0 0
BITMAP
0001FFFFFF800000
007FFFFFFFFC0E00
01FFFFFFFFFF3E00
03FC0000007FFE00
07C000000003F800
0F0000000000F1C0
0E0000000000E1C0
1E0000000000EDD8
1E0000000000EE18
1C000000000067F8
1C000000000003E0
1C00000000000000
FFC0000000000000
FFC0000000000000
FFC0000000000000
1C00000000000000
1C00000000000000
1C00000000000000
1C00000000000000
1C00000000000000
1C00000000000000
1C00000000000000
1C00000000000000
1C00000000000000
1C00000000000000
1C00000000000000
1C00000000000000
1C00000000000000
1C00000000000000
1C00000000000000
1C00000000000000
1C00000000000000
1C00000000000000
1C00000000000000
1C00000000000000
1C00000000000000
1C00000000000000
1C00000000000000
1C00000000000000
ENDCHAR
STARTCHAR uni093F0930094D0901.16
ENCODING -1
SWIDTH 228 0
DWIDTH 10 0
BBX 63 39 0 0
BITMAP
0000FFFFFFC00000
003FFFFFFFFF0380
01FFFFFFFFFFCF80
03FE0000003FFF80
07C000000001FC00
0F00000000007870
0E00000000003870
1E00000000003B76
1E00000000003B0E
1C00000000003BFC
1C000000000000F8
1C00000000000000
FFC0000000000000
FFC0000000000000
FFC0000000000000
1C00000000000000
1C00000000000000
1C00000000000000
1C00000000000000
1C00000000000000
1C00000000000000
1C00000000000000
1C00000000000000
1C00000000000000
1C00000000000000
1C00000000000000
1C00000000000000
1C00000000000000
1C00000000000000
1C00000000000000
1C00000000000000
1C00000000000000
1C00000000000000
1C00000000000000
1C00000000000000
1C00000000000000
1C00000000000000
1C00000000000000
1C00000000000000
ENDCHAR
STARTCHAR uni093F0930094D0901.17
ENCODING -1
SWIDTH 228 0
DWIDTH 10 0
BBX 65 39 0 0
BITMAP
0000FFFFFFF0000000
003FFFFFFFFF81C000
01FFFFFFFFFFF3C000
03FE0000001FFFC000
07C0000000007F0000
0F00000000001E1C00
0E00000000000E1C00
1E00000000000FDF80
1E00000000000EC380
1C00000000000EFF00
1C0000000000003E00
1C0000000000000000
FFC000000000000000
FFC000000000000000
FFC000000000000000
1C0000000000000000
1C0000000000000000
1C0000000000000000
1C0000000000000000
1C0000000000000000
1C0000000000000000
1C0000000000000000
1C0000000000000000
1C0000000000000000
1C0000000000000000
1C0000000000000000
1C0000000000000000
1C0000000000000000
1C0000000000000000
1C0000000000000000
1C0000000000000000
1C0000000000000000
1C0000000000000000
1C0000000000000000
1C0000000000000000
1C0000000000000000
1C0000000000000000
1C0000000000000000
1C0000000000000000
ENDCHAR
STARTCHAR uni093F0930094D0901.18
ENCODING -1
SWIDTH 228 0
DWIDTH 10 0
BBX 67 39 0 0
BITMAP
0000FFFFFFF8000000
003FFFFFFFFFE07000
01FFFFFFFFFFF8F000
03FF80000007FFF000
07E0000000001FC000
0F8000000000078600
0F0000000000030600
1E00000000000376E0
1E00000000000370C0
1C000000000003BFC0
1C0000000000000F80
1C0000000000000000
FFC000000000000000
FFC000000000000000
FFC000000000000000
1C0000000000000000
1C0000000000000000
1C0000000000000000
1C0000000000000000
1C0000000000000000
1C0000000000000000
1C0000000000000000
1C0000000000000000
1C0000000000000000
1C0000000000000000
1C0000000000000000
1C0000000000000000
1C0000000000000000
1C0000000000000000
1C0000000000000000
1C0000000000000000
1C0000000000000000
1C0000000000000000
1C0000000000000000
1C0000000000000000
1C0000000000000000
1C0000000000000000
1C0000000000000000
1C0000000000000000
ENDCHAR
STARTCHAR uni093F0930094D0901.19
ENCODING -1
SWIDTH 228 0
DWIDTH 10 0
BBX 69 39 0 0
BITMAP
00007FFFFFFC000000
003FFFFFFFFFF81C00
00FFFFFFFFFFFE3C00
03FF00000003FFFC00
07E00000000007F000
0F800000000001E380
0F000000000001C380
1E000000000000DBB8
1E000000000000DC30
1C000000000000CFF0
1C00000000000027C0
1C0000000000000000
FFC000000000000000
FFC000000000000000
FFC000000000000000
1C0000000000000000
1C0000000000000000
1C0000000000000000
1C0000000000000000
1C0000000000000000
1C0000000000000000
1C0000000000000000
1C0000000000000000
1C0000000000000000
1C0000000000000000
1C0000000000000000
1C0000000000000000
1C0000000000000000
1C0000000000000000
1C0000000000000000
1C0000000000000000
1C0000000000000000
1C0000000000000000
1C0000000000000000
1C0000000000000000
1C0000000000000000
1C0000000000000000
1C0000000000000000
1C0000000000000000
ENDCHAR
STARTCHAR uni093F0930094D0901.20
ENCODING -1
SWIDTH 228 0
DWIDTH 10 0
BBX 70 39 0 0
BITMAP
00003FFFFFFF000000
001FFFFFFFFFFC0700
00FFFFFFFFFFFF9F00
03FF80000001FFDF00
07E00000000003FC00
0F800000000000F0E0
0F00000000000070E0
1E00000000000076EC
1E000000000000770C
1C00000000000033F8
1C00000000000001F0
1C0000000000000000
FFC000000000000000
FFC000000000000000
FFC000000000000000
1C0000000000000000
1C0000000000000000
1C0000000000000000
1C0000000000000000
1C0000000000000000
1C0000000000000000
1C0000000000000000
1C0000000000000000
1C0000000000000000
1C0000000000000000
1C0000000000000000
1C0000000000000000
1C0000000000000000
1C0000000000000000
1C0000000000000000
1C0000000000000000
1C0000000000000000
1C0000000000000000
1C0000000000000000
1C0000000000000000
1C0000000000000000
1C0000000000000000
1C0000000000000000
1C0000000000000000
ENDCHAR
STARTCHAR uni093F0930094D0901.21
ENCODING -1
SWIDTH 228 0
DWIDTH 10 0
BBX 72 39 0 0
BITMAP
00003FFFFFFF800000
001FFFFFFFFFFF01C0
00FFFFFFFFFFFFE7C0
03FF800000007FFFC0
07F00000000000FE00
0F8000000000003C38
0F0000000000001C38
0E0000000000001DBB
1E0000000000001DC7
1C0000000000001CFE
1C000000000000007C
1C0000000000000000
FFC000000000000000
FFC000000000000000
FFC000000000000000
1C0000000000000000
1C0000000000000000
1C0000000000000000
1C0000000000000000
1C0000000000000000
1C0000000000000000
1C0000000000000000
1C0000000000000000
1C0000000000000000
1C0000000000000000
1C0000000000000000
1C0000000000000000
1C0000000000000000
1C0000000000000000
1C0000000000000000
1C0000000000000000
1C0000000000000000
1C0000000000000000
1C0000000000000000
1C0000000000000000
1C0000000000000000
1C0000000000000000
1C0000000000000000
1C0000000000000000
ENDCHAR
STARTCHAR uni093F0930094D0901.22
ENCODING -1
SWIDTH 228 0
DWIDTH 10 0
BBX 74 39 0 0
BITMAP
00003FFFFFFFE0000000
001FFFFFFFFFFF80F000
00FFFFFFFFFFFFF1F000
03FC000000003FFFF000
07C000000000003F8000
0F8000000000000F0E00
0F000000000000070E00
0E00000000000007EEC0
1E0000000000000761C0
1C000000000000077F80
1C000000000000001F00
1C000000000000000000
FFC00000000000000000
FFC00000000000000000
FFC00000000000000000
1C000000000000000000
1C000000000000000000
1C000000000000000000
1C000000000000000000
1C000000000000000000
1C000000000000000000
1C000000000000000000
1C000000000000000000
1C000000000000000000
1C000000000000000000
1C000000000000000000
1C000000000000000000
1C000000000000000000
1C000000000000000000
1C000000000000000000
1C000000000000000000
1C000000000000000000
1C000000000000000000
1C000000000000000000
1C000000000000000000
1C000000000000000000
1C000000000000000000
1C000000000000000000
1C000000000000000000
ENDCHAR
STARTCHAR uni093F0930094D0901.23
ENCODING -1
SWIDTH 228 0
DWIDTH 10 0
BBX 76 39 0 0
BITMAP
00001FFFFFFFF0000000
001FFFFFFFFFFFE03800
00FFFFFFFFFFFFFC7800
03FC000000001FFFF800
07E000000000001FE000
0F80000000000003C300
0F00000000000001C300
0E00000000000001BB70
1E00000000000001B860
1C00000000000001DFE0
1C000000000000000780
1C000000000000000000
FFC00000000000000000
FFC00000000000000000
FFC00000000000000000
1C000000000000000000
1C000000000000000000
1C000000000000000000
1C000000000000000000
1C000000000000000000
1C000000000000000000
1C000000000000000000
1C000000000000000000
1C000000000000000000
1C000000000000000000
1C000000000000000000
1C000000000000000000
1C000000000000000000
1C000000000000000000
1C000000000000000000
1C000000000000000000
1C000000000000000000
1C000000000000000000
1C000000000000000000
1C000000000000000000
1C000000000000000000
1C000000000000000000
1C000000000000000000
1C000000000000000000
ENDCHAR
STARTCHAR uni093F0930094D0901.24
ENCODING -1
SWIDTH 228 0
DWIDTH 10 0
BBX 78 39 0 0
BITMAP
00000FFFFFFFF8000000
000FFFFFFFFFFFF00E00
00FFFFFFFFFFFFFF1E00
01FFF000000007FFBE00
07F0000000000007F800
0F80000000000001F1C0
0F00000000000000E1C0
0E000000000000006FDC
1E000000000000006E18
1E0000000000000077F8
1C0000000000000003E0
1C000000000000000000
FFC00000000000000000
FFC00000000000000000
FFC00000000000000000
1C000000000000000000
1C000000000000000000
1C000000000000000000
1C000000000000000000
1C000000000000000000
1C000000000000000000
1C000000000000000000
1C000000000000000000
1C000000000000000000
1C000000000000000000
1C000000000000000000
1C000000000000000000
1C000000000000000000
1C000000000000000000
1C000000000000000000
1C000000000000000000
1C000000000000000000
1C000000000000000000
1C000000000000000000
1C000000000000000000
1C000000000000000000
1C000000000000000000
1C000000000000000000
1C000000000000000000
ENDCHAR
STARTCHAR uni093F0930094D0901.26
ENCODING -1
SWIDTH 228 0
DWIDTH 10 0
BBX 81 39 0 0
BITMAP
000007FFFFFFFF00000000
000FFFFFFFFFFFFF00E000
007FFFFFFFFFFFFFE3E000
01FFF800000001FFFFE000
07F0000000000001FF0000
07C00000000000001E1C00
0F000000000000000E1C00
0E000000000000000EDD80
1E000000000000000EC380
1E000000000000000E7F00
1C00000000000000003E00
1C00000000000000000000
FFC0000000000000000000
FFC0000000000000000000
FFC0000000000000000000
1C00000000000000000000
1C00000000000000000000
1C00000000000000000000
1C00000000000000000000
1C00000000000000000000
1C00000000000000000000
1C00000000000000000000
1C00000000000000000000
1C00000000000000000000
1C00000000000000000000
1C00000000000000000000
1C00000000000000000000
1C00000000000000000000
1C00000000000000000000
1C00000000000000000000
1C00000000000000000000
1C00000000000000000000
1C00000000000000000000
1C00000000000000000000
1C00000000000000000000
1C00000000000000000000
1C00000000000000000000
1C00000000000000000000
1C00000000000000000000
ENDCHAR
STARTCHAR uni093F0930094D0901.30
ENCODING -1
SWIDTH 228 0
DWIDTH 10 0
BBX 88 39 0 0
BITMAP
000001FFFFFFFFF8000000
0003FFFFFFFFFFFFFC01C0
003FFFFFFFFFFFFFFFC7C0
01FF000000000007FFF7C0
03F000000000000003FF00
0780000000000000003E38
0F00000000000000001C38
0E00000000000000001DBB
1E00000000000000001DC3
1E00000000000000000CFE
1C0000000000000000007C
1C00000000000000000000
FFC0000000000000000000
FFC0000000000000000000
FFC0000000000000000000
1C00000000000000000000
1C00000000000000000000
1C00000000000000000000
1C00000000000000000000
1C00000000000000000000
1C00000000000000000000
1C00000000000000000000
1C00000000000000000000
1C00000000000000000000
1C00000000000000000000
1C00000000000000000000
1C00000000000000000000
1C00000000000000000000
1C00000000000000000000
1C00000000000000000000
1C00000000000000000000
1C00000000000000000000
1C00000000000000000000
1C00000000000000000000
1C00000000000000000000
1C00000000000000000000
1C00000000000000000000
1C00000000000000000000
1C00000000000000000000
ENDCHAR
STARTCHAR uni093F0930094D0902.01
ENCODING -1
SWIDTH 228 0
DWIDTH 10 0
BBX 31 39 0 0
BITMAP
007FF000
01FFFE00
07FFFF3C
07C00FFC
0F0003FC
0E0001E0
1E0001C0
1C0001CE
1C0001CE
1C0001CE
1C000000
1C000000
FFC00000
FFC00000
FFC00000
1C000000
1C000000
1C000000
1C000000
1C000000
1C000000
1C000000
1C000000
1C000000
1C000000
1C000000
1C000000
1C000000
1C000000
1C000000
1C000000
1C000000
1C000000
1C000000
1C000000
1C000000
1C000000
1C000000
1C000000
ENDCHAR
STARTCHAR uni093F0930094D0902.02
ENCODING -1
SWIDTH 228 0
DWIDTH 10 0
BBX 33 39 0 0
BITMAP
003FFC0000
01FFFF8000
03FFFFCE00
07C003FE00
0F0000FE00
0E0000F800
1E00007000
1C00007380
1C00007380
1C00007380
1C00000000
1C00000000
FFC0000000
FFC0000000
FFC0000000
1C00000000
1C00000000
1C00000000
1C00000000
1C00000000
1C00000000
1C00000000
1C00000000
1C00000000
1C00000000
1C00000000
1C00000000
1C00000000
1C00000000
1C00000000
1C00000000
1C00000000
1C00000000
1C00000000
1C00000000
1C00000000
1C00000000
1C00000000
1C00000000
ENDCHAR
STARTCHAR uni093F0930094D0902.03
ENCODING -1
SWIDTH 228 0
DWIDTH 10 0
BBX 33 39 0 0
BITMAP
003FFC0000
01FFFF8000
03FFFFCE00
07C003FE00
0F0000FE00
0E0000F800
1E00007000
1C00007380
1C00007380
1C00007380
1C00000000
1C00000000
FFC0000000
FFC0000000
FFC0000000
1C00000000
1C00000000
1C00000000
1C00000000
1C00000000
1C00000000
1C00000000
1C00000000
1C00000000
1C00000000
1C00000000
1C00000000
1C00000000
1C00000000
1C00000000
1C00000000
1C00000000
1C00000000
1C00000000
1C00000000
1C00000000
1C00000000
1C00000000
1C00000000
ENDCHAR
STARTCHAR uni093F0930094D0902.04
ENCODING -1
SWIDTH 228 0
DWIDTH 10 0
BBX 36 39 0 0
BITMAP
003FFF8000
01FFFFF000
03FFFFF8E0
07C0007FE0
0F00001FE0
0E00000F80
1E00000F00
1E00000E70
1C00000670
1C00000670
1C00000100
1C00000000
FFC0000000
FFC0000000
FFC0000000
1C00000000
1C00000000
1C00000000
1C00000000
1C00000000
1C00000000
1C00000000
1C00000000
1C00000000
1C00000000
1C00000000
1C00000000
1C00000000
1C00000000
1C00000000
1C00000000
1C00000000
1C00000000
1C00000000
1C00000000
1C00000000
1C00000000
1C00000000
1C00000000
ENDCHAR
STARTCHAR uni093F0930094D0902.05
ENCODING -1
SWIDTH 228 0
DWIDTH 10 0
BBX 38 39 0 0
BITMAP
001FFFC000
01FFFFFC00
03FFFFFE38
07E0001FF8
0F000007F8
0E000003C0
1E00000380
1E0000039C
1C0000039C
1C0000019C
1C00000000
1C00000000
FFC0000000
FFC0000000
FFC0000000
1C00000000
1C00000000
1C00000000
1C00000000
1C00000000
1C00000000
1C00000000
1C00000000
1C00000000
1C00000000
1C00000000
1C00000000
1C00000000
1C00000000
1C00000000
1C00000000
1C00000000
1C00000000
1C00000000
1C00000000
1C00000000
1C00000000
1C00000000
1C00000000
ENDCHAR
STARTCHAR uni093F0930094D0902.06
ENCODING -1
SWIDTH 228 0
DWIDTH 10 0
BBX 40 39 0 0
BITMAP
001FFFF000
00FFFFFE00
03FFFFFF9E
07E0000FFE
0F000003FE
0E000001F0
1E000000E0
1E000000E7
1C000000E7
1C000000E7
1C00000000
1C00000000
FFC0000000
FFC0000000
FFC0000000
1C00000000
1C00000000
1C00000000
1C00000000
1C00000000
1C00000000
1C00000000
1C00000000
1C00000000
1C00000000
1C00000000
1C00000000
1C00000000
1C00000000
1C00000000
1C00000000
1C00000000
1C00000000
1C00000000
1C00000000
1C00000000
1C00000000
1C00000000
1C00000000
ENDCHAR
STARTCHAR uni093F0930094D0902.07
ENCODING -1
SWIDTH 228 0
DWIDTH 10 0
BBX 42 39 0 0
BITMAP
000FFFF80000
00FFFFFF8000
03FFFFFFE700
07F00003EF00
0F800000FF00
0F0000007C00
1E0000003800
1E00000039C0
1C00000039C0
1C00000039C0
1C0000000000
1C0000000000
FFC000000000
FFC000000000
FFC000000000
1C0000000000
1C0000000000
1C0000000000
1C0000000000
1C0000000000
1C0000000000
1C0000000000
1C0000000000
1C0000000000
1C0000000000
1C0000000000
1C0000000000
1C0000000000
1C0000000000
1C0000000000
1C0000000000
1C0000000000
1C0000000000
1C0000000000
1C0000000000
1C0000000000
1C0000000000
1C0000000000
1C0000000000
ENDCHAR
STARTCHAR uni093F0930094D0902.08
ENCODING -1
SWIDTH 228 0
DWIDTH 10 0
BBX 44 39 0 0
BITMAP
000FFFFE0000
00FFFFFFE000
03FFFFFFF1C0
07F00001FFC0
0F8000003FC0
0F0000001F00
1E0000000E00
1E0000000CF0
1C0000000CF0
1C0000000EF0
1C0000000000
1C0000000000
FFC000000000
FFC000000000
FFC000000000
1C0000000000
1C0000000000
1C0000000000
1C0000000000
1C0000000000
1C0000000000
1C0000000000
1C0000000000
1C0000000000
1C0000000000
1C0000000000
1C0000000000
1C0000000000
1C0000000000
1C0000000000
1C0000000000
1C0000000000
1C0000000000
1C0000000000
1C0000000000
1C0000000000
1C0000000000
1C0000000000
1C0000000000
ENDCHAR
STARTCHAR uni093F0930094D0902.09
ENCODING -1
SWIDTH 228 0
DWIDTH 10 0
BBX 45 39 0 0
BITMAP
000FFFFF0000
00FFFFFFF000
03FFFFFFFC70
07F000007FF0
0F8000000FF0
0F00000007C0
1E0000000780
1E0000000738
1C0000000338
1C0000000338
1C0000000000
1C0000000000
FFC000000000
FFC000000000
FFC000000000
1C0000000000
1C0000000000
1C0000000000
1C0000000000
1C0000000000
1C0000000000
1C0000000000
1C0000000000
1C0000000000
1C0000000000
1C0000000000
1C0000000000
1C0000000000
1C0000000000
1C0000000000
1C0000000000
1C0000000000
1C0000000000
1C0000000000
1C0000000000
1C0000000000
1C0000000000
1C0000000000
1C0000000000
ENDCHAR
STARTCHAR uni093F0930094D0902.10
ENCODING -1
SWIDTH 228 0
DWIDTH 10 0
BBX 47 39 0 0
BITMAP
0007FFFFC000
00FFFFFFFC00
03FFFFFFFF1C
07F000003FFC
0F80000007FC
0F00000001E0
0E00000001C0
1E00000001CE
1C00000001CE
1C00000000CE
1C0000000000
1C0000000000
FFC000000000
FFC000000000
FFC000000000
1C0000000000
1C0000000000
1C0000000000
1C0000000000
1C0000000000
1C0000000000
1C0000000000
1C0000000000
1C0000000000
1C0000000000
1C0000000000
1C0000000000
1C0000000000
1C0000000000
1C0000000000
1C0000000000
1C0000000000
1C0000000000
1C0000000000
1C0000000000
1C0000000000
1C0000000000
1C0000000000
1C0000000000
ENDCHAR
STARTCHAR uni093F0930094D0902.11
ENCODING -1
SWIDTH 228 0
DWIDTH 10 0
BBX 49 39 0 0
BITMAP
0007FFFFE00000
007FFFFFFF0000
01FFFFFFFF8F00
07F800000FFF00
0F80000001FF00
0F00000000F800
0E000000007000
1E000000007380
1C000000007380
1C000000007380
1C000000000000
1C000000000000
FFC00000000000
FFC00000000000
FFC00000000000
1C000000000000
1C000000000000
1C000000000000
1C000000000000
1C000000000000
1C000000000000
1C000000000000
1C000000000000
1C000000000000
1C000000000000
1C000000000000
1C000000000000
1C000000000000
1C000000000000
1C000000000000
1C000000000000
1C000000000000
1C000000000000
1C000000000000
1C000000000000
1C000000000000
1C000000000000
1C000000000000
1C000000000000
ENDCHAR
STARTCHAR uni093F0930094D0902.12
ENCODING -1
SWIDTH 228 0
DWIDTH 10 0
BBX 51 39 0 0
BITMAP
0003FFFFF00000
007FFFFFFF8000
01FFFFFFFFE380
07F8000007F780
07C00000007F80
0F000000003E00
0E000000001C00
1E000000001CE0
1C000000001CE0
1C000000001CE0
1C000000000000
1C000000000000
FFC00000000000
FFC00000000000
FFC00000000000
1C000000000000
1C000000000000
1C000000000000
1C000000000000
1C000000000000
1C000000000000
1C000000000000
1C000000000000
1C000000000000
1C000000000000
1C000000000000
1C000000000000
1C000000000000
1C000000000000
1C000000000000
1C000000000000
1C000000000000
1C000000000000
1C000000000000
1C000000000000
1C000000000000
1C000000000000
1C000000000000
1C000000000000
ENDCHAR
STARTCHAR uni093F0930094D0902.13
ENCODING -1
SWIDTH 228 0
DWIDTH 10 0
BBX 53 39 0 0
BITMAP
0003FFFFFC0000
007FFFFFFFE000
01FFFFFFFFF8E0
07F8000003FFE0
07C00000001FE0
0F000000000F80
0E000000000700
1E000000000678
1C000000000678
1C000000000778
1C000000000000
1C000000000000
FFC00000000000
FFC00000000000
FFC00000000000
1C000000000000
1C000000000000
1C000000000000
1C000000000000
1C000000000000
1C000000000000
1C000000000000
1C000000000000
1C000000000000
1C000000000000
1C000000000000
1C000000000000
1C000000000000
1C000000000000
1C000000000000
1C000000000000
1C000000000000
1C000000000000
1C000000000000
1C000000000000
1C000000000000
1C000000000000
1C000000000000
1C000000000000
ENDCHAR
STARTCHAR uni093F0930094D0902.14
ENCODING -1
SWIDTH 228 0
DWIDTH 10 0
BBX 54 39 0 0
BITMAP
0003FFFFFE0000
007FFFFFFFF000
01FFFFFFFFFE38
03FE000000FFF8
07C00000000FF8
0F0000000003E0
0E0000000003C0
1E00000000019C
1E00000000019C
1C0000000001DC
1C000000000000
1C000000000000
FFC00000000000
FFC00000000000
FFC00000000000
1C000000000000
1C000000000000
1C000000000000
1C000000000000
1C000000000000
1C000000000000
1C000000000000
1C000000000000
1C000000000000
1C000000000000
1C000000000000
1C000000000000
1C000000000000
1C000000000000
1C000000000000
1C000000000000
1C000000000000
1C000000000000
1C000000000000
1C000000000000
1C000000000000
1C000000000000
1C000000000000
1C000000000000
ENDCHAR
STARTCHAR uni093F0930094D0902.15
ENCODING -1
SWIDTH 228 0
DWIDTH 10 0
BBX 56 39 0 0
BITMAP
0001FFFFFF8000
007FFFFFFFFC00
01FFFFFFFFFF1E
03FC0000007FFE
07C000000003FE
0F0000000000F0
0E0000000000E0
1E0000000000E7
1E0000000000E7
1C000000000067
1C000000000000
1C000000000000
FFC00000000000
FFC00000000000
FFC00000000000
1C000000000000
1C000000000000
1C000000000000
1C000000000000
1C000000000000
1C000000000000
1C000000000000
1C000000000000
1C000000000000
1C000000000000
1C000000000000
1C000000000000
1C000000000000
1C000000000000
1C000000000000
1C000000000000
1C000000000000
1C000000000000
1C000000000000
1C000000000000
1C000000000000
1C000000000000
1C000000000000
1C000000000000
ENDCHAR
STARTCHAR uni093F0930094D0902.16
ENCODING -1
SWIDTH 228 0
DWIDTH 10 0
BBX 58 39 0 0
BITMAP
0000FFFFFFC00000
003FFFFFFFFF0000
01FFFFFFFFFFC780
03FE0000003FEF80
07C000000001FF80
0F00000000007C00
0E00000000003800
1E000000000039C0
1E000000000039C0
1C000000000039C0
1C00000000000000
1C00000000000000
FFC0000000000000
FFC0000000000000
FFC0000000000000
1C00000000000000
1C00000000000000
1C00000000000000
1C00000000000000
1C00000000000000
1C00000000000000
1C00000000000000
1C00000000000000
1C00000000000000
1C00000000000000
1C00000000000000
1C00000000000000
1C00000000000000
1C00000000000000
1C00000000000000
1C00000000000000
1C00000000000000
1C00000000000000
1C00000000000000
1C00000000000000
1C00000000000000
1C00000000000000
1C00000000000000
1C00000000000000
ENDCHAR
STARTCHAR uni093F0930094D0902.17
ENCODING -1
SWIDTH 228 0
DWIDTH 10 0
BBX 60 39 0 0
BITMAP
0000FFFFFFE00000
003FFFFFFFFF8000
01FFFFFFFFFFF1C0
03FE0000001FFBC0
07C0000000007FC0
0F00000000001F00
0E00000000000E00
1E00000000000E70
1E00000000000E70
1C00000000000E70
1C00000000000000
1C00000000000000
FFC0000000000000
FFC0000000000000
FFC0000000000000
1C00000000000000
1C00000000000000
1C00000000000000
1C00000000000000
1C00000000000000
1C00000000000000
1C00000000000000
1C00000000000000
1C00000000000000
1C00000000000000
1C00000000000000
1C00000000000000
1C00000000000000
1C00000000000000
1C00000000000000
1C00000000000000
1C00000000000000
1C00000000000000
1C00000000000000
1C00000000000000
1C00000000000000
1C00000000000000
1C00000000000000
1C00000000000000
ENDCHAR
STARTCHAR uni093F0930094D0902.18
ENCODING -1
SWIDTH 228 0
DWIDTH 10 0
BBX 62 39 0 0
BITMAP
0000FFFFFFF80000
003FFFFFFFFFE000
01FFFFFFFFFFF870
03FF80000007FFF0
07E0000000001FF0
0F800000000007C0
0F00000000000380
1E0000000000033C
1E0000000000033C
1C000000000003BC
1C00000000000000
1C00000000000000
FFC0000000000000
FFC0000000000000
FFC0000000000000
1C00000000000000
1C00000000000000
1C00000000000000
1C00000000000000
1C00000000000000
1C00000000000000
1C00000000000000
1C00000000000000
1C00000000000000
1C00000000000000
1C00000000000000
1C00000000000000
1C00000000000000
1C00000000000000
1C00000000000000
1C00000000000000
1C00000000000000
1C00000000000000
1C00000000000000
1C00000000000000
1C00000000000000
1C00000000000000
1C00000000000000
1C00000000000000
ENDCHAR
STARTCHAR uni093F0930094D0902.19
ENCODING -1
SWIDTH 228 0
DWIDTH 10 0
BBX 63 39 0 0
BITMAP
00007FFFFFFC0000
003FFFFFFFFFF000
00FFFFFFFFFFFE1C
03FF00000003FFFC
07E00000000007FC
0F800000000001F0
0F000000000001E0
1E000000000000CE
1E000000000000CE
1C000000000000CE
1C00000000000020
1C00000000000000
FFC0000000000000
FFC0000000000000
FFC0000000000000
1C00000000000000
1C00000000000000
1C00000000000000
1C00000000000000
1C00000000000000
1C00000000000000
1C00000000000000
1C00000000000000
1C00000000000000
1C00000000000000
1C00000000000000
1C00000000000000
1C00000000000000
1C00000000000000
1C00000000000000
1C00000000000000
1C00000000000000
1C00000000000000
1C00000000000000
1C00000000000000
1C00000000000000
1C00000000000000
1C00000000000000
1C00000000000000
ENDCHAR
STARTCHAR uni093F0930094D0902.20
ENCODING -1
SWIDTH 228 0
DWIDTH 10 0
BBX 65 39 0 0
BITMAP
00003FFFFFFF000000
001FFFFFFFFFFC0000
00FFFFFFFFFFFF8700
03FF80000001FFDF00
07E00000000003FF00
0F800000000000F800
0F0000000000007000
1E0000000000007380
1E0000000000007380
1C0000000000003380
1C0000000000000000
1C0000000000000000
FFC000000000000000
FFC000000000000000
FFC000000000000000
1C0000000000000000
1C0000000000000000
1C0000000000000000
1C0000000000000000
1C0000000000000000
1C0000000000000000
1C0000000000000000
1C0000000000000000
1C0000000000000000
1C0000000000000000
1C0000000000000000
1C0000000000000000
1C0000000000000000
1C0000000000000000
1C0000000000000000
1C0000000000000000
1C0000000000000000
1C0000000000000000
1C0000000000000000
1C0000000000000000
1C0000000000000000
1C0000000000000000
1C0000000000000000
1C0000000000000000
ENDCHAR
STARTCHAR uni093F0930094D0902.21
ENCODING -1
SWIDTH 228 0
DWIDTH 10 0
BBX 67 39 0 0
BITMAP
00003FFFFFFF800000
001FFFFFFFFFFF0000
00FFFFFFFFFFFFC3C0
03FF800000007FF7C0
07F00000000000FFC0
0F8000000000003E00
0F0000000000001C00
0E0000000000001CE0
1E0000000000001CE0
1C0000000000001CE0
1C0000000000000000
1C0000000000000000
FFC000000000000000
FFC000000000000000
FFC000000000000000
1C0000000000000000
1C0000000000000000
1C0000000000000000
1C0000000000000000
1C0000000000000000
1C0000000000000000
1C0000000000000000
1C0000000000000000
1C0000000000000000
1C0000000000000000
1C0000000000000000
1C0000000000000000
1C0000000000000000
1C0000000000000000
1C0000000000000000
1C0000000000000000
1C0000000000000000
1C0000000000000000
1C0000000000000000
1C0000000000000000
1C0000000000000000
1C0000000000000000
1C0000000000000000
1C0000000000000000
ENDCHAR
STARTCHAR uni093F0930094D0902.22
ENCODING -1
SWIDTH 228 0
DWIDTH 10 0
BBX 69 39 0 0
BITMAP
00003FFFFFFFE00000
001FFFFFFFFFFFC000
00FFFFFFFFFFFFF0F0
03FC000000003FFDF0
07C000000000003FF0
0F8000000000000F80
0F0000000000000700
0E0000000000000738
1E0000000000000738
1C0000000000000738
1C0000000000000000
1C0000000000000000
FFC000000000000000
FFC000000000000000
FFC000000000000000
1C0000000000000000
1C0000000000000000
1C0000000000000000
1C0000000000000000
1C0000000000000000
1C0000000000000000
1C0000000000000000
1C0000000000000000
1C0000000000000000
1C0000000000000000
1C0000000000000000
1C0000000000000000
1C0000000000000000
1C0000000000000000
1C0000000000000000
1C0000000000000000
1C0000000000000000
1C0000000000000000
1C0000000000000000
1C0000000000000000
1C0000000000000000
1C0000000000000000
1C0000000000000000
1C0000000000000000
ENDCHAR
STARTCHAR uni093F0930094D0902.23
ENCODING -1
SWIDTH 228 0
DWIDTH 10 0
BBX 71 39 0 0
BITMAP
00001FFFFFFFF00000
001FFFFFFFFFFFE000
00FFFFFFFFFFFFFC38
03FC000000001FFFF8
07E000000000001FF8
0F80000000000003E0
0F00000000000001C0
0E000000000000019E
1E000000000000019E
1C00000000000001DE
1C0000000000000000
1C0000000000000000
FFC000000000000000
FFC000000000000000
FFC000000000000000
1C0000000000000000
1C0000000000000000
1C0000000000000000
1C0000000000000000
1C0000000000000000
1C0000000000000000
1C0000000000000000
1C0000000000000000
1C0000000000000000
1C0000000000000000
1C0000000000000000
1C0000000000000000
1C0000000000000000
1C0000000000000000
1C0000000000000000
1C0000000000000000
1C0000000000000000
1C0000000000000000
1C0000000000000000
1C0000000000000000
1C0000000000000000
1C0000000000000000
1C0000000000000000
1C0000000000000000
ENDCHAR
STARTCHAR uni093F0930094D0902.24
ENCODING -1
SWIDTH 228 0
DWIDTH 10 0
BBX 72 39 0 0
BITMAP
00000FFFFFFFF80000
000FFFFFFFFFFFF000
00FFFFFFFFFFFFFF0E
01FFF000000007FFBE
07F0000000000007FE
0F80000000000001F8
0F00000000000000F0
0E0000000000000067
1E0000000000000067
1E0000000000000077
1C0000000000000000
1C0000000000000000
FFC000000000000000
FFC000000000000000
FFC000000000000000
1C0000000000000000
1C0000000000000000
1C0000000000000000
1C0000000000000000
1C0000000000000000
1C0000000000000000
1C0000000000000000
1C0000000000000000
1C0000000000000000
1C0000000000000000
1C0000000000000000
1C0000000000000000
1C0000000000000000
1C0000000000000000
1C0000000000000000
1C0000000000000000
1C0000000000000000
1C0000000000000000
1C0000000000000000
1C0000000000000000
1C0000000000000000
1C0000000000000000
1C0000000000000000
1C0000000000000000
ENDCHAR
STARTCHAR uni093F0930094D0902.26
ENCODING -1
SWIDTH 228 0
DWIDTH 10 0
BBX 76 39 0 0
BITMAP
000007FFFFFFFF000000
000FFFFFFFFFFFFE0000
007FFFFFFFFFFFFFE1E0
01FFF800000001FFFBE0
07F0000000000001FFE0
07C00000000000001F00
0F000000000000000E00
0E000000000000000E70
1E000000000000000E70
1E000000000000000E70
1C000000000000000000
1C000000000000000000
FFC00000000000000000
FFC00000000000000000
FFC00000000000000000
1C000000000000000000
1C000000000000000000
1C000000000000000000
1C000000000000000000
1C000000000000000000
1C000000000000000000
1C000000000000000000
1C000000000000000000
1C000000000000000000
1C000000000000000000
1C000000000000000000
1C000000000000000000
1C000000000000000000
1C000000000000000000
1C000000000000000000
1C000000000000000000
1C000000000000000000
1C000000000000000000
1C000000000000000000
1C000000000000000000
1C000000000000000000
1C000000000000000000
1C000000000000000000
1C000000000000000000
ENDCHAR
STARTCHAR uni093F0930094D0902.30
ENCODING -1
SWIDTH 228 0
DWIDTH 10 0
BBX 83 39 0 0
BITMAP
000001FFFFFFFFF8000000
0003FFFFFFFFFFFFFC0000
003FFFFFFFFFFFFFFFC3C0
01FF000000000007FFF7C0
03F000000000000003FFC0
0780000000000000003E00
0F00000000000000001C00
0E00000000000000001CE0
1E00000000000000001CE0
1E00000000000000000CE0
1C00000000000000000000
1C00000000000000000000
FFC0000000000000000000
FFC0000000000000000000
FFC0000000000000000000
1C00000000000000000000
1C00000000000000000000
1C00000000000000000000
1C00000000000000000000
1C00000000000000000000
1C00000000000000000000
1C00000000000000000000
1C00000000000000000000
1C00000000000000000000
1C00000000000000000000
1C00000000000000000000
1C00000000000000000000
1C00000000000000000000
1C00000000000000000000
1C00000000000000000000
1C00000000000000000000
1C00000000000000000000
1C00000000000000000000
1C00000000000000000000
1C00000000000000000000
1C00000000000000000000
1C00000000000000000000
1C00000000000000000000
1C00000000000000000000
ENDCHAR
STARTCHAR uni0932.loclMAR
ENCODING -1
SWIDTH 592 0
DWIDTH 25 0
BBX 25 27 0 0
BITMAP
FFFFFF80
FFFFFF80
FFFFFF80
0000E000
0000E000
0000E000
0000E000
0000E000
07C1F000
0FE3F800
1FF7FC00
3C771E00
383E0E00
381C0E00
781C0E00
781C0F00
781C0F00
781C0F00
781C0F00
78000E00
38000E00
38000E00
3C001E00
3E003C00
1F80FC00
0F80F800
0780E000
ENDCHAR
STARTCHAR uni0936.loclMAR
ENCODING -1
SWIDTH 564 0
DWIDTH 24 0
BBX 24 27 0 0
BITMAP
FFFFFF
FFFFFF
FFFFFF
01C078
01C078
01C078
07F078
0FF878
0F7C78
1E1C78
1C1C78
1C1C78
1C1C78
001C78
001C78
003C78
1C7878
1FF078
1FE078
1F8078
0E0078
0E0078
0E0078
0F0078
070078
070078
070078
ENDCHAR
STARTCHAR uni091D.loclNEP
ENCODING -1
SWIDTH 800 0
DWIDTH 34 0
BBX 32 27 2 0
BITMAP
1F07FFFF
7F87FFFF
7FC7FFFF
F1C0F000
E1C0F000
E1C0F000
E1C0F000
01C0F3C0
01C0FFF0
01C0FFF8
01C0F878
01C0F03C
01C0F01C
1FFFF01C
7FFFF01C
7FFFF01C
F1C0F01C
E1C0F01C
E1C0F03C
F1C0F078
7FC0F1F8
3F80F1F0
1F00F1C0
0000F000
0000F000
0000F000
0000F000
ENDCHAR
STARTCHAR uni0979.loclNEP
ENCODING -1
SWIDTH 539 0
DWIDTH 23 0
BBX 23 27 0 0
BITMAP
FFFFFE
FFFFFE
FFFFFE
001C00
001C00
001C00
001C00
001C00
001C00
781FC0
781FE0
783FF0
783C78
3C7838
3FF838
1FF038
0FC038
000038
000078
003CF8
001FF0
001FE0
001F00
001E00
000E00
000E00
000E00
ENDCHAR
STARTCHAR uni0915094D0915
ENCODING -1
SWIDTH 630 0
DWIDTH 26 0
BBX 27 29 0 -2
BITMAP
FFFFFFE0
FFFFFFE0
FFFFFFE0
000E0000
000E0000
000E0000
07CE7C00
1FFFFF00
3FFFFF00
3C1F8780
781F0380
780E0380
780E03C0
780E0380
781E0380
3C3E0780
3FFEFF00
1FFFFF00
3FEFFF80
3C0F0780
780E0380
780E03C0
780E03C0
781E0380
3C3E0780
3FFE1F80
1FFE1F00
07CE1C00
000E0000
ENDCHAR
STARTCHAR uni0915094D0924
ENCODING -1
SWIDTH 705 0
DWIDTH 30 0
BBX 30 27 0 0
BITMAP
FFFFFFFC
FFFFFFFC
FFFFFFFC
0001C000
0001C000
0001C000
0001C000
0001C000
7FFFC000
7FFFCF80
7FFFFFE0
0F01FFE0
0E01F0F0
0E01E070
0E01C078
1E01C078
0E01C078
0E01C078
0E01C078
0F01C078
0F01C070
0701C0F0
0781C7E0
0381C7C0
03C1C780
01C1C000
01E1C000
ENDCHAR
STARTCHAR uni0915094D0930
ENCODING -1
SWIDTH 636 0
DWIDTH 27 0
BBX 27 27 0 0
BITMAP
FFFFFFE0
FFFFFFE0
FFFFFFE0
001E0000
001E0000
001E0000
0F9E0000
1FFEFC00
3FFFFE00
3C3FFF00
781F0F00
701E0780
701E0380
701E0380
701E0380
701E0380
701E0380
781E0380
3C3E0780
3FFE0F00
1FFE3F00
079E3E00
0F1E3800
3E1E0000
781E0000
701E0000
401E0000
ENDCHAR
STARTCHAR uni0915094D0932
ENCODING -1
SWIDTH 1123 0
DWIDTH 47 0
BBX 49 27 -1 0
BITMAP
FFFFFFFFFFFF80
FFFFFFFFFFFF80
FFFFFFFFFFFF80
00070000003800
00070000003800
00070000003800
00070000003800
07E73C00003800
0FF7FF1E07B800
1FFFFF7F1FF800
1E1F87FF9FF800
3C0F03F1F8F800
380F01E0F07800
380F01C0F03800
380F01C0F03800
380701C0F03800
380F01C0F03800
380F01C0F03800
3C0F01C0F03800
1E1F01C0003800
1FFF01E0003800
0FF701E0003800
07C700F0003800
000700FC003800
0007007FC03800
0007003FC03800
00070007C03800
ENDCHAR
STARTCHAR uni0915094D0935
ENCODING -1
SWIDTH 646 0
DWIDTH 27 0
BBX 28 29 0 -2
BITMAP
FFFFFFF0
FFFFFFF0
FFFFFFF0
000E0000
000E0000
000E0000
07CE0000
1FEE7C00
3FFFFE00
3C1FFF00
781F8780
780F0380
780E0380
780E03C0
381E03C0
3C3E03C0
3FFE0380
1FFE0380
3FCE0380
3C0E0780
780E3F00
780E3E00
780E3C00
781E0000
3C3E0000
3FFE0000
1FFE0000
07CE0000
000E0000
ENDCHAR
STARTCHAR uni0915094D0937
ENCODING -1
SWIDTH 604 0
DWIDTH 25 0
BBX 24 27 2 0
BITMAP
0F87FF
3FC7FF
3FE7FF
78E070
70F070
70F070
70E070
78E070
3DC070
3FFFF0
1FFFF0
1FFFF0
3E0070
3C0070
780070
F00070
E00070
E00070
E03870
E03870
E03870
F07870
7FFC70
3FFC70
1F9C70
001C70
000E70
ENDCHAR
STARTCHAR uni0915094D0937094D
ENCODING -1
SWIDTH 376 0
DWIDTH 16 0
BBX 17 27 2 0
BITMAP
0F8000
3FC000
3FE000
78E000
70F000
70F000
70E000
78E000
3DC000
3FFF80
1FFF80
1FFF80
3E0000
3C0000
780000
F00000
E00000
E00000
E03800
E03800
E03800
F07800
7FFC00
3FFC00
1F9C00
001C00
000E00
ENDCHAR
STARTCHAR uni0915094D0937094D0930
ENCODING -1
SWIDTH 729 0
DWIDTH 31 0
BBX 29 27 2 0
BITMAP
0F801FF8
3FC01FF8
3FE01FF8
78E00380
70F00380
70F00380
70E00380
78E00380
3DC00380
3FFFFF80
1FFFFF80
1FFFFF80
3E000380
3C000380
78000380
F0000380
E0000780
E0000F80
E0381F80
E0387F80
E0387B80
F0787380
7FFC6380
3FFC4380
1F9C8380
001C0380
000E0380
ENDCHAR
STARTCHAR uni0915094D0937094D0072
ENCODING -1
SWIDTH 493 0
DWIDTH 21 0
BBX 24 27 1 0
BITMAP
03F000
07F800
0FFC00
0E1E00
1E0E00
1E0E00
1E0E00
0E1C00
0FBC00
07FFFF
03FFFF
03FFFF
0F8000
1F0001
3C0001
780003
700007
70001F
F0783E
F0387C
F03878
787870
7FFC60
3FFC40
0F9C80
001C00
001E00
ENDCHAR
STARTCHAR uni0915094D0072
ENCODING -1
SWIDTH 465 0
DWIDTH 20 0
BBX 25 27 0 0
BITMAP
FFFFFC00
FFFFFC00
FFFFFC00
001E0000
001E0000
001E0000
0F9E0000
1FFEF800
3FFFFE00
3C3FFE00
781F0F00
701E0700
701E0300
701E0380
701E0380
701E0380
701E0000
781E0000
3C7E0000
1FFE0000
0FFE0000
079E0000
1F1E0000
3C1E0000
781E0000
701E0000
401E0000
ENDCHAR
STARTCHAR uni0916094D0928
ENCODING -1
SWIDTH 678 0
DWIDTH 28 0
BBX 29 35 0 -8
BITMAP
FFFFFFF8
FFFFFFF8
FFFFFFF8
01C00380
01C00380
01C00380
01C0F380
01C3FF80
01C3FF80
01C78780
01C70380
03C70380
07C70380
7F870380
7F070380
7E070380
78078780
3803FF80
3803FF80
3C00F380
1E000780
0F000F80
07E07F80
03FFFF80
00FFF380
00FF8380
07FC0380
1FE00000
3FC00000
38E00000
38E00000
38E00000
3FC00000
1FC00000
0F800000
ENDCHAR
STARTCHAR uni0916094D0930
ENCODING -1
SWIDTH 678 0
DWIDTH 28 0
BBX 29 30 0 -3
BITMAP
FFFFFFF8
FFFFFFF8
FFFFFFF8
01C00380
01C00380
01C00380
01C0F380
01C3FF80
01C3FF80
01C78780
03C70380
07C70380
7F870380
7F070380
7E070380
78070380
38078780
3803FF80
3C03FF80
1C00F380
1E000780
0F800F80
07F07F80
03FFFF80
00FFF380
01FF8380
1FF80380
3FC00000
3E000000
30000000
ENDCHAR
STARTCHAR uni0916094D0072
ENCODING -1
SWIDTH 483 0
DWIDTH 20 0
BBX 25 30 0 -3
BITMAP
FFFFFC00
FFFFFC00
FFFFFC00
01C00000
01C00000
01C00000
01C0FC00
01C1FE00
01C3FF00
01C78780
01C70380
03C70380
0F870380
7F870380
7E070380
78070380
78078780
3803FF80
3C01FF80
3C00FB80
1E000780
0F800F00
07E03E00
03FFFC00
00FFF000
00FF8000
0FFC0000
3FE00000
3F000000
38000000
ENDCHAR
STARTCHAR uni0917094D0928
ENCODING -1
SWIDTH 568 0
DWIDTH 24 0
BBX 24 31 0 -4
BITMAP
FFFFFF
FFFFFF
FFFFFF
01E078
01E078
01E078
01E078
01E078
01E078
01E078
1FE078
3FE078
3FE078
79E078
71E078
79E078
3FC078
3FC1F8
0F07F8
000FF8
003F78
00FC78
03F078
07F078
0F7078
0E3878
0E3878
0E7800
0FF000
07F000
03E000
ENDCHAR
STARTCHAR uni0917094D0928094D
ENCODING -1
SWIDTH 340 0
DWIDTH 14 0
BBX 20 31 0 -4
BITMAP
FFFFC0
FFFFC0
FFFFC0
01E000
01E000
01E000
01E000
01E000
01E000
01E000
1FE000
3FE000
3FE000
79E000
71E000
79E010
3FC070
3FC1F0
0F03F0
000FC0
003F00
00FC00
03F000
07F000
0F7000
0E3800
0E3800
0E7800
0FF000
07F000
03E000
ENDCHAR
STARTCHAR uni0917094D0930
ENCODING -1
SWIDTH 564 0
DWIDTH 24 0
BBX 24 27 0 0
BITMAP
FFFFFF
FFFFFF
FFFFFF
00F078
00F078
00F078
00F078
00F078
00F078
00F078
00F078
0FF078
3FF078
7FF078
78F078
70F078
70F078
70F078
78E0F8
3FE1F8
3FC3F8
0F8FF8
001E78
003C78
003878
003078
002078
ENDCHAR
STARTCHAR uni0917094D0072
ENCODING -1
SWIDTH 336 0
DWIDTH 14 0
BBX 20 28 0 -1
BITMAP
FFFFC0
FFFFC0
FFFFC0
00F000
00F000
00F000
00F000
00F000
00F000
00F000
00F000
0FF000
3FF000
7FF000
78F000
70F000
70F030
70F070
78E0F0
3FE1E0
3FC3C0
0F8780
001E00
003C00
003800
003000
002000
004000
ENDCHAR
STARTCHAR uni0918094D0928
ENCODING -1
SWIDTH 477 0
DWIDTH 20 0
BBX 21 31 0 -4
BITMAP
FFFFF8
FFFFF8
FFFFF8
380380
380380
380380
380380
380380
3C0380
1FC380
0FC380
1FC380
3C0380
380380
380380
380780
380780
380780
3E1F80
1FFF80
0FFF80
03F380
0FC380
3F0380
3F8380
71C380
71C380
71C000
7FC000
3F8000
1F0000
ENDCHAR
STARTCHAR uni0918094D0928094D
ENCODING -1
SWIDTH 274 0
DWIDTH 12 0
BBX 17 32 0 -5
BITMAP
FFFC00
FFFC00
FFFC00
3C0000
380000
380000
380000
380000
3C0000
1E0000
0FE000
07E000
1FE000
1E0000
380380
380380
380380
380700
3C0700
1E1E00
1FFE00
07F800
07E000
1F8000
7F0000
770000
E38000
E38000
E38000
FF8000
7F0000
3E0000
ENDCHAR
STARTCHAR uni0918094D0930
ENCODING -1
SWIDTH 484 0
DWIDTH 20 0
BBX 21 27 0 0
BITMAP
FFFFF8
FFFFF8
FFFFF8
3C0380
380380
380380
380380
3C0380
1E0380
0FE380
07E380
1FE380
3C0380
380380
380380
380780
380780
3C0F80
1FFF80
0FFB80
03F380
03E380
078380
1F0380
3C0380
380380
300380
ENDCHAR
STARTCHAR uni0918094D0072
ENCODING -1
SWIDTH 274 0
DWIDTH 12 0
BBX 17 28 0 -1
BITMAP
FFFE00
FFFE00
FFFE00
3C0000
380000
380000
380000
3C0000
1E0000
0FE000
0FE000
1FE000
3C0380
380380
380380
380700
3C0700
3E0F00
1FFE00
0FFC00
01F000
03E000
078000
1F0000
3E0000
380000
300000
200000
ENDCHAR
STARTCHAR uni0919094D0915
ENCODING -1
SWIDTH 549 0
DWIDTH 23 0
BBX 24 35 0 -8
BITMAP
FFFFFF
FFFFFF
FFFFFF
000380
000380
000380
000380
07FF9E
1FFF9E
1FFF9E
3C001E
3C0000
3FFF80
1FFFC0
0FFFE0
0000E0
3800E0
3800E0
3E03E0
3FFFE0
1FFF80
07FE00
007000
0F73C0
1FF7E0
3FFFF0
38FCF0
387870
387870
387070
387070
38F0F0
3FF1F0
1FF1E0
0F71C0
ENDCHAR
STARTCHAR uni0919094D0915094D
ENCODING -1
SWIDTH 549 0
DWIDTH 23 0
BBX 24 35 0 -8
BITMAP
FFFFFF
FFFFFF
FFFFFF
000380
000380
000380
000380
07FF9E
1FFF9E
1FFF9E
3C001E
3C0000
3FFF80
1FFFC0
0FFFE0
0000E0
3800E0
3800E0
3E03E0
3FFFC0
0FFF80
03FE00
007000
0F73C0
1FF7E0
3FFFF0
38FCF0
387870
387870
387000
387000
38F000
3FF000
1FF000
0F7000
ENDCHAR
STARTCHAR uni0919094D0915094D0924
ENCODING -1
SWIDTH 549 0
DWIDTH 23 0
BBX 24 35 0 -8
BITMAP
FFFFFF
FFFFFF
FFFFFF
000380
000380
000380
000380
07FF9E
1FFF9E
1FFF9E
3C001E
3C0000
3FFF80
1FFFC0
0FFFE0
0000E0
3800E0
3800E0
3E03E0
3FFFE0
1FFF80
07FE00
007000
7FF3C0
7FF7E0
7FFFF0
1E7CF0
1C7870
1C7870
1C7070
1C7070
1C70F0
0E71F0
0E71E0
0F71C0
ENDCHAR
STARTCHAR uni0919094D0915094D0924094D092F
ENCODING -1
SWIDTH 859 0
DWIDTH 36 0
BBX 37 35 0 -8
BITMAP
FFFFFFFFF8
FFFFFFFFF8
FFFFFFFFF8
0003800380
0003800380
0003800380
0003800380
07FF9E0380
1FFF9E0380
1FFF9E0380
3C001E0380
3C00000380
3FFF800380
1FFFC00380
0FFFF80380
0000FE0380
3800FF0380
3800EF8380
3E03E78380
3FFFE38380
1FFFC78380
07FF078380
00700F0380
7FF3FF0380
7FF7FE0380
7FFFF80380
1E7C700780
1C78780780
1C78780780
1C703E1F80
1C701FFF80
1C700FFB80
0E7003E380
0E70000380
0F70000380
ENDCHAR
STARTCHAR uni0919094D0915094D092F
ENCODING -1
SWIDTH 856 0
DWIDTH 36 0
BBX 36 35 0 -8
BITMAP
FFFFFFFFF0
FFFFFFFFF0
FFFFFFFFF0
0003800380
0003800380
0003800380
0003800380
07FF9E0380
1FFF9E0380
1FFF9E0380
3C001E0380
3C00000380
3FFF800380
1FFFC00380
0FFFF80380
0000FE0380
3800FF0380
3800EF0380
3E03E78380
3FFFE78380
1FFFC78380
07FF078380
00700F0380
0F73FF0380
1FF7FE0380
3FFFF80780
38FC700780
3878780780
3878780F80
38703E1F80
38701FFF80
38F00FFB80
3FF007E380
1FF0000380
0F70000380
ENDCHAR
STARTCHAR uni0919094D0915094D0930
ENCODING -1
SWIDTH 549 0
DWIDTH 23 0
BBX 24 38 0 -11
BITMAP
FFFFFF
FFFFFF
FFFFFF
000380
000380
000380
000380
07FF9E
1FFF9E
1FFF9E
3C001E
3C0000
3FFF80
1FFFC0
0FFFE0
0000E0
3800E0
3800E0
3E03E0
3FFFE0
1FFF80
07FE00
007000
0F73C0
1FF7E0
3FFFF0
38FCF0
387870
387870
387070
387070
38F0F0
3FF1F0
1FF1E0
7F71C0
7C0000
700000
400000
ENDCHAR
STARTCHAR uni0919094D0915094D0937
ENCODING -1
SWIDTH 549 0
DWIDTH 23 0
BBX 24 36 0 -9
BITMAP
FFFFFF
FFFFFF
FFFFFF
000380
000380
000380
000380
07FF9E
1FFF9E
1FFF9E
3C001E
3C0000
3FFF80
1FFFC0
0FFFE0
0000E0
3800E0
3800E0
3E03E0
1FFFC0
1FFFC0
1FFFC0
3871C0
3871C0
3871C0
1EE1C0
1FFFC0
1FFFC0
3FFFC0
3801C0
38E1C0
38E1C0
3FF1C0
3FF1C0
0F71C0
003800
ENDCHAR
STARTCHAR uni0919094D0915094D0937094D092F
ENCODING -1
SWIDTH 880 0
DWIDTH 37 0
BBX 37 36 0 -9
BITMAP
FFFFFFFFF8
FFFFFFFFF8
FFFFFFFFF8
00038001C0
00038001C0
00038001C0
00038001C0
07FF9E01C0
1FFF9E01C0
1FFF9E01C0
3C001E01C0
3C000001C0
3FFF8001C0
1FFFC001C0
0FFFE001C0
0000FF01C0
3800FF81C0
3800FFC1C0
3E03E1C1C0
3FFFE1E1C0
0FFFC1E1C0
07FE01C1C0
0E3C03C1C0
0E1C3F81C0
0E383F01C0
0F383801C0
07FFFC03C0
07FFFC03C0
0FFFFE07C0
0E001F0FC0
1C380FFDC0
1E3807FDC0
1FF801F1C0
0FFC0001C0
07DC000000
001C000000
ENDCHAR
STARTCHAR uni0919094D0915094D0072092F
ENCODING -1
SWIDTH 856 0
DWIDTH 36 0
BBX 36 38 0 -11
BITMAP
FFFFFFFFF0
FFFFFFFFF0
FFFFFFFFF0
0003800380
0003800380
0003800380
0003800380
07FF9E0380
1FFF9E0380
1FFF9E0380
3C001E0380
3C00000380
3FFF800380
1FFFC00380
0FFFF80380
0000FE0380
3800FF0380
3800EF0380
3E03E78380
3FFFE78380
1FFFC78380
07FF078380
00700F0380
0F73FF0380
1FF7FE0380
3FFFF80780
38FC700780
3878780780
3878780F80
38703E1F80
38701FFF80
38700FFB80
3FF007E380
1FF0000380
7F70000380
7C00000000
7000000000
4000000000
ENDCHAR
STARTCHAR uni0919094D0916
ENCODING -1
SWIDTH 549 0
DWIDTH 23 0
BBX 24 35 0 -8
BITMAP
FFFFFF
FFFFFF
FFFFFF
000380
000380
000380
000380
07FF9E
1FFF9E
1FFF9E
3C001E
3C0000
3FFF80
1FFFC0
0FFFE0
0000E0
3800E0
3800E0
3E03E0
1FFFC0
0FFFC0
0FFFC0
0E01C0
1E3FC0
FC7FC0
FC7FC0
F0F1C0
70F1C0
70F1C0
70F1C0
787FC0
7C7FC0
3FBDC0
1F81C0
0781C0
ENDCHAR
STARTCHAR uni0919094D0916094D092F
ENCODING -1
SWIDTH 846 0
DWIDTH 36 0
BBX 36 35 0 -8
BITMAP
FFFFFFFFF0
FFFFFFFFF0
FFFFFFFFF0
0003800700
0003800700
0003800700
0003800700
07FF9E0700
1FFF9E0700
1FFF9E0700
3C001E0700
3C00000700
3FFF800700
1FFFC00700
0FFFF00700
0000FE0700
3800FF0700
3800FF0700
3E03E70700
1FFFC70700
0FFF870700
07FE070700
07000F0700
0F1FFE0700
7E3FFC0700
7E3FF00700
7878F00700
7870F00700
3870F80F00
3878FC1F00
383FFFFF00
3E3FDFF700
1FDF87E700
0FC0000700
03C0000700
ENDCHAR
STARTCHAR uni0919094D0917
ENCODING -1
SWIDTH 549 0
DWIDTH 23 0
BBX 24 35 0 -8
BITMAP
FFFFFF
FFFFFF
FFFFFF
000380
000380
000380
000380
07FF9E
1FFF9E
1FFF9E
3C001E
3C0000
3FFF80
1FFFC0
0FFFE0
0000E0
3800E0
3800E0
3E03E0
1FFFC0
0FFFC0
03FFC0
01C1C0
01C1C0
01C1C0
0FC1C0
3FC1C0
3FC1C0
79C1C0
71C1C0
79C1C0
3FC1C0
3F81C0
1F01C0
0001C0
ENDCHAR
STARTCHAR uni0919094D0917094D092F
ENCODING -1
SWIDTH 850 0
DWIDTH 36 0
BBX 36 35 0 -8
BITMAP
FFFFFFFFF0
FFFFFFFFF0
FFFFFFFFF0
0003800780
0003800780
0003800780
0003800780
07FF9E0780
1FFF9E0780
1FFF9E0780
3C001E0780
3C00000780
3FFF800780
1FFFC00780
0FFFF80780
0000FE0780
3800FF0780
3800EF0780
3E03E70780
1FFFC70780
0FFF870780
03FE070780
00E00F0780
00E07E0780
00E0FE0780
0FE0F80780
1FE0F00780
1FE0700700
38E0780F00
38E03C1F00
38E03FFF00
1FE01FF700
1FC007E700
0F80000700
0000000700
ENDCHAR
STARTCHAR uni0919094D0917094D0930
ENCODING -1
SWIDTH 549 0
DWIDTH 23 0
BBX 24 37 0 -10
BITMAP
FFFFFF
FFFFFF
FFFFFF
000380
000380
000380
000380
07FF9E
1FFF9E
1FFF9E
3C001E
3C0000
3FFF80
1FFFC0
0FFFE0
0000E0
3800E0
3800E0
3E03E0
1FFFC0
0FFFC0
03FFC0
01C1C0
01C1C0
0FC1C0
3FC1C0
3FC1C0
79C1C0
71C1C0
79C3C0
3FC7C0
3F9FC0
1F3DC0
0079C0
0071C0
006000
004000
ENDCHAR
STARTCHAR uni0919094D0917094D0072092F
ENCODING -1
SWIDTH 850 0
DWIDTH 36 0
BBX 36 37 0 -10
BITMAP
FFFFFFFFF0
FFFFFFFFF0
FFFFFFFFF0
0003800780
0003800780
0003800780
0003800780
07FF9E0780
1FFF9E0780
1FFF9E0780
3C001E0780
3C00000780
3FFF800780
1FFFC00780
0FFFF80780
0000FE0780
3800FF0780
3800EF0780
3E03E70780
1FFFC70780
0FFF870780
03FE070780
00E00F0780
00E07E0780
00E0FE0780
0FE0F80780
1FE0F00780
1FE0700700
38E0780F00
38E07C1F00
38E0FFFF00
1FE3CFF700
1FC787E700
0F8F000700
000E000700
000C000000
0008000000
ENDCHAR
STARTCHAR uni0919094D0918
ENCODING -1
SWIDTH 549 0
DWIDTH 23 0
BBX 24 35 0 -8
BITMAP
FFFFFF
FFFFFF
FFFFFF
000380
000380
000380
000380
07FF9E
1FFF9E
1FFF9E
3C001E
3C0000
3FFF80
1FFFC0
0FFFE0
0000E0
3800E0
3800E0
3E03E0
1FFFC0
0FFFC0
0FFFC0
0E01C0
0E01C0
0F01C0
07E1C0
03E1C0
07E1C0
0701C0
0E03C0
0E03C0
0F07C0
07FFC0
07FFC0
01F9C0
ENDCHAR
STARTCHAR uni0919094D0918094D092F
ENCODING -1
SWIDTH 841 0
DWIDTH 35 0
BBX 36 35 0 -8
BITMAP
FFFFFFFFF0
FFFFFFFFF0
FFFFFFFFF0
0003800700
0003800700
0003800700
0003800700
07FF9E0700
1FFF9E0700
1FFF9E0700
3C001E0700
3C00000700
3FFF800700
1FFFC00700
0FFFF00700
0000FC0700
3800FE0700
3800FF0700
3E03EF0700
1FFFC70700
0FFF870700
0FFE0F0700
0E000F0700
0E00FE0700
0F00FC0700
07E0F00700
03E0F00700
07E0F00F00
0700F80F00
0E00FC1F00
0E01FFFF00
0F03DFF700
07FF87E700
03FF000700
01FC000700
ENDCHAR
STARTCHAR uni0919094D0918094D0930
ENCODING -1
SWIDTH 549 0
DWIDTH 23 0
BBX 24 39 0 -12
BITMAP
FFFFFF
FFFFFF
FFFFFF
000380
000380
000380
000380
07FF9E
1FFF9E
1FFF9E
3C001E
3C0000
3FFF80
1FFFC0
0FFFE0
0000E0
3800E0
3800E0
3E03E0
1FFFC0
0FFFC0
0FFFC0
0E01C0
0E01C0
0F01C0
07E1C0
03E1C0
07E1C0
0701C0
0E03C0
0E03C0
0F8FC0
07FFC0
03FFC0
03F9C0
07E000
078000
060000
080000
ENDCHAR
STARTCHAR uni0919094D0918094D0072092F
ENCODING -1
SWIDTH 842 0
DWIDTH 35 0
BBX 36 39 0 -12
BITMAP
FFFFFFFFF0
FFFFFFFFF0
FFFFFFFFF0
0003800700
0003800700
0003800700
0003800700
07FF9E0700
1FFF9E0700
1FFF9E0700
3C001E0700
3C00000700
3FFF800700
1FFFC00700
0FFFF00700
0000FC0700
3800FE0700
3800FF0700
3E03EF0700
1FFFC70700
0FFF870700
0FFE0F0700
0E000F0700
0E00FE0700
0F00FC0700
07E0F00700
03E0F00700
07E0F00F00
0700F80F00
0E00FC1F00
0E01FFFF00
0F03DFF700
07FF87E700
03FF000700
03FC000700
0FE0000000
0F80000000
0E00000000
0800000000
ENDCHAR
STARTCHAR uni0919094D091A
ENCODING -1
SWIDTH 549 0
DWIDTH 23 0
BBX 24 35 0 -8
BITMAP
FFFFFF
FFFFFF
FFFFFF
000380
000380
000380
000380
07FF9E
1FFF9E
1FFF9E
3C001E
3C0000
3FFF80
1FFFC0
0FFFE0
0000E0
3800E0
3800E0
3E03E0
1FFFE0
0FFFE0
03FFE0
0001E0
0001E0
3FF1E0
3FF1E0
3FF1E0
0381E0
0701E0
0703E0
0703E0
0787E0
07FFE0
03FDE0
00F9E0
ENDCHAR
STARTCHAR uni0919094D0928
ENCODING -1
SWIDTH 549 0
DWIDTH 23 0
BBX 24 35 0 -8
BITMAP
FFFFFF
FFFFFF
FFFFFF
000380
000380
000380
000380
07FF9E
1FFF9E
1FFF9E
3C001E
3C0000
3FFF80
1FFFC0
0FFFE0
0000E0
3800E0
3800E0
3E03E0
1FFFC0
0FFFC0
03FFC0
0001C0
0001C0
0001C0
0FFFC0
1FFFC0
1FFFC0
38E1C0
38E1C0
38E1C0
1FE1C0
1FC1C0
0F81C0
0001C0
ENDCHAR
STARTCHAR uni0919094D092E
ENCODING -1
SWIDTH 549 0
DWIDTH 23 0
BBX 24 35 0 -8
BITMAP
FFFFFF
FFFFFF
FFFFFF
000380
000380
000380
000380
07FF9E
1FFF9E
1FFF9E
3C001E
3C0000
3FFF80
1FFFC0
0FFFE0
0000E0
3800E0
3800E0
3E03E0
1FFFC0
0FFFC0
03FFC0
01C1C0
01C1C0
01C1C0
01C1C0
0FFFC0
3FFFC0
3FFFC0
79C1C0
71C1C0
79C1C0
3FC1C0
3F81C0
1F01C0
ENDCHAR
STARTCHAR uni0919094D092E094D092F
ENCODING -1
SWIDTH 849 0
DWIDTH 36 0
BBX 36 35 0 -8
BITMAP
FFFFFFFFF0
FFFFFFFFF0
FFFFFFFFF0
0003800700
0003800700
0003800700
0003800700
07FF9E0700
1FFF9E0700
1FFF9E0700
3C001E0700
3C00000700
3FFF800700
1FFFC00700
0FFFF00700
0000FE0700
3800FF0700
3800EF0700
3E03E70700
1FFFC70700
0FFF870700
03FE070700
00E00F0700
00E03E0700
00E0FE0700
00E0F80700
0FFFF00700
1FFFF00700
1FFFF80F00
38E07C1F00
38E03FFF00
38E01FF700
1FE007E700
1FC0000700
0F80000700
ENDCHAR
STARTCHAR uni0919094D092F
ENCODING -1
SWIDTH 942 0
DWIDTH 40 0
BBX 40 27 0 0
BITMAP
FFFFFFFFFF
FFFFFFFFFF
FFFFFFFFFF
000E000070
000E000070
000E000070
000E000070
07FFFF8070
0FFFFFE070
1FFFFFF070
3C0000F070
3C00E07070
3C00E07070
3C00E07070
1FF0E0F070
1FFC07E070
07FE07C070
001E070070
000F070070
0007078070
38070780F0
380F03E1F0
3C0F01FFF0
3E1E00FFF0
1FFE007E70
0FFC000070
07F0000070
ENDCHAR
STARTCHAR uni091A094D091A
ENCODING -1
SWIDTH 733 0
DWIDTH 31 0
BBX 31 27 0 0
BITMAP
FFFFFFFE
FFFFFFFE
FFFFFFFE
000000F0
000000F0
000000F0
000000F0
000000F0
7FC7FCF0
7FC7FCF0
7FC7FCF0
0F01E0F0
0E03C0F0
1E0380F0
1E0380F0
1E0380F0
1E0380F0
1E0380F0
1E07C0F0
0F0FE1F0
0FFFFFF0
07FCFFF0
01F87EF0
000000F0
000000F0
000000F0
000000F0
ENDCHAR
STARTCHAR uni091A094D091B094D0935
ENCODING -1
SWIDTH 789 0
DWIDTH 33 0
BBX 34 35 0 -8
BITMAP
FFFFFFFFC0
FFFFFFFFC0
FFFFFFFFC0
0007003800
0007003800
0007003800
0007003800
000780FE00
7FE3F1FF00
7FE1F1C700
7FE3F1C700
0F07800700
0E07000700
1E0F000700
1E0F000F00
1E07001E00
1E07C07C00
1E07FFF800
0F0FFFF000
0FFEFFF000
07FE007000
01F81E7000
00003FF000
00007FF000
0000F0F000
0000E07000
0000E07000
0000E07000
0000E07000
0000E07000
0000E07000
0000F0F000
00007FF000
00003FF000
00001F7000
ENDCHAR
STARTCHAR uni091A094D0930
ENCODING -1
SWIDTH 480 0
DWIDTH 20 0
BBX 21 27 0 0
BITMAP
FFFFF8
FFFFF8
FFFFF8
000380
000380
000380
000380
7FE380
7FE380
7FE380
0F0380
0E0380
1E0380
1E0380
1E0380
1E0380
1E0780
0F0F80
07FF80
03FB80
01F380
03E380
078380
1F0380
1E0380
180380
100380
ENDCHAR
STARTCHAR uni091A094D0932
ENCODING -1
SWIDTH 928 0
DWIDTH 39 0
BBX 39 27 0 0
BITMAP
FFFFFFFFFE
FFFFFFFFFE
FFFFFFFFFE
0000000070
0000000070
0000000070
0000000070
0000000070
7FE07C1F70
7FE0FE3FF0
7FE1FF7FF0
0F01E3F1F0
0E03C3E0F0
1E0381E0F0
1E0381C070
1E0381C070
1E0381C070
1E0381C070
0E0781C070
0F0F800070
0FFF800070
07FFC00070
01F9E00070
0001F80070
0000FF8070
00007F8070
00001F8070
ENDCHAR
STARTCHAR uni091A094D0072
ENCODING -1
SWIDTH 280 0
DWIDTH 12 0
BBX 17 28 0 -1
BITMAP
FFFC00
FFFC00
FFFC00
000000
000000
000000
000000
7FE000
7FE000
7FE000
0F0000
0E0000
1E0380
1E0380
1E0380
1E0380
1E0780
0F0F00
0FFE00
07FC00
01F800
01E000
07C000
0F8000
1E0000
1C0000
100000
100000
ENDCHAR
STARTCHAR uni091B094D0928
ENCODING -1
SWIDTH 536 0
DWIDTH 23 0
BBX 23 35 0 -8
BITMAP
FFFFFE
FFFFFE
FFFFFE
3C01C0
3801C0
3801C0
3801E0
3C07F0
1F87F8
078F38
1F8E38
1C003C
380038
380038
380078
3C00F0
3E03E0
1FFFC0
0FFFC0
03FDC0
0001C0
0001C0
0001C0
0001C0
07FFC0
0FFFC0
1FFFC0
1C71C0
1C71C0
1CF1C0
1FE1C0
0FE1C0
0781C0
0001C0
0001C0
ENDCHAR
STARTCHAR uni091B094D092F
ENCODING -1
SWIDTH 1023 0
DWIDTH 43 0
BBX 43 27 0 0
BITMAP
FFFFFFFFFFE0
FFFFFFFFFFE0
FFFFFFFFFFE0
1C0000000700
380000000700
380000000700
380000000700
3801FFF80700
3807FFFC0700
3C07FFFE0700
1E0F380F0700
0F8E380F0700
0780380F0700
0F803C0F0700
1E00381E0700
3C0038FE0700
380038FC0700
380038F00F00
380078F00F00
380070F00F00
3C01F0781F00
1F07E07C3F00
1FFFC03FFF00
07FF001FF700
01FC0007C700
000000000700
000000000700
ENDCHAR
STARTCHAR uni091B094D0932
ENCODING -1
SWIDTH 1170 0
DWIDTH 49 0
BBX 50 27 0 0
BITMAP
FFFFFFFFFFFFC0
FFFFFFFFFFFFC0
FFFFFFFFFFFFC0
1C000000001C00
38000000001C00
38000000001C00
38000000001C00
3801E000001C00
3807F01F03DC00
3C07F83F8FFC00
1E0F387FCFFC00
0F8E3878FC7C00
078038F0783C00
0F803CE0781C00
1E0038E0781C00
3C0038E0781C00
380038E0781C00
380038E0781C00
380078E0781C00
380070E0001C00
3C01F0F0001C00
1F07E0F0001C00
1FFFC078001C00
07FF007E001C00
01FC003FE01C00
0000001FE01C00
00000003E01C00
ENDCHAR
STARTCHAR uni091B094D0935
ENCODING -1
SWIDTH 536 0
DWIDTH 23 0
BBX 23 35 0 -8
BITMAP
FFFFFE
FFFFFE
FFFFFE
3C01C0
3801C0
3801C0
3801E0
3C07F0
1F87F8
078F38
1F8E38
1C003C
380038
380038
380078
3C00F0
3E03E0
1FFFC0
0FFFC0
03FDC0
0001C0
00F9C0
01FDC0
03FFC0
03C7C0
0783C0
0781C0
0701C0
0701C0
0781C0
0783C0
03C7C0
03FFC0
01FDC0
00F9C0
ENDCHAR
STARTCHAR uni091C094D091C
ENCODING -1
SWIDTH 581 0
DWIDTH 24 0
BBX 25 31 0 -4
BITMAP
FFFFFF80
FFFFFF80
FFFFFF80
00003800
00003800
00003800
00003800
703FF800
703FF800
703FF800
70383800
70383800
70383800
78783800
38783800
3FF03800
1FE0F800
0FC3F800
0007F800
001FB800
703E3800
703C3800
70383800
70383800
70383800
70383800
78783800
38700000
3FF00000
1FE00000
0FC00000
ENDCHAR
STARTCHAR uni091C094D091C094D
ENCODING -1
SWIDTH 353 0
DWIDTH 15 0
BBX 20 31 0 -4
BITMAP
FFFF80
FFFF80
FFFF80
000000
000000
000000
000000
703FF0
703FF0
703FF0
703800
703800
703800
787800
387800
3FF020
1FE0E0
0FC3E0
0007E0
001F80
703E00
703C00
703800
703800
703800
703800
787800
387000
3FF000
1FE000
0FC000
ENDCHAR
STARTCHAR uni091C094D091E
ENCODING -1
SWIDTH 583 0
DWIDTH 24 0
BBX 25 27 0 0
BITMAP
FFFFFF80
FFFFFF80
FFFFFF80
00003800
00003800
00003800
00003800
00003800
00003800
03FFF800
03FFF800
03FFF800
003C3800
001E3800
000E3800
700E3800
700E3800
780E3800
781E3800
7C3E3800
7FFC3800
7FF83800
73E03800
70003800
70003800
70003800
70003800
ENDCHAR
STARTCHAR uni091C094D091E094D
ENCODING -1
SWIDTH 397 0
DWIDTH 17 0
BBX 21 27 0 0
BITMAP
FFFFE0
FFFFE0
FFFFE0
000000
000000
000000
000000
000000
000000
03FFF8
03FFF8
03FFF8
003C00
001E00
000E00
700E00
700E00
780E00
781E00
7C3E00
7FFC00
7FF800
73E000
700000
700000
700000
700000
ENDCHAR
STARTCHAR uni091C094D091E094D0930
ENCODING -1
SWIDTH 620 0
DWIDTH 26 0
BBX 26 30 0 -3
BITMAP
FFFFFFC0
FFFFFFC0
FFFFFFC0
00000E00
00000E00
00000E00
00000E00
00000E00
00000E00
03FFFE00
03FFFE00
03FFFE00
003C0E00
001E0E00
000E0E00
700E0E00
700E0E00
780E0E00
781E0E00
7C3E1E00
7FFC3E00
7FF87E00
73E1FE00
7003CE00
70078E00
700F0E00
700E0E00
000C0000
00080000
00100000
ENDCHAR
STARTCHAR uni091C094D091E094D0072
ENCODING -1
SWIDTH 392 0
DWIDTH 16 0
BBX 22 30 0 -3
BITMAP
FFFFE0
FFFFE0
FFFFE0
000000
000000
000000
000000
000000
000000
03FFF8
03FFF8
03FFF8
003C00
001E00
000E00
700E00
700E00
780E04
781E0C
7C3E1C
7FFC3C
7FF878
73E1E0
7003C0
700780
700F00
700E00
000C00
000800
001000
ENDCHAR
STARTCHAR uni091C094D0930
ENCODING -1
SWIDTH 576 0
DWIDTH 24 0
BBX 25 27 0 0
BITMAP
FFFFFF80
FFFFFF80
FFFFFF80
00003800
00003800
00003800
00003800
707FF800
707FF800
707FF800
70703800
70703800
70703800
70703800
70703800
70703800
70707800
78F0F800
3FE1F800
3FE3F800
0F87B800
000F3800
003E3800
007C3800
00703800
00603800
00403800
ENDCHAR
STARTCHAR uni091C094D0072
ENCODING -1
SWIDTH 348 0
DWIDTH 15 0
BBX 20 28 0 -1
BITMAP
FFFF80
FFFF80
FFFF80
000000
000000
000000
000000
707FF0
707FF0
707FF0
707000
707000
707000
707000
707000
707020
707060
78F0E0
3FE1E0
3FE3C0
0F8780
000F00
001E00
003C00
007800
007000
006000
004000
ENDCHAR
STARTCHAR uni091D094D0930
ENCODING -1
SWIDTH 679 0
DWIDTH 29 0
BBX 29 30 0 -3
BITMAP
FFFFFFF8
FFFFFFF8
FFFFFFF8
000E0380
000E0380
000E0380
000E0380
07FE0380
1FFE0380
1FFE0380
3C000380
3C000380
3C000380
3FFFFF80
1FFFFF80
0FFFFF80
003E0380
000F0380
00070380
1C070380
1C0F0780
1E1F0F80
1FFE1F80
1FFC3B80
1DF8FB80
1C00F380
1C00E380
1C00C000
1C008000
00010000
ENDCHAR
STARTCHAR uni091D094D0072
ENCODING -1
SWIDTH 444 0
DWIDTH 19 0
BBX 25 30 0 -3
BITMAP
FFFFF800
FFFFF800
FFFFF800
000E0000
000E0000
000E0000
000E0000
07FE0000
1FFE0000
1FFE0000
3C000000
3C000000
3C000000
3FFFFE00
1FFFFE00
0FFFFE00
003E0000
000F0080
00070080
1C070380
1C0F0780
1E1F0F00
1FFE1E00
1FFC7C00
1DF8F800
1C00F000
1C00E000
1C00C000
1C008000
00010000
ENDCHAR
STARTCHAR uni091E094D091A
ENCODING -1
SWIDTH 529 0
DWIDTH 22 0
BBX 23 35 0 -8
BITMAP
FFFFFE
FFFFFE
FFFFFE
0000E0
0000E0
0000E0
0F80E0
3FE0E0
7FF0E0
78F0E0
7070E0
007FE0
007FE0
007FE0
7078E0
78F0E0
7FF0E0
3FE0E0
0FC0E0
0000E0
0000E0
7FF0E0
7FF0E0
7FF0E0
0780E0
0F00E0
0E00E0
0F00E0
0F01E0
0F83E0
07FFE0
03FFE0
00FCE0
0000E0
0000E0
ENDCHAR
STARTCHAR uni091E094D091A094D
ENCODING -1
SWIDTH 321 0
DWIDTH 13 0
BBX 19 34 0 -7
BITMAP
FFFF00
FFFF00
FFFF00
000000
000000
000000
0F8000
3FE000
7FF000
78F000
707000
007F80
007F80
007F80
707800
78F000
7FF000
3FE000
0FC000
000000
000000
000000
7FF000
7FF000
7FF000
078000
0F00E0
0E00E0
0F00E0
0F01E0
0F83C0
07FFC0
03FF00
00FC00
ENDCHAR
STARTCHAR uni091E094D091C
ENCODING -1
SWIDTH 529 0
DWIDTH 22 0
BBX 23 32 0 -5
BITMAP
FFFFFE
FFFFFE
FFFFFE
0000E0
0000E0
0000E0
0F80E0
3FE0E0
7FF0E0
78F0E0
7070E0
007FE0
007FE0
007FE0
7078E0
78F0E0
7FF0E0
3FE0E0
0FC1E0
0007E0
000FE0
003FE0
703CE0
7038E0
7038E0
7038E0
7038E0
787800
387000
3FF000
1FE000
0FC000
ENDCHAR
STARTCHAR uni091E094D091C094D
ENCODING -1
SWIDTH 311 0
DWIDTH 13 0
BBX 19 32 0 -5
BITMAP
FFFF80
FFFF80
FFFF80
000000
000000
000000
0F8000
3FE000
7FF000
78F000
707000
007FC0
007FC0
007FC0
707800
78F000
7FF020
3FE060
0FC1E0
0007E0
000FC0
003F00
703C00
703800
703800
703800
703800
787800
387000
3FF000
1FE000
0FC000
ENDCHAR
STARTCHAR uni091E094D0930
ENCODING -1
SWIDTH 529 0
DWIDTH 22 0
BBX 23 27 0 0
BITMAP
FFFFFE
FFFFFE
FFFFFE
0000E0
0000E0
0000E0
1FC0E0
3FE0E0
7FF0E0
78F0E0
0078E0
007FE0
007FE0
007FE0
0078E0
7070E0
78F0E0
7FF0E0
3FE1E0
1FC3E0
000FE0
001EE0
003CE0
0078E0
0070E0
0060E0
0040E0
ENDCHAR
STARTCHAR uni091E094D0072
ENCODING -1
SWIDTH 332 0
DWIDTH 14 0
BBX 19 28 0 -1
BITMAP
FFFF80
FFFF80
FFFF80
000000
000000
000000
1FC000
3FE000
7FF000
78F000
007800
007F80
007F80
007F80
007800
707020
78F060
7FF0E0
3FE1E0
1FC7C0
000F80
001E00
003C00
007800
007000
006000
004000
008000
ENDCHAR
STARTCHAR uni091F094D091F
ENCODING -1
SWIDTH 408 0
DWIDTH 17 0
BBX 18 35 0 -8
BITMAP
FFFFC0
FFFFC0
FFFFC0
001C00
001C00
001C00
001C00
07FC00
1FFC00
1FFC00
3C0000
380000
380000
380700
380700
380F00
3C1F00
1FFE00
1FFC00
07FC00
001C00
001C00
07FC00
1FFC00
1FFC00
3C0000
380000
380000
380700
380700
380F00
3C1F00
1FFE00
1FFC00
07F000
ENDCHAR
STARTCHAR uni091F094D091F094D092F
ENCODING -1
SWIDTH 905 0
DWIDTH 38 0
BBX 38 35 0 -8
BITMAP
FFFFFFFFFC
FFFFFFFFFC
FFFFFFFFFC
001C0000E0
001C0000E0
001C0000E0
001C0000E0
07FFFF00E0
1FFFFF80E0
1FFFFFC0E0
3C0001E0E0
380001E0E0
380000E0E0
380701E0E0
380703C0E0
380F1FC0E0
3C1F1F00E0
1FFE1E00E0
1FFC1E01E0
07FC1E01E0
001C0F01E0
001C0F87E0
07FC07FFE0
1FFC03FEE0
1FFC00F8E0
3C000000E0
38000000E0
3800000000
3807000000
3807000000
380F000000
3C1F000000
1FFE000000
1FFC000000
07F0000000
ENDCHAR
STARTCHAR uni091F094D0920
ENCODING -1
SWIDTH 408 0
DWIDTH 17 0
BBX 18 35 0 -8
BITMAP
FFFFC0
FFFFC0
FFFFC0
001C00
001C00
001C00
001C00
07FC00
1FFC00
1FFC00
3C0000
380000
380000
380700
380700
380F00
3C1F00
1FFE00
1FFC00
07FC00
001C00
001C00
07FC00
1FFE00
3FFF00
3C0700
380780
780380
780380
780380
380780
3C0F00
3FFF00
1FFE00
07F800
ENDCHAR
STARTCHAR uni091F094D0920094D092F
ENCODING -1
SWIDTH 905 0
DWIDTH 38 0
BBX 38 35 0 -8
BITMAP
FFFFFFFFFC
FFFFFFFFFC
FFFFFFFFFC
001C0000E0
001C0000E0
001C0000E0
001C0000E0
07FFFF00E0
1FFFFF80E0
1FFFFFC0E0
3C0001E0E0
380001E0E0
380000E0E0
380701E0E0
380703C0E0
380F1FC0E0
3C1F1F00E0
1FFE1E00E0
1FFC1E01E0
07FC1E01E0
001C0F01E0
001C0F87E0
07FC07FFE0
1FFE03FEE0
3FFF00F8E0
3C078000E0
38078000E0
7803800000
7803800000
7803800000
3807800000
3C0F000000
3FFF000000
1FFE000000
07F8000000
ENDCHAR
STARTCHAR uni091F094D0922
ENCODING -1
SWIDTH 408 0
DWIDTH 17 0
BBX 18 33 0 -6
BITMAP
FFFFC0
FFFFC0
FFFFC0
001C00
001C00
001C00
001C00
07FC00
1FFC00
1FFC00
3C0000
380000
380000
380700
380700
380F00
3C1F00
1FFE00
0FFC00
1FF000
3C0000
380000
387C00
79FE00
79FF00
7B8F00
3B8700
3B8700
3F8700
3F8F00
1FFE00
0FFC00
03F800
ENDCHAR
STARTCHAR uni091F094D0922094D092F
ENCODING -1
SWIDTH 894 0
DWIDTH 38 0
BBX 38 33 0 -6
BITMAP
FFFFFFFFFC
FFFFFFFFFC
FFFFFFFFFC
001C0001C0
001C0001C0
001C0001C0
001C0001C0
07FFFE01C0
1FFFFF81C0
1FFFFFC1C0
3C0003C1C0
380001C1C0
380001C1C0
380701C1C0
380703C1C0
380F1F81C0
3C1F1F01C0
1FFE1C01C0
0FFC1C01C0
1FF01E01C0
3C001E03C0
38000F87C0
387C07FFC0
79FE03FDC0
79FF01F9C0
7B8F0001C0
3B870001C0
3B87000000
3F87000000
3F8F000000
1FFE000000
0FFC000000
03F8000000
ENDCHAR
STARTCHAR uni091F094D0924094D0930
ENCODING -1
SWIDTH 408 0
DWIDTH 17 0
BBX 18 35 0 -8
BITMAP
FFFFC0
FFFFC0
FFFFC0
001C00
001C00
001C00
07FC00
0FFC00
1FFC00
3E0000
380000
380000
380000
380700
380700
380F00
3C1F00
1FFE00
0FFC00
07FC00
001C00
1F1C00
1F9C00
1FDC00
01FC00
00FC00
007C00
003C00
00FC00
01FC00
07DC00
1F1C00
1E1C00
181C00
001C00
ENDCHAR
STARTCHAR uni091F094D0928
ENCODING -1
SWIDTH 428 0
DWIDTH 18 0
BBX 18 35 0 -8
BITMAP
FFFFC0
FFFFC0
FFFFC0
000E00
000E00
000E00
03FE00
0FFE00
0FFE00
1E0000
1C0000
3C0000
3C0000
3C0380
3C0380
1C0780
1E0F80
0FFF00
07FF00
03FF00
000700
000700
000700
000700
0FFF00
1FFF00
3FFF00
38E700
38E700
39C700
3FC700
1F8700
0F0700
000700
000700
ENDCHAR
STARTCHAR uni091F094D092F
ENCODING -1
SWIDTH 905 0
DWIDTH 38 0
BBX 38 27 0 0
BITMAP
FFFFFFFFFC
FFFFFFFFFC
FFFFFFFFFC
001C0000E0
001C0000E0
001C0000E0
001C0000E0
03FFFF00E0
0FFFFF80E0
1FFFFFC0E0
1E0001E0E0
3C0001E0E0
380001E0E0
380001E0E0
380001E0E0
38001FC0E0
38001F80E0
38071F00E0
38071E01E0
38071E01E0
3C0F0F01E0
3E1E0F87E0
1FFE07FFE0
0FFC03FEE0
03F000F8E0
00000000E0
00000000E0
ENDCHAR
STARTCHAR uni091F094D0935
ENCODING -1
SWIDTH 408 0
DWIDTH 17 0
BBX 18 35 0 -8
BITMAP
FFFFC0
FFFFC0
FFFFC0
001C00
001C00
001C00
07FC00
0FFC00
1FFC00
3E0000
380000
380000
380000
380700
380700
380F00
3C1F00
1FFE00
0FFC00
07FC00
001C00
0F9C00
1FDC00
3FFC00
3C7C00
783C00
703C00
701C00
701C00
781C00
783C00
3C7C00
3FFC00
1FDC00
0F9C00
ENDCHAR
STARTCHAR uni0920094D0920
ENCODING -1
SWIDTH 436 0
DWIDTH 18 0
BBX 19 35 0 -8
BITMAP
FFFFE0
FFFFE0
FFFFE0
001C00
001C00
001C00
001C00
07FC00
1FFE00
3FFF00
3C0700
380780
780380
780380
780380
380780
3C0F00
3FFF00
1FFE00
07FC00
001C00
001C00
07FC00
1FFE00
3FFF00
3C0700
380780
780380
780380
780380
380780
3C0F00
3FFF00
1FFE00
07F800
ENDCHAR
STARTCHAR uni0920094D0920094D092F
ENCODING -1
SWIDTH 922 0
DWIDTH 39 0
BBX 39 35 0 -8
BITMAP
FFFFFFFFFE
FFFFFFFFFE
FFFFFFFFFE
001C0000F0
001C0000F0
001C0000F0
001C0000F0
07FFFF80F0
1FFFFFC0F0
3FFFFFE0F0
3C0701E0F0
380780F0F0
780380F0F0
780380E0F0
780381E0F0
38078FC0F0
3C0F0F80F0
3FFF0E00F0
1FFE0F00F0
07FC0F00F0
001C0781F0
001C07C3F0
07FC03FFF0
1FFE01FFF0
3FFF00FCF0
3C078000F0
38078000F0
7803800000
7803800000
7803800000
3807800000
3C0F000000
3FFF000000
1FFE000000
07F8000000
ENDCHAR
STARTCHAR uni0920094D0928
ENCODING -1
SWIDTH 436 0
DWIDTH 18 0
BBX 19 35 0 -8
BITMAP
FFFFE0
FFFFE0
FFFFE0
001C00
001C00
001C00
03FC00
0FFE00
1FFF00
3C0F00
380780
780380
780380
780380
780380
380780
3C0F00
1FFF00
0FFF00
07FF00
000F00
000F00
000F00
000F00
1FFF00
3FFF00
3FFF00
79CF00
71CF00
79CF00
3FCF00
3F8F00
1F0F00
000F00
000F00
ENDCHAR
STARTCHAR uni0920094D092F
ENCODING -1
SWIDTH 943 0
DWIDTH 40 0
BBX 40 27 0 0
BITMAP
FFFFFFFFFF
FFFFFFFFFF
FFFFFFFFFF
001C000070
001C000070
001C000070
001C000070
03FFFF8070
0FFFFFE070
1FFFFFF070
3E0F00F070
3C07007070
3807807070
3803807070
780380F070
780387F070
780387E070
7803878070
7803870070
3807878070
3C070780F0
3E0F03E1F0
1FFE01FFF0
0FFC00FFF0
03F0007E70
0000000070
0000000070
ENDCHAR
STARTCHAR uni0920094D0935
ENCODING -1
SWIDTH 436 0
DWIDTH 18 0
BBX 19 35 0 -8
BITMAP
FFFFE0
FFFFE0
FFFFE0
001C00
001C00
001C00
03FC00
0FFE00
1FFF00
3C0F00
380780
780380
780380
780380
780380
380780
3C0F00
1FFF00
0FFE00
07FE00
000E00
07CE00
0FEE00
1FFE00
1E1E00
1C1E00
3C0E00
3C0E00
3C0E00
3C0E00
1C1E00
1E1E00
1FFE00
0FEE00
07CE00
ENDCHAR
STARTCHAR uni0921094D0918
ENCODING -1
SWIDTH 528 0
DWIDTH 22 0
BBX 23 35 0 -8
BITMAP
FFFFFE
FFFFFE
FFFFFE
000380
000380
000380
000380
07FF80
1FFF80
1FFF80
3C0000
3C0000
3FFF80
1FFFC0
0FFFE0
0000E0
3800E0
3800E0
3E03E0
1FFFC0
0FFFC0
0FFFC0
0E01C0
0E01C0
0F01C0
07E1C0
03E1C0
07E1C0
0701C0
0E03C0
0E03C0
0F07C0
07FFC0
07FFC0
01F9C0
ENDCHAR
STARTCHAR uni0921094D091F
ENCODING -1
SWIDTH 508 0
DWIDTH 21 0
BBX 22 35 0 -8
BITMAP
FFFFFC
FFFFFC
FFFFFC
000380
000380
000380
000380
07FF80
1FFF80
1FFF80
3C0000
3C0000
3FFF80
1FFFE0
0FFFE0
0000E0
3800E0
3E01E0
3FFFE0
1FFF80
03FE00
000E00
000E00
01FE00
07FE00
0FFE00
1F0000
1E0000
1C0000
1C03C0
1E03C0
1F0780
0FFF80
07FF00
01FC00
ENDCHAR
STARTCHAR uni0921094D091F094D092F
ENCODING -1
SWIDTH 984 0
DWIDTH 41 0
BBX 42 35 0 -8
BITMAP
FFFFFFFFFFC0
FFFFFFFFFFC0
FFFFFFFFFFC0
000380001C00
000380001C00
000380001C00
000380001C00
07FFFFE01C00
1FFFFFF81C00
1FFFFFFC1C00
3C00003C1C00
3C00001C1C00
3FFF801C1C00
1FFFE01C1C00
0FFFE03C1C00
0000E3F81C00
3800E3F01C00
3E01E3C01C00
3FFFE1C01C00
1FFF81E03C00
03FE01E03C00
000E00F07C00
000E00FFFC00
01FE007FFC00
07FE001F9C00
0FFE00001C00
1F0000001C00
1E0000000000
1C0000000000
1C03C0000000
1E03C0000000
1F0780000000
0FFF80000000
07FF00000000
01FC00000000
ENDCHAR
STARTCHAR uni0921094D0921
ENCODING -1
SWIDTH 508 0
DWIDTH 21 0
BBX 22 35 0 -8
BITMAP
FFFFFC
FFFFFC
FFFFFC
000380
000380
000380
000380
07FF80
1FFF80
1FFF80
3C0000
3C0000
3FFF80
1FFFC0
0FFFE0
0000E0
3800E0
3800E0
3E03E0
1FFFC0
0FFF80
0FFE00
1E0000
1C0000
1E0000
1FFF80
0FFFC0
07FFE0
0000E0
3800E0
3800E0
3E03E0
1FFFC0
0FFF80
03FE00
ENDCHAR
STARTCHAR uni0921094D0921094D092F
ENCODING -1
SWIDTH 994 0
DWIDTH 42 0
BBX 42 35 0 -8
BITMAP
FFFFFFFFFFC0
FFFFFFFFFFC0
FFFFFFFFFFC0
000380001E00
000380001E00
000380001E00
000380001E00
07FFFFF01E00
1FFFFFF81E00
1FFFFFFC1E00
3C00003C1E00
3C00001E1E00
3FFF801E1E00
1FFFC01C1E00
0FFFE07C1E00
0000E1F81E00
3800E1F01E00
3800E1C01E00
3E03E1E01E00
3FFFC1E01E00
0FFF80F03E00
0FFE00F87E00
1E00007FFE00
1C00003FFE00
1E00001F9E00
1FFF80001E00
0FFFC0001E00
07FFE0000000
0000E0000000
3800E0000000
3800E0000000
3E03E0000000
1FFFC0000000
0FFF80000000
03FE00000000
ENDCHAR
STARTCHAR uni0921094D0922
ENCODING -1
SWIDTH 508 0
DWIDTH 21 0
BBX 22 35 0 -8
BITMAP
FFFFFC
FFFFFC
FFFFFC
000380
000380
000380
000380
03FF80
0FFF80
1FFF80
1E0000
1E0000
1FFF80
0FFFC0
07FFE0
0000E0
3800E0
3800E0
3E03E0
1FFFC0
0FFF80
07FE00
0F0000
0E0000
1E3E00
1E7F80
1EFFC0
1EE3C0
1EC1C0
0EC1C0
0EC1C0
0FE3C0
07FF80
03FF00
00FC00
ENDCHAR
STARTCHAR uni0921094D0922094D092F
ENCODING -1
SWIDTH 994 0
DWIDTH 42 0
BBX 42 35 0 -8
BITMAP
FFFFFFFFFFC0
FFFFFFFFFFC0
FFFFFFFFFFC0
000380001E00
000380001E00
000380001E00
000380001E00
03FFFFF01E00
0FFFFFF81E00
1FFFFFFC1E00
1E00003C1E00
1E00001E1E00
1FFF801E1E00
0FFFC01C1E00
07FFE07C1E00
0000E1F81E00
3800E1F01E00
3800E1C01E00
3E03E1E01E00
3FFFC1E01E00
1FFF80F03E00
07FE00F87E00
0F00007FFE00
0E00003FFE00
1E3E001F9E00
1E7F80001E00
1EFFC0001E00
1EE3C0000000
1EC1C0000000
0EC1C0000000
0EC1C0000000
0FE3C0000000
07FF80000000
03FF00000000
00FC00000000
ENDCHAR
STARTCHAR uni0921094D0928
ENCODING -1
SWIDTH 528 0
DWIDTH 22 0
BBX 23 35 0 -8
BITMAP
FFFFFE
FFFFFE
FFFFFE
000380
000380
000380
000380
07FF80
1FFF80
1FFF80
3C0000
3C0000
3FFF80
1FFFC0
0FFFE0
0000E0
3800E0
3800E0
3E03E0
1FFFC0
0FFFC0
03FFC0
0001C0
0001C0
0001C0
0FFFC0
1FFFC0
1FFFC0
38E1C0
38E1C0
38E1C0
1FE1C0
1FC1C0
0F81C0
0001C0
ENDCHAR
STARTCHAR uni0921094D092D
ENCODING -1
SWIDTH 528 0
DWIDTH 22 0
BBX 23 36 0 -9
BITMAP
FFFFFE
FFFFFE
FFFFFE
000380
000380
000380
000380
07FF80
1FFF80
1FFF80
3C0000
3C0000
3FFF80
1FFFC0
0FFFE0
0000E0
3800E0
3800E0
3E03E0
1FFFC0
0FFFC0
0FFFC0
1FC1C0
3FC1C0
39C1C0
01C1C0
01C1C0
01C1C0
0FFFC0
1FFFC0
3FFFC0
38C1C0
39C1C0
3FC1C0
1FC1C0
0F0000
ENDCHAR
STARTCHAR uni0921094D092E
ENCODING -1
SWIDTH 973 0
DWIDTH 41 0
BBX 41 27 0 0
BITMAP
FFFFFFFFFF80
FFFFFFFFFF80
FFFFFFFFFF80
000E00001C00
000E00001C00
000E00001C00
000E00001C00
07FFFFC01C00
0FFFFFE01C00
1FFFFFF01C00
3C0000701C00
3C0000701C00
3C0000701C00
3C0000701C00
1FF007FFFC00
1FFC1FFFFC00
07FE3FFFFC00
001E3C701C00
000F38701C00
380738701C00
38073C701C00
380F1FF01C00
3C0F1FE01C00
3E1E07C01C00
1FFE00001C00
0FFC00001C00
03F000001C00
ENDCHAR
STARTCHAR uni0921094D092F
ENCODING -1
SWIDTH 888 0
DWIDTH 37 0
BBX 38 27 0 0
BITMAP
FFFFFFFFFC
FFFFFFFFFC
FFFFFFFFFC
000E0001C0
000E0001C0
000E0001C0
000E0001C0
07FFFE01C0
0FFFFF81C0
1FFFFFC1C0
3C0003C1C0
3C0001C1C0
3C0001C1C0
3C0003C1C0
1FF007C1C0
1FFC3F81C0
07FE3F01C0
001E3C01C0
000F1C01C0
00071C03C0
38071E03C0
380F0F07C0
3C0F0FFFC0
3E1E07FDC0
1FFE01F9C0
0FFC0001C0
07F00001C0
ENDCHAR
STARTCHAR uni0921094D0935
ENCODING -1
SWIDTH 528 0
DWIDTH 22 0
BBX 23 35 0 -8
BITMAP
FFFFFE
FFFFFE
FFFFFE
000380
000380
000380
000380
07FF80
1FFF80
1FFF80
3C0000
3C0000
3FFF80
1FFFC0
0FFFE0
0000E0
3800E0
3800E0
3E03E0
1FFFC0
0FFF80
03FF80
000380
01F380
03FB80
07FF80
078780
0F0380
0F0380
0F0380
0F0380
078780
07FF80
03FB80
01F380
ENDCHAR
STARTCHAR uni0922094D0922
ENCODING -1
SWIDTH 470 0
DWIDTH 20 0
BBX 20 35 0 -8
BITMAP
FFFFF0
FFFFF0
FFFFF0
001C00
001C00
001C00
001C00
03FC00
0FFC00
1FFC00
3C0000
380000
387C00
39FE00
39FF00
3B8700
3B8700
3F8700
1F8700
1FFF00
0FFE00
1FF800
3E0000
3C0000
387C00
39FE00
39FF00
3B8700
3B8700
3B8700
3F8700
1F8F00
1FFE00
0FFC00
03F800
ENDCHAR
STARTCHAR uni0922094D0922094D092F
ENCODING -1
SWIDTH 926 0
DWIDTH 39 0
BBX 39 35 0 -8
BITMAP
FFFFFFFFFE
FFFFFFFFFE
FFFFFFFFFE
001C000070
001C000070
001C000070
001C000070
03FFFF8070
0FFFFFC070
1FFFFFE070
3C0001E070
380000F070
387C00F070
39FE00F070
39FF00E070
3B870FE070
3B870FC070
3F870F00F0
3F870F00F0
1FFF0F00F0
0FFE0781F0
1FF807C3F0
3E0003FF70
3C0001FF70
387C00FC70
39FE000070
39FF000070
3B87000000
3B87000000
3B87000000
3F87000000
1F8F000000
1FFE000000
0FFC000000
03F8000000
ENDCHAR
STARTCHAR uni0922094D0928
ENCODING -1
SWIDTH 470 0
DWIDTH 20 0
BBX 20 35 0 -8
BITMAP
FFFFF0
FFFFF0
FFFFF0
001C00
001C00
001C00
03FC00
0FFC00
1FFC00
3E0000
3C0000
387C00
39FE00
39FF00
3B8700
3B8700
3B8700
3F8700
1F8F00
1FFE00
0FFE00
03FE00
000E00
000E00
000E00
1FFE00
3FFE00
7FFE00
71CE00
71CE00
73CE00
7F8E00
3F8E00
1E0E00
000E00
ENDCHAR
STARTCHAR uni0922094D092F
ENCODING -1
SWIDTH 911 0
DWIDTH 38 0
BBX 39 27 0 0
BITMAP
FFFFFFFFFE
FFFFFFFFFE
FFFFFFFFFE
001C0000E0
001C0000E0
001C0000E0
001C0000E0
03FFFF00E0
0FFFFFC0E0
1FFFFFC0E0
3E0001E0E0
3C0000E0E0
380000E0E0
380000E0E0
387C01E0E0
39FE1FC0E0
39FF1F80E0
3BC71F00E0
3B871E00E0
3B870E01E0
3F870F01E0
1F8F0783E0
0FFE07FFE0
07FC03FEE0
01F800FCE0
00000000E0
00000000E0
ENDCHAR
STARTCHAR uni0922094D0935
ENCODING -1
SWIDTH 470 0
DWIDTH 20 0
BBX 20 35 0 -8
BITMAP
FFFFF0
FFFFF0
FFFFF0
001C00
001C00
001C00
03FC00
0FFC00
1FFC00
3E0000
3C0000
387C00
39FE00
39FF00
3B8700
3B8700
3B8700
3F8700
1F8F00
1FFE00
0FFE00
03FE00
000E00
07CE00
0FFE00
1FFE00
1E1E00
3C0E00
3C0E00
3C0E00
3C0E00
1E1E00
1FFE00
0FFE00
07CE00
ENDCHAR
STARTCHAR uni0923094D0930
ENCODING -1
SWIDTH 660 0
DWIDTH 28 0
BBX 28 27 0 0
BITMAP
FFFFFFF0
FFFFFFF0
FFFFFFF0
380E0780
380E0780
380E0780
380E0780
380E0780
380E0780
380E0780
380E0780
380E0780
380E0780
380E0780
380E0780
3C0E0780
3C0E0780
1E1E0F80
1FFC1F80
0FF83F80
03F07F80
0000F780
0001E780
0003C780
00078780
00060780
00040780
ENDCHAR
STARTCHAR uni0923094D0072
ENCODING -1
SWIDTH 449 0
DWIDTH 19 0
BBX 23 28 0 -1
BITMAP
FFFFF8
FFFFF8
FFFFF8
380E00
380E00
380E00
380E00
380E00
380E00
380E00
380E00
380E00
380E00
380E00
380E00
3C0E02
3C0E02
1E1E0E
1FFC1E
0FF83C
03F078
0000F0
0001E0
0003C0
000780
000700
000600
000400
ENDCHAR
STARTCHAR uni0924094D0924
ENCODING -1
SWIDTH 509 0
DWIDTH 21 0
BBX 22 27 0 0
BITMAP
FFFFFC
FFFFFC
FFFFFC
0001C0
0001C0
0001C0
0001C0
0001C0
7FFFC0
7FFFC0
7FFFC0
0F01C0
0E01C0
0E01C0
0E01C0
1E01C0
0E01C0
0E01C0
0E01C0
0F01C0
0F01C0
0701C0
0781C0
0381C0
03C1C0
01C1C0
01E1C0
ENDCHAR
STARTCHAR uni0924094D0924094D
ENCODING -1
SWIDTH 320 0
DWIDTH 13 0
BBX 18 27 0 0
BITMAP
FFFF80
FFFF80
FFFF80
000000
000000
000000
000000
000000
7FFFC0
7FFFC0
7FFFC0
0F0000
0E0000
0E0000
0E0000
1E0000
0E0000
0E0000
0E0000
0F0000
0F0000
070000
078000
038000
03C000
01C000
01E000
ENDCHAR
STARTCHAR uni0924094D0930
ENCODING -1
SWIDTH 444 0
DWIDTH 19 0
BBX 19 27 0 0
BITMAP
FFFFE0
FFFFE0
FFFFE0
000E00
000E00
000E00
000E00
000E00
1F8E00
3FCE00
3FEE00
21FE00
007E00
003E00
003E00
001E00
001E00
007E00
00FE00
03FE00
0FCE00
1F0E00
1E0E00
180E00
100E00
000E00
000E00
ENDCHAR
STARTCHAR uni0924094D0072
ENCODING -1
SWIDTH 219 0
DWIDTH 9 0
BBX 14 25 0 2
BITMAP
FFF8
FFF8
FFF8
0000
0000
0000
0000
0000
1F80
3FC0
3FE0
21F0
0078
0038
003C
001C
001C
007C
00F8
03F0
0FC0
1F00
1E00
1800
1000
ENDCHAR
STARTCHAR uni0925094D0930
ENCODING -1
SWIDTH 547 0
DWIDTH 23 0
BBX 21 27 2 0
BITMAP
1F1FF8
7F9FF8
FFDFF8
F1E1C0
E1E1C0
E0E1C0
00E1C0
00E1C0
01E1C0
01C1C0
03C1C0
0F81C0
7F01C0
7C03C0
3803C0
3C07C0
3E0FC0
1FFFC0
0FFFC0
03F9C0
01F1C0
03E1C0
0781C0
1F01C0
1E01C0
1801C0
1001C0
ENDCHAR
STARTCHAR uni0925094D0072
ENCODING -1
SWIDTH 339 0
DWIDTH 14 0
BBX 17 28 2 -1
BITMAP
1F0000
7F8000
FFC000
F1E000
E1E000
E0E000
E0E000
00E000
00E000
01E000
03C000
078000
7F8180
7E0380
380380
380380
3C0700
1FFF00
0FFE00
07FC00
00F000
03E000
07C000
0F0000
1E0000
1C0000
100000
200000
ENDCHAR
STARTCHAR uni0926094D0917
ENCODING -1
SWIDTH 508 0
DWIDTH 21 0
BBX 22 32 0 -5
BITMAP
FFFFFC
FFFFFC
FFFFFC
000380
000380
000380
000380
00FF80
03FF80
07FF80
078000
070000
0F0000
0E0000
0E0000
0F01C0
0F01C0
0701C0
0783E0
03FFE0
03FFE0
01FEE0
01C0F0
0FC070
3FC070
3FC070
39C078
71C038
79C038
3FC038
3F803C
0F0000
ENDCHAR
STARTCHAR uni0926094D09170941
ENCODING -1
SWIDTH 508 0
DWIDTH 21 0
BBX 25 40 0 -13
BITMAP
FFFFFC00
FFFFFC00
FFFFFC00
00038000
00038000
00038000
00038000
00FF8000
03FF8000
07FF8000
07800000
07000000
0F000000
0E000000
0E000000
0F01C000
0F01C000
0701E000
0783E000
03FFE000
03FFE000
01FEF000
01C0F000
0FC07000
3FC07000
3FC07000
79C07800
71C03800
79C03800
3FC03800
3F80FE00
0F00FF00
0000FF00
00000780
00020780
00030780
00038700
0003FF00
0001FE00
00007C00
ENDCHAR
STARTCHAR uni0926094D09170942
ENCODING -1
SWIDTH 508 0
DWIDTH 21 0
BBX 26 40 0 -13
BITMAP
FFFFFC00
FFFFFC00
FFFFFC00
00038000
00038000
00038000
00038000
00FF8000
03FF8000
07FF8000
07800000
07000000
0F000000
0E000000
0E000000
0F01C000
0F01C000
0701E000
0783E000
03FFE000
03FFE000
01FEF000
01C0F000
0FC07000
3FC07000
3FC07000
79C07800
71C03800
79C03800
3FC03800
3F80FE00
0F01FF00
0003FF80
00038780
00038380
00038380
0003C380
0001F3C0
0001F3C0
000073C0
ENDCHAR
STARTCHAR uni0926094D0917094D0930
ENCODING -1
SWIDTH 508 0
DWIDTH 21 0
BBX 22 36 0 -9
BITMAP
FFFFFC
FFFFFC
FFFFFC
000380
000380
000380
000380
00FF80
03FF80
07FF80
078000
070000
0F0000
0E0000
0E0000
0F01C0
0F01C0
0701C0
0783E0
03FFE0
03FFE0
01FEE0
01C070
0FC070
3FC0F0
3FC0F0
39C1F8
71C3B8
79C7B8
3FCF38
3F9E3C
0F1C00
001800
001000
001000
002000
ENDCHAR
STARTCHAR uni0926094D0918
ENCODING -1
SWIDTH 540 0
DWIDTH 23 0
BBX 23 28 0 -1
BITMAP
FFFFFE
FFFFFE
FFFFFE
0000E0
0000E0
0000E0
0000E0
003FE0
00FFE0
01FFE0
01E000
01C000
1FC000
7FC000
7FC070
F3C070
E1C078
E1E078
70FFF8
7E7FF8
3E3FBC
7E1C1C
701C1C
703C1C
70781E
7FF80E
3FF00E
0FC000
ENDCHAR
STARTCHAR uni0926094D09180941
ENCODING -1
SWIDTH 540 0
DWIDTH 23 0
BBX 27 37 0 -10
BITMAP
FFFFFE00
FFFFFE00
FFFFFE00
0000E000
0000E000
0000E000
0000E000
003FE000
00FFE000
01FFE000
01E00000
01C00000
1FC00000
7FC00000
7FC07000
F3C07000
E1C07800
E1E07800
70FFF800
7E7FF800
3E3FBC00
7E1C1C00
701C1C00
703C1C00
70781C00
7FF80E00
3FF01F00
0FC01F80
00001FC0
000001E0
000000E0
000080E0
0000C0E0
0000F1E0
0000FFC0
00003F80
00001F00
ENDCHAR
STARTCHAR uni0926094D09180942
ENCODING -1
SWIDTH 540 0
DWIDTH 23 0
BBX 28 37 0 -10
BITMAP
FFFFFE00
FFFFFE00
FFFFFE00
0000E000
0000E000
0000E000
0000E000
003FE000
00FFE000
01FFE000
01E00000
01C00000
1FC00000
7FC00000
7FC07000
F3C07000
E1C07800
E1E07800
70FFF800
7E7FF800
3E3FBC00
7E1C1C00
701C1C00
703C1C00
70781C00
7FF80E00
3FF03F00
0FC07FC0
00007FC0
0000F1E0
0000E0E0
0000E0E0
0000F0F0
0000F0F0
00007CF0
00003CF0
00001CF0
ENDCHAR
STARTCHAR uni0926094D0918094D092F
ENCODING -1
SWIDTH 1009 0
DWIDTH 42 0
BBX 43 28 0 -1
BITMAP
FFFFFFFFFFE0
FFFFFFFFFFE0
FFFFFFFFFFE0
0000E0000E00
0000E0000E00
0000E0000E00
0000E0000E00
003FFFF00E00
00FFFFFC0E00
01FFFFFE0E00
01E0001E0E00
01C0000E0E00
1FC0000E0E00
7FC0000E0E00
7FC0703E0E00
F3C071FC0E00
E1C079F80E00
E1E079E00E00
70FFF8E00E00
7E7FF8F01E00
3E3FBCF01E00
7E1C1C783E00
701C1C7FFE00
703C1C3FEE00
70781E0FCE00
7FF80E000E00
3FF00E000E00
0FC000000000
ENDCHAR
STARTCHAR uni0926094D0918094D0930
ENCODING -1
SWIDTH 540 0
DWIDTH 23 0
BBX 23 35 0 -8
BITMAP
FFFFFE
FFFFFE
FFFFFE
0000E0
0000E0
0000E0
0000E0
003FE0
00FFE0
01FFE0
01E000
01C000
1FC000
7FC000
7FC070
F3C070
E1C078
E1E078
70FFF8
7E7FF8
3E3FBC
7E1C1C
701C1C
703C1C
70781E
7FF80E
3FF00E
1FE000
078000
0F0000
1E0000
3C0000
380000
300000
200000
ENDCHAR
STARTCHAR uni0926094D0918094D0072092F
ENCODING -1
SWIDTH 1009 0
DWIDTH 42 0
BBX 43 35 0 -8
BITMAP
FFFFFFFFFFE0
FFFFFFFFFFE0
FFFFFFFFFFE0
0000E0000E00
0000E0000E00
0000E0000E00
0000E0000E00
003FFFF00E00
00FFFFFC0E00
01FFFFFE0E00
01E0001E0E00
01C0000E0E00
1FC0000E0E00
7FC0000E0E00
7FC0703E0E00
F3C071FC0E00
E1C079F80E00
E1E079E00E00
70FFF8E00E00
7E7FF8F01E00
3E3FBCF01E00
7E1C1C783E00
701C1C7FFE00
703C1C3FEE00
70781E0FCE00
7FF80E000E00
3FF00E000E00
1FE000000000
078000000000
0F0000000000
1E0000000000
3C0000000000
380000000000
300000000000
200000000000
ENDCHAR
STARTCHAR uni0926094D0926
ENCODING -1
SWIDTH 412 0
DWIDTH 17 0
BBX 18 30 0 -3
BITMAP
FFFFC0
FFFFC0
FFFFC0
003800
003800
003800
003800
07F800
1FF800
3FF800
3C0000
380000
380000
3C0000
1FC000
0FC000
1FC000
3C0000
380000
380000
380E00
380F00
380700
380700
3E0F00
1FFF00
0FFF80
03F380
000380
0003C0
ENDCHAR
STARTCHAR uni0926094D0926094D092F
ENCODING -1
SWIDTH 816 0
DWIDTH 34 0
BBX 35 30 0 -3
BITMAP
FFFFFFFFE0
FFFFFFFFE0
FFFFFFFFE0
0038000E00
0038000E00
0038000E00
003FF00E00
07FFFC0E00
1FFFFC0E00
3FF81E0E00
3C000E0E00
38000E0E00
38000E0E00
3C001E0E00
1FC03E0E00
0FC1FC0E00
1FC1F80E00
3C01E00E00
3800E00E00
3800E01E00
380EF01E00
380F783E00
38077FFE00
38073FEE00
3E0F0FCE00
1FFF000E00
0FFF800E00
03F3800E00
0003800000
0003C00000
ENDCHAR
STARTCHAR uni0926094D0926094D0935
ENCODING -1
SWIDTH 412 0
DWIDTH 17 0
BBX 19 35 0 -8
BITMAP
FFFFC0
FFFFC0
FFFFC0
003800
003800
003800
003800
07F800
1FF800
3FF800
3C0000
380000
380000
3C0000
1FC000
0FC000
1FC000
3C0000
380000
380000
380000
380E00
380F00
380700
3E0F00
1FFF00
0FFF80
1FF380
1C0380
3C0380
3C07C0
3E0FC0
1FFDC0
0FF9C0
07F1E0
ENDCHAR
STARTCHAR uni0926094D0927
ENCODING -1
SWIDTH 571 0
DWIDTH 24 0
BBX 24 28 0 -1
BITMAP
FFFFFF
FFFFFF
FFFFFF
000070
000070
000070
000070
000FF0
003FF0
007FF0
00F800
00E000
18E000
78E000
78E038
70E01C
F0F01C
70F83C
707FFC
3F3FFE
1F0FCE
3F0E0E
380E0E
381E0F
383C07
3FFC07
1FF807
07E000
ENDCHAR
STARTCHAR uni0926094D09270941
ENCODING -1
SWIDTH 571 0
DWIDTH 24 0
BBX 28 37 0 -10
BITMAP
FFFFFF00
FFFFFF00
FFFFFF00
00007000
00007000
00007000
00007000
000FF000
003FF000
007FF000
00F80000
00E00000
18E00000
78E00000
78E03800
70E01C00
F0F01C00
70F83C00
707FFC00
3F3FFE00
1F0FCE00
3F0E0E00
380E0E00
381E0F00
383C0700
3FFC0700
1FF80F80
07E00FE0
00000FE0
000000F0
00000070
00004070
00002070
000038F0
00003FE0
00001FE0
00000780
ENDCHAR
STARTCHAR uni0926094D09270942
ENCODING -1
SWIDTH 571 0
DWIDTH 24 0
BBX 29 37 0 -10
BITMAP
FFFFFF00
FFFFFF00
FFFFFF00
00007000
00007000
00007000
00007000
000FF000
003FF000
007FF000
00F80000
00E00000
18E00000
78E00000
78E03800
70E01C00
F0F01C00
70F83C00
707FFC00
3F3FFE00
1F0FCE00
3F0E0E00
380E0E00
381E0F00
383C0700
3FFC0700
1FF80F80
07E01FE0
00003FF0
00003870
00007878
00007878
00007838
00003C38
00003F38
00001F38
00000F38
ENDCHAR
STARTCHAR uni0926094D0927094D092F
ENCODING -1
SWIDTH 1030 0
DWIDTH 43 0
BBX 44 28 0 -1
BITMAP
FFFFFFFFFFF0
FFFFFFFFFFF0
FFFFFFFFFFF0
000070000700
000070000700
000070000700
000070000700
000FFFF80700
003FFFFE0700
007FFFFE0700
00F8000F0700
00E000070700
18E000070700
78E0000F0700
78E0381F0700
70E01CFE0700
F0F01CFC0700
70F83CF00700
707FFCF00700
3F3FFE700F00
1F0FCE780F00
3F0E0E3C1F00
380E0E3FFF00
381E0F1FF700
383C0707E700
3FFC07000700
1FF807000700
07E000000000
ENDCHAR
STARTCHAR uni0926094D0927094D0930
ENCODING -1
SWIDTH 571 0
DWIDTH 24 0
BBX 24 35 0 -8
BITMAP
FFFFFF
FFFFFF
FFFFFF
000070
000070
000070
000070
000FF0
003FF0
007FF0
00F800
00E000
18E000
78E000
78E038
70E01C
F0F01C
70F83C
707FFC
3F3FFE
1F0FCE
3F0E0E
380E0E
381E0F
383C07
3FFC07
1FF807
0FF000
03E000
078000
0F0000
1E0000
1C0000
180000
100000
ENDCHAR
STARTCHAR uni0926094D0927094D0072092F
ENCODING -1
SWIDTH 1030 0
DWIDTH 43 0
BBX 44 35 0 -8
BITMAP
FFFFFFFFFFF0
FFFFFFFFFFF0
FFFFFFFFFFF0
000070000700
000070000700
000070000700
000070000700
000FFFF80700
003FFFFE0700
007FFFFE0700
00F8000F0700
00E000070700
18E000070700
78E0000F0700
78E0381F0700
70E01CFE0700
F0F01CFC0700
70F83CF00700
707FFCF00700
3F3FFE700F00
1F0FCE780F00
3F0E0E3C1F00
380E0E3FFF00
381E0F1FF700
383C0707E700
3FFC07000700
1FF807000700
0FF000000000
03E000000000
078000000000
0F0000000000
1E0000000000
1C0000000000
180000000000
100000000000
ENDCHAR
STARTCHAR uni0926094D0928
ENCODING -1
SWIDTH 425 0
DWIDTH 18 0
BBX 18 34 0 -7
BITMAP
FFFFC0
FFFFC0
FFFFC0
001C00
001C00
001C00
001C00
07FC00
0FFC00
1FFC00
3C0000
380000
380000
380000
380E00
380F00
380700
3E0F00
1FFF00
0FFF00
03F380
000380
001F80
00FF80
07F9C0
0FC1C0
1FC1C0
39C000
38E000
38E000
39C000
3FC000
1FC000
0F0000
ENDCHAR
STARTCHAR uni0926094D09280941
ENCODING -1
SWIDTH 425 0
DWIDTH 18 0
BBX 22 37 0 -10
BITMAP
FFFFC0
FFFFC0
FFFFC0
001C00
001C00
001C00
001C00
07FC00
0FFC00
1FFC00
3C0000
380000
380000
380000
380E00
380F00
380700
3E0F00
1FFF00
0FFF00
03F380
000380
001F80
00FF80
07F9C0
0FE1C0
1FC3E0
39C3F0
38E3F8
38E43C
39C01C
3FD01C
1FD81C
0F1E3C
001FF8
0007F8
0001E0
ENDCHAR
STARTCHAR uni0926094D09280942
ENCODING -1
SWIDTH 425 0
DWIDTH 18 0
BBX 23 37 0 -10
BITMAP
FFFFC0
FFFFC0
FFFFC0
001C00
001C00
001C00
001C00
07FC00
0FFC00
1FFC00
3C0000
380000
380000
380000
380E00
380F00
380700
3E0F00
1FFF00
0FFF00
03F380
000380
001F80
00FF80
07F9C0
0FE1C0
1FC3E0
39C7F8
38EFFC
38EE3C
39DE1C
3FDC1E
1FDE1E
0F0E0E
000FCE
0007CE
0003CE
ENDCHAR
STARTCHAR uni0926094D092C
ENCODING -1
SWIDTH 433 0
DWIDTH 18 0
BBX 19 28 0 -1
BITMAP
FFFFE0
FFFFE0
FFFFE0
001C00
001C00
001C00
001C00
07FC00
1FFC00
1FFC00
3C0000
380000
380000
380E00
380E00
380700
3C0F00
1FFF00
0FFF00
1FF380
1FC380
3CC380
3C6380
3C37C0
3E1FC0
1FFDC0
0FF9C0
07E1E0
ENDCHAR
STARTCHAR uni0926094D092C0941
ENCODING -1
SWIDTH 433 0
DWIDTH 18 0
BBX 22 37 0 -10
BITMAP
FFFFE0
FFFFE0
FFFFE0
001C00
001C00
001C00
001C00
07FC00
1FFC00
1FFC00
3C0000
380000
380000
380E00
380E00
380700
3C0F00
1FFF00
0FFF00
1FF380
1FC380
3CC380
3C6380
3C37C0
3E1FC0
1FFDC0
0FF9E0
07E3F8
0003FC
00023C
00001C
00081C
000C1C
000E3C
000FFC
0007F8
0001E0
ENDCHAR
STARTCHAR uni0926094D092C0942
ENCODING -1
SWIDTH 433 0
DWIDTH 18 0
BBX 23 37 0 -10
BITMAP
FFFFE0
FFFFE0
FFFFE0
001C00
001C00
001C00
001C00
07FC00
1FFC00
1FFC00
3C0000
380000
380000
380E00
380E00
380700
3C0F00
1FFF00
0FFF00
1FF380
1FC380
3CC380
3C6380
3C37C0
3E1FC0
1FFDC0
0FF9F0
07E7F8
000FFC
000F3C
000E1E
000E0E
000E0E
000F0E
000FCE
0007CE
0003CE
ENDCHAR
STARTCHAR uni0926094D092C094D0930
ENCODING -1
SWIDTH 433 0
DWIDTH 18 0
BBX 19 33 0 -6
BITMAP
FFFFE0
FFFFE0
FFFFE0
001C00
001C00
001C00
001C00
07FC00
1FFC00
1FFC00
3C0000
380000
380000
380E00
380E00
380700
3C0F00
1FFF00
0FFF00
1FF380
1F8380
3DC380
3CE780
3C77C0
1FBFC0
1FFDC0
07F9E0
01E000
03C000
0F8000
0F0000
0C0000
080000
ENDCHAR
STARTCHAR uni0926094D092D
ENCODING -1
SWIDTH 658 0
DWIDTH 28 0
BBX 28 30 0 -3
BITMAP
FFFFFFF0
FFFFFFF0
FFFFFFF0
00000700
00000700
00000700
00000700
0000FF00
0003FF00
0007FF00
000F8000
000F0000
000E0000
1E0E0000
3F9E0000
3F9E0000
739E0000
719E0000
018E0380
018E0380
018F01C0
018783C0
1FFFFFC0
3FFFFFC0
7FFFFCE0
718000E0
738000E0
7F800000
3F800000
1E000000
ENDCHAR
STARTCHAR uni0926094D092E
ENCODING -1
SWIDTH 607 0
DWIDTH 26 0
BBX 26 29 0 -2
BITMAP
FFFFFFC0
FFFFFFC0
FFFFFFC0
00701C00
00701C00
00701C00
00701C00
0FF01C00
1FF01C00
3FF01C00
78001C00
78001C00
78001C00
78001C00
3FFC1C00
1FFC1C00
0FFC1C00
001C1C00
001C1C00
001C1C00
00FFFC00
03FFFC00
03FFFC00
039C1C00
071C1C00
039C1C00
03FC1C00
03F81C00
00F01C00
ENDCHAR
STARTCHAR uni0926094D092E094D
ENCODING -1
SWIDTH 379 0
DWIDTH 16 0
BBX 24 28 0 -1
BITMAP
FFFFF8
FFFFF8
FFFFF8
007000
007000
007000
007000
0FF000
1FF000
3FF000
780000
780000
780000
780000
3FFC00
1FFC00
0FFC00
001C00
001C00
00FFFF
03FFFF
03FFFF
039C00
071C00
039C00
03FC00
03F800
00F000
ENDCHAR
STARTCHAR uni0926094D092F
ENCODING -1
SWIDTH 587 0
DWIDTH 25 0
BBX 25 27 0 0
BITMAP
FFFFFF80
FFFFFF80
FFFFFF80
00383800
00383800
00383800
00383800
07F83800
1FF83800
3FF83800
3C003800
38003800
38003800
3C003800
1FF03800
0FF03800
0FF03800
1F003800
1C003800
1C003800
1C007800
1C00F800
1F03F800
0FFFF800
07FFB800
01FC3800
00003800
ENDCHAR
STARTCHAR uni0926094D092F094D
ENCODING -1
SWIDTH 368 0
DWIDTH 15 0
BBX 21 26 0 1
BITMAP
FFFF80
FFFF80
FFFF80
003800
003800
003800
003800
07F800
1FF800
3FF800
3C0000
380000
380000
3C0000
1FF000
0FF000
0FF000
1F0038
1C0038
1C0038
1C0078
1C00F0
1F03E0
0FFFE0
07FF80
01FC00
ENDCHAR
STARTCHAR uni0926094D0930
ENCODING -1
SWIDTH 422 0
DWIDTH 18 0
BBX 18 28 0 -1
BITMAP
FFFFC0
FFFFC0
FFFFC0
001C00
001C00
001C00
001C00
03FC00
0FFC00
1FFC00
3E0000
380000
380000
380000
380000
380E00
380F00
380700
3E0F00
1FFF00
0FFF00
01F380
03E380
0F8380
1F0380
1C01C0
1801C0
200000
ENDCHAR
STARTCHAR uni0926094D09300941
ENCODING -1
SWIDTH 422 0
DWIDTH 18 0
BBX 21 37 0 -10
BITMAP
FFFFC0
FFFFC0
FFFFC0
001C00
001C00
001C00
001C00
03FC00
0FFC00
1FFC00
3E0000
3C0000
380000
380000
380000
380E00
380F00
380700
3C0F00
1FFF00
0FFF00
03F380
03E380
078380
1F0380
1E03C0
1803C0
1007E0
0007F0
000878
000038
002038
003038
003C78
003FF0
000FF0
0003C0
ENDCHAR
STARTCHAR uni0926094D09300942
ENCODING -1
SWIDTH 422 0
DWIDTH 18 0
BBX 22 37 0 -10
BITMAP
FFFFC0
FFFFC0
FFFFC0
001C00
001C00
001C00
001C00
03FC00
0FFC00
1FFC00
3E0000
3C0000
380000
380000
380000
380E00
380F00
380700
3C0F00
1FFF00
0FFF00
03F380
03E380
0F8380
1F0380
1C03C0
1807C0
100FF0
001FF8
001C78
003C38
00383C
003C3C
001C1C
001F9C
000F9C
00079C
ENDCHAR
STARTCHAR uni0926094D0935
ENCODING -1
SWIDTH 433 0
DWIDTH 18 0
BBX 19 28 0 -1
BITMAP
FFFFE0
FFFFE0
FFFFE0
001C00
001C00
001C00
001C00
07FC00
1FFC00
1FFC00
3C0000
380000
380000
380E00
380E00
380700
3C0F00
1FFF00
0FFF00
1FF380
1E0380
3C0380
3C0780
3C07C0
3E0FC0
1FFDC0
0FF9C0
07E1E0
ENDCHAR
STARTCHAR uni0926094D09350941
ENCODING -1
SWIDTH 433 0
DWIDTH 18 0
BBX 22 37 0 -10
BITMAP
FFFFE0
FFFFE0
FFFFE0
001C00
001C00
001C00
001C00
07FC00
1FFC00
1FFC00
3C0000
380000
380000
380E00
380E00
380700
3C0F00
1FFF00
0FFF00
1FF380
1E0380
3C0380
3C0780
3C07C0
3E0FC0
1FFDC0
0FF9E0
07E3F8
0003FC
00023C
00001C
00101C
00081C
000E3C
000FFC
0007F8
0001E0
ENDCHAR
STARTCHAR uni0926094D09350942
ENCODING -1
SWIDTH 433 0
DWIDTH 18 0
BBX 23 37 0 -10
BITMAP
FFFFE0
FFFFE0
FFFFE0
001C00
001C00
001C00
001C00
07FC00
1FFC00
1FFC00
3C0000
380000
380000
380E00
380E00
380700
3C0F00
1FFF00
0FFF00
1FF380
1E0380
3C0380
3C0780
3C07C0
3E0FC0
1FFDC0
0FF9E0
07E7F8
000FFC
000F3C
000E1E
000E1E
000E0E
000F0E
000FCE
0007CE
0003CE
ENDCHAR
STARTCHAR uni0926094D0935094D0930
ENCODING -1
SWIDTH 433 0
DWIDTH 18 0
BBX 19 33 0 -6
BITMAP
FFFFE0
FFFFE0
FFFFE0
001C00
001C00
001C00
001C00
07FC00
1FFC00
1FFC00
3C0000
380000
380000
380E00
380E00
380700
3C0F00
1FFF00
0FFF00
1FF380
1C0380
3C0380
3C0780
3C07C0
1FFFC0
1FFDC0
07F9E0
01E000
03C000
0F8000
0F0000
0C0000
080000
ENDCHAR
STARTCHAR uni0926094D0943
ENCODING -1
SWIDTH 433 0
DWIDTH 18 0
BBX 19 35 0 -8
BITMAP
FFFFE0
FFFFE0
FFFFE0
001C00
001C00
001C00
001C00
07FC00
1FFC00
1FFC00
3C0000
380000
380000
380E00
380E00
380700
3C0F00
1FFF00
0FFF00
07F380
000380
000380
000380
0001C0
000FC0
003FC0
007FE0
007800
007000
00F000
007000
007840
007FC0
003FC0
000F80
ENDCHAR
STARTCHAR uni0927094D0930
ENCODING -1
SWIDTH 504 0
DWIDTH 21 0
BBX 20 27 2 0
BITMAP
3E3FF0
7F3FF0
FFBFF0
F38700
E38700
E00700
E00700
700700
3F8700
1F8700
7F8700
780700
E00700
E00700
E00700
E00F00
F01F00
7C3F00
7FFF00
1FF700
03C700
0F8700
1F0700
3C0700
780700
700700
400700
ENDCHAR
STARTCHAR uni0927094D0072
ENCODING -1
SWIDTH 315 0
DWIDTH 13 0
BBX 17 28 2 -1
BITMAP
3E0000
7F0000
FF8000
F38000
E38000
E00000
E00000
F00000
780000
3F8000
3F8000
7F8000
F00380
E00380
E00700
E00700
E00700
F00E00
7FFE00
3FF800
1FF000
03E000
0F8000
1F0000
7C0000
780000
600000
400000
ENDCHAR
STARTCHAR uni0928094D0928
ENCODING -1
SWIDTH 538 0
DWIDTH 23 0
BBX 23 30 0 -3
BITMAP
FFFFFE
FFFFFE
FFFFFE
0000E0
0000E0
0000E0
0000E0
1E00E0
3F80E0
7FE0E0
71F0E0
71FCE0
73BFE0
7F9FE0
3F07E0
1E03E0
0001E0
0007E0
001FE0
007EE0
01F8E0
03E0E0
0FC0E0
1FE0E0
1CE0E0
1C60E0
1CE0E0
1FE000
0FE000
078000
ENDCHAR
STARTCHAR uni0928094D0928094D
ENCODING -1
SWIDTH 310 0
DWIDTH 13 0
BBX 17 30 0 -3
BITMAP
FFFF80
FFFF80
FFFF80
000000
000000
000000
000000
1E0000
3F8000
7FE000
71F000
71FC00
73BE00
7F9F80
3F0780
1E0380
000180
000780
001F80
007E00
01F800
03E000
0FC000
1FE000
1CE000
1C6000
1CE000
1FE000
0FE000
078000
ENDCHAR
STARTCHAR uni0928094D0930
ENCODING -1
SWIDTH 506 0
DWIDTH 21 0
BBX 22 27 0 0
BITMAP
FFFFFC
FFFFFC
FFFFFC
0001C0
0001C0
0001C0
0001C0
0001C0
0001C0
0001C0
1FFFC0
7FFFC0
7FFFC0
F1E1C0
E1E1C0
E1C1C0
F1C1C0
7FC3C0
3F87C0
1F0FC0
001FC0
003DC0
00F9C0
01F1C0
01E1C0
0181C0
0101C0
ENDCHAR
STARTCHAR uni0928094D0072
ENCODING -1
SWIDTH 289 0
DWIDTH 12 0
BBX 17 27 0 0
BITMAP
FFFE00
FFFE00
FFFE00
000000
000000
000000
000000
000000
000000
000000
1FFF00
7FFF00
7FFF00
F1E000
E1E000
E1C080
F1C180
7FC380
3F8780
1F0F00
001E00
003C00
00F800
01F000
01C000
018000
010000
ENDCHAR
STARTCHAR uni092A094D0924
ENCODING -1
SWIDTH 475 0
DWIDTH 20 0
BBX 20 27 0 0
BITMAP
FFFFF0
FFFFF0
FFFFF0
1C0780
1C0780
1C0780
1C0780
1C0780
1C0780
1C0780
1C0780
1E0780
0F0780
0FFF80
0FFF80
0FFF80
1E0780
1E0780
1C0780
1C0780
1E0780
0E0780
0E0780
0F0780
070780
078780
03C780
ENDCHAR
STARTCHAR uni092A094D0928
ENCODING -1
SWIDTH 460 0
DWIDTH 19 0
BBX 20 30 0 -3
BITMAP
FFFFF0
FFFFF0
FFFFF0
1C0700
1C0700
1C0700
1C0700
1C0700
1C0700
1C0700
1C0700
1C0700
1C0700
1C0700
1E0700
1E0F00
0F9F00
0FFF00
07F700
07E700
0F8700
3E0700
7E0700
FF0700
E70700
C70700
E70700
FF0000
7E0000
3C0000
ENDCHAR
STARTCHAR uni092A094D0928094D
ENCODING -1
SWIDTH 259 0
DWIDTH 11 0
BBX 16 31 0 -4
BITMAP
FFFE
FFFE
FFFE
1C00
1C00
1C00
1C00
1C00
1C00
1C00
1C00
1C07
1C07
1C07
1E07
1E07
0F9E
0FFE
07FC
00F0
03E0
07C0
0F00
1F80
3BC0
71C0
71C0
79C0
3FC0
3F80
1F00
ENDCHAR
STARTCHAR uni092A094D0930
ENCODING -1
SWIDTH 439 0
DWIDTH 18 0
BBX 19 27 0 0
BITMAP
FFFFE0
FFFFE0
FFFFE0
380E00
380E00
380E00
380E00
380E00
380E00
380E00
380E00
380E00
380E00
380E00
3C0E00
3C1E00
1F3E00
1FFE00
0FFE00
03EE00
03CE00
078E00
0F0E00
1E0E00
1C0E00
180E00
100E00
ENDCHAR
STARTCHAR uni092A094D0932
ENCODING -1
SWIDTH 894 0
DWIDTH 38 0
BBX 38 27 0 0
BITMAP
FFFFFFFFFC
FFFFFFFFFC
FFFFFFFFFC
3C000001C0
3C000001C0
3C000001C0
3C000001C0
3C000001C0
3C00F83DC0
3C03FC7FC0
3C03FEFFC0
3C078EC3C0
3C0707C1C0
3C0F0781C0
3C0F0381C0
3C0F0381C0
3C0F0381C0
1E1E0381C0
1FFF0381C0
0FFF0001C0
03F70001C0
00070001C0
00078001C0
0003E001C0
0001FE01C0
0000FE01C0
00003E01C0
ENDCHAR
STARTCHAR uni092A094D0072
ENCODING -1
SWIDTH 241 0
DWIDTH 10 0
BBX 15 27 0 0
BITMAP
FFF8
FFF8
FFF8
3800
3800
3800
3800
3800
3800
3800
3800
3806
3806
3806
3C0E
1C0E
1FFE
0FFC
07F8
00F0
03E0
0780
0F00
1E00
1C00
1800
1000
ENDCHAR
STARTCHAR uni092B094D0930
ENCODING -1
SWIDTH 652 0
DWIDTH 27 0
BBX 28 27 0 0
BITMAP
FFFFFFF0
FFFFFFF0
FFFFFFF0
380E0000
380E0000
380E0000
380E0000
380E7C00
380EFF00
380FFF80
380F8780
380F0380
380E03C0
380E03C0
3C0E03C0
3C0E01C0
1E1E03C0
1FFE03C0
0FFE0380
07EE0780
03CE3F00
078E3F00
0F0E3C00
1E0E0000
1C0E0000
180E0000
100E0000
ENDCHAR
STARTCHAR uni092B094D0932
ENCODING -1
SWIDTH 1137 0
DWIDTH 48 0
BBX 48 27 0 0
BITMAP
FFFFFFFFFFFF
FFFFFFFFFFFF
FFFFFFFFFFFF
3C0E00000078
3C0E00000078
3C0E00000078
3C0E00000078
3C0E7C000078
3C0EFE3E0F78
3C0FFF7F1FF8
3C0F87FFBFF8
3C0F03E3B8F8
3C0E03C1F078
3C0E03C0E078
3C0E01C0E078
3C0E03C0E078
3C0E03C0E078
1E1E03C0E078
1FFE03C0E078
0FFE01C00078
07EE01C00078
000E01E00078
000E01F00078
000E00F80078
000E007F8078
000E003F8078
000E000F8078
ENDCHAR
STARTCHAR uni092B094D0072
ENCODING -1
SWIDTH 479 0
DWIDTH 20 0
BBX 25 27 0 0
BITMAP
FFFFFE00
FFFFFE00
FFFFFE00
380E0000
380E0000
380E0000
380E0000
380E7C00
380EFE00
380FFF00
380F8700
380F0380
380E0380
380E0380
3C0E0380
3C0E0380
1E1E0000
1FFE0000
0FFE0000
07EE0000
03CE0000
078E0000
0F0E0000
1E0E0000
1C0E0000
180E0000
100E0000
ENDCHAR
STARTCHAR uni092C094D0930
ENCODING -1
SWIDTH 445 0
DWIDTH 19 0
BBX 19 27 0 0
BITMAP
FFFFE0
FFFFE0
FFFFE0
000F00
000F00
000F00
07CF00
1FFF00
3FFF00
3E3F00
7B0F00
730F00
718F00
718F00
70CF00
70CF00
786F00
787F00
3FFF00
1FFF00
0FEF00
07CF00
0F8F00
3E0F00
3C0F00
300F00
200F00
ENDCHAR
STARTCHAR uni092C094D0072
ENCODING -1
SWIDTH 230 0
DWIDTH 10 0
BBX 14 28 -1 -1
BITMAP
FFFC
FFFC
FFFC
0000
0000
0000
03F0
0FFC
1FFC
1F0C
3F84
3984
39C0
38C0
3860
3860
3834
3C34
1FFC
0FFC
07F8
01F0
07C0
0F80
1E00
1C00
1000
2000
ENDCHAR
STARTCHAR uni092D094D0930
ENCODING -1
SWIDTH 589 0
DWIDTH 25 0
BBX 23 27 2 0
BITMAP
1F07FE
7F87FE
FFC7FE
F1C0F0
E1C0F0
E1C0F0
E1C0F0
01C0F0
01C0F0
01C0F0
01C0F0
1FFFF0
3FFFF0
7FFFF0
F1C0F0
E1C0F0
E1C0F0
E1C0F0
F1C1F0
7FC3F0
3F87F0
1F1FF0
003CF0
0078F0
0070F0
0060F0
0040F0
ENDCHAR
STARTCHAR uni092D094D0072
ENCODING -1
SWIDTH 361 0
DWIDTH 15 0
BBX 19 28 2 -1
BITMAP
1F0000
7F8000
7FC000
F1C000
E1C000
E1C000
E1C000
01C000
01C000
01C000
01C000
01C000
1FFF80
7FFF80
7FFF80
F1C000
E1C020
E1C060
F1C1E0
7FC3C0
3F8780
1F0F00
001E00
007800
007000
006000
004000
008000
ENDCHAR
STARTCHAR uni092E094D0930
ENCODING -1
SWIDTH 562 0
DWIDTH 24 0
BBX 24 27 0 0
BITMAP
FFFFFF
FFFFFF
FFFFFF
00E070
00E070
00E070
00E070
00E070
00E070
00E070
00E070
1FFFF0
3FFFF0
7FFFF0
78E070
70E070
70E070
70E070
79E0F0
7FC3F0
3FC7F0
0F0F70
001E70
003C70
003870
003070
002070
ENDCHAR
STARTCHAR uni092E094D0072
ENCODING -1
SWIDTH 364 0
DWIDTH 15 0
BBX 19 28 0 -1
BITMAP
FFFFC0
FFFFC0
FFFFC0
00E000
00E000
00E000
00E000
00E000
00E000
00E000
00E000
1FFFE0
3FFFE0
7FFFE0
78E000
70E020
70E020
70E060
79E0E0
7FC1E0
3FC7C0
0F0F00
001E00
003C00
003800
003000
002000
004000
ENDCHAR
STARTCHAR uni092F094D0930
ENCODING -1
SWIDTH 491 0
DWIDTH 21 0
BBX 21 27 0 0
BITMAP
FFFFF8
FFFFF8
FFFFF8
070380
038380
03C380
03C380
01C380
03C380
03C380
0F8380
3F0380
3E0380
380380
380380
3C0380
1C0780
1F0F80
0FFF80
07FB80
01F380
03C380
0F8380
1F0380
3C0380
380380
300380
ENDCHAR
STARTCHAR uni092F094D0072
ENCODING -1
SWIDTH 263 0
DWIDTH 11 0
BBX 17 28 0 -1
BITMAP
FFFE00
FFFE00
FFFE00
070000
038000
03C000
03C000
01C000
03C000
03C000
078000
3F0000
3E0000
380380
380380
3C0380
1C0780
1F0F00
0FFE00
03FC00
00F000
03E000
07C000
1F0000
3E0000
380000
300000
200000
ENDCHAR
STARTCHAR uni09300941
ENCODING -1
SWIDTH 531 0
DWIDTH 22 0
BBX 23 27 0 0
BITMAP
FFFFFE
FFFFFE
FFFFFE
00E000
00E000
00E000
00E7C0
00FFE0
00FFF0
00F878
00F038
01E038
03C038
3FC038
3F8038
3F0038
380038
1C0038
1C0078
0E03F0
0E03E0
0F03C0
070000
078000
038000
03C000
01C000
ENDCHAR
STARTCHAR uni09300942
ENCODING -1
SWIDTH 539 0
DWIDTH 23 0
BBX 23 27 0 0
BITMAP
FFFFFE
FFFFFE
FFFFFE
00E000
00E000
00E000
00FF80
00FFE0
00FFF0
00F0F8
00E03C
01E03C
03E01C
3FF11E
3FFF0E
3E7F0E
381F0E
1C0000
1C0000
0E0000
0E0000
0F0000
070000
078000
038000
03C000
01C000
ENDCHAR
STARTCHAR uni0932094D0930
ENCODING -1
SWIDTH 634 0
DWIDTH 27 0
BBX 27 27 0 0
BITMAP
FFFFFFE0
FFFFFFE0
FFFFFFE0
00000E00
00000E00
00000E00
00000E00
00000E00
07C1EE00
0FE3FE00
1FF7FE00
3C771E00
383E0E00
381C0E00
781C0E00
781C0E00
781C0E00
781C0E00
78001E00
78007E00
7800FE00
3801EE00
3C03CE00
3E078E00
1F870E00
0F860E00
07840E00
ENDCHAR
STARTCHAR uni0932094D0932
ENCODING -1
SWIDTH 1081 0
DWIDTH 45 0
BBX 46 27 0 0
BITMAP
FFFFFFFFFFFC
FFFFFFFFFFFC
FFFFFFFFFFFC
0000000001C0
0000000001C0
0000000001C0
0000000001C0
0000000001C0
07C1F0F03DC0
0FE3FBFC7FC0
1FF7FFFCFFC0
3C771F8FC3C0
383E0F0783C0
381C0F0781C0
781C0E0781C0
781C0E0381C0
781C0E0381C0
781C0E0381C0
781C0E0381C0
78000F0001C0
38000F0001C0
3C00070001C0
3C00078001C0
1F0003E001C0
0FF003FE01C0
07F000FE01C0
01F0003E01C0
ENDCHAR
STARTCHAR uni0932094D0072
ENCODING -1
SWIDTH 426 0
DWIDTH 18 0
BBX 23 27 0 0
BITMAP
FFFFF8
FFFFF8
FFFFF8
000000
000000
000000
000000
000000
07C1F0
0FE3F8
1FF7FC
3C771C
383E0C
381C0E
781C0E
781C02
781C06
781C0E
78001E
780078
7800F0
3801E0
3C03C0
3E0780
1F8700
0F8600
078400
ENDCHAR
STARTCHAR uni0933094D092F
ENCODING -1
SWIDTH 1145 0
DWIDTH 48 0
BBX 49 27 0 0
BITMAP
FFFFFFFFFFFF80
FFFFFFFFFFFF80
FFFFFFFFFFFF80
00000000003800
00000000003800
00000000003800
00000000003800
03C07FFFC03800
0FF0FFFFF03800
1FF9FFFFF83800
3C3BC780783800
3C1F83C0383800
381F01C0783800
780F01C1F03800
780F01C7F03800
780F01E7C03800
780F01C7803800
780F01C3807800
780F01C3C07800
381F81C3E1F800
3C1F83C1FFF800
3C39C780FFB800
1FF9FF803F3800
0FF0FF00003800
07E07C00003800
00000000003800
00000000003800
ENDCHAR
STARTCHAR uni0935094D0930
ENCODING -1
SWIDTH 424 0
DWIDTH 18 0
BBX 18 27 0 0
BITMAP
FFFFC0
FFFFC0
FFFFC0
001E00
001E00
001E00
0FDE00
1FFE00
3FFE00
3C3E00
781E00
701E00
701E00
701E00
701E00
701E00
781E00
783E00
3FFE00
1FFE00
0FDE00
0F9E00
1F1E00
3C1E00
781E00
701E00
401E00
ENDCHAR
STARTCHAR uni0935094D0072
ENCODING -1
SWIDTH 206 0
DWIDTH 9 0
BBX 12 28 0 -1
BITMAP
FFF0
FFF0
FFF0
0000
0000
0000
0FC0
1FF0
3FF0
7C30
7810
7000
7000
7000
7000
7000
7800
7810
3FF0
1FF0
0FE0
07C0
1F00
3E00
7800
7000
4000
8000
ENDCHAR
STARTCHAR uni0936094D090B
ENCODING -1
SWIDTH 545 0
DWIDTH 23 0
BBX 23 35 0 -8
BITMAP
07C3FE
1FE3FE
3FF3FE
3CF0F0
3870F0
7878F0
7878F0
3878F0
3870F0
3C70F0
1EF0F0
0FE0F0
07E0F0
0FFFF0
FFFFF0
FE1FF0
F800F0
0000F0
0000F0
0000F0
0000F0
0000F0
0000F0
0000F0
0000F0
0003F0
0007F0
000780
000F00
000F00
000F00
000784
0007F8
0003F8
0000F8
ENDCHAR
STARTCHAR uni0936094D091A
ENCODING -1
SWIDTH 579 0
DWIDTH 24 0
BBX 22 29 3 -2
BITMAP
1F0FFC
3F8FFC
7FCFFC
F1E1C0
E0E1C0
E0E1C0
E0E1C0
F0E1C0
70E1C0
7DC1C0
3FFFC0
1FFFC0
0FFFC0
FF01C0
FC01C0
F001C0
0001C0
0001C0
FFC1C0
FFC1C0
FFC3C0
1E03C0
3C03C0
3C07C0
3C0FC0
3C1FC0
1FFDC0
0FF9C0
07E1C0
ENDCHAR
STARTCHAR uni0936094D091A094D
ENCODING -1
SWIDTH 363 0
DWIDTH 15 0
BBX 18 29 3 -2
BITMAP
1F0000
3F8000
7FC000
F1E000
E0E000
E0E000
E0E000
E0E000
F0E000
78E000
3FC080
1FFF80
0FFF80
FFFE00
FE0000
F00000
0001C0
000180
FFC180
FFC180
FFC380
1E0380
3C0380
3C0700
3C0F00
3C1E00
1FFC00
0FF800
07E000
ENDCHAR
STARTCHAR uni0936094D0928
ENCODING -1
SWIDTH 545 0
DWIDTH 23 0
BBX 23 31 0 -4
BITMAP
07C3FE
1FE3FE
3FF3FE
3CF0F0
3870F0
7878F0
7878F0
3878F0
3870F0
3C70F0
1EF0F0
0FE0F0
07E0F0
0FFFF0
FFFFF0
FE1FF0
F800F0
0000F0
0001F0
0007F0
001FF0
007EF0
01F8F0
03E0F0
07F0F0
0E38F0
0E38F0
0E3800
0FF000
07F000
03E000
ENDCHAR
STARTCHAR uni0936094D0928094D
ENCODING -1
SWIDTH 337 0
DWIDTH 14 0
BBX 19 32 0 -5
BITMAP
07C000
1FE000
3FF000
3CF000
387000
787800
787800
387800
387000
3C7000
1EF000
0FE000
07E000
0FFFE0
FFFFE0
FE1FE0
F00020
000060
0001E0
0007E0
001F80
003E00
00FC00
03F000
07F000
0F7000
0E3800
0E3800
0E7800
0FF000
07F000
03C000
ENDCHAR
STARTCHAR uni0936094D0930
ENCODING -1
SWIDTH 545 0
DWIDTH 23 0
BBX 23 27 0 0
BITMAP
07C3FE
1FE3FE
3FF3FE
3CF0F0
3870F0
7878F0
7878F0
3878F0
3870F0
3C70F0
1EF0F0
0FE0F0
07E0F0
0FFFF0
FFFFF0
FE1FF0
F800F0
0000F0
0003F0
000FF0
003FF0
00FEF0
03F8F0
0FE0F0
0F80F0
0E00F0
0800F0
ENDCHAR
STARTCHAR uni0936094D0932
ENCODING -1
SWIDTH 597 0
DWIDTH 25 0
BBX 25 31 1 -4
BITMAP
0F83FF80
1FE3FF80
3FF3FF80
38F03800
78703800
70703800
78703800
78703800
3C703800
3F703800
1FFFF800
07FFF800
07FFF800
FF803800
FF003800
F8003800
00003800
1F07F800
3F8FF800
7FDFF800
78F87800
F0787800
F0703800
F0703800
F0703800
F0003800
70003800
78000000
7E000000
3E000000
0E000000
ENDCHAR
STARTCHAR uni0936094D0932094D
ENCODING -1
SWIDTH 358 0
DWIDTH 15 0
BBX 19 32 1 -5
BITMAP
0F8000
1FE000
3FF000
38F000
787000
707000
707000
787000
387000
3C7000
1F7020
0FFFE0
03FFE0
FFFF00
FF8000
FC0000
000000
000000
1F07E0
3F8FE0
7FDFE0
78FC00
F07800
F07000
F07000
F07000
F00000
700000
780000
7E0000
3E0000
0E0000
ENDCHAR
STARTCHAR uni0936094D0935
ENCODING -1
SWIDTH 545 0
DWIDTH 23 0
BBX 23 27 0 0
BITMAP
0FC3FE
1FE3FE
3FF3FE
3C70F0
7878F0
7878F0
3878F0
3C70F0
3E70F0
1FF0F0
07FFF0
03FFF0
0FFFF0
FF80F0
FE3EF0
F07FF0
00FFF0
01E1F0
01E0F0
01C0F0
01C0F0
01C0F0
01E0F0
01E1F0
00FFF0
007FF0
003EF0
ENDCHAR
STARTCHAR uni0936094D0935094D
ENCODING -1
SWIDTH 327 0
DWIDTH 14 0
BBX 18 27 0 0
BITMAP
0FC000
1FE000
3FF000
3C7000
787000
787800
787800
387800
3C7000
1F7000
0FF000
07FFC0
07FFC0
FF8FC0
FE0000
F83F80
00FFC0
00FFC0
01E040
01C000
01C000
01C000
01E000
01E040
00FFC0
007FC0
003F80
ENDCHAR
STARTCHAR uni0936094D0072
ENCODING -1
SWIDTH 317 0
DWIDTH 13 0
BBX 19 28 0 -1
BITMAP
07C000
1FE000
3FF000
3CF000
387000
787800
787800
387800
387000
3C7000
1EF000
0FE000
07E000
0FFFC0
FFFFC0
FE1FC0
F80020
0000E0
0003E0
0007C0
001F00
007E00
01F800
07E000
0F8000
0F0000
0C0000
100000
ENDCHAR
STARTCHAR uni0937094D091F
ENCODING -1
SWIDTH 475 0
DWIDTH 20 0
BBX 20 27 0 0
BITMAP
FFFFF0
FFFFF0
FFFFF0
1E0780
1F0780
1D8780
1DC780
1CC780
1C6780
1C3780
1C1F80
1C1F80
1E0F80
0F0780
0FFF80
07FF80
0FFF80
1E0000
1C0000
1C0000
1C00E0
1C00E0
1E01E0
1F03C0
0FFF80
07FF00
01FC00
ENDCHAR
STARTCHAR uni0937094D091F094D092F
ENCODING -1
SWIDTH 941 0
DWIDTH 40 0
BBX 40 27 0 0
BITMAP
FFFFFFFFFF
FFFFFFFFFF
FFFFFFFFFF
1E07800070
1F07800070
1D87800070
1CC7FF8070
1CC7FFE070
1C67FFF070
1C3780F070
1C1F807070
1C1F807070
1E0F807070
0F07807070
0FFF81F070
07FF8FE070
0FFF87C070
1E00070070
1C00070070
1C00078070
1C00E780F0
1C00E3C1F0
1E01E1FFF0
1F03C0FF70
0FFFC07E70
07FF000070
01FC000070
ENDCHAR
STARTCHAR uni0937094D091F094D0935
ENCODING -1
SWIDTH 475 0
DWIDTH 20 0
BBX 20 33 0 -6
BITMAP
FFFFF0
FFFFF0
FFFFF0
1F0780
1D8780
1CC780
1CC780
1C6780
1C3780
1C1F80
1E1F80
0F0F80
0FFF80
07FF80
0FFF80
1E0000
1C0000
1C00E0
1C00E0
1C01E0
1E01C0
1F03C0
0FFF80
07FF80
0FFF80
0F0380
0E0380
1E0380
0E0380
0F0780
0FFF80
07FF80
01F380
ENDCHAR
STARTCHAR uni0937094D0920
ENCODING -1
SWIDTH 475 0
DWIDTH 20 0
BBX 20 27 0 0
BITMAP
FFFFF0
FFFFF0
FFFFF0
1E0780
1F0780
1D8780
1DC780
1CC780
1C6780
1C3780
1C1F80
1C1F80
1E0F80
0F0780
0FFF80
07FF80
0FFF80
1E03C0
1C01E0
1C01E0
3C00E0
1C01E0
1C01E0
1F03C0
0FFFC0
07FF00
01FC00
ENDCHAR
STARTCHAR uni0937094D0920094D092F
ENCODING -1
SWIDTH 941 0
DWIDTH 40 0
BBX 40 27 0 0
BITMAP
FFFFFFFFFF
FFFFFFFFFF
FFFFFFFFFF
1E07800070
1F07800070
1D87800070
1CC7FF8070
1CC7FFE070
1C67FFF070
1C3780F070
1C1F807070
1C1F807070
1E0F807070
0F07807070
0FFF81F070
07FF8FE070
0FFF87C070
1E03C70070
1C01E70070
1C01E78070
3C00E780F0
1C01E3C1F0
1C01E1FFF0
1F03C0FF70
0FFFC07E70
07FF000070
01FC000070
ENDCHAR
STARTCHAR uni0937094D0920094D0935
ENCODING -1
SWIDTH 475 0
DWIDTH 20 0
BBX 20 33 0 -6
BITMAP
FFFFF0
FFFFF0
FFFFF0
1F0780
1F8780
1D8780
1CC780
1C6780
1C7780
1C3780
1E1F80
0F0F80
0FFF80
07FF80
0FFF80
1E03C0
1C01E0
1C01E0
3C00E0
1C01E0
1C01E0
1F03C0
0FFFC0
07FF80
0FFF80
1E0380
1E0380
1C0380
1E0380
1E0780
0FFF80
07FB80
03F380
ENDCHAR
STARTCHAR uni0937094D0930
ENCODING -1
SWIDTH 439 0
DWIDTH 18 0
BBX 19 27 0 0
BITMAP
FFFFE0
FFFFE0
FFFFE0
3C0E00
3E0E00
3E0E00
3F0E00
3F8E00
3D8E00
3CCE00
3CEE00
3C7E00
3C3E00
3C1E00
3C1E00
1C1E00
1F3E00
1FFE00
0FFE00
03EE00
03CE00
078E00
0F0E00
1E0E00
1C0E00
180E00
100E00
ENDCHAR
STARTCHAR uni0937094D0072
ENCODING -1
SWIDTH 240 0
DWIDTH 10 0
BBX 15 27 0 0
BITMAP
FFF8
FFF8
FFF8
3C00
3E00
3E00
3F00
3F80
3D80
3CC0
3C60
3C70
3C30
3C18
3C1C
1C0C
1FFE
0FFC
07F8
00F0
03E0
07C0
0F00
1E00
1C00
1800
1000
ENDCHAR
STARTCHAR uni0938094D0924094D0930
ENCODING -1
SWIDTH 742 0
DWIDTH 31 0
BBX 32 27 0 0
BITMAP
FFFFFFFF
FFFFFFFF
FFFFFFFF
00E00070
00E00070
00E00070
00E00070
00E00070
00E0FC70
00E3FE70
00E7FF70
01E787F0
03CF03F0
3FFE01F0
3FFE00F0
3FFE00F0
380001F0
1C0003F0
1C000FF0
0E003F70
0E007C70
0F01F870
0703E070
07838070
03830070
03C40070
01C00070
ENDCHAR
STARTCHAR uni0938094D0924094D0072
ENCODING -1
SWIDTH 524 0
DWIDTH 22 0
BBX 26 27 0 0
BITMAP
FFFFFF80
FFFFFF80
FFFFFF80
00E00000
00E00000
00E00000
00E00000
00E00000
00E0FC00
00E3FE00
00E7FF00
01E78780
03CF03C0
3FFE01C0
3FFE00C0
3FFE00C0
380001C0
1C0003C0
1C000FC0
0E003F00
0E007C00
0F01F800
0703E000
07838000
03830000
03C40000
01C00000
ENDCHAR
STARTCHAR uni0938094D0930
ENCODING -1
SWIDTH 599 0
DWIDTH 25 0
BBX 26 27 0 0
BITMAP
FFFFFFC0
FFFFFFC0
FFFFFFC0
00E01C00
00E01C00
00E01C00
00E01C00
00E01C00
00E01C00
00E01C00
00FC1C00
01FF1C00
03FFDC00
3FC7FC00
3F83FC00
3E00FC00
3801FC00
1C03DC00
1C079C00
0E0F1C00
0E0E1C00
0F0C1C00
07081C00
07801C00
03801C00
03C01C00
01C01C00
ENDCHAR
STARTCHAR uni0938094D0072
ENCODING -1
SWIDTH 382 0
DWIDTH 16 0
BBX 21 27 0 0
BITMAP
FFFFE0
FFFFE0
FFFFE0
00E000
00E000
00E000
00E000
00E000
00E000
00E000
00FC00
01FF00
03FFC0
3FC7E0
3F83F8
3E00F0
3801E0
1C03C0
1C0780
0E0F00
0E0E00
0F0C00
070800
078000
038000
03C000
01C000
ENDCHAR
STARTCHAR uni09390941
ENCODING -1
SWIDTH 444 0
DWIDTH 19 0
BBX 19 36 0 -9
BITMAP
FFFFE0
FFFFE0
FFFFE0
000E00
000E00
000E00
000E00
07FE00
0FFE00
1FFE00
1C0000
1C0000
1E0000
1FF800
07FE00
0FFF00
0F0F00
1E0780
1C0380
1C0380
1C0380
1C0380
1E0000
1F0000
0FC000
07F800
01FE00
003F00
100F80
180380
1C0380
1E0380
0F8780
07FF00
03FE00
00FC00
ENDCHAR
STARTCHAR uni09390942
ENCODING -1
SWIDTH 444 0
DWIDTH 19 0
BBX 19 36 0 -9
BITMAP
FFFFE0
FFFFE0
FFFFE0
000E00
000E00
000E00
000E00
03FE00
0FFE00
1FFE00
1E0000
1C0000
1C0000
1E0000
1FF800
0FFE00
0FFF00
1F0F80
1E0780
1C0380
1C0380
1C0380
1C0000
1E0000
1F0000
0FF800
07FC00
07FE00
0F0F00
0E0700
0E0780
0E0380
0F0380
07F380
03F3C0
01F3C0
ENDCHAR
STARTCHAR uni09390943
ENCODING -1
SWIDTH 453 0
DWIDTH 19 0
BBX 19 33 0 -6
BITMAP
FFFFE0
FFFFE0
FFFFE0
000700
000700
000700
000700
07FF00
0FFF00
1FFF00
1E0000
1C0000
1E0000
1FFC00
0FFF00
07FF00
0F8780
0E0780
1E0F80
1C1F80
1C3F80
3C3800
3C3800
3C3800
1C3C20
1C3FE0
1E1FE0
0F07C0
0F8000
07E000
03FFE0
00FFE0
003FE0
ENDCHAR
STARTCHAR uni09390944
ENCODING -1
SWIDTH 453 0
DWIDTH 19 0
BBX 19 35 0 -8
BITMAP
FFFFE0
FFFFE0
FFFFE0
000700
000700
000700
03FF00
0FFF00
1FFF00
1E0000
1C0000
1C0000
1E0000
1FFC00
0FFF00
07FF00
0F8780
0F0780
1E0F80
1C3F80
1C3C00
1C3800
3C3800
3C3F80
3C1F80
1C3F80
1C3800
1E3800
1E3FE0
0F1FE0
0F8FC0
07F000
03FFE0
00FFE0
001FE0
ENDCHAR
STARTCHAR uni0939094D0923
ENCODING -1
SWIDTH 519 0
DWIDTH 22 0
BBX 22 32 0 -5
BITMAP
FFFFFC
FFFFFC
FFFFFC
000700
000700
000700
000700
03FF00
0FFF00
1FFF00
1E0000
1C0000
1C0000
1E0000
1FFF00
0FFFC0
07FFE0
0FE7F0
1EE770
1CE778
3CE738
38E738
38E738
38FE38
3CFE38
3C7C38
1E0000
1F0000
0FC000
07FE00
03FE00
00FE00
ENDCHAR
STARTCHAR uni0939094D0928
ENCODING -1
SWIDTH 519 0
DWIDTH 22 0
BBX 22 35 0 -8
BITMAP
FFFFFC
FFFFFC
FFFFFC
000700
000700
000700
000700
03FF00
0FFF00
1FFF00
1E0000
1C0000
1C0000
1E0000
1FFF00
0FFF80
07FFE0
0F81E0
1E0070
1C3FF0
1CFFF0
3CFFF8
39E738
39C738
39C738
39C738
3CFF38
3CFE38
1C7C00
1E0000
0F8000
07E000
03FFC0
01FFC0
003FC0
ENDCHAR
STARTCHAR uni0939094D092E
ENCODING -1
SWIDTH 662 0
DWIDTH 28 0
BBX 28 31 0 -4
BITMAP
FFFFFFF0
FFFFFFF0
FFFFFFF0
00070780
00070780
00070780
00070780
07FF0780
0FFF0780
1FFF0780
1E000780
1C000780
1E000780
1FFC0780
07FF0780
0FFF0780
1F078780
1C038780
1C1FFF80
3C3FFF80
387FFF80
38718780
38618780
3C738780
3C7F8780
1E7F0780
1E1E0780
0F800000
07FE0000
03FE0000
00FE0000
ENDCHAR
STARTCHAR uni0939094D092F
ENCODING -1
SWIDTH 662 0
DWIDTH 28 0
BBX 28 31 0 -4
BITMAP
FFFFFFF0
FFFFFFF0
FFFFFFF0
00070780
00070780
00070780
00070780
07FF0780
0FFF0780
1FFF0780
1E000780
1C000780
1E000780
1FFC0780
0FFE0780
07FF0780
0F078780
1E078780
1C078780
1C0F0780
1C3E0780
1C3C0F80
1C3E1F80
1C1FFF80
1C0FFF80
1E07E780
0F000780
0FC00000
07FF0000
01FF0000
007F0000
ENDCHAR
STARTCHAR uni0939094D0930
ENCODING -1
SWIDTH 453 0
DWIDTH 19 0
BBX 19 29 0 -2
BITMAP
FFFFE0
FFFFE0
FFFFE0
000700
000700
000700
000700
03FF00
0FFF00
1FFF00
1E0000
1C0000
1C0000
1E0000
1FFC00
0FFE00
0FFF00
0F0F80
1E1F80
1C3F80
1C7B80
1C7380
1C6000
1C4000
1E0000
0F0000
0FFC00
07FC00
00FC00
ENDCHAR
STARTCHAR uni0939094D0932
ENCODING -1
SWIDTH 519 0
DWIDTH 22 0
BBX 22 34 0 -7
BITMAP
FFFFFC
FFFFFC
FFFFFC
000700
000700
000700
000700
03FF00
0FFF00
1FFF00
1E0000
1C0000
1C0000
1E0000
1FFF00
0FFFC0
07FFE0
0F80E0
1E79F0
1CFFF0
1CFFF8
3CEF78
39E738
39C638
39C638
3CE038
3CE000
1CF800
1E3800
0F0000
0FE000
03FFC0
01FFC0
003FC0
ENDCHAR
STARTCHAR uni0939094D0935
ENCODING -1
SWIDTH 509 0
DWIDTH 21 0
BBX 22 35 0 -8
BITMAP
FFFFFC
FFFFFC
FFFFFC
000700
000700
000700
000700
03FF00
0FFF00
1FFF00
1E0000
1C0000
1C0000
1E0000
1FFF00
0FFFC0
07FFE0
0F81E0
1E00F0
1E1F70
1C7FF0
3C7FF0
38F0F0
38E070
38E070
38F0F0
3C7FF0
3C7FF0
1C1F70
1E0000
0F0000
07E000
03FFC0
01FFC0
003FC0
ENDCHAR
STARTCHAR uni095E094D0930
ENCODING -1
SWIDTH 691 0
DWIDTH 29 0
BBX 30 27 -1 0
BITMAP
FFFFFFFC
FFFFFFFC
FFFFFFFC
0701C000
0701C000
0701C000
0701C000
0701CF80
0701DFC0
0701FFE0
0701F0F0
0701E070
0701C070
0701C070
0701C070
0783C070
07C7C070
03FFC070
73FFC070
70F9C0F0
7071C7E0
70E1C7C0
01C1C780
0381C000
0701C000
0601C000
0401C000
ENDCHAR
STARTCHAR uni0915094D0937094D.01
ENCODING -1
SWIDTH 376 0
DWIDTH 16 0
BBX 18 27 2 0
BITMAP
0F8000
3FC000
7FE000
78E000
70E000
F0F000
F0E000
F0E000
71E000
71C000
3FC000
3F8000
1F0000
3FE000
7BFFC0
70FFC0
F01FC0
E00000
E03800
E03800
E03800
F07800
7FFC00
7FDC00
1F9C00
001C00
000E00
ENDCHAR
STARTCHAR uni0915094D0937094D0072.01
ENCODING -1
SWIDTH 493 0
DWIDTH 21 0
BBX 24 27 1 0
BITMAP
01F000
07F800
0FFC00
0F1E00
1E0E00
1C0E00
1C0E00
1C1E00
1E1C00
0E3C00
0FF800
07F000
07E000
0FFC00
1FFFFF
3C3FFF
7807FF
70000F
F0781E
F0383C
F03878
787870
7FFC60
3FFC40
0F9C40
001C00
001E00
ENDCHAR
STARTCHAR uni0915094D0072.01
ENCODING -1
SWIDTH 465 0
DWIDTH 20 0
BBX 24 27 0 0
BITMAP
FFFFFC
FFFFFC
FFFFFC
001E00
001E00
001E00
0FDE00
1FFE00
3FFE7F
3C3FFF
781FFF
701F00
701E00
701E00
701E00
701E00
781E00
783E00
3FFE00
1FFE00
0FDE00
0F9E00
1F1E00
3C1E00
781E00
701E00
401E00
ENDCHAR
STARTCHAR uni0924094D0924094D.01
ENCODING -1
SWIDTH 322 0
DWIDTH 14 0
BBX 17 27 0 0
BITMAP
FFFF80
FFFF80
FFFF80
000000
000000
000000
000000
000000
000000
000000
000000
000000
000000
000000
7FFF80
7FFF80
7FFF80
0F0000
0E0000
1E0000
0E0000
0E0000
0F0000
070000
038000
03C000
01E000
ENDCHAR
STARTCHAR uni092B094D0072.01
ENCODING -1
SWIDTH 479 0
DWIDTH 20 0
BBX 25 27 0 0
BITMAP
FFFFFE00
FFFFFE00
FFFFFE00
380E0000
380E0000
380E0000
380E0000
380E0000
380E7F80
380EFF80
380FFF80
380F8000
380F0000
380F0000
3C0E0000
3C1E0000
1F3E0000
1FFE0000
0FFE0000
01EE0000
03CE0000
078E0000
0F0E0000
1E0E0000
1C0E0000
180E0000
100E0000
ENDCHAR
STARTCHAR uni0915094D0932.loclMAR
ENCODING -1
SWIDTH 630 0
DWIDTH 26 0
BBX 27 35 0 -8
BITMAP
FFFFFFE0
FFFFFFE0
FFFFFFE0
000E0000
000E0000
000E0000
07CEFC00
1FFFFF00
3FFFFF80
3C1F8780
781F0380
780E0380
780E03C0
780E0380
781E0380
3C3E0780
3FFE1F80
1FFE1F00
07CE1C00
000E0000
000E0000
03EEF800
07FFFC00
0FFFFE00
1E1F1E00
1E0E0E00
1C0E0F00
1C0E0F00
1C0E0F00
1C000F00
1E000E00
0F001E00
0FC0FC00
07C0FC00
03C0F000
ENDCHAR
STARTCHAR uni091A094D0932.loclMAR
ENCODING -1
SWIDTH 480 0
DWIDTH 20 0
BBX 21 35 0 -8
BITMAP
FFFFF8
FFFFF8
FFFFF8
000380
000380
000380
000380
7FE380
7FE380
7FE380
0F0380
0E0380
1E0380
1E0380
1E0380
1E0780
0F0F80
0FFF80
07FF80
01F380
000380
000380
0F0780
1F9FC0
3FDFE0
38D9E0
3870E0
7870E0
7870E0
7800E0
3800E0
3C01E0
3F07C0
1F07C0
0F0700
ENDCHAR
STARTCHAR uni091B094D0932.loclMAR
ENCODING -1
SWIDTH 536 0
DWIDTH 23 0
BBX 23 35 0 -8
BITMAP
FFFFFE
FFFFFE
FFFFFE
3C01C0
3801C0
3801C0
3801E0
3C07F0
1F87F8
078F38
1F8E38
1C003C
380038
380038
380078
3C00F0
3E03E0
1FFFC0
0FFFC0
03FDC0
0001C0
0001C0
07C1F0
0FF3F8
1FF7FC
1E3E1E
3C1C1E
381C0E
381C0E
3C1C1E
3C001E
1E003C
1F80FC
0F80F8
0380F0
ENDCHAR
STARTCHAR uni092A094D0932.loclMAR
ENCODING -1
SWIDTH 473 0
DWIDTH 20 0
BBX 20 35 0 -8
BITMAP
FFFFF0
FFFFF0
FFFFF0
1C0700
1C0700
1C0700
1C0700
1C0700
1C0700
1C0700
1C0700
1C0700
1C0700
1E0700
1E0700
0F0F00
0FFF00
07FF00
03E700
000700
000700
0F0780
1FDFC0
3FDFE0
38F9E0
3870E0
3870E0
7870E0
7870E0
3800E0
3800E0
3C01E0
3F07C0
1F07C0
0F0700
ENDCHAR
STARTCHAR uni092B094D0932.loclMAR
ENCODING -1
SWIDTH 638 0
DWIDTH 27 0
BBX 27 35 0 -8
BITMAP
FFFFFFE0
FFFFFFE0
FFFFFFE0
3C0E0000
3C0E0000
3C0E0000
3C0E7C00
3C0FFF00
3C0FFF80
3C0F8780
3C0F03C0
3C0F03C0
3C0E01C0
3C0E01C0
3C0E03C0
1E1E0380
1FFE0F80
0FFE0F00
07EE0E00
000E0000
000E0000
03EEF800
07FFFC00
0FFFFE00
0F1F0E00
1E0F0F00
1E0E0700
1E0E0700
1E0E0700
1E000F00
0E000F00
0F001E00
0FC07E00
07C07C00
01C07800
ENDCHAR
STARTCHAR uni0932094D0932.loclMAR
ENCODING -1
SWIDTH 592 0
DWIDTH 25 0
BBX 25 35 0 -8
BITMAP
FFFFFF80
FFFFFF80
FFFFFF80
0000E000
0000E000
0000E000
0000E000
07C1F000
1FE3FC00
3FF7FC00
3C771E00
383E0E00
781C0E00
781C0F00
781C0F00
781C0F00
78000E00
38000E00
38001E00
3C003C00
1FC1F800
1FE3FC00
3FF7FE00
3C361E00
383C0E00
781C0E00
781C0F00
781C0F00
781C0F00
78000E00
38000E00
3C001E00
1F80FC00
0F80F800
0780F000
ENDCHAR
STARTCHAR uni0936094D0932.loclMAR
ENCODING -1
SWIDTH 927 0
DWIDTH 39 0
BBX 39 27 0 0
BITMAP
07C3FFFFFE
1FE3FFFFFE
3FF3FFFFFE
3CF0000380
3870000380
7878000380
7878000380
3878000380
38701F07C0
3C703F8FE0
1EF07FDFF0
0FE0F1DC78
07E0E0F838
0FFFE07038
FFFFE0703C
FE0FE0703C
F001E0703C
0001E0703C
0001E0703C
0001E0003C
0000E00038
0000E00038
0000F00078
0000F800F0
00007E03F0
00003E03E0
00001E03C0
ENDCHAR
STARTCHAR uni0915094D0930.loclNEP
ENCODING -1
SWIDTH 636 0
DWIDTH 27 0
BBX 28 27 0 0
BITMAP
FFFFFFF0
FFFFFFF0
FFFFFFF0
000E0000
000E0000
000E0000
000E0000
000E7C00
0F8EFF00
3FCFFF80
3FEF8780
21FF03C0
007F03C0
007E01C0
003E01C0
001E01C0
000E01C0
003E03C0
00FE0380
01FE0780
07EE1F80
1F8E1F00
1E0E1C00
180E0000
100E0000
000E0000
000E0000
ENDCHAR
STARTCHAR uni0915094D
ENCODING -1
SWIDTH 466 0
DWIDTH 20 0
BBX 26 27 -1 0
BITMAP
FFFFFE00
FFFFFE00
FFFFFE00
00070000
00070000
00070000
00070000
07E73C00
0FF7FF00
1FFFFF00
1E1F8780
3C0F0380
380F0180
380F01C0
380F01C0
380701C0
380F0000
380F0000
3C0F0000
1E1F0000
1FFF0000
0FF70000
07C70000
00070000
00070000
00070000
00070000
ENDCHAR
STARTCHAR uni0916094D
ENCODING -1
SWIDTH 483 0
DWIDTH 20 0
BBX 25 26 0 1
BITMAP
FFFFFC00
FFFFFC00
FFFFFC00
01C00000
01C00000
01C00000
01C00000
01C0FC00
01C3FE00
01C3FF00
01C78780
03C70380
03870380
7F870380
7F070380
78070380
78078780
3803FF80
3C03FF80
3C00FB80
1E000780
1F000F00
0FE03F00
07FFFE00
01FFF800
003FC000
ENDCHAR
STARTCHAR uni0917094D
ENCODING -1
SWIDTH 355 0
DWIDTH 15 0
BBX 17 21 0 6
BITMAP
FFFF80
FFFF80
FFFF80
00F000
00F000
00F000
00F000
00F000
00F000
00F000
0FF000
3FF000
7FF000
78F000
70F000
70F000
70F000
78E000
3FE000
3FC000
0F8000
ENDCHAR
STARTCHAR uni0918094D
ENCODING -1
SWIDTH 274 0
DWIDTH 12 0
BBX 17 23 0 4
BITMAP
FFFC00
FFFC00
FFFC00
3C0000
380000
380000
380000
380000
3C0000
1E0000
0FE000
07E000
1FE000
1E0000
3C0380
380380
380380
380700
3C0700
3E0F00
1FFE00
0FFC00
03F000
ENDCHAR
STARTCHAR uni0919094D
ENCODING -1
SWIDTH 476 0
DWIDTH 20 0
BBX 20 37 0 -10
BITMAP
FFFFF0
FFFFF0
FFFFF0
000E00
000E00
000E00
000E00
07FE00
0FFE00
1FFE00
3C00E0
3C00E0
3C00E0
3C00E0
1FF000
1FFC00
07FE00
001E00
000F00
000700
380700
380F00
3C0F00
3E1E00
1FFE00
0FFC00
07F000
000000
000000
000000
0C0000
0F0000
0FE000
03F800
00FC00
001C00
000400
ENDCHAR
STARTCHAR uni091A094D
ENCODING -1
SWIDTH 280 0
DWIDTH 12 0
BBX 17 23 0 4
BITMAP
FFFC00
FFFC00
FFFC00
000000
000000
000000
000000
000000
7FE000
7FE000
7FE000
0F0000
0E0000
1E0000
1E0380
1E0380
1E0380
1E0380
0E0780
0F0F00
0FFE00
07FC00
01F800
ENDCHAR
STARTCHAR uni091B094D
ENCODING -1
SWIDTH 536 0
DWIDTH 23 0
BBX 23 25 0 2
BITMAP
FFFFFE
FFFFFE
FFFFFE
1C0000
380000
380000
380000
3801E0
3807F0
3C07F8
1E0F38
0F8E38
078038
0F803C
1E0038
3C0038
380038
380038
380078
380070
3C01F0
1F07E0
1FFFC0
07FF00
01FC00
ENDCHAR
STARTCHAR uni091C094D
ENCODING -1
SWIDTH 343 0
DWIDTH 14 0
BBX 18 23 0 4
BITMAP
FFFFC0
FFFFC0
FFFFC0
000000
000000
000000
000000
000000
000000
703FC0
703FC0
703FC0
703800
703800
703800
703800
703800
703800
787800
387000
3FF000
1FE000
0FC000
ENDCHAR
STARTCHAR uni091D094D
ENCODING -1
SWIDTH 431 0
DWIDTH 18 0
BBX 22 29 0 -2
BITMAP
FFFFE0
FFFFE0
FFFFE0
000E00
000E00
000E00
000E00
07FE00
1FFE00
1FFE00
3C0000
3C0000
3C0000
3FFFFC
1FFFFC
0FFFFC
003E00
000F00
000700
1C0700
1C0F00
1E1F00
1FFE00
1FFC00
1DF800
1C0000
1C0000
1C0000
1C0000
ENDCHAR
STARTCHAR uni091E094D
ENCODING -1
SWIDTH 333 0
DWIDTH 14 0
BBX 18 23 0 4
BITMAP
FFFF80
FFFF80
FFFF80
000000
000000
000000
000000
0F8000
3FE000
7FE000
78F000
707000
007000
007800
007FC0
007FC0
007FC0
007800
707000
78F000
7FF000
3FE000
0FC000
ENDCHAR
STARTCHAR uni091F094D
ENCODING -1
SWIDTH 408 0
DWIDTH 17 0
BBX 18 35 0 -8
BITMAP
FFFFC0
FFFFC0
FFFFC0
001C00
001C00
001C00
001C00
03FC00
0FFC00
1FFC00
1E0000
3C0000
380000
380000
380000
380000
380000
380700
380700
380700
3C0F00
3E1E00
1FFE00
0FFC00
03F000
000000
000000
000000
0C0000
0F0000
0FE000
03F800
00FC00
001C00
000400
ENDCHAR
STARTCHAR uni0920094D
ENCODING -1
SWIDTH 436 0
DWIDTH 18 0
BBX 19 35 0 -8
BITMAP
FFFFE0
FFFFE0
FFFFE0
001C00
001C00
001C00
001C00
03FC00
0FFC00
1FFE00
3E0F00
3C0700
380780
380380
780380
780380
780380
780380
780380
380780
3C0700
3E0F00
1FFE00
0FFC00
03F000
000000
000000
000000
0C0000
0F8000
0FE000
03F800
00FC00
001C00
000400
ENDCHAR
STARTCHAR uni0921094D
ENCODING -1
SWIDTH 422 0
DWIDTH 18 0
BBX 18 37 0 -10
BITMAP
FFFFC0
FFFFC0
FFFFC0
000E00
000E00
000E00
000E00
07FE00
0FFE00
1FFE00
3C0000
3C0000
3C0000
3C0000
1FF000
1FFC00
07FE00
001E00
000F00
000700
380700
380F00
3C0F00
3E1E00
1FFE00
0FFC00
07F000
000000
000000
000000
0C0000
0F0000
0FE000
07F800
00FC00
001C00
000400
ENDCHAR
STARTCHAR uni0922094D
ENCODING -1
SWIDTH 435 0
DWIDTH 18 0
BBX 19 35 0 -8
BITMAP
FFFFE0
FFFFE0
FFFFE0
001C00
001C00
001C00
001C00
03FC00
0FFC00
1FFC00
3E0000
3C0000
380000
380000
387C00
39FE00
39FF00
3B8700
3B8700
3B8700
3F8700
1F8F00
0FFE00
07FC00
01F800
000000
000000
000000
060000
078000
07F000
01FC00
007E00
000E00
000200
ENDCHAR
STARTCHAR uni0923094D
ENCODING -1
SWIDTH 454 0
DWIDTH 19 0
BBX 22 23 -1 4
BITMAP
FFFFFC
FFFFFC
FFFFFC
1C0700
1C0700
1C0700
1C0700
1C0700
1C0700
1C0700
1C0700
1C0700
1C0700
1C0700
1C0700
1C0700
1C0700
1E0700
1E0700
0F0F00
0FFE00
07FC00
01F800
ENDCHAR
STARTCHAR uni0924094D
ENCODING -1
SWIDTH 281 0
DWIDTH 12 0
BBX 17 27 0 0
BITMAP
FFFE00
FFFE00
FFFE00
000000
000000
000000
000000
000000
07FF80
0FFF80
1FFF80
3E0000
3C0000
380000
380000
380000
380000
3C0000
3C0000
1C0000
1C0000
1E0000
0E0000
0E0000
0F0000
070000
078000
ENDCHAR
STARTCHAR uni0925094D
ENCODING -1
SWIDTH 340 0
DWIDTH 14 0
BBX 16 21 2 6
BITMAP
1F00
7F80
7FC0
F1E0
E1E0
E0E0
E0E0
00E0
00E0
01E0
01C0
07C0
7F80
7F00
7C00
3801
3C01
3E07
1FFF
0FFE
03F8
ENDCHAR
STARTCHAR uni0926094D
ENCODING -1
SWIDTH 422 0
DWIDTH 18 0
BBX 19 37 0 -10
BITMAP
FFFFC0
FFFFC0
FFFFC0
001C00
001C00
001C00
001C00
03FC00
0FFC00
1FFC00
1E0000
3C0000
380000
380000
380000
380000
380000
380000
380E00
380F00
3C0700
1E0F00
1FFF00
0FFF80
03F380
000380
000380
000000
000000
000000
006000
007800
007F00
001FC0
0007E0
0000E0
000020
ENDCHAR
STARTCHAR uni0927094D
ENCODING -1
SWIDTH 315 0
DWIDTH 13 0
BBX 17 23 2 4
BITMAP
3E0000
7F0000
FF8000
F38000
E38000
E00000
E00000
E00000
F00000
780000
3F8000
1F8000
7F8000
780000
F00380
E00300
E00700
E00700
F00F00
F81E00
7FFC00
3FF800
0FE000
ENDCHAR
STARTCHAR uni0928094D
ENCODING -1
SWIDTH 331 0
DWIDTH 14 0
BBX 18 21 0 6
BITMAP
FFFF00
FFFF00
FFFF00
000000
000000
000000
000000
000000
000000
000000
000000
1FFFC0
7FFFC0
7FFFC0
F1E000
E1E000
E1C000
F1C000
7FC000
3F8000
1F0000
ENDCHAR
STARTCHAR uni0929094D
ENCODING -1
SWIDTH 331 0
DWIDTH 14 0
BBX 18 27 0 0
BITMAP
FFFF00
FFFF00
FFFF00
000000
000000
000000
000000
000000
000000
000000
000000
1FFFC0
7FFFC0
7FFFC0
F1E000
E1E000
E1C000
F1C000
7FC000
3F8000
1F0000
000000
000000
1E0000
1E0000
1E0000
1E0000
ENDCHAR
STARTCHAR uni092A094D
ENCODING -1
SWIDTH 243 0
DWIDTH 10 0
BBX 16 21 0 6
BITMAP
FFFE
FFFE
FFFE
3C00
3C00
3C00
3C00
3C00
3C00
3C00
3C00
3C00
3C00
3C07
3C07
3C0F
3C0F
1E1E
1FFE
0FFC
03F0
ENDCHAR
STARTCHAR uni092B094D
ENCODING -1
SWIDTH 480 0
DWIDTH 20 0
BBX 25 27 0 0
BITMAP
FFFFFE00
FFFFFE00
FFFFFE00
3C0E0000
3C0E0000
3C0E0000
3C0E0000
3C0E7C00
3C0EFE00
3C0FFF00
3C0F8700
3C0F0380
3C0E0380
3C0E0380
3C0E0180
3C0E0180
3C0E0000
1E1E0000
1FFE0000
0FFE0000
07EE0000
000E0000
000E0000
000E0000
000E0000
000E0000
000E0000
ENDCHAR
STARTCHAR uni092C094D
ENCODING -1
SWIDTH 220 0
DWIDTH 9 0
BBX 13 23 0 4
BITMAP
FFF0
FFF0
FFF0
0000
0000
0000
0000
07E0
1FF8
1FF8
3F18
3B08
7980
79C0
78C0
7860
7870
7830
3838
3C18
1FF8
0FF8
07E0
ENDCHAR
STARTCHAR uni092D094D
ENCODING -1
SWIDTH 392 0
DWIDTH 16 0
BBX 19 24 2 3
BITMAP
1F0000
7F8000
7FC000
F1C000
E1C000
E1C000
E1C000
01C000
01C000
01C000
01C000
01C000
01C000
1FFFE0
3FFFE0
7FFFE0
F1C000
E1C000
E1C000
E1C000
F1C000
7FC000
3F8000
1F0000
ENDCHAR
STARTCHAR uni092E094D
ENCODING -1
SWIDTH 373 0
DWIDTH 16 0
BBX 20 23 0 4
BITMAP
FFFFF0
FFFFF0
FFFFF0
00E000
00E000
00E000
00E000
00E000
00E000
00E000
00E000
00E000
00E000
1FFFE0
3FFFE0
7FFFE0
78E000
70E000
70E000
79E000
7FE000
3FC000
0F0000
ENDCHAR
STARTCHAR uni092F094D
ENCODING -1
SWIDTH 283 0
DWIDTH 12 0
BBX 17 21 0 6
BITMAP
FFFC00
FFFC00
FFFC00
070000
038000
03C000
03C000
01C000
03C000
038000
0F8000
3F0000
3E0000
380380
380380
3C0380
3C0780
1F0F00
0FFF00
07FE00
01F800
ENDCHAR
STARTCHAR uni0931094D
ENCODING -1
SWIDTH 250 0
DWIDTH 11 0
BBX 16 17 0 10
BITMAP
FFFF
FFFF
FFFF
0000
0000
0000
0000
0000
0000
0000
0000
3800
3800
3C00
3FFE
1FFE
0FFE
ENDCHAR
STARTCHAR uni0932094D
ENCODING -1
SWIDTH 426 0
DWIDTH 18 0
BBX 23 27 0 0
BITMAP
FFFFF0
FFFFF0
FFFFF0
000000
000000
000000
000000
000000
07C1F0
0FE3F8
1FF7FC
3C771C
383E0E
381C0E
781C0E
781C00
781C00
781C00
781C00
780000
380000
3C0000
3C0000
1F0000
0FF000
07F000
01F000
ENDCHAR
STARTCHAR uni0933094D
ENCODING -1
SWIDTH 658 0
DWIDTH 28 0
BBX 28 25 0 2
BITMAP
FFFFFFF0
FFFFFFF0
FFFFFFF0
00000000
00000000
00000000
00000000
03C07C00
0FF0FF00
1FF9FF80
3C3BC780
3C1F83C0
381F01C0
780F01C0
780F01C0
780F01E0
780E01C0
780F01C0
780F01C0
381F81C0
3C1F83C0
3C3FC780
1FF9FF80
0FF0FF00
07E07C00
ENDCHAR
STARTCHAR uni0934094D
ENCODING -1
SWIDTH 658 0
DWIDTH 28 0
BBX 28 30 0 -3
BITMAP
FFFFFFF0
FFFFFFF0
FFFFFFF0
00000000
00000000
00000000
00000000
03C07C00
0FF0FF00
1FF9FF80
3C3BC780
3C1F83C0
381F01C0
780F01C0
780F01C0
780F01E0
780E01C0
780F01C0
780F01C0
381F81C0
3C1F83C0
3C3FC780
1FF9FF80
0FF0FF00
07E07C00
00000000
000F0000
000F0000
000F0000
000F0000
ENDCHAR
STARTCHAR uni0935094D
ENCODING -1
SWIDTH 206 0
DWIDTH 9 0
BBX 12 23 0 4
BITMAP
FFF0
FFF0
FFF0
0000
0000
0000
0000
07E0
1FF0
3FF0
3C10
3810
7800
7800
7800
7800
7800
7800
3800
3C10
3FF0
1FF0
07E0
ENDCHAR
STARTCHAR uni0936094D
ENCODING -1
SWIDTH 336 0
DWIDTH 14 0
BBX 11 27 2 0
BITMAP
1F00
7F80
7FC0
F1C0
E1E0
E0E0
E0E0
00E0
00E0
00E0
01E0
01C0
03C0
0F80
FF00
FE00
7000
7800
3800
3C00
1C00
0E00
0F00
0700
0380
03C0
01E0
ENDCHAR
STARTCHAR uni0937094D
ENCODING -1
SWIDTH 243 0
DWIDTH 10 0
BBX 16 21 0 6
BITMAP
FFFE
FFFE
FFFE
3C00
3C00
3E00
3E00
3F00
3F00
3D80
3D80
3CC0
3CE0
3C67
3C37
3C3F
3C1F
1E1E
1FFE
0FFC
03F0
ENDCHAR
STARTCHAR uni0938094D
ENCODING -1
SWIDTH 349 0
DWIDTH 15 0
BBX 19 27 0 0
BITMAP
FFFFC0
FFFFC0
FFFFC0
00E000
00E000
00E000
00E000
00E000
00E000
00E000
00E000
01E000
03C000
3FFFE0
3FFFE0
3FFFE0
380000
1C0000
1C0000
0E0000
0E0000
0F0000
070000
078000
038000
03C000
01C000
ENDCHAR
STARTCHAR uni0939094D
ENCODING -1
SWIDTH 391 0
DWIDTH 16 0
BBX 21 29 0 -2
BITMAP
FFFF80
FFFF80
FFFF80
003800
003800
003800
003800
07F800
1FF800
3FF800
3C0000
380000
380000
3C0000
1FFFF8
0FFFF8
1FFFF8
1E0000
3C0000
380000
380000
380000
380000
380000
3C0000
1F0000
1FF800
07F800
01F800
ENDCHAR
STARTCHAR uni0958094D
ENCODING -1
SWIDTH 466 0
DWIDTH 20 0
BBX 26 28 -1 -1
BITMAP
FFFFFE00
FFFFFE00
FFFFFE00
00070000
00070000
00070000
00070000
07E73C00
0FF7FF00
1FFFFF00
1E1F8780
3C0F0380
380F0180
380F01C0
380F01C0
380701C0
380F0000
380F0000
3C0F0000
1E1F0000
1FFF0000
0FF70000
07C70000
00070000
07870000
07870000
07870000
07800000
ENDCHAR
STARTCHAR uni0959094D
ENCODING -1
SWIDTH 483 0
DWIDTH 20 0
BBX 25 28 0 -1
BITMAP
FFFFFC00
FFFFFC00
FFFFFC00
01C00000
01C00000
01C00000
01C00000
01C0FC00
01C3FE00
01C3FF00
01C78780
03C70380
03870380
7F870380
7F070380
78070380
78078780
3803FF80
3C03FF80
3C00FB80
1E000780
1F000F00
0FE03F00
03FFFE00
3DFFF800
3C3FC000
3C000000
3C000000
ENDCHAR
STARTCHAR uni095A094D
ENCODING -1
SWIDTH 355 0
DWIDTH 15 0
BBX 17 27 0 0
BITMAP
FFFF80
FFFF80
FFFF80
00F000
00F000
00F000
00F000
00F000
00F000
00F000
0FF000
3FF000
7FF000
78F000
70F000
70F000
70F000
78E000
3FE000
3FC000
0F8000
000000
000000
0F0000
0F0000
0F0000
0F0000
ENDCHAR
STARTCHAR uni095B094D
ENCODING -1
SWIDTH 343 0
DWIDTH 14 0
BBX 18 30 0 -3
BITMAP
FFFFC0
FFFFC0
FFFFC0
000000
000000
000000
000000
000000
000000
703FC0
703FC0
703FC0
703800
703800
703800
703800
703800
703800
787800
387000
3FF000
1FE000
0FC000
000000
000000
000000
078000
078000
078000
078000
ENDCHAR
STARTCHAR uni095E094D
ENCODING -1
SWIDTH 480 0
DWIDTH 20 0
BBX 25 28 0 -1
BITMAP
FFFFFE00
FFFFFE00
FFFFFE00
3C0E0000
3C0E0000
3C0E0000
3C0E0000
3C0E7C00
3C0EFE00
3C0FFF00
3C0F8700
3C0F0380
3C0E0380
3C0E0380
3C0E0180
3C0E0180
3C0E0000
1E1E0000
1FFE0000
0FFE0000
07EE0000
000E0000
000E0000
000E0000
0F0E0000
0F0E0000
0F0E0000
0F000000
ENDCHAR
STARTCHAR uni091D094D.loclNEP.01
ENCODING -1
SWIDTH 628 0
DWIDTH 26 0
BBX 29 27 2 0
BITMAP
1F07FFE0
7F87FFE0
FFC7FFE0
F1C0F000
E1C0F000
E1C0F000
E1C0F000
01C0F000
01C0F3F8
01C0FFF8
01C0FFF8
01C0F800
01C0F000
1FFFF000
7FFFF000
7FFFF000
F1C0F000
E1C0F000
E1C0F000
F1C0F000
7FC0F000
3F80F000
1F00F000
0000F000
0000F000
0000F000
0000F000
ENDCHAR
STARTCHAR uni0915094D.01
ENCODING -1
SWIDTH 466 0
DWIDTH 20 0
BBX 26 27 -1 0
BITMAP
FFFFFE00
FFFFFE00
FFFFFE00
00070000
00070000
00070000
00070000
07E70000
0FF73FC0
1FFF7FC0
1E1FFFC0
3C0F8000
380F0000
380F0000
380F0000
38070000
380F0000
380F0000
3C0F0000
1E1F0000
1FFF0000
0FF70000
07C70000
00070000
00070000
00070000
00070000
ENDCHAR
STARTCHAR uni091C094D.01
ENCODING -1
SWIDTH 343 0
DWIDTH 14 0
BBX 18 25 0 2
BITMAP
FFFFC0
FFFFC0
FFFFC0
000000
000000
000000
000000
000000
000000
000000
000000
000000
000000
000000
703FC0
703FC0
703FC0
703800
703800
703800
787800
387800
3FF000
1FE000
0FC000
ENDCHAR
STARTCHAR uni0924094D.01
ENCODING -1
SWIDTH 281 0
DWIDTH 12 0
BBX 16 27 0 0
BITMAP
FFFE
FFFE
FFFE
0000
0000
0000
0000
0000
0000
0000
0000
0000
0000
0000
07FF
1FFF
3FFF
3C00
3800
3800
3800
3C00
1C00
1E00
0E00
0F00
0780
ENDCHAR
STARTCHAR uni0928094D.01
ENCODING -1
SWIDTH 331 0
DWIDTH 14 0
BBX 18 24 0 3
BITMAP
FFFF00
FFFF00
FFFF00
000000
000000
000000
000000
000000
000000
000000
000000
000000
000000
000000
1FFFC0
7FFFC0
7FFFC0
F1E000
E1E000
E1C000
F1C000
7FC000
3F8000
1F0000
ENDCHAR
STARTCHAR uni0929094D.01
ENCODING -1
SWIDTH 331 0
DWIDTH 14 0
BBX 18 30 0 -3
BITMAP
FFFF00
FFFF00
FFFF00
000000
000000
000000
000000
000000
000000
000000
000000
000000
000000
000000
1FFFC0
7FFFC0
7FFFC0
F1E000
E1E000
E1C000
F1C000
7FC000
3F8000
1F0000
000000
000000
1E0000
1E0000
1E0000
1E0000
ENDCHAR
STARTCHAR uni092B094D.01
ENCODING -1
SWIDTH 480 0
DWIDTH 20 0
BBX 25 27 0 0
BITMAP
FFFFFE00
FFFFFE00
FFFFFE00
3C0E0000
3C0E0000
3C0E0000
3C0E0000
3C0E0000
3C0E7F80
3C0EFF80
3C0FFF80
3C0F8000
3C0F0000
3C0F0000
3C0E0000
3C0E0000
3C0E0000
1E1E0000
1FFE0000
0FFE0000
07EE0000
000E0000
000E0000
000E0000
000E0000
000E0000
000E0000
ENDCHAR
STARTCHAR uni0958094D.01
ENCODING -1
SWIDTH 466 0
DWIDTH 20 0
BBX 26 28 -1 -1
BITMAP
FFFFFE00
FFFFFE00
FFFFFE00
00070000
00070000
00070000
00070000
07E70000
0FF73FC0
1FFF7FC0
1E1FFFC0
3C0F8000
380F0000
380F0000
380F0000
38070000
380F0000
380F0000
3C0F0000
1E1F0000
1FFF0000
0FF70000
07C70000
00070000
07870000
07870000
07870000
07800000
ENDCHAR
STARTCHAR uni095E094D.01
ENCODING -1
SWIDTH 480 0
DWIDTH 20 0
BBX 25 28 0 -1
BITMAP
FFFFFE00
FFFFFE00
FFFFFE00
3C0E0000
3C0E0000
3C0E0000
3C0E0000
3C0E0000
3C0E7F80
3C0EFF80
3C0FFF80
3C0F8000
3C0F0000
3C0F0000
3C0E0000
3C0E0000
3C0E0000
1E1E0000
1FFE0000
0FFE0000
07EE0000
000E0000
000E0000
000E0000
0F0E0000
0F0E0000
0F0E0000
0F000000
ENDCHAR
STARTCHAR uni0936094D.loclMAR
ENCODING -1
SWIDTH 336 0
DWIDTH 14 0
BBX 15 27 0 0
BITMAP
FFFE
FFFE
FFFE
01C0
01C0
01C0
07F0
0FF8
0F7C
1E1C
1C1C
1C1C
1C1C
001C
001C
003C
1C78
1FF0
1FE0
1F80
0E00
0E00
0E00
0F00
0700
0700
0700
ENDCHAR
STARTCHAR uni091D094D.loclNEP
ENCODING -1
SWIDTH 628 0
DWIDTH 26 0
BBX 30 27 2 0
BITMAP
1F07FFE0
7F87FFE0
7FC7FFE0
F1C0F000
E1C0F000
E1C0F000
E1C0F000
01C0F3C0
01C0FFE0
01C0FFF0
01C0F878
01C0F038
01C0F018
1FFFF018
7FFFF01C
7FFFF01C
F1C0F000
E1C0F000
E1C0F000
F1C0F000
7FC0F000
3F80F000
1F00F000
0000F000
0000F000
0000F000
0000F000
ENDCHAR
STARTCHAR uni0936094D.ss02
ENCODING -1
SWIDTH 335 0
DWIDTH 14 0
BBX 19 17 0 10
BITMAP
078000
1FE000
3FF000
3CF000
387000
787800
787800
387800
387000
3C7000
1EF000
0FE000
07E000
0FFFE0
FFFFE0
FE1FE0
F00000
ENDCHAR
STARTCHAR uni096B.loclNEP
ENCODING -1
SWIDTH 427 0
DWIDTH 18 0
BBX 14 30 2 -1
BITMAP
1C00
3C00
3800
3800
7000
7000
701C
701C
E01C
E01C
E01C
E03C
E03C
F03C
703C
703C
787C
3FFC
3FDC
0F9C
001C
001C
003C
E038
F038
F878
FFF0
FFF0
EFC0
E000
ENDCHAR
STARTCHAR uni096E.loclNEP
ENCODING -1
SWIDTH 469 0
DWIDTH 20 0
BBX 16 23 2 0
BITMAP
FFFF
FFFF
FFFF
03E0
0780
0F00
1E00
3C00
3800
7800
7000
F000
E000
E000
E00E
E00E
E00E
F01E
F01E
787C
7FF8
3FF0
0FE0
ENDCHAR
STARTCHAR uni09450930094D
ENCODING -1
SWIDTH 0 0
DWIDTH 0 0
BBX 15 12 -8 25
BITMAP
1E00
3E00
7E00
F000
E000
EE0E
EF1C
E7FC
F1F0
7000
3800
3800
ENDCHAR
STARTCHAR uni09460901
ENCODING -1
SWIDTH 0 0
DWIDTH 0 0
BBX 26 14 -21 26
BITMAP
00003C00
00003C00
00003C00
E0003C00
E00701C0
F00781C0
7FFF8380
7FFFFF80
3FFFFF00
0003FC00
0001C000
0001C000
0001C000
0001C000
ENDCHAR
STARTCHAR uni09460902
ENCODING -1
SWIDTH 0 0
DWIDTH 0 0
BBX 18 13 -21 26
BITMAP
0003C0
0003C0
E003C0
F003C0
FFFF00
7FFF80
3FFF80
0003C0
0001C0
0001C0
0001C0
0001C0
0001C0
ENDCHAR
STARTCHAR uni09460930094D
ENCODING -1
SWIDTH 0 0
DWIDTH 0 0
BBX 20 13 -21 24
BITMAP
E000F0
E001F0
F003F0
7FFF80
7FFF00
3FFF00
000700
000700
000700
000380
000380
0001C0
000100
ENDCHAR
STARTCHAR uni09460930094D0901
ENCODING -1
SWIDTH 0 0
DWIDTH 0 0
BBX 27 13 -21 25
BITMAP
00007000
E001F000
E003F000
F003C000
7FFF8E00
7FFF0E00
3FFF7EE0
000770C0
00073FC0
00079F00
00038000
0003C000
0001C000
ENDCHAR
STARTCHAR uni09460930094D0902
ENCODING -1
SWIDTH 0 0
DWIDTH 0 0
BBX 23 12 -21 25
BITMAP
E000F0
E001F0
F003F0
7FFF80
7FFF00
3FFF1E
00071E
00071E
000780
000380
0001C0
0001C0
ENDCHAR
STARTCHAR uni09470901
ENCODING -1
SWIDTH 0 0
DWIDTH 0 0
BBX 15 15 -10 24
BITMAP
E000
7000
73C0
73C0
73DE
3BDC
3C3C
3FF8
1FF0
1FE0
1C00
0C00
1E00
1E00
1E00
ENDCHAR
STARTCHAR uni09470902
ENCODING -1
SWIDTH 0 0
DWIDTH 0 0
BBX 10 15 -10 24
BITMAP
E000
7000
7000
71C0
71C0
39C0
39C0
3800
1C00
1C00
1C00
0C00
1E00
1E00
1E00
ENDCHAR
STARTCHAR uni09470930094D
ENCODING -1
SWIDTH 0 0
DWIDTH 0 0
BBX 10 15 -11 24
BITMAP
E000
E000
71C0
73C0
33C0
3F00
3E00
1C00
1C00
0E00
0E00
0E00
0F00
0F00
0F00
ENDCHAR
STARTCHAR uni09470930094D0901
ENCODING -1
SWIDTH 0 0
DWIDTH 0 0
BBX 17 15 -11 24
BITMAP
E00000
E1C000
73C000
73C000
370000
3E3800
3E3800
1DFB80
1DC300
0EFF00
0E7C00
0E0000
0F0000
0F0000
0F0000
ENDCHAR
STARTCHAR uni09470930094D0902
ENCODING -1
SWIDTH 0 0
DWIDTH 0 0
BBX 12 15 -11 24
BITMAP
E000
E000
71C0
73C0
33C0
3F00
3E00
1C70
1C70
0E70
0E00
0E00
0F00
0F00
0F00
ENDCHAR
STARTCHAR uni09480901
ENCODING -1
SWIDTH 0 0
DWIDTH 0 0
BBX 21 15 -16 24
BITMAP
E3C000
71C000
71CF00
39CF00
38EF38
1CEF78
1CF0F0
0EFFF0
0E7FE0
077F80
037000
03B000
03F800
03F800
03F800
ENDCHAR
STARTCHAR uni09480902
ENCODING -1
SWIDTH 0 0
DWIDTH 0 0
BBX 16 15 -16 24
BITMAP
E3C0
71C0
71C0
39C7
38E7
1CE7
1CE7
0EE0
0E70
0770
0370
03B8
03F8
03F8
03F8
ENDCHAR
STARTCHAR uni09480930094D
ENCODING -1
SWIDTH 0 0
DWIDTH 0 0
BBX 17 15 -16 24
BITMAP
E38000
73C000
71C380
39CF80
39CF80
1CFC00
1CF800
0EF000
0E7000
077000
077000
03F000
03F800
03F800
03F800
ENDCHAR
STARTCHAR uni09480930094D0901
ENCODING -1
SWIDTH 0 0
DWIDTH 0 0
BBX 23 15 -17 24
BITMAP
E38000
71C380
71C780
39CF80
1CEC00
1CF870
0E7870
067F76
073B0E
03BBFC
0198F8
01D800
01FC00
01FC00
01FC00
ENDCHAR
STARTCHAR uni09480930094D0902
ENCODING -1
SWIDTH 0 0
DWIDTH 0 0
BBX 19 15 -17 24
BITMAP
E38000
71C000
71C380
39CF80
1CEF80
1CEC00
0E7800
0679E0
0739E0
03B9E0
019800
01D800
01FC00
01FC00
01FC00
ENDCHAR
STARTCHAR uni093C094D
ENCODING -1
SWIDTH 0 0
DWIDTH 0 0
BBX 17 9 -7 -11
BITMAP
F00000
F00000
F18000
F1F000
01FC00
007F80
000F80
000380
000080
ENDCHAR
STARTCHAR uni093C094D0930
ENCODING -1
SWIDTH 0 0
DWIDTH 0 0
BBX 16 13 -13 -15
BITMAP
03C0
03C0
03C0
03C0
0000
0000
03C0
07E0
0F70
1E78
1C3C
381E
F00F
ENDCHAR
STARTCHAR uni093C094D09300941
ENCODING -1
SWIDTH 0 0
DWIDTH 0 0
BBX 16 21 -13 -22
BITMAP
03C0
03C0
03C0
03C0
0000
0000
03C0
07F0
0E78
3C3C
F80F
0000
07E0
07F8
87FC
403C
701C
7C3C
3FFC
1FF8
03E0
ENDCHAR
STARTCHAR uni093C094D09300942
ENCODING -1
SWIDTH 0 0
DWIDTH 0 0
BBX 16 21 -13 -22
BITMAP
03C0
03C0
03C0
03C0
0000
0000
03C0
07F0
0F78
3C3C
F81F
0000
07E0
1FF8
3FFC
3C3C
381E
3C0E
3FCF
1FC7
07C7
ENDCHAR
STARTCHAR uni093C094D09300943
ENCODING -1
SWIDTH 0 0
DWIDTH 0 0
BBX 16 21 -13 -22
BITMAP
03C0
03C0
03C0
03C0
0000
0000
03C0
07F0
0F78
3E3C
781F
81E0
07E0
0FE0
0E00
1E00
1E00
0E00
0FF8
07F8
01F0
ENDCHAR
STARTCHAR uni093C094D09300944
ENCODING -1
SWIDTH 0 0
DWIDTH 0 0
BBX 16 21 -13 -22
BITMAP
03C0
03C0
03C0
03C0
0000
03C0
07F0
0F78
3C3C
781F
87E0
0FE0
1FE0
1E00
0FE0
07E0
0FE0
1E00
1FF0
0FF0
03E0
ENDCHAR
STARTCHAR uni093C094D09300962
ENCODING -1
SWIDTH 0 0
DWIDTH 0 0
BBX 16 21 -13 -22
BITMAP
03C0
03C0
03C0
03C0
0000
03C0
07F0
0F78
3C3C
781F
8000
1E38
3F7E
3FFE
39CE
39CC
381C
3818
3E3F
1E3F
0E1F
ENDCHAR
STARTCHAR uni093C094D09300963
ENCODING -1
SWIDTH 0 0
DWIDTH 0 0
BBX 16 21 -13 -22
BITMAP
03C0
03C0
03C0
03C0
0000
03C0
07F0
0F78
3C3C
781F
8000
1E3C
3F7E
3FCC
39D8
383F
383F
381F
3E3F
1E3F
0E1F
ENDCHAR
STARTCHAR uni0930094D
ENCODING -1
SWIDTH 0 0
DWIDTH 0 0
BBX 7 12 -8 25
BITMAP
1E
3E
7E
F0
E0
E0
E0
E0
E0
70
70
38
ENDCHAR
STARTCHAR uni0930094D0901
ENCODING -1
SWIDTH 0 0
DWIDTH 0 0
BBX 14 13 -8 25
BITMAP
1E00
3E00
7E00
F9C0
F1C0
EDDC
EE18
E618
E7F0
F1E0
7000
3800
3800
ENDCHAR
STARTCHAR uni0930094D0902
ENCODING -1
SWIDTH 0 0
DWIDTH 0 0
BBX 10 12 -8 25
BITMAP
1E00
3E00
7E00
F000
E000
E3C0
E3C0
E3C0
F000
7000
3800
3800
ENDCHAR
STARTCHAR uni094D0930
ENCODING -1
SWIDTH 0 0
DWIDTH 0 0
BBX 16 7 -13 -7
BITMAP
03C0
07E0
0FF0
0E78
1C3C
381E
F00F
ENDCHAR
STARTCHAR uni094D09300941
ENCODING -1
SWIDTH 0 0
DWIDTH 0 0
BBX 16 19 -13 -18
BITMAP
01C0
03E0
07F0
0E78
1C3C
781E
F00F
0000
0000
03E0
07F8
87F8
443C
601C
701C
7C3C
1FFC
0FF8
03E0
ENDCHAR
STARTCHAR uni094D09300942
ENCODING -1
SWIDTH 0 0
DWIDTH 0 0
BBX 16 19 -13 -18
BITMAP
01C0
03E0
07F0
0E78
3C3C
781E
F00F
0000
07E0
0FF0
1FF8
3C3C
381C
381E
380E
3C0E
1FCF
0FC7
07C7
ENDCHAR
STARTCHAR uni094D09300943
ENCODING -1
SWIDTH 0 0
DWIDTH 0 0
BBX 16 19 -13 -18
BITMAP
01C0
03E0
07F0
0E78
3C3C
781E
F00F
0000
01E0
07E0
0FE0
0F00
1E00
1E00
1E00
0F08
0FF8
07F8
01F0
ENDCHAR
STARTCHAR uni094D09300944
ENCODING -1
SWIDTH 0 0
DWIDTH 0 0
BBX 16 22 -13 -21
BITMAP
01C0
03E0
07F0
0E78
3C3C
781E
F00F
03E0
07E0
0FE0
1E00
1E00
0E00
0FE0
07E0
0FE0
0E00
1E00
1E00
0FF8
07F8
03F0
ENDCHAR
STARTCHAR uni094D09300962
ENCODING -1
SWIDTH 0 0
DWIDTH 0 0
BBX 16 19 -13 -18
BITMAP
01C0
03E0
07F0
0E78
3C3C
781E
F00F
1E38
3F7C
3FFE
39CE
39CE
39CC
381C
3818
3E38
1E3F
0E1F
000F
ENDCHAR
STARTCHAR uni094D09300963
ENCODING -1
SWIDTH 0 0
DWIDTH 0 0
BBX 16 22 -13 -21
BITMAP
01C0
03E0
07F0
0E78
3C3C
781E
F00F
1E38
3F7C
3FFE
39CE
39CC
39DC
3818
383D
3E3F
1E1F
0E3E
0038
003F
003F
000F
ENDCHAR
STARTCHAR uni0930094D.loclMAR
ENCODING -1
SWIDTH 0 0
DWIDTH 0 0
BBX 17 17 -11 10
BITMAP
FFFF80
FFFF80
FFFF80
000000
000000
000000
000000
000000
000000
000000
000000
380000
3C0000
3C0000
1FFF00
1FFF00
07FF00
ENDCHAR
STARTCHAR rupeeIndiandeva
ENCODING -1
SWIDTH 478 0
DWIDTH 20 0
BBX 14 27 3 0
BITMAP
FFFC
FFFC
FFFC
00E0
00E0
00E0
FFFC
FFFC
FFFC
00E0
00E0
01E0
03C0
3FC0
3F80
3F00
3800
1C00
1C00
0E00
0E00
0700
0700
0780
0380
03C0
01C0
ENDCHAR
STARTCHAR onehalfdeva
ENCODING -1
SWIDTH 764 0
DWIDTH 32 0
BBX 24 30 4 0
BITMAP
3C0000
7E0000
660010
C60060
6600E0
7E00C0
3E01C0
0C0180
180380
700300
600600
700E00
380C00
1C1C7C
0C18FE
0638C6
0430C6
0060C3
00E003
00C003
01C003
0180C3
0380C6
0300C6
0600FE
0E00FC
0C00C0
1C00C0
1800C0
7800C0
ENDCHAR
STARTCHAR onethirddeva
ENCODING -1
SWIDTH 764 0
DWIDTH 32 0
BBX 24 30 4 0
BITMAP
3C0000
7E0000
E60000
C60070
660060
7E00C0
3E01C0
0C0180
180380
700300
600700
700600
380C00
1C1C3C
0C18FE
0638C6
0430C6
007006
006006
00C03C
01C03C
018006
038003
030183
0701C3
0E01C6
0C01FE
1C01BC
180180
380180
ENDCHAR
STARTCHAR twothirdsdeva
ENCODING -1
SWIDTH 764 0
DWIDTH 32 0
BBX 22 30 5 0
BITMAP
780000
FC0000
CE0020
C600C0
C601C0
060180
060380
060300
860700
C60600
C60C00
FC1C00
B81800
8038F8
8031FC
80718C
80E18C
00C10C
01C00C
018078
038078
03000C
06000C
0E0304
0C030C
1C038C
1803FC
380378
300300
E00300
ENDCHAR
STARTCHAR onequarterdeva
ENCODING -1
SWIDTH 764 0
DWIDTH 32 0
BBX 24 31 4 0
BITMAP
780000
FC0000
CC0000
8C0070
8C00E0
CC00C0
FC01C0
780180
180380
300300
600600
C00E00
E00C00
701C00
3818C1
1838C1
0C30C1
0860C1
00E0C1
00C0C1
01C0C3
0180E3
03807E
03007E
060063
0E00C3
0C00C3
1C00C3
1800E3
38007E
70003C
ENDCHAR
STARTCHAR threequartersdeva
ENCODING -1
SWIDTH 764 0
DWIDTH 32 0
BBX 26 31 3 0
BITMAP
1E000000
3F000000
63000000
63003800
63003000
03006000
0300E000
1E00C000
1E01C000
03018000
C1838000
C1830000
E3060000
FF0E0000
DE0C60C0
C01C60C0
C01860C0
003860C0
003060C0
006060C0
00E06180
00C03180
01C03F00
01801F00
03803180
03006180
06006180
0E006180
0C003180
1C003F80
38001E00
ENDCHAR
STARTCHAR oneeighthdeva
ENCODING -1
SWIDTH 764 0
DWIDTH 32 0
BBX 22 31 5 0
BITMAP
3C0000
7C0000
660020
C600C0
C601C0
660180
7E0380
3C0300
0C0600
180E00
700C00
601C00
701800
383800
1C3018
0C6030
06E070
04C0E0
01C0C0
018180
038180
030300
060300
0E0600
0C0600
1C060C
18060C
38060C
30071C
6003F8
E001F0
ENDCHAR
STARTCHAR oneeighthdeva.loclNEP
ENCODING -1
SWIDTH 764 0
DWIDTH 32 0
BBX 26 31 3 0
BITMAP
38000000
7C000000
CC000000
C6007000
C6006000
C600E000
7C00C000
3C018000
08038000
18030000
70070000
C0060000
700E0000
380C0000
1C180000
0C380000
0C300000
00707FC0
00607FC0
00E00E00
00C01800
01803000
03806000
03006000
07006000
06004180
0E00C180
0C006180
18007380
38007F00
30001E00
ENDCHAR
STARTCHAR braceleftdeva
ENCODING -1
SWIDTH 276 0
DWIDTH 12 0
BBX 9 41 1 -6
BITMAP
0380
0F80
1F80
1E00
1C00
1C00
1C00
1C00
1C00
1C00
1C00
1C00
1C00
1C00
1C00
1C00
1800
1800
3800
F000
C000
F000
3800
1800
1C00
1C00
1C00
1C00
1C00
1C00
1C00
1C00
1C00
1C00
1C00
1C00
1C00
1E00
1F80
0F80
0380
ENDCHAR
STARTCHAR bracerightdeva
ENCODING -1
SWIDTH 276 0
DWIDTH 12 0
BBX 9 41 2 -6
BITMAP
E000
F800
F800
3C00
1C00
1C00
1C00
1C00
1C00
1C00
1C00
1C00
1C00
1C00
1C00
1C00
1C00
1C00
1E00
0F80
0380
0F80
1E00
1C00
1C00
1C00
1C00
1C00
1C00
1C00
1C00
1C00
1C00
1C00
1C00
1C00
1C00
3C00
F800
F800
E000
ENDCHAR
STARTCHAR bracketleftdeva
ENCODING -1
SWIDTH 233 0
DWIDTH 10 0
BBX 6 41 2 -6
BITMAP
FC
FC
FC
E0
E0
E0
E0
E0
E0
E0
E0
E0
E0
E0
E0
E0
E0
E0
E0
E0
E0
E0
E0
E0
E0
E0
E0
E0
E0
E0
E0
E0
E0
E0
E0
E0
E0
E0
FC
FC
FC
ENDCHAR
STARTCHAR bracketrightdeva
ENCODING -1
SWIDTH 233 0
DWIDTH 10 0
BBX 6 41 2 -6
BITMAP
FC
FC
FC
1C
1C
1C
1C
1C
1C
1C
1C
1C
1C
1C
1C
1C
1C
1C
1C
1C
1C
1C
1C
1C
1C
1C
1C
1C
1C
1C
1C
1C
1C
1C
1C
1C
1C
1C
FC
FC
FC
ENDCHAR
STARTCHAR parenleftdeva
ENCODING -1
SWIDTH 258 0
DWIDTH 11 0
BBX 8 41 2 -6
BITMAP
07
06
0E
0C
1C
1C
38
38
38
70
70
70
F0
E0
E0
E0
E0
E0
E0
E0
E0
E0
E0
E0
E0
E0
E0
E0
F0
70
70
70
78
38
38
1C
1C
0C
0E
06
07
ENDCHAR
STARTCHAR parenrightdeva
ENCODING -1
SWIDTH 258 0
DWIDTH 11 0
BBX 8 41 1 -6
BITMAP
C0
60
70
70
38
38
1C
1C
1C
1E
0E
0E
0E
0F
07
07
07
07
07
07
07
07
07
07
07
07
07
0F
0E
0E
0E
1E
1C
1C
1C
38
38
70
70
60
C0
ENDCHAR
STARTCHAR endashdeva
ENCODING -1
SWIDTH 419 0
DWIDTH 18 0
BBX 18 3 0 12
BITMAP
FFFFC0
FFFFC0
FFFFC0
ENDCHAR
STARTCHAR hyphendeva
ENCODING -1
SWIDTH 251 0
DWIDTH 11 0
BBX 10 4 0 11
BITMAP
FFC0
FFC0
FFC0
FFC0
ENDCHAR
STARTCHAR guilsinglleftdeva
ENCODING -1
SWIDTH 271 0
DWIDTH 11 0
BBX 8 16 1 5
BITMAP
07
07
0E
1C
1C
38
78
70
F0
78
38
3C
1C
0E
07
07
ENDCHAR
STARTCHAR guilsinglrightdeva
ENCODING -1
SWIDTH 271 0
DWIDTH 11 0
BBX 8 16 2 5
BITMAP
E0
70
78
38
1C
1E
0E
0F
0F
0E
1E
1C
38
78
70
E0
ENDCHAR
STARTCHAR quotedblleftdeva
ENCODING -1
SWIDTH 344 0
DWIDTH 14 0
BBX 9 9 3 23
BITMAP
3180
6300
6300
6300
E600
F780
F780
F780
F780
ENDCHAR
STARTCHAR quotedblrightdeva
ENCODING -1
SWIDTH 334 0
DWIDTH 14 0
BBX 8 9 3 18
BITMAP
F7
F7
F7
F7
63
63
E6
C6
C6
ENDCHAR
STARTCHAR quoteleftdeva
ENCODING -1
SWIDTH 240 0
DWIDTH 10 0
BBX 4 9 3 23
BITMAP
30
60
60
E0
C0
F0
F0
F0
F0
ENDCHAR
STARTCHAR quoterightdeva
ENCODING -1
SWIDTH 240 0
DWIDTH 10 0
BBX 4 9 3 18
BITMAP
F0
F0
F0
F0
30
70
60
60
E0
ENDCHAR
STARTCHAR quotesinglbasedeva
ENCODING -1
SWIDTH 167 0
DWIDTH 7 0
BBX 4 9 1 -5
BITMAP
F0
F0
F0
F0
30
70
60
60
E0
ENDCHAR
STARTCHAR quotedbldeva
ENCODING -1
SWIDTH 333 0
DWIDTH 14 0
BBX 8 11 3 16
BITMAP
E7
E7
E7
E7
E7
E7
E7
E7
E7
C3
42
ENDCHAR
STARTCHAR quotesingledeva
ENCODING -1
SWIDTH 205 0
DWIDTH 9 0
BBX 3 11 3 16
BITMAP
E0
E0
E0
E0
E0
E0
E0
E0
C0
C0
C0
ENDCHAR
STARTCHAR .ttfautohint
ENCODING -1
SWIDTH 205 0
DWIDTH 9 0
BBX 1 1 0 0
BITMAP
00
ENDCHAR
ENDFONT
