STARTFONT 2.1
FONT -FontForge-Pragati Narrow-Book-R-Normal--54-410-96-96-P-211-ISO10646-1
SIZE 41 96 96
FONTBOUNDINGBOX 141 92 -27 -29
COMMENT "Generated by fontforge, http://fontforge.sourceforge.net"
COMMENT "Copyright (c) 2012-2015, Omnibus-Type (www.omnibus-type.com omnibus.type@gmail.com)"
STARTPROPERTIES 40
FOUNDRY "FontForge"
FAMILY_NAME "Pragati Narrow"
WEIGHT_NAME "Book"
SLANT "R"
SETWIDTH_NAME "Normal"
ADD_STYLE_NAME ""
PIXEL_SIZE 54
POINT_SIZE 410
RESOLUTION_X 96
RESOLUTION_Y 96
SPACING "P"
AVERAGE_WIDTH 211
CHARSET_REGISTRY "ISO10646"
CHARSET_ENCODING "1"
FONTNAME_REGISTRY ""
CHARSET_COLLECTIONS "ISO8859-2 ISO8859-9 ISO8859-4 ISO10646-1"
FONT_NAME "PragatiNarrow-Regular"
FACE_NAME "Pragati Narrow"
COPYRIGHT "Copyright (c) 2012-2015, Omnibus-Type (www.omnibus-type.com omnibus.type@gmail.com)"
FONT_VERSION "1.010; ttfautohint (v1.3)"
FONT_ASCENT 43
FONT_DESCENT 11
UNDERLINE_POSITION -5
UNDERLINE_THICKNESS 3
X_HEIGHT 25
CAP_HEIGHT 33
RAW_ASCENT 800
RAW_DESCENT 200
NORM_SPACE 11
RELATIVE_WEIGHT 40
RELATIVE_SETWIDTH 50
SUPERSCRIPT_X 0
SUPERSCRIPT_Y 18
SUPERSCRIPT_SIZE 32
SUBSCRIPT_X 0
SUBSCRIPT_Y 4
SUBSCRIPT_SIZE 32
FIGURE_WIDTH 23
AVG_LOWERCASE_WIDTH 204
AVG_UPPERCASE_WIDTH 275
ENDPROPERTIES
CHARS 1148
STARTCHAR uni000C
ENCODING 12
SWIDTH 0 0
DWIDTH 0 0
BBX 1 1 0 0
BITMAP
00
ENDCHAR
STARTCHAR nonmarkingreturn
ENCODING 13
SWIDTH 0 0
DWIDTH 0 0
BBX 1 1 0 0
BITMAP
00
ENDCHAR
STARTCHAR space
ENCODING 32
SWIDTH 210 0
DWIDTH 11 0
BBX 1 1 0 0
BITMAP
00
ENDCHAR
STARTCHAR exclam
ENCODING 33
SWIDTH 210 0
DWIDTH 11 0
BBX 6 34 3 0
BITMAP
FC
F8
F8
F8
F8
F8
F8
F8
F8
F8
F8
78
78
78
78
78
78
78
78
78
78
78
70
70
70
70
00
00
00
F8
F8
F8
F8
F8
ENDCHAR
STARTCHAR quotedbl
ENCODING 34
SWIDTH 267 0
DWIDTH 14 0
BBX 11 14 2 20
BITMAP
F3E0
F3E0
F3E0
F3E0
F3E0
F3E0
F3E0
F3E0
F1C0
F1C0
E1C0
61C0
61C0
6180
ENDCHAR
STARTCHAR numbersign
ENCODING 35
SWIDTH 419 0
DWIDTH 23 0
BBX 22 35 0 0
BITMAP
007878
007878
007878
007078
00F070
00F0F0
00F0F0
00F0F0
00E0F0
01E0E0
01E1E0
3FFFFC
3FFFFC
3FFFFC
3FFFFC
03C3C0
03C3C0
0383C0
078380
078780
078780
070780
FFFFF0
FFFFF0
FFFFF0
FFFFF0
0E0F00
1E1E00
1E1E00
1E1E00
1C1E00
3C1C00
3C3C00
3C3C00
3C3C00
ENDCHAR
STARTCHAR dollar
ENCODING 36
SWIDTH 419 0
DWIDTH 23 0
BBX 17 38 3 -2
BITMAP
018000
018000
018000
018000
018000
07F000
1FFC00
3FFE00
7FFF00
799F00
F98F00
F18F00
F18F00
F98000
F98000
7F8000
7FC000
3FF000
0FFC00
03FE00
01FF00
019F00
018F80
018F80
F18780
F18780
F18780
F98F00
FD9F00
7FFF00
3FFE00
1FF800
03E000
018000
018000
018000
018000
018000
ENDCHAR
STARTCHAR percent
ENCODING 37
SWIDTH 670 0
DWIDTH 36 0
BBX 32 36 2 -1
BITMAP
0F800000
3FE00078
3FF000F0
78F001E0
707001C0
707803C0
F0780380
F0780780
F0780F00
F0780E00
F0781E00
F0781C00
F0783800
70787800
70707000
78F0F000
3FF1E000
3FE1C000
0F83C1F8
000383FC
000787FE
000F0F0F
000E0F0F
001E0E07
001C0E07
003C0E07
00780E07
00700E07
00F00E07
00E00E07
01C00E07
03C00F0F
03800F0F
078007FE
0F0003FC
000001F8
ENDCHAR
STARTCHAR ampersand
ENCODING 38
SWIDTH 503 0
DWIDTH 27 0
BBX 25 36 2 -1
BITMAP
01FC0000
07FF8000
1FFFC000
3FFFE000
3F07F000
7C01F000
7800F800
78007800
F8007800
F8007800
F8007800
F8000000
78000000
7C000000
7C000000
3F000000
1FF07F80
07F07F80
1FF07F80
3FF07F80
7E007800
7C007800
F8007800
F0007800
F0007800
F0007800
F0007800
F0007800
F8007800
F800F000
7C01F000
7F03F000
3FFFE000
1FFFC000
0FFF8000
03FC0000
ENDCHAR
STARTCHAR quotesingle
ENCODING 39
SWIDTH 145 0
DWIDTH 8 0
BBX 4 14 2 20
BITMAP
F0
F0
F0
F0
F0
F0
F0
F0
F0
E0
E0
E0
60
60
ENDCHAR
STARTCHAR parenleft
ENCODING 40
SWIDTH 251 0
DWIDTH 14 0
BBX 11 45 2 -8
BITMAP
00E0
01C0
01C0
0380
0780
0700
0F00
0E00
1E00
1E00
3C00
3C00
3C00
7800
7800
7800
7800
F800
F000
F000
F000
F000
F000
F000
F000
F000
F000
F000
F800
7800
7800
7800
7800
3C00
3C00
3C00
1E00
1E00
0F00
0F00
0700
0780
0380
01C0
00E0
ENDCHAR
STARTCHAR parenright
ENCODING 41
SWIDTH 251 0
DWIDTH 14 0
BBX 11 45 1 -8
BITMAP
C000
E000
7000
7800
3800
3C00
1C00
1E00
0E00
0F00
0F00
0780
0780
0780
07C0
03C0
03C0
03C0
03C0
03C0
03C0
03E0
03E0
03E0
03C0
03C0
03C0
03C0
03C0
03C0
07C0
0780
0780
0780
0F00
0F00
0F00
1E00
1E00
1C00
3C00
3800
7000
7000
E000
ENDCHAR
STARTCHAR asterisk
ENCODING 42
SWIDTH 293 0
DWIDTH 16 0
BBX 13 13 1 21
BITMAP
0780
0700
2710
7378
FFF8
3FF0
0FC0
3FF0
FFF8
7378
2710
0700
0780
ENDCHAR
STARTCHAR plus
ENCODING 43
SWIDTH 440 0
DWIDTH 24 0
BBX 20 26 2 0
BITMAP
00F000
00F000
00F000
00F000
00F000
00F000
00F000
00F000
00F000
00F000
00F000
FFFFF0
FFFFF0
FFFFF0
FFFFF0
00F000
00F000
00F000
00F000
00F000
00F000
00F000
00F000
00F000
00F000
00F000
ENDCHAR
STARTCHAR comma
ENCODING 44
SWIDTH 210 0
DWIDTH 11 0
BBX 5 11 3 -6
BITMAP
F8
F8
F8
F8
F8
38
30
70
70
60
E0
ENDCHAR
STARTCHAR hyphen
ENCODING 45
SWIDTH 251 0
DWIDTH 14 0
BBX 13 5 0 11
BITMAP
FFF8
FFF8
FFF8
FFF8
FFF8
ENDCHAR
STARTCHAR period
ENCODING 46
SWIDTH 210 0
DWIDTH 11 0
BBX 5 5 3 0
BITMAP
F8
F8
F8
F8
F8
ENDCHAR
STARTCHAR slash
ENCODING 47
SWIDTH 210 0
DWIDTH 11 0
BBX 11 40 0 -2
BITMAP
00E0
00E0
01E0
01E0
01E0
01C0
01C0
03C0
03C0
03C0
0380
0380
0780
0780
0780
0700
0700
0F00
0F00
0F00
0E00
0E00
0E00
1E00
1E00
1C00
1C00
1C00
3C00
3C00
3800
3800
3800
7800
7800
7800
7000
7000
F000
F000
ENDCHAR
STARTCHAR zero
ENCODING 48
SWIDTH 419 0
DWIDTH 23 0
BBX 19 36 2 -1
BITMAP
03F000
0FFC00
1FFE00
1FFF00
3E1F80
3C0F80
7C0780
7807C0
7803C0
F803C0
F003C0
F003C0
F003C0
F003E0
F003E0
F003E0
F003E0
F003E0
F003E0
F003E0
F003E0
F003E0
F003E0
F003C0
F003C0
F803C0
F803C0
7803C0
7807C0
7C0780
3C0F80
3E1F80
1FFF00
1FFE00
0FFC00
03F000
ENDCHAR
STARTCHAR one
ENCODING 49
SWIDTH 419 0
DWIDTH 23 0
BBX 20 34 2 0
BITMAP
003800
00F800
07F800
7FF800
FFF800
FFF800
007800
007800
007800
007800
007800
007800
007800
007800
007800
007800
007800
007800
007800
007800
007800
007800
007800
007800
007800
007800
007800
007800
007800
007800
FFFFF0
FFFFF0
FFFFF0
FFFFF0
ENDCHAR
STARTCHAR two
ENCODING 50
SWIDTH 419 0
DWIDTH 23 0
BBX 18 35 2 0
BITMAP
03F800
0FFE00
1FFF00
3FFF80
3E0F80
7C07C0
7807C0
7803C0
F803C0
F803C0
F803C0
F803C0
F807C0
0007C0
000F80
000F80
001F00
003F00
003E00
007C00
00F800
01F000
03E000
07E000
0FC000
1F8000
1F0000
3E0000
7C0000
7C0000
780000
FFFFC0
FFFFC0
FFFFC0
FFFFC0
ENDCHAR
STARTCHAR three
ENCODING 51
SWIDTH 419 0
DWIDTH 23 0
BBX 19 36 2 -1
BITMAP
03F000
0FFC00
1FFF00
3FFF00
7E1F80
7C0780
7807C0
7803C0
F803C0
F803C0
F803C0
0003C0
0003C0
000780
000F80
001F00
03FE00
03FC00
03FE00
03FF00
000F80
0007C0
0003C0
0003C0
0003E0
F003E0
F003E0
F003E0
F003C0
F803C0
7807C0
7E0F80
3FFF80
3FFF00
0FFE00
03F800
ENDCHAR
STARTCHAR four
ENCODING 52
SWIDTH 419 0
DWIDTH 23 0
BBX 21 35 1 0
BITMAP
007800
00F800
00F000
00F000
00F000
01F180
01E180
01E180
03C380
03C380
03C380
078780
078780
0F8780
0F0780
0F0780
1E0780
1E0780
3C0780
3C0780
780780
780780
F00780
FFFFF8
FFFFF8
FFFFF8
FFFFF8
000780
000780
000780
000780
000780
000780
000780
000780
ENDCHAR
STARTCHAR five
ENCODING 53
SWIDTH 419 0
DWIDTH 23 0
BBX 19 35 2 -1
BITMAP
3FFFC0
3FFFC0
3FFFC0
3FFFC0
3C0000
380000
380000
380000
380000
780000
780000
780000
78FC00
7BFE00
7FFF00
7FFF80
7F0FC0
7C07C0
7C03C0
1803E0
0001E0
0001E0
0001E0
0001E0
F001E0
F001E0
F803E0
F803E0
7803C0
7C07C0
3E0F80
3FFF80
1FFF00
0FFE00
03F800
ENDCHAR
STARTCHAR six
ENCODING 54
SWIDTH 419 0
DWIDTH 23 0
BBX 19 36 2 -1
BITMAP
01F000
07FC00
0FFE00
1FFF00
3E1F00
3C0F80
7C0780
780780
7807C0
7807C0
F803C0
F003C0
F00000
F00000
F0F800
F3FE00
F7FF00
FFFF80
FE0F80
FC07C0
F807C0
F803C0
F803E0
F803E0
F803E0
F803E0
F803E0
7803C0
7803C0
7803C0
3C07C0
3E0F80
1FFF80
1FFF00
07FE00
01F800
ENDCHAR
STARTCHAR seven
ENCODING 55
SWIDTH 419 0
DWIDTH 23 0
BBX 19 34 2 0
BITMAP
FFFFE0
FFFFE0
FFFFE0
FFFFC0
0003C0
000780
000F00
000F00
001E00
001E00
003C00
003C00
007800
007800
00F000
00F000
00F000
01E000
01E000
03C000
03C000
03C000
07C000
078000
078000
078000
078000
0F8000
0F8000
0F8000
0F0000
0F0000
0F0000
0F0000
ENDCHAR
STARTCHAR eight
ENCODING 56
SWIDTH 419 0
DWIDTH 23 0
BBX 19 36 2 -1
BITMAP
03F000
0FFC00
1FFE00
3FFF00
3E1F80
7C0780
7807C0
7803C0
7803C0
7803C0
7803C0
7803C0
7803C0
780780
3C0780
3E1F80
1FFF00
0FFE00
1FFE00
3FFF00
7E0F80
7C07C0
F803C0
F003C0
F003E0
F003E0
F003E0
F003E0
F003C0
F803C0
7C07C0
7E0F80
3FFF80
3FFF00
0FFE00
03F800
ENDCHAR
STARTCHAR nine
ENCODING 57
SWIDTH 419 0
DWIDTH 23 0
BBX 19 36 2 -1
BITMAP
03F000
0FFC00
1FFE00
3FFF00
3E1F80
7C0F80
780780
F807C0
F003C0
F003C0
F003C0
F003C0
F003E0
F003E0
F003E0
F807E0
7807E0
7C0FE0
7E1FE0
3FFFE0
1FFFE0
0FFBE0
07E3C0
0003C0
0003C0
7803C0
7803C0
7803C0
7807C0
7C0780
3C0780
3E1F00
1FFF00
1FFE00
0FFC00
03F000
ENDCHAR
STARTCHAR colon
ENCODING 58
SWIDTH 210 0
DWIDTH 11 0
BBX 5 26 3 0
BITMAP
F8
F8
F8
F8
F8
00
00
00
00
00
00
00
00
00
00
00
00
00
00
00
00
F8
F8
F8
F8
F8
ENDCHAR
STARTCHAR semicolon
ENCODING 59
SWIDTH 210 0
DWIDTH 11 0
BBX 5 32 3 -6
BITMAP
F8
F8
F8
F8
F8
00
00
00
00
00
00
00
00
00
00
00
00
00
00
00
00
F8
F8
F8
F8
F8
38
30
70
70
60
E0
ENDCHAR
STARTCHAR less
ENCODING 60
SWIDTH 440 0
DWIDTH 24 0
BBX 20 25 2 0
BITMAP
000030
0000F0
0003F0
000FF0
003FE0
00FF80
03FE00
0FF800
3FE000
FF8000
FF0000
FC0000
F80000
FE0000
FF8000
7FC000
1FF000
07FC00
01FF00
007FC0
001FF0
0007F0
0001F0
000070
000010
ENDCHAR
STARTCHAR equal
ENCODING 61
SWIDTH 440 0
DWIDTH 24 0
BBX 20 15 2 5
BITMAP
FFFFF0
FFFFF0
FFFFF0
FFFFF0
000000
000000
000000
000000
000000
000000
000000
FFFFF0
FFFFF0
FFFFF0
FFFFF0
ENDCHAR
STARTCHAR greater
ENCODING 62
SWIDTH 440 0
DWIDTH 24 0
BBX 20 25 2 0
BITMAP
C00000
F00000
FC0000
FF0000
7FC000
1FF000
07FC00
03FE00
00FF80
003FE0
000FF0
0003F0
0001F0
0007F0
001FF0
007FE0
01FF80
03FE00
0FF800
3FE000
FF8000
FE0000
F80000
E00000
800000
ENDCHAR
STARTCHAR question
ENCODING 63
SWIDTH 419 0
DWIDTH 23 0
BBX 18 35 2 0
BITMAP
03F800
0FFE00
1FFF00
3FFF80
3E0F80
7C07C0
7807C0
F807C0
F803C0
F803C0
F803C0
F803C0
0007C0
0007C0
000F80
000F80
001F00
003F00
007E00
007C00
00F800
00F000
00F000
00F000
00F000
00F000
000000
000000
000000
000000
01F000
01F000
01F000
01F000
01F000
ENDCHAR
STARTCHAR at
ENCODING 64
SWIDTH 764 0
DWIDTH 41 0
BBX 37 44 2 -9
BITMAP
0003FF0000
001FFFE000
007FFFF800
00FE00FE00
03F0001F00
07C0000F80
07800003C0
0F000001C0
1E000001E0
1C00FE00E0
3C03FF8070
3807FFC070
3807FFC070
700F83C038
700F01E038
700F01E038
700F01E038
600001E038
E00001E038
E00001E038
E0003FE038
E001FFE038
E007FFE038
E00FFFE038
E00FC1E038
E01F01E030
E01E01E070
601E01E070
701E03E0F0
701E03E1E0
701F0FE3E0
701FFFFFC0
780FFCFF80
3807F8FF00
3803F07C00
1C00000000
1E00000000
0F00000000
0780000000
07C0008000
01F8038000
00FFFF8000
003FFF8000
0007FC0000
ENDCHAR
STARTCHAR A
ENCODING 65
SWIDTH 503 0
DWIDTH 27 0
BBX 27 34 0 0
BITMAP
001F8000
003F8000
003F8000
003BC000
007BC000
007BC000
007BC000
00F1E000
00F1E000
00F1E000
01E1F000
01E0F000
01E0F000
03E0F800
03C07800
03C07800
03C07C00
07803C00
07803C00
07803E00
0F003E00
0F001E00
0FFFFF00
1FFFFF00
1FFFFF00
1FFFFF00
3E000F80
3C000780
3C000780
7C0007C0
780007C0
780003C0
F80003E0
F00003E0
ENDCHAR
STARTCHAR B
ENCODING 66
SWIDTH 503 0
DWIDTH 27 0
BBX 23 34 3 0
BITMAP
FFFF00
FFFFE0
FFFFF0
FFFFF8
F801F8
F800FC
F8007C
F8007C
F8007C
F8007C
F8007C
F80078
F800F8
F803F0
FFFFE0
FFFF80
FFFFC0
FFFFF0
F801F8
F800F8
F8007C
F8003C
F8003C
F8003E
F8003E
F8003E
F8003E
F8007C
F8007C
F801F8
FFFFF8
FFFFF0
FFFFE0
FFFF00
ENDCHAR
STARTCHAR C
ENCODING 67
SWIDTH 544 0
DWIDTH 29 0
BBX 25 36 2 -1
BITMAP
007F8000
01FFF000
07FFF800
0FFFFC00
1FC0FE00
1F003F00
3E001F00
3E000F80
7C000F80
7C000F80
78000780
78000780
F8000780
F8000000
F8000000
F8000000
F8000000
F8000000
F8000000
F8000000
F8000000
F8000000
F8000000
F8000780
78000780
78000780
7C000780
7C000F80
3E000F80
3E001F00
1F003F00
1FC0FE00
0FFFFC00
07FFF800
01FFF000
007FC000
ENDCHAR
STARTCHAR D
ENCODING 68
SWIDTH 544 0
DWIDTH 29 0
BBX 24 34 3 0
BITMAP
FFFE00
FFFF80
FFFFE0
FFFFF0
F803F8
F800F8
F8007C
F8003C
F8003E
F8001E
F8001E
F8001F
F8001F
F8001F
F8001F
F8001F
F8001F
F8001F
F8001F
F8001F
F8001F
F8001F
F8001E
F8001E
F8003E
F8003E
F8007C
F8007C
F800F8
F803F8
FFFFF0
FFFFE0
FFFF80
FFFE00
ENDCHAR
STARTCHAR E
ENCODING 69
SWIDTH 503 0
DWIDTH 27 0
BBX 22 34 3 0
BITMAP
FFFFF8
FFFFF8
FFFFF8
FFFFF8
F80000
F80000
F80000
F80000
F80000
F80000
F80000
F80000
F80000
F80000
FFFFE0
FFFFE0
FFFFE0
FFFFE0
F80000
F80000
F80000
F80000
F80000
F80000
F80000
F80000
F80000
F80000
F80000
F80000
FFFFFC
FFFFFC
FFFFFC
FFFFFC
ENDCHAR
STARTCHAR F
ENCODING 70
SWIDTH 461 0
DWIDTH 25 0
BBX 20 34 3 0
BITMAP
FFFFF0
FFFFF0
FFFFF0
FFFFF0
F80000
F80000
F80000
F80000
F80000
F80000
F80000
F80000
F80000
F80000
F80000
FFFFC0
FFFFC0
FFFFC0
FFFFC0
F80000
F80000
F80000
F80000
F80000
F80000
F80000
F80000
F80000
F80000
F80000
F80000
F80000
F80000
F80000
ENDCHAR
STARTCHAR G
ENCODING 71
SWIDTH 587 0
DWIDTH 32 0
BBX 26 36 2 -1
BITMAP
003FC000
00FFF800
03FFFC00
07FFFE00
0FE07F00
1F801F80
1F000F80
3E0007C0
3E0007C0
3C0003C0
7C0003C0
7C0003C0
78000000
78000000
78000000
78000000
F8000000
F807FFC0
F807FFC0
F807FFC0
F807FFC0
780003C0
780003C0
780003C0
780003C0
7C0003C0
7C0007C0
3C0007C0
3E0007C0
1F000FC0
1F801FC0
0FE07FC0
07FFFDC0
03FFF9C0
01FFF1C0
003F8000
ENDCHAR
STARTCHAR H
ENCODING 72
SWIDTH 544 0
DWIDTH 29 0
BBX 23 34 3 0
BITMAP
F8001E
F8001E
F8001E
F8001E
F8001E
F8001E
F8001E
F8001E
F8001E
F8001E
F8001E
F8001E
F8001E
F8001E
FFFFFE
FFFFFE
FFFFFE
FFFFFE
F8001E
F8001E
F8001E
F8001E
F8001E
F8001E
F8001E
F8001E
F8001E
F8001E
F8001E
F8001E
F8001E
F8001E
F8001E
F8001E
ENDCHAR
STARTCHAR I
ENCODING 73
SWIDTH 210 0
DWIDTH 11 0
BBX 5 34 3 0
BITMAP
F8
F8
F8
F8
F8
F8
F8
F8
F8
F8
F8
F8
F8
F8
F8
F8
F8
F8
F8
F8
F8
F8
F8
F8
F8
F8
F8
F8
F8
F8
F8
F8
F8
F8
ENDCHAR
STARTCHAR J
ENCODING 74
SWIDTH 376 0
DWIDTH 20 0
BBX 16 35 1 -1
BITMAP
000F
000F
000F
000F
000F
000F
000F
000F
000F
000F
000F
000F
000F
000F
000F
000F
000F
000F
000F
000F
000F
000F
000F
000F
F00F
F00F
F00F
F00F
F01F
F81F
FC3E
7FFE
7FFC
1FF8
0FE0
ENDCHAR
STARTCHAR K
ENCODING 75
SWIDTH 503 0
DWIDTH 27 0
BBX 24 34 3 0
BITMAP
F8003E
F8007C
F800F8
F800F8
F801F0
F803E0
F807C0
F807C0
F80F80
F81F00
F81E00
F83E00
F87C00
F8F800
F8F800
F9FC00
FBFC00
FFFE00
FF9E00
FF1F00
FF0F00
FE0F80
FC07C0
F807C0
F803E0
F803E0
F801F0
F801F0
F800F8
F800F8
F8007C
F8007C
F8003E
F8003F
ENDCHAR
STARTCHAR L
ENCODING 76
SWIDTH 419 0
DWIDTH 23 0
BBX 19 34 3 0
BITMAP
F80000
F80000
F80000
F80000
F80000
F80000
F80000
F80000
F80000
F80000
F80000
F80000
F80000
F80000
F80000
F80000
F80000
F80000
F80000
F80000
F80000
F80000
F80000
F80000
F80000
F80000
F80000
F80000
F80000
F80000
FFFFE0
FFFFE0
FFFFE0
FFFFE0
ENDCHAR
STARTCHAR M
ENCODING 77
SWIDTH 628 0
DWIDTH 34 0
BBX 28 34 3 0
BITMAP
FE0007F0
FE0007F0
FE0007F0
FF000FF0
FF000FF0
FF000EF0
FF001EF0
F7801EF0
F7801FF0
F7801DF0
F7C03DF0
F3C03DF0
F3C03DF0
F3C039F0
F3E079F0
F1E079F0
F1E071F0
F1E0F1F0
F1F0F1F0
F0F0F1F0
F0F0E1F0
F0F9E1F0
F079E1F0
F079E1F0
F079C1F0
F079C1F0
F03BC1F0
F03F81F0
F03F81F0
F01F81F0
F01F81F0
F01F01F0
F01F01F0
F00F01F0
ENDCHAR
STARTCHAR N
ENCODING 78
SWIDTH 544 0
DWIDTH 29 0
BBX 23 34 3 0
BITMAP
F8001E
F8001E
FC001E
FC001E
FE001E
FE001E
FF001E
FF801E
F7801E
F7C01E
F3C01E
F3E01E
F1F01E
F1F01E
F0F81E
F0F81E
F07C1E
F03E1E
F03E1E
F01F1E
F01F1E
F00F9E
F0079E
F007DE
F003DE
F003FE
F001FE
F001FE
F000FE
F0007E
F0007E
F0003E
F0003E
F0001E
ENDCHAR
STARTCHAR O
ENCODING 79
SWIDTH 587 0
DWIDTH 32 0
BBX 27 36 2 -1
BITMAP
003FC000
01FFF000
03FFFC00
07FFFE00
0FE07F00
1F801F00
1F000F80
3E000F80
3E0007C0
7C0003C0
7C0003C0
7C0003E0
780003E0
780003E0
780001E0
780001E0
F80001E0
F80001E0
F80001E0
F80001E0
F80001E0
780001E0
780003E0
780003E0
7C0003E0
7C0003C0
7C0003C0
3E0007C0
3E000780
1F000F80
1F801F00
0FE07F00
07FFFE00
03FFFC00
01FFF000
003FC000
ENDCHAR
STARTCHAR P
ENCODING 80
SWIDTH 503 0
DWIDTH 27 0
BBX 23 34 3 0
BITMAP
FFFF80
FFFFE0
FFFFF0
FFFFF8
F801FC
F8007C
F8007C
F8003E
F8003E
F8003E
F8003E
F8003E
F8003E
F8007C
F800FC
F801F8
FFFFF8
FFFFF0
FFFFC0
FFFF00
F80000
F80000
F80000
F80000
F80000
F80000
F80000
F80000
F80000
F80000
F80000
F80000
F80000
F80000
ENDCHAR
STARTCHAR Q
ENCODING 81
SWIDTH 587 0
DWIDTH 32 0
BBX 27 41 2 -6
BITMAP
003FC000
01FFF000
03FFFC00
07FFFE00
0FE07F00
1F801F00
1F000F80
3E000F80
3E0007C0
7C0003C0
7C0003C0
7C0003E0
780003E0
780003E0
780001E0
780001E0
F80001E0
F80001E0
F80001E0
F80001E0
F80001E0
780001E0
780003E0
780003E0
7C0003E0
7C0003C0
7C0003C0
3E0007C0
3E000780
1F000F80
1F801F00
0FE07F00
07FFFE00
03FFFC00
01FFF000
003FF000
0001F800
0000FC00
00007E00
00003F00
00001FC0
ENDCHAR
STARTCHAR R
ENCODING 82
SWIDTH 544 0
DWIDTH 29 0
BBX 25 34 3 0
BITMAP
FFFFC000
FFFFF000
FFFFFC00
FFFFFE00
F8007E00
F8003F00
F8001F00
F8001F00
F8000F00
F8000F00
F8000F00
F8001F00
F8001F00
F8003E00
F8007E00
FFFFFC00
FFFFF800
FFFFF000
FFFFC000
F803E000
F801E000
F801F000
F801F000
F800F800
F800F800
F8007800
F8007C00
F8003C00
F8003E00
F8003E00
F8001F00
F8001F00
F8000F00
F8000F80
ENDCHAR
STARTCHAR S
ENCODING 83
SWIDTH 503 0
DWIDTH 27 0
BBX 23 36 2 -1
BITMAP
00FF00
07FFC0
0FFFE0
1FFFF0
3F83F8
7E00F8
7C007C
78007C
78003C
78003C
7C0000
7C0000
7E0000
3F8000
3FE000
1FFC00
0FFF00
07FFE0
00FFF0
003FF8
0007FC
0001FC
00007E
00003E
00003E
F8003E
F8003E
F8003E
F8003E
FC003C
7E007C
7F01FC
3FFFF8
1FFFF0
07FFC0
01FF00
ENDCHAR
STARTCHAR T
ENCODING 84
SWIDTH 461 0
DWIDTH 25 0
BBX 23 34 1 0
BITMAP
FFFFFE
FFFFFE
FFFFFE
FFFFFE
007C00
007C00
007C00
007C00
007C00
007C00
007C00
007C00
007C00
007C00
007C00
007C00
007C00
007C00
007C00
007C00
007C00
007C00
007C00
007C00
007C00
007C00
007C00
007C00
007C00
007C00
007C00
007C00
007C00
007C00
ENDCHAR
STARTCHAR U
ENCODING 85
SWIDTH 544 0
DWIDTH 29 0
BBX 23 35 3 -1
BITMAP
F8001E
F8001E
F8001E
F8001E
F8001E
F8001E
F8001E
F8001E
F8001E
F8001E
F8001E
F8001E
F8001E
F8001E
F8001E
F8001E
F8001E
F8001E
F8001E
F8001E
F8001E
F8001E
F8001E
F8001E
F8003E
78003E
78003E
7C003C
7C007C
3E00FC
3F81F8
1FFFF0
0FFFE0
07FFC0
00FF00
ENDCHAR
STARTCHAR V
ENCODING 86
SWIDTH 503 0
DWIDTH 27 0
BBX 27 34 0 0
BITMAP
F80003E0
7C0003C0
7C0003C0
7C0007C0
3E000780
3E000780
3E000780
1E000F00
1F000F00
1F000F00
0F001F00
0F801E00
0F801E00
07801E00
07803C00
07C03C00
07C03C00
03C07800
03E07800
03E07800
01E0F800
01E0F000
01F0F000
00F0F000
00F1E000
00F9E000
00F9E000
007BC000
007BC000
007FC000
003F8000
003F8000
003F8000
001F8000
ENDCHAR
STARTCHAR W
ENCODING 87
SWIDTH 711 0
DWIDTH 38 0
BBX 38 34 0 0
BITMAP
F800FC003C
7800FE003C
7C00FE0078
7C00FE0078
3C00FE0078
3C01FE0078
3E01EF0070
3E01EF00F0
3E01EF00F0
1E01CF00F0
1E01CF00E0
1F03CF01E0
1F03CF81E0
0F03C781E0
0F03C781E0
0F838781C0
0F838783C0
078787C3C0
078783C3C0
078783C380
07C703C780
07C703C780
03C703C780
03CF03E700
03EF01E700
03EF01EF00
01EE01EF00
01EE01EF00
01EE01EE00
01EE00FE00
00FE00FE00
00FE00FE00
00FC00FC00
00FC00FC00
ENDCHAR
STARTCHAR X
ENCODING 88
SWIDTH 503 0
DWIDTH 27 0
BBX 27 34 0 0
BITMAP
7E0007C0
3E000F80
1F000F00
1F001F00
0F803E00
0FC03C00
07C07C00
03E07800
03E0F800
01F1F000
00F9E000
00FBE000
007FC000
007FC000
003F8000
001F0000
001F0000
003F8000
003FC000
007FC000
007BE000
00FBE000
01F1F000
01E1F800
03E0F800
07C07C00
07C07C00
0F803E00
0F003F00
1F001F00
3E000F80
3C000F80
7C0007C0
F80007E0
ENDCHAR
STARTCHAR Y
ENCODING 89
SWIDTH 503 0
DWIDTH 27 0
BBX 27 34 0 0
BITMAP
FC0003E0
7C0003C0
3E000780
3E000780
1F000F00
1F000F00
0F801E00
0F803E00
07C03C00
03C07C00
03E07800
01F0F000
01F0F000
00F9E000
00F9E000
007FC000
007FC000
003F8000
001F8000
001F0000
001F0000
001F0000
001F0000
001F0000
001F0000
001F0000
001F0000
001F0000
001F0000
001F0000
001F0000
001F0000
001F0000
001F0000
ENDCHAR
STARTCHAR Z
ENCODING 90
SWIDTH 461 0
DWIDTH 25 0
BBX 23 34 1 0
BITMAP
7FFFFC
7FFFFC
7FFFFC
7FFFFC
0000F8
0001F0
0001F0
0003E0
0003E0
0007C0
000F80
000F80
001F00
001F00
003E00
003E00
007C00
00F800
00F800
01F000
01F000
03E000
03E000
07C000
0F8000
0F8000
1F0000
1F0000
3E0000
3C0000
7FFFFE
FFFFFE
FFFFFE
FFFFFE
ENDCHAR
STARTCHAR bracketleft
ENCODING 91
SWIDTH 210 0
DWIDTH 11 0
BBX 8 45 2 -8
BITMAP
FF
FF
FF
FF
F0
F0
F0
F0
F0
F0
F0
F0
F0
F0
F0
F0
F0
F0
F0
F0
F0
F0
F0
F0
F0
F0
F0
F0
F0
F0
F0
F0
F0
F0
F0
F0
F0
F0
F0
F0
F0
FF
FF
FF
FF
ENDCHAR
STARTCHAR backslash
ENCODING 92
SWIDTH 210 0
DWIDTH 11 0
BBX 11 40 0 -2
BITMAP
F000
F000
F000
7000
7000
7800
7800
7800
3800
3800
3C00
3C00
3C00
1C00
1C00
1E00
1E00
1E00
0E00
0E00
0F00
0F00
0F00
0700
0700
0700
0780
0780
0380
0380
0380
03C0
03C0
01C0
01C0
01C0
01E0
01E0
00E0
00E0
ENDCHAR
STARTCHAR bracketright
ENCODING 93
SWIDTH 210 0
DWIDTH 11 0
BBX 8 45 1 -8
BITMAP
FF
FF
FF
FF
0F
0F
0F
0F
0F
0F
0F
0F
0F
0F
0F
0F
0F
0F
0F
0F
0F
0F
0F
0F
0F
0F
0F
0F
0F
0F
0F
0F
0F
0F
0F
0F
0F
0F
0F
0F
0F
FF
FF
FF
FF
ENDCHAR
STARTCHAR asciicircum
ENCODING 94
SWIDTH 354 0
DWIDTH 19 0
BBX 19 19 0 15
BITMAP
01F000
03F800
03F800
03F800
07BC00
07BC00
07BE00
0F1E00
0F1E00
0F1F00
1F0F00
1E0F00
1E0F80
3E0780
3C0780
3C07C0
7C03C0
7803C0
F803E0
ENDCHAR
STARTCHAR underscore
ENCODING 95
SWIDTH 419 0
DWIDTH 23 0
BBX 23 3 0 -6
BITMAP
FFFFFE
FFFFFE
FFFFFE
ENDCHAR
STARTCHAR grave
ENCODING 96
SWIDTH 251 0
DWIDTH 14 0
BBX 9 6 1 30
BITMAP
F800
3C00
3C00
1E00
0F00
0780
ENDCHAR
STARTCHAR a
ENCODING 97
SWIDTH 419 0
DWIDTH 23 0
BBX 20 28 2 -1
BITMAP
03F800
0FFE00
1FFF00
3FFF00
7E1F80
7C0F80
780780
780780
780780
000780
000780
000780
01FF80
0FFF80
3FFF80
7FFF80
7E0780
F80780
F00780
F00780
F00780
F00F80
F01F80
F83F80
FFFFF0
7FF3F0
3FE3F0
0F81F0
ENDCHAR
STARTCHAR b
ENCODING 98
SWIDTH 419 0
DWIDTH 23 0
BBX 18 37 3 -1
BITMAP
F00000
F00000
F00000
F00000
F00000
F00000
F00000
F00000
F00000
F1F000
F3FC00
F7FE00
FFFF00
FE1F00
FC0F00
F80F80
F80780
F00780
F00780
F007C0
F007C0
F007C0
F007C0
F007C0
F007C0
F007C0
F007C0
F00780
F00780
F80780
F80F80
FC0F00
FE1F00
FFFF00
E7FE00
E3FC00
01F000
ENDCHAR
STARTCHAR c
ENCODING 99
SWIDTH 376 0
DWIDTH 20 0
BBX 17 28 2 -1
BITMAP
03F000
0FFC00
1FFE00
3FFE00
7E1F00
7C0F00
780F00
F80F00
F00F80
F00F80
F00F80
F00000
F00000
F00000
F00000
F00000
F00000
F00780
F00780
F00780
F80F00
780F00
7C0F00
7E1F00
3FFE00
1FFC00
0FF800
07F000
ENDCHAR
STARTCHAR d
ENCODING 100
SWIDTH 419 0
DWIDTH 23 0
BBX 18 37 2 -1
BITMAP
0003C0
0003C0
0003C0
0003C0
0003C0
0003C0
0003C0
0003C0
0003C0
07C3C0
0FF3C0
1FFBC0
3FFFC0
3E1FC0
7C0FC0
780FC0
7807C0
F807C0
F007C0
F007C0
F003C0
F003C0
F003C0
F003C0
F003C0
F003C0
F007C0
F007C0
F807C0
7807C0
7807C0
7C0FC0
7E1FC0
3FFFC0
1FFBC0
0FF3C0
07C000
ENDCHAR
STARTCHAR e
ENCODING 101
SWIDTH 419 0
DWIDTH 23 0
BBX 19 28 2 -1
BITMAP
03F800
0FFE00
1FFF00
3FFF80
3F0F80
7C07C0
7C07C0
7803C0
F803C0
F803C0
F803C0
F003C0
FFFFE0
FFFFE0
FFFFE0
FFFFE0
F00000
F00000
F80000
F803E0
7803C0
7803C0
7C07C0
3F0F80
3FFF80
1FFF00
0FFE00
03F800
ENDCHAR
STARTCHAR f
ENCODING 102
SWIDTH 210 0
DWIDTH 11 0
BBX 11 36 0 0
BITMAP
07E0
0FE0
1FE0
1FE0
1E00
1E00
1E00
1E00
1E00
1E00
FFE0
FFE0
FFE0
FFE0
1E00
1E00
1E00
1E00
1E00
1E00
1E00
1E00
1E00
1E00
1E00
1E00
1E00
1E00
1E00
1E00
1E00
1E00
1E00
1E00
1E00
1E00
ENDCHAR
STARTCHAR g
ENCODING 103
SWIDTH 419 0
DWIDTH 23 0
BBX 21 40 1 -9
BITMAP
000078
000078
0000F0
0000F0
01F9F0
07FFE0
0FFFC0
1FFF80
3F0F80
3E07C0
3C03C0
3C03C0
3C03E0
3C03E0
3C03E0
3C03C0
3E07C0
1F0FC0
1FFF80
0FFF80
1FFE00
3FF800
7C0000
780000
780000
7C0000
3FFFC0
1FFFE0
3FFFF0
7FFFF8
F800F8
F00078
F00078
F00078
F00078
F800F8
FFFFF0
7FFFE0
3FFFC0
1FFF80
ENDCHAR
STARTCHAR h
ENCODING 104
SWIDTH 419 0
DWIDTH 23 0
BBX 17 36 3 0
BITMAP
F00000
F00000
F00000
F00000
F00000
F00000
F00000
F00000
F00000
F0F800
F3FE00
F7FE00
FFFF00
FE1F00
FC0F00
F80F80
F80780
F00780
F00780
F00780
F00780
F00780
F00780
F00780
F00780
F00780
F00780
F00780
F00780
F00780
F00780
F00780
F00780
F00780
F00780
F00780
ENDCHAR
STARTCHAR i
ENCODING 105
SWIDTH 167 0
DWIDTH 9 0
BBX 5 36 2 0
BITMAP
F8
F8
F8
F8
F8
00
00
00
00
00
F8
F8
F8
F8
F8
F8
F8
F8
F8
F8
F8
F8
F8
F8
F8
F8
F8
F8
F8
F8
F8
F8
F8
F8
F8
F8
ENDCHAR
STARTCHAR j
ENCODING 106
SWIDTH 167 0
DWIDTH 9 0
BBX 9 45 -2 -9
BITMAP
0F80
0F80
0F80
0F80
0F80
0000
0000
0000
0000
0000
0F80
0F80
0F80
0F80
0F80
0F80
0F80
0F80
0F80
0F80
0F80
0F80
0F80
0F80
0F80
0F80
0F80
0F80
0F80
0F80
0F80
0F80
0F80
0F80
0F80
0F80
0F80
0F80
0F80
0F80
0F00
FF00
FF00
FE00
FC00
ENDCHAR
STARTCHAR k
ENCODING 107
SWIDTH 376 0
DWIDTH 20 0
BBX 17 36 3 0
BITMAP
F00000
F00000
F00000
F00000
F00000
F00000
F00000
F00000
F00000
F00000
F00F80
F01F00
F01E00
F03C00
F07C00
F07800
F0F000
F1F000
F1E000
F3C000
F78000
FFC000
FFC000
FFE000
FFE000
FDF000
F8F000
F0F800
F07800
F07C00
F03E00
F03E00
F01F00
F01F00
F00F80
F00780
ENDCHAR
STARTCHAR l
ENCODING 108
SWIDTH 167 0
DWIDTH 9 0
BBX 5 36 2 0
BITMAP
F8
F8
F8
F8
F8
F8
F8
F8
F8
F8
F8
F8
F8
F8
F8
F8
F8
F8
F8
F8
F8
F8
F8
F8
F8
F8
F8
F8
F8
F8
F8
F8
F8
F8
F8
F8
ENDCHAR
STARTCHAR m
ENCODING 109
SWIDTH 628 0
DWIDTH 34 0
BBX 28 27 3 0
BITMAP
01F01F00
E3FC3FC0
E7FE7FE0
FFFEFFE0
FE3FE3F0
FC1FC1F0
F80F80F0
F80F80F0
F00F00F0
F00F00F0
F00F00F0
F00F00F0
F00F00F0
F00F00F0
F00F00F0
F00F00F0
F00F00F0
F00F00F0
F00F00F0
F00F00F0
F00F00F0
F00F00F0
F00F00F0
F00F00F0
F00F00F0
F00F00F0
F00F00F0
ENDCHAR
STARTCHAR n
ENCODING 110
SWIDTH 419 0
DWIDTH 23 0
BBX 17 27 3 0
BITMAP
01F800
E3FE00
E7FE00
FFFF00
FE1F00
FC0F00
F80F80
F80780
F00780
F00780
F00780
F00780
F00780
F00780
F00780
F00780
F00780
F00780
F00780
F00780
F00780
F00780
F00780
F00780
F00780
F00780
F00780
ENDCHAR
STARTCHAR o
ENCODING 111
SWIDTH 419 0
DWIDTH 23 0
BBX 19 28 2 -1
BITMAP
03F800
0FFC00
1FFF00
3FFF00
3E1F80
7C0780
7807C0
7803C0
F803C0
F003C0
F003E0
F003E0
F003E0
F003E0
F003E0
F003E0
F003E0
F003E0
F003C0
F803C0
7803C0
7807C0
7C0780
3E1F80
3FFF00
1FFF00
0FFC00
03F800
ENDCHAR
STARTCHAR p
ENCODING 112
SWIDTH 419 0
DWIDTH 23 0
BBX 18 36 3 -9
BITMAP
01F000
E3FC00
E7FE00
FFFF00
FE1F00
FC0F80
F80F80
F80780
F00780
F00780
F007C0
F007C0
F007C0
F007C0
F007C0
F007C0
F007C0
F007C0
F00780
F00780
F80780
F80F80
FC0F00
FE1F00
FFFE00
F7FE00
F3FC00
F1F000
F00000
F00000
F00000
F00000
F00000
F00000
F00000
F00000
ENDCHAR
STARTCHAR q
ENCODING 113
SWIDTH 419 0
DWIDTH 23 0
BBX 18 36 2 -9
BITMAP
07C000
0FF3C0
1FFBC0
3FFFC0
3E1FC0
7C0FC0
7807C0
7807C0
F807C0
F007C0
F007C0
F003C0
F003C0
F003C0
F003C0
F003C0
F003C0
F007C0
F007C0
F807C0
7807C0
7807C0
7C0FC0
3E1FC0
3FFFC0
1FFBC0
0FF3C0
07C3C0
0003C0
0003C0
0003C0
0003C0
0003C0
0003C0
0003C0
0003C0
ENDCHAR
STARTCHAR r
ENCODING 114
SWIDTH 251 0
DWIDTH 14 0
BBX 10 27 3 0
BITMAP
03C0
E7C0
EFC0
FFC0
FE00
F800
F800
F000
F000
F000
F000
F000
F000
F000
F000
F000
F000
F000
F000
F000
F000
F000
F000
F000
F000
F000
F000
ENDCHAR
STARTCHAR s
ENCODING 115
SWIDTH 376 0
DWIDTH 20 0
BBX 16 28 2 -1
BITMAP
07E0
1FF8
3FFC
7FFE
7C3E
F81F
F81F
F00F
F800
F800
7C00
7F80
3FE0
1FF8
07FC
00FE
003F
001F
000F
F00F
F00F
F00F
F81F
FC3F
7FFE
3FFE
1FF8
07F0
ENDCHAR
STARTCHAR t
ENCODING 116
SWIDTH 210 0
DWIDTH 11 0
BBX 9 34 1 -1
BITMAP
1C00
1C00
3C00
3C00
3C00
3C00
3C00
FF80
FF80
FF80
FF80
3C00
3C00
3C00
3C00
3C00
3C00
3C00
3C00
3C00
3C00
3C00
3C00
3C00
3C00
3C00
3C00
3C00
3C00
3E00
3F80
1F80
1F80
0F80
ENDCHAR
STARTCHAR u
ENCODING 117
SWIDTH 419 0
DWIDTH 23 0
BBX 17 27 3 -1
BITMAP
F00780
F00780
F00780
F00780
F00780
F00780
F00780
F00780
F00780
F00780
F00780
F00780
F00780
F00780
F00780
F00780
F00780
F00780
F00F80
F00F80
F00F80
F81F80
FC3F80
7FF780
7FF780
3FE780
0F8000
ENDCHAR
STARTCHAR v
ENCODING 118
SWIDTH 376 0
DWIDTH 20 0
BBX 20 26 0 0
BITMAP
F800F0
7801E0
7C01E0
7C01E0
3C01E0
3C03C0
3E03C0
1E03C0
1E0780
1F0780
0F0780
0F0780
0F0F00
0F8F00
078F00
078E00
079E00
03DE00
03DE00
03DC00
03FC00
01FC00
01F800
01F800
00F800
00F800
ENDCHAR
STARTCHAR w
ENCODING 119
SWIDTH 544 0
DWIDTH 29 0
BBX 29 26 0 0
BITMAP
F80F8078
F80F8078
780FC078
780FC0F0
7C0FC0F0
7C1DC0F0
3C1DC0F0
3C1DE1E0
3C1DE1E0
3E1DE1E0
1E1DE1E0
1E3CE1C0
1E3CE3C0
1F38F3C0
0F38F3C0
0F38F380
0F387380
0F787780
07F07780
07F07F00
07F07F00
07F07F00
03F03F00
03F03E00
03E03E00
03E03E00
ENDCHAR
STARTCHAR x
ENCODING 120
SWIDTH 376 0
DWIDTH 20 0
BBX 20 26 0 0
BITMAP
7C01F0
7C03E0
3E03C0
1E07C0
1F0780
0F0F80
0F8F00
07DE00
07FE00
03FC00
01FC00
01F800
00F000
00F800
01FC00
03FC00
03FE00
079E00
079F00
0F0F00
1F0F80
1E0780
3E07C0
3C03E0
7C03E0
F801F0
ENDCHAR
STARTCHAR y
ENCODING 121
SWIDTH 376 0
DWIDTH 20 0
BBX 20 35 0 -9
BITMAP
F800F0
7801E0
7C01E0
3C01E0
3C01E0
3E03C0
1E03C0
1E03C0
1E03C0
1F0780
0F0780
0F0780
0F8780
078F00
078F00
078F00
03CE00
03DE00
03DE00
01FE00
01FC00
01FC00
00FC00
00FC00
00F800
00F800
00F800
00F000
01F000
01F000
07E000
3FC000
3FC000
3F8000
3E0000
ENDCHAR
STARTCHAR z
ENCODING 122
SWIDTH 376 0
DWIDTH 20 0
BBX 18 26 1 0
BITMAP
7FFF80
7FFF80
7FFF80
7FFF80
001F00
001E00
003E00
003C00
007C00
007800
00F800
01F000
01E000
03E000
03C000
07C000
078000
0F0000
1F0000
1E0000
3E0000
3C0000
7FFFC0
7FFFC0
FFFFC0
FFFFC0
ENDCHAR
STARTCHAR braceleft
ENCODING 123
SWIDTH 252 0
DWIDTH 14 0
BBX 12 45 1 -9
BITMAP
00F0
03F0
07F0
0F80
0F00
0F00
0F00
0F00
0F00
0F00
0F00
0F00
0F00
0F00
0F00
0E00
0E00
0E00
0E00
1E00
3E00
FC00
F800
F800
FC00
3E00
1E00
0E00
0E00
0E00
0E00
0E00
0F00
0F00
0F00
0F00
0F00
0F00
0F00
0F00
0F00
0F80
07F0
03F0
00F0
ENDCHAR
STARTCHAR bar
ENCODING 124
SWIDTH 196 0
DWIDTH 11 0
BBX 4 45 3 -9
BITMAP
F0
F0
F0
F0
F0
F0
F0
F0
F0
F0
F0
F0
F0
F0
F0
F0
F0
F0
F0
F0
F0
F0
F0
F0
F0
F0
F0
F0
F0
F0
F0
F0
F0
F0
F0
F0
F0
F0
F0
F0
F0
F0
F0
F0
F0
ENDCHAR
STARTCHAR braceright
ENCODING 125
SWIDTH 252 0
DWIDTH 14 0
BBX 12 45 1 -9
BITMAP
F000
FC00
FE00
3E00
1E00
0F00
0F00
0F00
0F00
0F00
0F00
0F00
0F00
0F00
0F00
0F00
0F00
0F00
0F00
0700
0780
07F0
01F0
01F0
07F0
0780
0F00
0F00
0F00
0F00
0F00
0F00
0F00
0F00
0F00
0F00
0F00
0F00
0F00
0F00
1E00
3E00
FE00
FC00
F000
ENDCHAR
STARTCHAR asciitilde
ENCODING 126
SWIDTH 440 0
DWIDTH 24 0
BBX 20 9 2 10
BITMAP
000010
1F0010
7FC030
FFF0F0
FFFFF0
E0FFE0
C03FC0
800F80
800000
ENDCHAR
STARTCHAR uni00A0
ENCODING 160
SWIDTH 210 0
DWIDTH 11 0
BBX 1 1 0 0
BITMAP
00
ENDCHAR
STARTCHAR exclamdown
ENCODING 161
SWIDTH 251 0
DWIDTH 14 0
BBX 6 34 5 -8
BITMAP
F8
F8
F8
F8
F8
00
00
00
70
70
70
70
70
78
78
78
78
78
78
78
78
78
78
F8
F8
F8
F8
F8
F8
F8
F8
F8
F8
FC
ENDCHAR
STARTCHAR cent
ENCODING 162
SWIDTH 419 0
DWIDTH 23 0
BBX 18 38 2 -2
BITMAP
00E000
00E000
00E000
00E000
00E000
00F000
07FE00
0FFF00
1FFF80
3FEF80
3CE7C0
7CE7C0
78E3C0
78E3C0
78E3C0
78E3C0
F8E000
F8E000
F8E000
F8E000
F8E000
F8E000
78E3C0
78E3C0
78E3C0
78E3C0
7CE3C0
3CE780
3EEF80
1FFF00
0FFF00
07FC00
01F000
00E000
00E000
00E000
00E000
00E000
ENDCHAR
STARTCHAR sterling
ENCODING 163
SWIDTH 419 0
DWIDTH 23 0
BBX 20 35 1 0
BITMAP
00FE00
01FF80
03FFC0
07FFC0
0F87E0
0F01E0
0F01E0
0F01E0
0F01E0
1F01F0
1F0000
1F0000
1F0000
1F0000
1F0000
1F0000
FFFC00
FFFC00
FFFC00
FFFC00
1F0000
1F0000
1F0000
1E0000
1E0000
1E0000
1E0000
1E0000
1E0000
1E0000
1E0000
7FFFF0
7FFFF0
7FFFF0
7FFFF0
ENDCHAR
STARTCHAR currency
ENCODING 164
SWIDTH 419 0
DWIDTH 23 0
BBX 23 25 0 5
BITMAP
00FC00
23FF08
77FF9C
FFFFFE
7F83FC
3E01F8
3C00F8
380078
780038
70003C
70003C
70001C
70001C
70001C
70003C
70003C
78003C
380078
3C0078
3E01F8
7F83FC
FFFFFE
77FFDC
23FF08
00FC00
ENDCHAR
STARTCHAR yen
ENCODING 165
SWIDTH 419 0
DWIDTH 23 0
BBX 22 34 0 0
BITMAP
F8003C
7C003C
7C0078
3C0078
3E00F0
1E00F0
1F01E0
0F01E0
0F81E0
0783C0
07C3C0
07C780
03E780
03EF00
01EF00
01FE00
7FFFF8
7FFFF8
7FFFF8
007C00
007C00
007C00
7FFFF8
7FFFF8
7FFFF8
7FFFF8
007C00
007C00
007C00
007C00
007C00
007C00
007C00
007C00
ENDCHAR
STARTCHAR brokenbar
ENCODING 166
SWIDTH 196 0
DWIDTH 11 0
BBX 4 45 3 -9
BITMAP
F0
F0
F0
F0
F0
F0
F0
F0
F0
F0
F0
F0
F0
F0
F0
F0
F0
F0
F0
00
00
00
00
00
00
00
F0
F0
F0
F0
F0
F0
F0
F0
F0
F0
F0
F0
F0
F0
F0
F0
F0
F0
F0
ENDCHAR
STARTCHAR section
ENCODING 167
SWIDTH 419 0
DWIDTH 23 0
BBX 17 44 3 -9
BITMAP
03F000
0FFC00
1FFE00
3FFF00
7C1F00
7C0F00
780F00
780F80
780000
780000
7C0000
3E0000
3F0000
1FC000
0FE000
1FF800
3FFC00
78FE00
783F00
701F00
F00F80
F00780
F80780
780780
7C0780
7E0780
3F8700
1FCF00
0FFE00
03FC00
01FC00
007E00
003F00
001F00
000F00
000F00
780F80
780F00
7C0F00
7E1F00
3FFF00
1FFE00
0FFC00
07F000
ENDCHAR
STARTCHAR dieresis
ENCODING 168
SWIDTH 251 0
DWIDTH 14 0
BBX 12 5 1 31
BITMAP
F1F0
F1F0
F1F0
F1F0
F1F0
ENDCHAR
STARTCHAR copyright
ENCODING 169
SWIDTH 555 0
DWIDTH 30 0
BBX 28 36 1 -1
BITMAP
003FC000
00FFF000
03E07C00
07800E00
0E000700
1C000380
18000180
381F81C0
307FE0C0
70FFF0E0
60F0F060
61E07860
61C03860
E1C03870
C3803870
C3800030
C3800030
C3800030
C3800030
C3800030
C3800030
E3803870
E1C03870
61C03860
61E07860
60F0F060
70FFF0E0
307FE0C0
381F81C0
18000180
1C000380
0E000700
07800E00
03E07C00
00FFF000
003FC000
ENDCHAR
STARTCHAR ordfeminine
ENCODING 170
SWIDTH 279 0
DWIDTH 15 0
BBX 14 19 1 17
BITMAP
0F80
3FE0
7FE0
78F0
7070
7070
0070
0070
0FF0
3FF0
7FF0
F870
E070
E070
E0F0
F1F0
FFFC
7F7C
3E3C
ENDCHAR
STARTCHAR guillemotleft
ENCODING 171
SWIDTH 419 0
DWIDTH 23 0
BBX 18 20 3 6
BITMAP
03C3C0
038780
078F00
0F0F00
0F1E00
1E3E00
3E3C00
7C7C00
78F800
F8F000
F9F000
78F800
7C7C00
3E3C00
1E3E00
0F1E00
0F0F00
078F00
038780
03C3C0
ENDCHAR
STARTCHAR logicalnot
ENCODING 172
SWIDTH 440 0
DWIDTH 24 0
BBX 20 12 2 10
BITMAP
FFFFF0
FFFFF0
FFFFF0
FFFFF0
0001F0
0001F0
0001F0
0001F0
0001F0
0001F0
0001F0
0001F0
ENDCHAR
STARTCHAR uni00AD
ENCODING 173
SWIDTH 251 0
DWIDTH 14 0
BBX 13 5 0 11
BITMAP
FFF8
FFF8
FFF8
FFF8
FFF8
ENDCHAR
STARTCHAR registered
ENCODING 174
SWIDTH 555 0
DWIDTH 30 0
BBX 28 36 1 -1
BITMAP
003FC000
00FFF000
03E07C00
07800E00
0E000700
1C000380
18000180
380001C0
30FFC0C0
70FFE0E0
60FFF060
60C07860
60C03860
E0C03870
C0C03070
C0C07030
C0FFE030
C0FFC030
C0FFE030
C0C0F030
C0C07030
E0C07070
E0C03870
60C03860
60C03860
60C03860
70C038E0
30C01CC0
380001C0
18000180
1C000380
0E000700
07800E00
03E07C00
00FFF000
003FC000
ENDCHAR
STARTCHAR macron
ENCODING 175
SWIDTH 251 0
DWIDTH 14 0
BBX 12 4 1 30
BITMAP
FFF0
FFF0
FFF0
FFF0
ENDCHAR
STARTCHAR degree
ENCODING 176
SWIDTH 368 0
DWIDTH 20 0
BBX 14 14 3 21
BITMAP
0F80
1FE0
3FF0
7878
7038
E018
E01C
E01C
E018
7038
7878
3FF0
1FE0
0F80
ENDCHAR
STARTCHAR plusminus
ENCODING 177
SWIDTH 504 0
DWIDTH 27 0
BBX 19 29 4 0
BITMAP
01F000
01F000
01F000
01F000
01F000
01F000
01F000
01F000
01F000
FFFFE0
FFFFE0
FFFFE0
FFFFE0
01F000
01F000
01F000
01F000
01F000
01F000
01F000
01F000
01F000
01F000
000000
000000
FFFFE0
FFFFE0
FFFFE0
FFFFE0
ENDCHAR
STARTCHAR uni00B2
ENCODING 178
SWIDTH 251 0
DWIDTH 14 0
BBX 12 21 1 15
BITMAP
0F80
3FC0
7FE0
79E0
70E0
F0E0
F0E0
F0E0
01E0
01C0
03C0
0780
0F00
1F00
3E00
3C00
7800
7000
FFF0
FFF0
FFF0
ENDCHAR
STARTCHAR uni00B3
ENCODING 179
SWIDTH 251 0
DWIDTH 14 0
BBX 12 21 1 15
BITMAP
0F00
3FC0
7FE0
79E0
70E0
70E0
70E0
00E0
01E0
0FC0
0F80
0FC0
00E0
00E0
E070
E070
F0F0
70E0
7FE0
3FC0
1F00
ENDCHAR
STARTCHAR acute
ENCODING 180
SWIDTH 251 0
DWIDTH 14 0
BBX 9 6 3 30
BITMAP
0F80
0F00
1E00
3C00
3C00
F800
ENDCHAR
STARTCHAR uni00B5
ENCODING 181
SWIDTH 419 0
DWIDTH 23 0
BBX 17 35 3 -9
BITMAP
F00780
F00780
F00780
F00780
F00780
F00780
F00780
F00780
F00780
F00780
F00780
F00780
F00780
F00780
F00780
F00780
F00780
F00780
F00F80
F00F80
F00F80
F81F80
FC3F80
FFF780
FFF780
FFE780
FF8000
F00000
F00000
F00000
F00000
F00000
F00000
F00000
F00000
ENDCHAR
STARTCHAR paragraph
ENCODING 182
SWIDTH 405 0
DWIDTH 22 0
BBX 20 43 1 -9
BITMAP
01FFF0
07FFF0
1FFFF0
3FF380
3FF380
7FF380
7FF380
FFF380
FFF380
FFF380
FFF380
FFF380
FFF380
FFF380
FFF380
7FF380
7FF380
3FF380
3FF380
1FF380
07F380
01F380
00F380
00F380
00F380
00F380
00F380
00F380
00F380
00F380
00F380
00F380
00F380
00F380
00F380
00F380
00F380
00F380
00F380
00F380
00F380
00F380
00F380
ENDCHAR
STARTCHAR periodcentered
ENCODING 183
SWIDTH 210 0
DWIDTH 11 0
BBX 5 6 3 14
BITMAP
F8
F8
F8
F8
F8
F8
ENDCHAR
STARTCHAR cedilla
ENCODING 184
SWIDTH 251 0
DWIDTH 14 0
BBX 9 9 2 -9
BITMAP
1800
3800
3E00
3F80
0780
0780
FF80
FF00
FE00
ENDCHAR
STARTCHAR uni00B9
ENCODING 185
SWIDTH 251 0
DWIDTH 14 0
BBX 11 20 2 16
BITMAP
0600
3E00
FE00
FE00
0E00
0E00
0E00
0E00
0E00
0E00
0E00
0E00
0E00
0E00
0E00
0E00
0E00
FFE0
FFE0
FFE0
ENDCHAR
STARTCHAR ordmasculine
ENCODING 186
SWIDTH 275 0
DWIDTH 15 0
BBX 13 19 1 17
BITMAP
0F80
3FC0
3FE0
78F0
7070
E070
E038
E038
E038
E038
E038
E038
E038
F070
7070
78F0
3FE0
3FC0
0F80
ENDCHAR
STARTCHAR guillemotright
ENCODING 187
SWIDTH 419 0
DWIDTH 23 0
BBX 18 20 2 6
BITMAP
F1E000
70F000
787800
3C7800
3E3C00
1E1E00
1F1E00
0F8F00
078F80
07C7C0
07C7C0
078F80
0F8F00
0F1F00
1E1E00
3E3C00
3C7800
787800
70F000
F1E000
ENDCHAR
STARTCHAR onequarter
ENCODING 188
SWIDTH 629 0
DWIDTH 34 0
BBX 30 35 2 0
BITMAP
000000E0
0E0001E0
3E0001C0
FE000380
FE000380
0E000700
0E000700
0E000E00
0E001E00
0E001C00
0E003800
0E003800
0E007000
0E00F000
0E00E3C0
0E01C380
0E01C380
0E0387B0
FFC38730
FFC70730
FFCF0F30
000E0E70
001C0E70
001C1C70
00381C70
00383870
00703870
00E07FFC
00E07FFC
01C07FFC
01C00070
03800070
07800070
07000070
0E000070
ENDCHAR
STARTCHAR onehalf
ENCODING 189
SWIDTH 629 0
DWIDTH 34 0
BBX 30 35 2 0
BITMAP
000000E0
0E0001C0
3E000380
FE000380
FE000700
0E000700
0E000E00
0E001E00
0E001C00
0E003800
0E003800
0E007000
0E007000
0E00E000
0E01C3E0
0E01C7F0
0E038FF8
0E039E3C
FFC71C3C
FFCF1C3C
FFCE1C3C
001C1C3C
001C0038
00380078
003800F0
007001E0
00F001E0
00E003C0
01C00780
01C00F00
03801E00
07801E00
07001FFC
0E001FFC
1E001FFC
ENDCHAR
STARTCHAR threequarters
ENCODING 190
SWIDTH 629 0
DWIDTH 34 0
BBX 31 35 1 0
BITMAP
0F800070
3FC000E0
7FE001E0
78E001C0
70E00380
70F00380
70F00700
00E00700
01E00E00
0FC01E00
0F801C00
0FE03800
00E03800
00F07000
E070F1E0
F070E1C0
F0F1C1C0
70E1C3D8
7FE38398
3FC38398
1F870798
000F0738
000E0738
001C0E38
001C0E38
00381C38
00381C38
00703FFE
00E03FFE
00E03FFE
01C00038
01C00038
03800038
07800038
0F000038
ENDCHAR
STARTCHAR questiondown
ENCODING 191
SWIDTH 461 0
DWIDTH 25 0
BBX 19 35 3 -9
BITMAP
01F000
01F000
01F000
01F000
01F000
000000
000000
000000
000000
01E000
01E000
01E000
01E000
03E000
03E000
07C000
0FC000
1F8000
1F0000
3E0000
3E0000
7C0000
780000
7803E0
7803E0
F803E0
F803C0
7803C0
7C07C0
7C07C0
7E0F80
3FFF80
1FFF00
0FFE00
03F800
ENDCHAR
STARTCHAR Agrave
ENCODING 192
SWIDTH 503 0
DWIDTH 27 0
BBX 27 44 0 0
BITMAP
00F80000
00780000
003C0000
001E0000
001E0000
000F0000
00078000
00000000
00000000
00000000
001F8000
003F8000
003F8000
003BC000
007BC000
007BC000
007BC000
00F1E000
00F1E000
00F1E000
01E1F000
01E0F000
01E0F000
03E0F800
03C07800
03C07800
03C07C00
07803C00
07803C00
07803E00
0F003E00
0F001E00
0FFFFF00
1FFFFF00
1FFFFF00
1FFFFF00
3E000F80
3C000780
3C000780
7C0007C0
780007C0
780003C0
F80003E0
F00003E0
ENDCHAR
STARTCHAR Aacute
ENCODING 193
SWIDTH 503 0
DWIDTH 27 0
BBX 27 45 0 0
BITMAP
0001E000
0003E000
0003C000
00078000
000F0000
000F0000
001E0000
001C0000
00000000
00000000
00000000
001F8000
003F8000
003F8000
003BC000
007BC000
007BC000
007BC000
00F1E000
00F1E000
00F1E000
01E1F000
01E0F000
01E0F000
03E0F800
03C07800
03C07800
03C07C00
07803C00
07803C00
07803E00
0F003E00
0F001E00
0FFFFF00
1FFFFF00
1FFFFF00
1FFFFF00
3E000F80
3C000780
3C000780
7C0007C0
780007C0
780003C0
F80003E0
F00003E0
ENDCHAR
STARTCHAR Acircumflex
ENCODING 194
SWIDTH 503 0
DWIDTH 27 0
BBX 27 44 0 0
BITMAP
001F0000
001F8000
003F8000
007BC000
0079C000
00F1E000
01E0F000
00000000
00000000
00000000
001F8000
003F8000
003F8000
003BC000
007BC000
007BC000
007BC000
00F1E000
00F1E000
00F1E000
01E1F000
01E0F000
01E0F000
03E0F800
03C07800
03C07800
03C07C00
07803C00
07803C00
07803E00
0F003E00
0F001E00
0FFFFF00
1FFFFF00
1FFFFF00
1FFFFF00
3E000F80
3C000780
3C000780
7C0007C0
780007C0
780003C0
F80003E0
F00003E0
ENDCHAR
STARTCHAR Atilde
ENCODING 195
SWIDTH 503 0
DWIDTH 27 0
BBX 27 44 0 0
BITMAP
00F83800
01FFF800
01FFF000
03FFF000
0383E000
00000000
00000000
00000000
00000000
00000000
001F8000
003F8000
003F8000
003BC000
007BC000
007BC000
007BC000
00F1E000
00F1E000
00F1E000
01E1F000
01E0F000
01E0F000
03E0F800
03C07800
03C07800
03C07C00
07803C00
07803C00
07803E00
0F003E00
0F001E00
0FFFFF00
1FFFFF00
1FFFFF00
1FFFFF00
3E000F80
3C000780
3C000780
7C0007C0
780007C0
780003C0
F80003E0
F00003E0
ENDCHAR
STARTCHAR Adieresis
ENCODING 196
SWIDTH 503 0
DWIDTH 27 0
BBX 27 44 0 0
BITMAP
00F1F000
00F1F000
00F1F000
00F1F000
00000000
00000000
00000000
00000000
00000000
00000000
001F8000
003F8000
003F8000
003BC000
007BC000
007BC000
007BC000
00F1E000
00F1E000
00F1E000
01E1F000
01E0F000
01E0F000
03E0F800
03C07800
03C07800
03C07C00
07803C00
07803C00
07803E00
0F003E00
0F001E00
0FFFFF00
1FFFFF00
1FFFFF00
1FFFFF00
3E000F80
3C000780
3C000780
7C0007C0
780007C0
780003C0
F80003E0
F00003E0
ENDCHAR
STARTCHAR Aring
ENCODING 197
SWIDTH 503 0
DWIDTH 27 0
BBX 27 46 0 0
BITMAP
001F0000
003F8000
0071C000
0060C000
0060C000
0060C000
0060C000
0071C000
003F8000
001F0000
00000000
00000000
001F8000
003F8000
003F8000
003BC000
007BC000
007BC000
007BC000
00F1E000
00F1E000
00F1E000
01E1F000
01E0F000
01E0F000
03E0F800
03C07800
03C07800
03C07C00
07803C00
07803C00
07803E00
0F003E00
0F001E00
0FFFFF00
1FFFFF00
1FFFFF00
1FFFFF00
3E000F80
3C000780
3C000780
7C0007C0
780007C0
780003C0
F80003E0
F00003E0
ENDCHAR
STARTCHAR AE
ENCODING 198
SWIDTH 754 0
DWIDTH 41 0
BBX 39 34 0 0
BITMAP
0003FFFFFE
0007FFFFFE
0007FFFFFE
000FFFFFFE
000FF00000
000EF80000
001EF80000
001E780000
003C780000
003C7C0000
00387C0000
00783C0000
00783C0000
00F03E0000
00F03FFFF0
00E03FFFF0
01E01FFFF0
01E01FFFF0
03C01F0000
03C01F0000
07800F0000
07800F0000
07FFFF8000
0FFFFF8000
0FFFFF8000
1FFFFF8000
1E0007C000
1E0007C000
3C0007C000
3C0003C000
7C0003FFFE
780003FFFE
780003FFFE
F80003FFFE
ENDCHAR
STARTCHAR Ccedilla
ENCODING 199
SWIDTH 544 0
DWIDTH 29 0
BBX 25 44 2 -9
BITMAP
007F8000
01FFF000
07FFF800
0FFFFC00
1FC0FE00
1F003F00
3E001F00
3E000F80
7C000F80
7C000F80
78000780
78000780
F8000780
F8000000
F8000000
F8000000
F8000000
F8000000
F8000000
F8000000
F8000000
F8000000
F8000000
F8000780
78000780
78000780
7C000780
7C000F80
3E000F80
3E001F00
1F003F00
0FC0FE00
07FFFC00
03FFF800
01FFF000
001FC000
00180000
003F0000
003F8000
00078000
00078000
00FF8000
00FF8000
00FE0000
ENDCHAR
STARTCHAR Egrave
ENCODING 200
SWIDTH 503 0
DWIDTH 27 0
BBX 22 44 3 0
BITMAP
07C000
03C000
01E000
00F000
00F000
007800
003C00
000000
000000
000000
FFFFF8
FFFFF8
FFFFF8
FFFFF8
F80000
F80000
F80000
F80000
F80000
F80000
F80000
F80000
F80000
F80000
FFFFE0
FFFFE0
FFFFE0
FFFFE0
F80000
F80000
F80000
F80000
F80000
F80000
F80000
F80000
F80000
F80000
F80000
F80000
FFFFFC
FFFFFC
FFFFFC
FFFFFC
ENDCHAR
STARTCHAR Eacute
ENCODING 201
SWIDTH 503 0
DWIDTH 27 0
BBX 22 45 3 0
BITMAP
000F00
001F00
001E00
003C00
007800
007800
00F000
00E000
000000
000000
000000
FFFFF8
FFFFF8
FFFFF8
FFFFF8
F80000
F80000
F80000
F80000
F80000
F80000
F80000
F80000
F80000
F80000
FFFFE0
FFFFE0
FFFFE0
FFFFE0
F80000
F80000
F80000
F80000
F80000
F80000
F80000
F80000
F80000
F80000
F80000
F80000
FFFFFC
FFFFFC
FFFFFC
FFFFFC
ENDCHAR
STARTCHAR Ecircumflex
ENCODING 202
SWIDTH 503 0
DWIDTH 27 0
BBX 22 44 3 0
BITMAP
00F800
00FC00
01FC00
03DE00
03CE00
078F00
0F0780
000000
000000
000000
FFFFF8
FFFFF8
FFFFF8
FFFFF8
F80000
F80000
F80000
F80000
F80000
F80000
F80000
F80000
F80000
F80000
FFFFE0
FFFFE0
FFFFE0
FFFFE0
F80000
F80000
F80000
F80000
F80000
F80000
F80000
F80000
F80000
F80000
F80000
F80000
FFFFFC
FFFFFC
FFFFFC
FFFFFC
ENDCHAR
STARTCHAR Edieresis
ENCODING 203
SWIDTH 503 0
DWIDTH 27 0
BBX 22 44 3 0
BITMAP
078F80
078F80
078F80
078F80
000000
000000
000000
000000
000000
000000
FFFFF8
FFFFF8
FFFFF8
FFFFF8
F80000
F80000
F80000
F80000
F80000
F80000
F80000
F80000
F80000
F80000
FFFFE0
FFFFE0
FFFFE0
FFFFE0
F80000
F80000
F80000
F80000
F80000
F80000
F80000
F80000
F80000
F80000
F80000
F80000
FFFFFC
FFFFFC
FFFFFC
FFFFFC
ENDCHAR
STARTCHAR Igrave
ENCODING 204
SWIDTH 210 0
DWIDTH 11 0
BBX 9 44 0 0
BITMAP
F800
7800
3C00
1E00
0E00
0F00
0780
0000
0000
0000
1F00
1F00
1F00
1F00
1F00
1F00
1F00
1F00
1F00
1F00
1F00
1F00
1F00
1F00
1F00
1F00
1F00
1F00
1F00
1F00
1F00
1F00
1F00
1F00
1F00
1F00
1F00
1F00
1F00
1F00
1F00
1F00
1F00
1F00
ENDCHAR
STARTCHAR Iacute
ENCODING 205
SWIDTH 210 0
DWIDTH 11 0
BBX 8 45 3 0
BITMAP
0F
1F
1E
3C
38
78
F0
E0
00
00
00
F8
F8
F8
F8
F8
F8
F8
F8
F8
F8
F8
F8
F8
F8
F8
F8
F8
F8
F8
F8
F8
F8
F8
F8
F8
F8
F8
F8
F8
F8
F8
F8
F8
F8
ENDCHAR
STARTCHAR Icircumflex
ENCODING 206
SWIDTH 210 0
DWIDTH 11 0
BBX 13 44 -1 0
BITMAP
0F80
0FC0
1FC0
3DE0
3CF0
78F0
F078
0000
0000
0000
0F80
0F80
0F80
0F80
0F80
0F80
0F80
0F80
0F80
0F80
0F80
0F80
0F80
0F80
0F80
0F80
0F80
0F80
0F80
0F80
0F80
0F80
0F80
0F80
0F80
0F80
0F80
0F80
0F80
0F80
0F80
0F80
0F80
0F80
ENDCHAR
STARTCHAR Idieresis
ENCODING 207
SWIDTH 210 0
DWIDTH 11 0
BBX 12 44 0 0
BITMAP
F1F0
F1F0
F1F0
F1F0
0000
0000
0000
0000
0000
0000
1F00
1F00
1F00
1F00
1F00
1F00
1F00
1F00
1F00
1F00
1F00
1F00
1F00
1F00
1F00
1F00
1F00
1F00
1F00
1F00
1F00
1F00
1F00
1F00
1F00
1F00
1F00
1F00
1F00
1F00
1F00
1F00
1F00
1F00
ENDCHAR
STARTCHAR Eth
ENCODING 208
SWIDTH 544 0
DWIDTH 29 0
BBX 27 34 0 0
BITMAP
1FFFC000
1FFFF000
1FFFFC00
1FFFFE00
1F007F00
1F001F00
1F000F80
1F000780
1F0007C0
1F0003C0
1F0003C0
1F0003E0
1F0003E0
1F0003E0
1F0003E0
FFFF03E0
FFFF03E0
FFFF03E0
1F0003E0
1F0003E0
1F0003E0
1F0003E0
1F0003C0
1F0003C0
1F0007C0
1F0007C0
1F000F80
1F000F80
1F001F00
1F007F00
1FFFFE00
1FFFFC00
1FFFF000
1FFFC000
ENDCHAR
STARTCHAR Ntilde
ENCODING 209
SWIDTH 544 0
DWIDTH 29 0
BBX 23 44 3 0
BITMAP
01F0E0
03FFE0
07FFC0
07FFC0
0F0F80
000000
000000
000000
000000
000000
F8001E
F8001E
FC001E
FC001E
FE001E
FE001E
FF001E
FF801E
F7801E
F7C01E
F3C01E
F3E01E
F1F01E
F1F01E
F0F81E
F0F81E
F07C1E
F03E1E
F03E1E
F01F1E
F01F1E
F00F9E
F0079E
F007DE
F003DE
F003FE
F001FE
F001FE
F000FE
F0007E
F0007E
F0003E
F0003E
F0001E
ENDCHAR
STARTCHAR Ograve
ENCODING 210
SWIDTH 587 0
DWIDTH 32 0
BBX 27 45 2 -1
BITMAP
00F80000
007C0000
003C0000
001E0000
000E0000
00070000
00078000
00000000
00000000
003FC000
01FFF000
03FFFC00
07FFFE00
0FE07F00
1F801F00
1F000F80
3E000F80
3E0007C0
7C0003C0
7C0003C0
7C0003E0
780003E0
780003E0
780001E0
780001E0
F80001E0
F80001E0
F80001E0
F80001E0
F80001E0
780001E0
780003E0
780003E0
7C0003E0
7C0003C0
7C0003C0
3E0007C0
3E000780
1F000F80
1F801F00
0FE07F00
07FFFE00
03FFFC00
01FFF000
003FC000
ENDCHAR
STARTCHAR Oacute
ENCODING 211
SWIDTH 587 0
DWIDTH 32 0
BBX 27 45 2 -1
BITMAP
0001F000
0003E000
0003C000
00078000
000F0000
000E0000
001C0000
00000000
00000000
003FC000
01FFF000
03FFFC00
07FFFE00
0FE07F00
1F801F00
1F000F80
3E000F80
3E0007C0
7C0003C0
7C0003C0
7C0003E0
780003E0
780003E0
780001E0
780001E0
F80001E0
F80001E0
F80001E0
F80001E0
F80001E0
780001E0
780003E0
780003E0
7C0003E0
7C0003C0
7C0003C0
3E0007C0
3E000780
1F000F80
1F801F00
0FE07F00
07FFFE00
03FFFC00
01FFF000
003FC000
ENDCHAR
STARTCHAR Ocircumflex
ENCODING 212
SWIDTH 587 0
DWIDTH 32 0
BBX 27 45 2 -1
BITMAP
000F0000
001F8000
003F8000
003FC000
0079E000
0079E000
00F0F000
00000000
00000000
003FC000
01FFF000
03FFFC00
07FFFE00
0FE07F00
1F801F00
1F000F80
3E000F80
3E0007C0
7C0003C0
7C0003C0
7C0003E0
780003E0
780003E0
780001E0
780001E0
F80001E0
F80001E0
F80001E0
F80001E0
F80001E0
780001E0
780003E0
780003E0
7C0003E0
7C0003C0
7C0003C0
3E0007C0
3E000780
1F000F80
1F801F00
0FE07F00
07FFFE00
03FFFC00
01FFF000
003FC000
ENDCHAR
STARTCHAR Otilde
ENCODING 213
SWIDTH 587 0
DWIDTH 32 0
BBX 27 45 2 -1
BITMAP
00783800
00FE3800
01FFF800
01FFF000
01C7F000
01C1E000
00000000
00000000
00000000
003FC000
01FFF000
03FFFC00
07FFFE00
0FE07F00
1F801F00
1F000F80
3E000F80
3E0007C0
7C0003C0
7C0003C0
7C0003E0
780003E0
780003E0
780001E0
780001E0
F80001E0
F80001E0
F80001E0
F80001E0
F80001E0
780001E0
780003E0
780003E0
7C0003E0
7C0003C0
7C0003C0
3E0007C0
3E000780
1F000F80
1F801F00
0FE07F00
07FFFE00
03FFFC00
01FFF000
003FC000
ENDCHAR
STARTCHAR Odieresis
ENCODING 214
SWIDTH 587 0
DWIDTH 32 0
BBX 27 44 2 -1
BITMAP
00F1F000
00F1F000
00F1F000
00F1F000
00000000
00000000
00000000
00000000
003FC000
01FFF000
03FFFC00
07FFFE00
0FE07F00
1F801F00
1F000F80
3E000F80
3E0007C0
7C0003C0
7C0003C0
7C0003E0
780003E0
780003E0
780001E0
780001E0
F80001E0
F80001E0
F80001E0
F80001E0
F80001E0
780001E0
780003E0
780003E0
7C0003E0
7C0003C0
7C0003C0
3E0007C0
3E000780
1F000F80
1F801F00
0FE07F00
07FFFE00
03FFFC00
01FFF000
003FC000
ENDCHAR
STARTCHAR multiply
ENCODING 215
SWIDTH 440 0
DWIDTH 24 0
BBX 21 21 2 2
BITMAP
200060
7000F0
F801F8
7C03F0
3E07E0
1F8FC0
0FDF80
07FF00
03FE00
01FC00
01F800
03FC00
07FE00
0FDF00
1F8F80
3F07C0
7E03E0
FC01F8
7800F0
700060
200040
ENDCHAR
STARTCHAR Oslash
ENCODING 216
SWIDTH 587 0
DWIDTH 32 0
BBX 27 38 2 -2
BITMAP
000000E0
003FC1C0
01FFF3C0
03FFFF80
07FFFF00
0FE07F00
1F803F00
1F001F80
3E001F80
3E003FC0
3C007FC0
7C0073C0
7C00E3E0
7800E3E0
7801C3E0
7803C1E0
780381E0
F80701E0
F80701E0
F80E01E0
F81E01E0
F81C01E0
783801E0
783803E0
787003E0
7CE003E0
7CE003C0
7DC003C0
3FC007C0
3F800780
1F000F80
1F801F00
0FE07F00
1FFFFE00
1FFFFC00
39FFF000
383FC000
F0000000
ENDCHAR
STARTCHAR Ugrave
ENCODING 217
SWIDTH 544 0
DWIDTH 29 0
BBX 23 45 3 -1
BITMAP
03E000
01E000
00F000
007800
003800
003C00
001E00
000000
000000
000000
F8001E
F8001E
F8001E
F8001E
F8001E
F8001E
F8001E
F8001E
F8001E
F8001E
F8001E
F8001E
F8001E
F8001E
F8001E
F8001E
F8001E
F8001E
F8001E
F8001E
F8001E
F8001E
F8001E
F8001E
F8003E
78003E
78003E
7C003C
7C007C
3E00FC
3F81F8
1FFFF0
0FFFE0
07FFC0
00FF00
ENDCHAR
STARTCHAR Uacute
ENCODING 218
SWIDTH 544 0
DWIDTH 29 0
BBX 23 45 3 -1
BITMAP
0007C0
000F00
001F00
001E00
003C00
007800
007000
000000
000000
000000
F8001E
F8001E
F8001E
F8001E
F8001E
F8001E
F8001E
F8001E
F8001E
F8001E
F8001E
F8001E
F8001E
F8001E
F8001E
F8001E
F8001E
F8001E
F8001E
F8001E
F8001E
F8001E
F8001E
F8001E
F8003E
78003E
78003E
7C003C
7C007C
3E00FC
3F81F8
1FFFF0
0FFFE0
07FFC0
00FF00
ENDCHAR
STARTCHAR Ucircumflex
ENCODING 219
SWIDTH 544 0
DWIDTH 29 0
BBX 23 45 3 -1
BITMAP
007C00
007E00
00FE00
00EF00
01E700
03C780
07C3C0
000000
000000
000000
F8001E
F8001E
F8001E
F8001E
F8001E
F8001E
F8001E
F8001E
F8001E
F8001E
F8001E
F8001E
F8001E
F8001E
F8001E
F8001E
F8001E
F8001E
F8001E
F8001E
F8001E
F8001E
F8001E
F8001E
F8003E
78003E
78003E
7C003C
7C007C
3E00FC
3F81F8
1FFFF0
0FFFE0
07FFC0
00FF00
ENDCHAR
STARTCHAR Udieresis
ENCODING 220
SWIDTH 544 0
DWIDTH 29 0
BBX 23 44 3 -1
BITMAP
03C7C0
03C7C0
03C7C0
03C7C0
000000
000000
000000
000000
000000
F8001E
F8001E
F8001E
F8001E
F8001E
F8001E
F8001E
F8001E
F8001E
F8001E
F8001E
F8001E
F8001E
F8001E
F8001E
F8001E
F8001E
F8001E
F8001E
F8001E
F8001E
F8001E
F8001E
F8001E
F8003E
78003E
78003E
7C003C
7C007C
3E00FC
3F81F8
1FFFF0
0FFFE0
07FFC0
00FF00
ENDCHAR
STARTCHAR Yacute
ENCODING 221
SWIDTH 503 0
DWIDTH 27 0
BBX 27 45 0 0
BITMAP
0001E000
0003E000
0003C000
00078000
000F0000
000F0000
001E0000
001C0000
00000000
00000000
00000000
FC0003E0
7C0003C0
3E000780
3E000780
1F000F00
1F000F00
0F801E00
0F803E00
07C03C00
03C07C00
03E07800
01F0F000
01F0F000
00F9E000
00F9E000
007FC000
007FC000
003F8000
001F8000
001F0000
001F0000
001F0000
001F0000
001F0000
001F0000
001F0000
001F0000
001F0000
001F0000
001F0000
001F0000
001F0000
001F0000
001F0000
ENDCHAR
STARTCHAR Thorn
ENCODING 222
SWIDTH 503 0
DWIDTH 27 0
BBX 23 34 3 0
BITMAP
F80000
F80000
F80000
F80000
F80000
F80000
FFFF00
FFFFE0
FFFFF0
FFFFF8
F801F8
F800FC
F8007C
F8003E
F8003E
F8003E
F8003E
F8003E
F8003E
F8003C
F8007C
F800FC
F801F8
FFFFF8
FFFFF0
FFFFC0
FFFF00
F80000
F80000
F80000
F80000
F80000
F80000
F80000
ENDCHAR
STARTCHAR germandbls
ENCODING 223
SWIDTH 461 0
DWIDTH 25 0
BBX 21 36 2 0
BITMAP
01FC00
07FF00
1FFF80
3FFFC0
3F07E0
7C03E0
7C01F0
7801F0
7800F0
7800F0
F800F0
F801F0
F801E0
F803E0
F807C0
F9FF80
F9FE00
F9FF80
F9FFC0
F807E0
F801F0
F801F0
F800F0
F80078
F80078
F80078
F80078
F800F8
F800F8
F801F0
F803F0
F807E0
F9FFE0
F9FFC0
F9FF00
F9FC00
ENDCHAR
STARTCHAR agrave
ENCODING 224
SWIDTH 419 0
DWIDTH 23 0
BBX 20 37 2 -1
BITMAP
1F0000
078000
078000
03C000
01E000
00F000
000000
000000
000000
03F800
0FFE00
1FFF00
3FFF00
7E1F80
7C0F80
780780
780780
780780
000780
000780
000780
01FF80
0FFF80
3FFF80
7FFF80
7E0780
F80780
F00780
F00780
F00780
F00F80
F01F80
F83F80
FFFFF0
7FF3F0
3FE3F0
0F81F0
ENDCHAR
STARTCHAR aacute
ENCODING 225
SWIDTH 419 0
DWIDTH 23 0
BBX 20 37 2 -1
BITMAP
003E00
007C00
007800
00F000
01E000
01C000
020000
000000
000000
03F800
0FFE00
1FFF00
3FFF00
7E1F80
7C0F80
780780
780780
780780
000780
000780
000780
01FF80
0FFF80
3FFF80
7FFF80
7E0780
F80780
F00780
F00780
F00780
F00F80
F01F80
F83F80
FFFFF0
7FF3F0
3FE3F0
0F81F0
ENDCHAR
STARTCHAR acircumflex
ENCODING 226
SWIDTH 419 0
DWIDTH 23 0
BBX 20 37 2 -1
BITMAP
01F000
03F000
03F800
07BC00
073C00
0F1E00
1E1F00
000000
000000
03F800
0FFE00
1FFF00
3FFF00
7E1F80
7C0F80
780780
780780
780780
000780
000780
000780
01FF80
0FFF80
3FFF80
7FFF80
7E0780
F80780
F00780
F00780
F00780
F00F80
F01F80
F83F80
FFFFF0
7FF3F0
3FE3F0
0F81F0
ENDCHAR
STARTCHAR atilde
ENCODING 227
SWIDTH 419 0
DWIDTH 23 0
BBX 20 37 2 -1
BITMAP
0F0380
1FC700
1FFF00
3FFF00
38FE00
383C00
000000
000000
000000
03F800
0FFE00
1FFF00
3FFF00
7E1F80
7C0F80
780780
780780
780780
000780
000780
000780
01FF80
0FFF80
3FFF80
7FFF80
7E0780
F80780
F00780
F00780
F00780
F00F80
F01F80
F83F80
FFFFF0
7FF3F0
3FE3F0
0F81F0
ENDCHAR
STARTCHAR adieresis
ENCODING 228
SWIDTH 419 0
DWIDTH 23 0
BBX 20 37 2 -1
BITMAP
1F1E00
1F1E00
1F1E00
1F1E00
1F1E00
000000
000000
000000
000000
03F800
0FFE00
1FFF00
3FFF00
7E1F80
7C0F80
780780
780780
780780
000780
000780
000780
01FF80
0FFF80
3FFF80
7FFF80
7E0780
F80780
F00780
F00780
F00780
F00F80
F01F80
F83F80
FFFFF0
7FF3F0
3FE3F0
0F81F0
ENDCHAR
STARTCHAR aring
ENCODING 229
SWIDTH 419 0
DWIDTH 23 0
BBX 20 38 2 -1
BITMAP
01F000
03F800
071C00
060C00
060C00
060C00
071C00
03F800
01E000
000000
03F800
0FFE00
1FFF00
3FFF00
7E1F80
7C0F80
780780
780780
780780
000780
000780
000780
01FF80
0FFF80
3FFF80
7FFF80
7E0780
F80780
F00780
F00780
F00780
F00F80
F01F80
F83F80
FFFFF0
7FF3F0
3FE3F0
0F81F0
ENDCHAR
STARTCHAR ae
ENCODING 230
SWIDTH 670 0
DWIDTH 36 0
BBX 32 28 2 -1
BITMAP
03F80FC0
0FFE3FF0
1FFF7FF8
3FFFFFFC
3E1FF87C
7C07E03E
7807E03E
7807C01E
7807C01E
0007C01E
0007C01E
0007C01F
01FFFFFF
0FFFFFFF
3FFFFFFF
7FFFFFFF
7F07C000
F807C000
F807C000
F007C00F
F007C01E
F00FE01E
F80FE03E
FC3FF87E
7FFCFFFC
7FFCFFF8
3FF03FF0
0FC00FC0
ENDCHAR
STARTCHAR ccedilla
ENCODING 231
SWIDTH 376 0
DWIDTH 20 0
BBX 17 36 2 -9
BITMAP
03F000
0FFC00
1FFE00
3FFE00
7E1F00
7C0F00
780F00
F80F00
F00F80
F00F80
F00F80
F00000
F00000
F00000
F00000
F00000
F00000
F00780
F00780
F00780
F80F00
780F00
7C0F00
7E1F00
3FFE00
1FFC00
0FF800
03F000
038000
03E000
03F000
007800
007800
0FF800
0FF000
0FC000
ENDCHAR
STARTCHAR egrave
ENCODING 232
SWIDTH 419 0
DWIDTH 23 0
BBX 19 37 2 -1
BITMAP
0F8000
07C000
03C000
01E000
00F000
007000
000800
000000
000000
03F800
0FFE00
1FFF00
3FFF80
3F0F80
7C07C0
7C07C0
7803C0
F803C0
F803C0
F803C0
F003C0
FFFFE0
FFFFE0
FFFFE0
FFFFE0
F00000
F00000
F80000
F803E0
7803C0
7803C0
7C07C0
3F0F80
3FFF80
1FFF00
0FFE00
03F800
ENDCHAR
STARTCHAR eacute
ENCODING 233
SWIDTH 419 0
DWIDTH 23 0
BBX 19 37 2 -1
BITMAP
001F00
003E00
007C00
007800
00F000
01E000
000000
000000
000000
03F800
0FFE00
1FFF00
3FFF80
3F0F80
7C07C0
7C07C0
7803C0
F803C0
F803C0
F803C0
F003C0
FFFFE0
FFFFE0
FFFFE0
FFFFE0
F00000
F00000
F80000
F803E0
7803C0
7803C0
7C07C0
3F0F80
3FFF80
1FFF00
0FFE00
03F800
ENDCHAR
STARTCHAR ecircumflex
ENCODING 234
SWIDTH 419 0
DWIDTH 23 0
BBX 19 37 2 -1
BITMAP
01F000
03F000
03F800
07BC00
073C00
0F1E00
1E1F00
000000
000000
03F800
0FFE00
1FFF00
3FFF80
3F0F80
7C07C0
7C07C0
7803C0
F803C0
F803C0
F803C0
F003C0
FFFFE0
FFFFE0
FFFFE0
FFFFE0
F00000
F00000
F80000
F803E0
7803C0
7803C0
7C07C0
3F0F80
3FFF80
1FFF00
0FFE00
03F800
ENDCHAR
STARTCHAR edieresis
ENCODING 235
SWIDTH 419 0
DWIDTH 23 0
BBX 19 37 2 -1
BITMAP
1F1E00
1F1E00
1F1E00
1F1E00
1F1E00
000000
000000
000000
000000
03F800
0FFE00
1FFF00
3FFF80
3F0F80
7C07C0
7C07C0
7803C0
F803C0
F803C0
F803C0
F003C0
FFFFE0
FFFFE0
FFFFE0
FFFFE0
F00000
F00000
F80000
F803E0
7803C0
7803C0
7C07C0
3F0F80
3FFF80
1FFF00
0FFE00
03F800
ENDCHAR
STARTCHAR igrave
ENCODING 236
SWIDTH 210 0
DWIDTH 11 0
BBX 9 36 0 0
BITMAP
F800
7800
3C00
1E00
1E00
0F00
0780
0000
0000
0000
0F00
0F00
0F00
0F00
0F00
0F00
0F00
0F00
0F00
0F00
0F00
0F00
0F00
0F00
0F00
0F00
0F00
0F00
0F00
0F00
0F00
0F00
0F00
0F00
0F00
0F00
ENDCHAR
STARTCHAR iacute
ENCODING 237
SWIDTH 210 0
DWIDTH 11 0
BBX 8 36 3 0
BITMAP
0F
1E
3E
3C
78
70
E0
00
00
00
78
78
78
78
78
78
78
78
78
78
78
78
78
78
78
78
78
78
78
78
78
78
78
78
78
78
ENDCHAR
STARTCHAR icircumflex
ENCODING 238
SWIDTH 210 0
DWIDTH 11 0
BBX 13 36 -1 0
BITMAP
0F80
0FC0
1FC0
1DE0
3CE0
78F0
F878
0000
0000
0000
0780
0780
0780
0780
0780
0780
0780
0780
0780
0780
0780
0780
0780
0780
0780
0780
0780
0780
0780
0780
0780
0780
0780
0780
0780
0780
ENDCHAR
STARTCHAR idieresis
ENCODING 239
SWIDTH 210 0
DWIDTH 11 0
BBX 12 36 0 0
BITMAP
F1F0
F1F0
F1F0
F1F0
F1F0
0000
0000
0000
0000
0000
0F00
0F00
0F00
0F00
0F00
0F00
0F00
0F00
0F00
0F00
0F00
0F00
0F00
0F00
0F00
0F00
0F00
0F00
0F00
0F00
0F00
0F00
0F00
0F00
0F00
0F00
ENDCHAR
STARTCHAR eth
ENCODING 240
SWIDTH 419 0
DWIDTH 23 0
BBX 19 37 2 -1
BITMAP
0F8000
07C000
03FF00
1FFF00
1FFF00
1FF800
007C00
003C00
001E00
03FE00
0FFF00
1FFF00
3FFF80
3E1F80
7C0780
7807C0
7803C0
F803C0
F003C0
F003C0
F003E0
F003E0
F003E0
F003E0
F003E0
F003E0
F003E0
F003C0
F803C0
7803C0
7807C0
7C0780
3E1F80
3FFF00
1FFF00
0FFC00
03F800
ENDCHAR
STARTCHAR ntilde
ENCODING 241
SWIDTH 419 0
DWIDTH 23 0
BBX 17 36 3 0
BITMAP
1E0700
3F8E00
3FFE00
7FFE00
71FC00
707800
000000
000000
000000
01F800
E3FE00
E7FE00
FFFF00
FE1F00
FC0F00
F80F80
F80780
F00780
F00780
F00780
F00780
F00780
F00780
F00780
F00780
F00780
F00780
F00780
F00780
F00780
F00780
F00780
F00780
F00780
F00780
F00780
ENDCHAR
STARTCHAR ograve
ENCODING 242
SWIDTH 419 0
DWIDTH 23 0
BBX 19 37 2 -1
BITMAP
1F0000
078000
03C000
03C000
01E000
00F000
000000
000000
000000
03F800
0FFC00
1FFF00
3FFF00
3E1F80
7C0780
7807C0
7803C0
F803C0
F003C0
F003E0
F003E0
F003E0
F003E0
F003E0
F003E0
F003E0
F003E0
F003C0
F803C0
7803C0
7807C0
7C0780
3E1F80
3FFF00
1FFF00
0FFC00
03F800
ENDCHAR
STARTCHAR oacute
ENCODING 243
SWIDTH 419 0
DWIDTH 23 0
BBX 19 37 2 -1
BITMAP
003E00
003C00
007800
00F000
00E000
01E000
020000
000000
000000
03F800
0FFC00
1FFF00
3FFF00
3E1F80
7C0780
7807C0
7803C0
F803C0
F003C0
F003E0
F003E0
F003E0
F003E0
F003E0
F003E0
F003E0
F003E0
F003C0
F803C0
7803C0
7807C0
7C0780
3E1F80
3FFF00
1FFF00
0FFC00
03F800
ENDCHAR
STARTCHAR ocircumflex
ENCODING 244
SWIDTH 419 0
DWIDTH 23 0
BBX 19 37 2 -1
BITMAP
01F000
03F000
03F800
07BC00
073C00
0F1E00
1E1F00
000000
000000
03F800
0FFC00
1FFF00
3FFF00
3E1F80
7C0780
7807C0
7803C0
F803C0
F003C0
F003E0
F003E0
F003E0
F003E0
F003E0
F003E0
F003E0
F003E0
F003C0
F803C0
7803C0
7807C0
7C0780
3E1F80
3FFF00
1FFF00
0FFC00
03F800
ENDCHAR
STARTCHAR otilde
ENCODING 245
SWIDTH 419 0
DWIDTH 23 0
BBX 19 37 2 -1
BITMAP
0F0380
1FC700
1FFF00
3FFF00
38FE00
383C00
000000
000000
000000
03F800
0FFC00
1FFF00
3FFF00
3E1F80
7C0780
7807C0
7803C0
F803C0
F003C0
F003E0
F003E0
F003E0
F003E0
F003E0
F003E0
F003E0
F003E0
F003C0
F803C0
7803C0
7807C0
7C0780
3E1F80
3FFF00
1FFF00
0FFC00
03F800
ENDCHAR
STARTCHAR odieresis
ENCODING 246
SWIDTH 419 0
DWIDTH 23 0
BBX 19 37 2 -1
BITMAP
1F1E00
1F1E00
1F1E00
1F1E00
1F1E00
000000
000000
000000
000000
03F800
0FFC00
1FFF00
3FFF00
3E1F80
7C0780
7807C0
7803C0
F803C0
F003C0
F003E0
F003E0
F003E0
F003E0
F003E0
F003E0
F003E0
F003E0
F003C0
F803C0
7803C0
7807C0
7C0780
3E1F80
3FFF00
1FFF00
0FFC00
03F800
ENDCHAR
STARTCHAR divide
ENCODING 247
SWIDTH 504 0
DWIDTH 27 0
BBX 23 20 2 3
BITMAP
007C00
007C00
007C00
007C00
000000
000000
000000
000000
FFFFFE
FFFFFE
FFFFFE
FFFFFE
000000
000000
000000
000000
007C00
007C00
007C00
007C00
ENDCHAR
STARTCHAR oslash
ENCODING 248
SWIDTH 461 0
DWIDTH 25 0
BBX 19 30 3 -2
BITMAP
0000E0
03F9C0
0FFDC0
1FFF80
3FFF00
3E1F80
7C0780
780FC0
780FC0
F81FC0
F83BC0
F03BE0
F073E0
F073E0
F0E3E0
F0E3E0
F1C3E0
F183E0
F383E0
FB03C0
7F03C0
7E03C0
7E07C0
7C0780
3E1F80
3FFF00
3FFF00
7FFE00
73F800
E00000
ENDCHAR
STARTCHAR ugrave
ENCODING 249
SWIDTH 419 0
DWIDTH 23 0
BBX 17 37 3 -1
BITMAP
3E0000
0F0000
0F8000
078000
03C000
01E000
00E000
000000
000000
000000
F00780
F00780
F00780
F00780
F00780
F00780
F00780
F00780
F00780
F00780
F00780
F00780
F00780
F00780
F00780
F00780
F00780
F00780
F00F80
F00F80
F00F80
F81F80
FC3F80
7FF780
7FF780
3FE780
0F8000
ENDCHAR
STARTCHAR uacute
ENCODING 250
SWIDTH 419 0
DWIDTH 23 0
BBX 17 37 3 -1
BITMAP
007C00
007800
00F000
01E000
01E000
03C000
078000
000000
000000
000000
F00780
F00780
F00780
F00780
F00780
F00780
F00780
F00780
F00780
F00780
F00780
F00780
F00780
F00780
F00780
F00780
F00780
F00780
F00F80
F00F80
F00F80
F81F80
FC3F80
7FF780
7FF780
3FE780
0F8000
ENDCHAR
STARTCHAR ucircumflex
ENCODING 251
SWIDTH 419 0
DWIDTH 23 0
BBX 17 37 3 -1
BITMAP
03E000
07E000
07F000
0F7000
0F7800
1E3C00
3C3E00
000000
000000
000000
F00780
F00780
F00780
F00780
F00780
F00780
F00780
F00780
F00780
F00780
F00780
F00780
F00780
F00780
F00780
F00780
F00780
F00780
F00F80
F00F80
F00F80
F81F80
FC3F80
7FF780
7FF780
3FE780
0F8000
ENDCHAR
STARTCHAR udieresis
ENCODING 252
SWIDTH 419 0
DWIDTH 23 0
BBX 17 37 3 -1
BITMAP
3E3C00
3E3C00
3E3C00
3E3C00
3E3C00
000000
000000
000000
000000
000000
F00780
F00780
F00780
F00780
F00780
F00780
F00780
F00780
F00780
F00780
F00780
F00780
F00780
F00780
F00780
F00780
F00780
F00780
F00F80
F00F80
F00F80
F81F80
FC3F80
7FF780
7FF780
3FE780
0F8000
ENDCHAR
STARTCHAR yacute
ENCODING 253
SWIDTH 376 0
DWIDTH 20 0
BBX 20 45 0 -9
BITMAP
001F00
001E00
003C00
007800
007800
00F000
01E000
000000
000000
000000
F800F0
7801E0
7C01E0
3C01E0
3C01E0
3E03C0
1E03C0
1E03C0
1E03C0
1F0780
0F0780
0F0780
0F8780
078F00
078F00
078F00
03CE00
03DE00
03DE00
01FE00
01FC00
01FC00
00FC00
00FC00
00F800
00F800
00F800
00F000
01F000
01F000
07E000
3FC000
3FC000
3F8000
3E0000
ENDCHAR
STARTCHAR thorn
ENCODING 254
SWIDTH 419 0
DWIDTH 23 0
BBX 18 45 3 -9
BITMAP
F00000
F00000
F00000
F00000
F00000
F00000
F00000
F00000
F00000
F1F000
F3FC00
F7FE00
FFFF00
FE1F00
FC0F80
F80F80
F80780
F00780
F00780
F007C0
F007C0
F007C0
F007C0
F007C0
F007C0
F007C0
F007C0
F00780
F00780
F80780
F80F80
FC0F00
FE1F00
FFFE00
F7FE00
F3FC00
F1F000
F00000
F00000
F00000
F00000
F00000
F00000
F00000
F00000
ENDCHAR
STARTCHAR ydieresis
ENCODING 255
SWIDTH 376 0
DWIDTH 20 0
BBX 20 45 0 -9
BITMAP
0F8F00
0F8F00
0F8F00
0F8F00
0F8F00
000000
000000
000000
000000
000000
F800F0
7801E0
7C01E0
3C01E0
3C01E0
3E03C0
1E03C0
1E03C0
1E03C0
1F0780
0F0780
0F0780
0F8780
078F00
078F00
078F00
03CE00
03DE00
03DE00
01FE00
01FC00
01FC00
00FC00
00FC00
00F800
00F800
00F800
00F000
01F000
01F000
07E000
3FC000
3FC000
3F8000
3E0000
ENDCHAR
STARTCHAR Amacron
ENCODING 256
SWIDTH 503 0
DWIDTH 27 0
BBX 27 42 0 0
BITMAP
01FFF000
01FFF000
01FFF000
01FFF000
00000000
00000000
00000000
00000000
001F8000
003F8000
003F8000
003BC000
007BC000
007BC000
007BC000
00F1E000
00F1E000
00F1E000
01E1F000
01E0F000
01E0F000
03E0F800
03C07800
03C07800
03C07C00
07803C00
07803C00
07803E00
0F003E00
0F001E00
0FFFFF00
1FFFFF00
1FFFFF00
1FFFFF00
3E000F80
3C000780
3C000780
7C0007C0
780007C0
780003C0
F80003E0
F00003E0
ENDCHAR
STARTCHAR amacron
ENCODING 257
SWIDTH 419 0
DWIDTH 23 0
BBX 20 34 2 -1
BITMAP
1FFF00
1FFF00
1FFF00
1FFF00
000000
000000
03F800
0FFE00
1FFF00
3FFF00
7E1F80
7C0F80
780780
780780
780780
000780
000780
000780
01FF80
0FFF80
3FFF80
7FFF80
7E0780
F80780
F00780
F00780
F00780
F00F80
F01F80
F83F80
FFFFF0
7FF3F0
3FE3F0
0F81F0
ENDCHAR
STARTCHAR Abreve
ENCODING 258
SWIDTH 503 0
DWIDTH 27 0
BBX 27 45 0 0
BITMAP
01E07000
00F0F000
00FFE000
007FC000
001F0000
00000000
00000000
00000000
00000000
00000000
00000000
001F8000
003F8000
003F8000
003BC000
007BC000
007BC000
007BC000
00F1E000
00F1E000
00F1E000
01E1F000
01E0F000
01E0F000
03E0F800
03C07800
03C07800
03C07C00
07803C00
07803C00
07803E00
0F003E00
0F001E00
0FFFFF00
1FFFFF00
1FFFFF00
1FFFFF00
3E000F80
3C000780
3C000780
7C0007C0
780007C0
780003C0
F80003E0
F00003E0
ENDCHAR
STARTCHAR abreve
ENCODING 259
SWIDTH 419 0
DWIDTH 23 0
BBX 20 37 2 -1
BITMAP
1E0E00
1F1E00
0FFE00
07FC00
01F000
000000
000000
000000
000000
03F800
0FFE00
1FFF00
3FFF00
7E1F80
7C0F80
780780
780780
780780
000780
000780
000780
01FF80
0FFF80
3FFF80
7FFF80
7E0780
F80780
F00780
F00780
F00780
F00F80
F01F80
F83F80
FFFFF0
7FF3F0
3FE3F0
0F81F0
ENDCHAR
STARTCHAR Aogonek
ENCODING 260
SWIDTH 503 0
DWIDTH 27 0
BBX 30 43 0 -9
BITMAP
001F8000
003F8000
003F8000
003FC000
007BC000
007BC000
007BE000
00F3E000
00F1E000
00F1E000
01F1F000
01E0F000
01E0F000
03E0F800
03C07800
03C07800
03C07C00
07803C00
07803C00
07803E00
0F003E00
0F001E00
0FFFFF00
1FFFFF00
1FFFFF00
1FFFFF80
3E000F80
3C000780
3C0007C0
7C0007C0
780007C0
780003E0
F80003E0
F00003E0
000000E0
000001C0
000003C0
000003C0
000003E0
000003FC
000003FC
000001FC
000000F8
ENDCHAR
STARTCHAR aogonek
ENCODING 261
SWIDTH 419 0
DWIDTH 23 0
BBX 22 36 2 -9
BITMAP
03F800
1FFE00
3FFF00
3FFF00
7C1F80
780F80
780780
780780
000780
000780
000780
01FF80
0FFF80
3FFF80
7FFF80
7F0780
F80780
F00780
F00780
F00780
F00F80
F00F80
F01F80
F83F80
FFFFF0
7FF3F0
3FE3F0
0F80F0
0000E0
0001E0
0001E0
0001E0
0001FC
0001FC
0000FC
00007C
ENDCHAR
STARTCHAR Cacute
ENCODING 262
SWIDTH 544 0
DWIDTH 29 0
BBX 25 45 2 -1
BITMAP
0003E000
0003C000
00078000
000F0000
000F0000
001E0000
003C0000
00000000
00000000
007F8000
01FFF000
07FFF800
0FFFFC00
1FC0FE00
1F003F00
3E001F00
3E000F80
7C000F80
7C000F80
78000780
78000780
F8000780
F8000000
F8000000
F8000000
F8000000
F8000000
F8000000
F8000000
F8000000
F8000000
F8000000
F8000780
78000780
78000780
7C000780
7C000F80
3E000F80
3E001F00
1F003F00
1FC0FE00
0FFFFC00
07FFF800
01FFF000
007FC000
ENDCHAR
STARTCHAR cacute
ENCODING 263
SWIDTH 376 0
DWIDTH 20 0
BBX 17 37 2 -1
BITMAP
003C00
007800
00F800
00F000
01E000
03C000
000000
000000
000000
03F000
0FFC00
1FFE00
3FFE00
7E1F00
7C0F00
780F00
F80F00
F00F80
F00F80
F00F80
F00000
F00000
F00000
F00000
F00000
F00000
F00780
F00780
F00780
F80F00
780F00
7C0F00
7E1F00
3FFE00
1FFC00
0FF800
07F000
ENDCHAR
STARTCHAR Ccircumflex
ENCODING 264
SWIDTH 544 0
DWIDTH 29 0
BBX 25 45 2 -1
BITMAP
003E0000
003F0000
007F0000
007F8000
00F38000
01E3C000
03E1E000
00000000
00000000
007F8000
01FFF000
07FFF800
0FFFFC00
1FC0FE00
1F003F00
3E001F00
3E000F80
7C000F80
7C000F80
78000780
78000780
F8000780
F8000000
F8000000
F8000000
F8000000
F8000000
F8000000
F8000000
F8000000
F8000000
F8000000
F8000780
78000780
78000780
7C000780
7C000F80
3E000F80
3E001F00
1F003F00
1FC0FE00
0FFFFC00
07FFF800
01FFF000
007FC000
ENDCHAR
STARTCHAR ccircumflex
ENCODING 265
SWIDTH 376 0
DWIDTH 20 0
BBX 17 37 2 -1
BITMAP
03E000
07E000
07F000
0F7000
1E7800
1E3C00
3C3C00
000000
000000
03F000
0FFC00
1FFE00
3FFE00
7E1F00
7C0F00
780F00
F80F00
F00F80
F00F80
F00F80
F00000
F00000
F00000
F00000
F00000
F00000
F00780
F00780
F00780
F80F00
780F00
7C0F00
7E1F00
3FFE00
1FFC00
0FF800
07F000
ENDCHAR
STARTCHAR Cdotaccent
ENCODING 266
SWIDTH 544 0
DWIDTH 29 0
BBX 25 44 2 -1
BITMAP
001E0000
001E0000
001E0000
001E0000
00000000
00000000
00000000
00000000
007F8000
01FFF000
07FFF800
0FFFFC00
1FC0FE00
1F003F00
3E001F00
3E000F80
7C000F80
7C000F80
78000780
78000780
F8000780
F8000000
F8000000
F8000000
F8000000
F8000000
F8000000
F8000000
F8000000
F8000000
F8000000
F8000780
78000780
78000780
7C000780
7C000F80
3E000F80
3E001F00
1F003F00
1FC0FE00
0FFFFC00
07FFF800
01FFF000
007FC000
ENDCHAR
STARTCHAR cdotaccent
ENCODING 267
SWIDTH 376 0
DWIDTH 20 0
BBX 17 37 2 -1
BITMAP
03C000
03C000
03C000
03C000
03C000
000000
000000
000000
000000
03F000
0FFC00
1FFE00
3FFE00
7E1F00
7C0F00
780F00
F80F00
F00F80
F00F80
F00F80
F00000
F00000
F00000
F00000
F00000
F00000
F00780
F00780
F00780
F80F00
780F00
7C0F00
7E1F00
3FFE00
1FFC00
0FF800
07F000
ENDCHAR
STARTCHAR Ccaron
ENCODING 268
SWIDTH 544 0
DWIDTH 29 0
BBX 25 45 2 -1
BITMAP
03E1E000
01E3C000
00F38000
00778000
007F0000
003F0000
003E0000
00000000
00000000
007F8000
01FFF000
07FFF800
0FFFFC00
1FC0FE00
1F003F00
3E001F00
3E000F80
7C000F80
7C000F80
78000780
78000780
F8000780
F8000000
F8000000
F8000000
F8000000
F8000000
F8000000
F8000000
F8000000
F8000000
F8000000
F8000780
78000780
78000780
7C000780
7C000F80
3E000F80
3E001F00
1F003F00
1FC0FE00
0FFFFC00
07FFF800
01FFF000
007FC000
ENDCHAR
STARTCHAR ccaron
ENCODING 269
SWIDTH 376 0
DWIDTH 20 0
BBX 17 37 2 -1
BITMAP
3C3C00
1E3800
0E7800
0FF000
07F000
03E000
03C000
000000
000000
03F000
0FFC00
1FFE00
3FFE00
7E1F00
7C0F00
780F00
F80F00
F00F80
F00F80
F00F80
F00000
F00000
F00000
F00000
F00000
F00000
F00780
F00780
F00780
F80F00
780F00
7C0F00
7E1F00
3FFE00
1FFC00
0FF800
07F000
ENDCHAR
STARTCHAR Dcaron
ENCODING 270
SWIDTH 544 0
DWIDTH 29 0
BBX 24 45 3 0
BITMAP
0783C0
03C780
01E780
01EF00
00FE00
00FE00
007C00
003C00
000000
000000
000000
FFFE00
FFFF80
FFFFE0
FFFFF0
F803F8
F800F8
F8007C
F8003C
F8003E
F8001E
F8001E
F8001F
F8001F
F8001F
F8001F
F8001F
F8001F
F8001F
F8001F
F8001F
F8001F
F8001F
F8001E
F8001E
F8003E
F8003E
F8007C
F8007C
F800F8
F803F8
FFFFF0
FFFFE0
FFFF80
FFFE00
ENDCHAR
STARTCHAR dcaron
ENCODING 271
SWIDTH 464 0
DWIDTH 25 0
BBX 25 37 2 -1
BITMAP
0003C000
0003C000
0003CF80
0003CF80
0003CF80
0003CF80
0003CF80
0003C700
0003C700
07C3C700
0FF3C600
1FFBCE00
3FFFCE00
3E1FCC00
7C0FC000
780FC000
7807C000
F807C000
F007C000
F007C000
F003C000
F003C000
F003C000
F003C000
F003C000
F003C000
F007C000
F007C000
F807C000
7807C000
7807C000
7C0FC000
7E1FC000
3FFFC000
1FFBC000
0FF3C000
07C00000
ENDCHAR
STARTCHAR Dcroat
ENCODING 272
SWIDTH 544 0
DWIDTH 29 0
BBX 27 34 0 0
BITMAP
1FFFC000
1FFFF000
1FFFFC00
1FFFFE00
1F007F00
1F001F00
1F000F80
1F000780
1F0007C0
1F0003C0
1F0003C0
1F0003E0
1F0003E0
1F0003E0
1F0003E0
FFFF03E0
FFFF03E0
FFFF03E0
1F0003E0
1F0003E0
1F0003E0
1F0003E0
1F0003C0
1F0003C0
1F0007C0
1F0007C0
1F000F80
1F000F80
1F001F00
1F007F00
1FFFFE00
1FFFFC00
1FFFF000
1FFFC000
ENDCHAR
STARTCHAR dcroat
ENCODING 273
SWIDTH 416 0
DWIDTH 22 0
BBX 21 37 2 -1
BITMAP
0003C0
0003C0
0003C0
0003C0
00FFF8
00FFF8
00FFF8
00FFF8
0003C0
07C3C0
0FF3C0
1FFBC0
3FFFC0
3E1FC0
7C0FC0
780FC0
7807C0
F807C0
F007C0
F007C0
F003C0
F003C0
F003C0
F003C0
F003C0
F003C0
F007C0
F007C0
F807C0
7807C0
7807C0
7C0FC0
7E1FC0
3FFBC0
1FFBC0
0FF3C0
07E000
ENDCHAR
STARTCHAR Emacron
ENCODING 274
SWIDTH 503 0
DWIDTH 27 0
BBX 22 42 3 0
BITMAP
0FFF80
0FFF80
0FFF80
0FFF80
000000
000000
000000
000000
FFFFF8
FFFFF8
FFFFF8
FFFFF8
F80000
F80000
F80000
F80000
F80000
F80000
F80000
F80000
F80000
F80000
FFFFE0
FFFFE0
FFFFE0
FFFFE0
F80000
F80000
F80000
F80000
F80000
F80000
F80000
F80000
F80000
F80000
F80000
F80000
FFFFFC
FFFFFC
FFFFFC
FFFFFC
ENDCHAR
STARTCHAR emacron
ENCODING 275
SWIDTH 419 0
DWIDTH 23 0
BBX 19 34 2 -1
BITMAP
1FFF00
1FFF00
1FFF00
1FFF00
000000
000000
03F800
0FFE00
1FFF00
3FFF80
3F0F80
7C07C0
7C07C0
7803C0
F803C0
F803C0
F803C0
F003C0
FFFFE0
FFFFE0
FFFFE0
FFFFE0
F00000
F00000
F80000
F803E0
7803C0
7803C0
7C07C0
3F0F80
3FFF80
1FFF00
0FFE00
03F800
ENDCHAR
STARTCHAR Ebreve
ENCODING 276
SWIDTH 503 0
DWIDTH 27 0
BBX 22 45 3 0
BITMAP
0F0380
078780
07FF00
03FE00
00F800
000000
000000
000000
000000
000000
000000
FFFFF8
FFFFF8
FFFFF8
FFFFF8
F80000
F80000
F80000
F80000
F80000
F80000
F80000
F80000
F80000
F80000
FFFFE0
FFFFE0
FFFFE0
FFFFE0
F80000
F80000
F80000
F80000
F80000
F80000
F80000
F80000
F80000
F80000
F80000
F80000
FFFFFC
FFFFFC
FFFFFC
FFFFFC
ENDCHAR
STARTCHAR ebreve
ENCODING 277
SWIDTH 419 0
DWIDTH 23 0
BBX 19 37 2 -1
BITMAP
1E0E00
1F1E00
0FFE00
07FC00
01F000
000000
000000
000000
000000
03F800
0FFE00
1FFF00
3FFF80
3F0F80
7C07C0
7C07C0
7803C0
F803C0
F803C0
F803C0
F003C0
FFFFE0
FFFFE0
FFFFE0
FFFFE0
F00000
F00000
F80000
F803E0
7803C0
7803C0
7C07C0
3F0F80
3FFF80
1FFF00
0FFE00
03F800
ENDCHAR
STARTCHAR Edotaccent
ENCODING 278
SWIDTH 503 0
DWIDTH 27 0
BBX 22 44 3 0
BITMAP
00F800
00F800
00F800
00F800
000000
000000
000000
000000
000000
000000
FFFFF8
FFFFF8
FFFFF8
FFFFF8
F80000
F80000
F80000
F80000
F80000
F80000
F80000
F80000
F80000
F80000
FFFFE0
FFFFE0
FFFFE0
FFFFE0
F80000
F80000
F80000
F80000
F80000
F80000
F80000
F80000
F80000
F80000
F80000
F80000
FFFFFC
FFFFFC
FFFFFC
FFFFFC
ENDCHAR
STARTCHAR edotaccent
ENCODING 279
SWIDTH 419 0
DWIDTH 23 0
BBX 19 37 2 -1
BITMAP
01F000
01F000
01F000
01F000
01F000
000000
000000
000000
000000
03F800
0FFE00
1FFF00
3FFF80
3F0F80
7C07C0
7C07C0
7803C0
F803C0
F803C0
F803C0
F003C0
FFFFE0
FFFFE0
FFFFE0
FFFFE0
F00000
F00000
F80000
F803E0
7803C0
7803C0
7C07C0
3F0F80
3FFF80
1FFF00
0FFE00
03F800
ENDCHAR
STARTCHAR Eogonek
ENCODING 280
SWIDTH 503 0
DWIDTH 27 0
BBX 24 43 3 -9
BITMAP
FFFFF8
FFFFF8
FFFFF8
FFFFF8
F80000
F80000
F80000
F80000
F80000
F80000
F80000
F80000
F80000
F80000
FFFFE0
FFFFE0
FFFFE0
FFFFE0
F80000
F80000
F80000
F80000
F80000
F80000
F80000
F80000
F80000
F80000
F80000
F80000
FFFFFC
FFFFFC
FFFFFC
FFFFFC
000038
000078
000078
000078
000078
00007F
00007F
00003F
00001F
ENDCHAR
STARTCHAR eogonek
ENCODING 281
SWIDTH 419 0
DWIDTH 23 0
BBX 19 36 2 -9
BITMAP
03F800
0FFE00
1FFF00
3FFF80
3E0F80
7C07C0
7803C0
7803C0
F803C0
F803C0
F003C0
FFFFE0
FFFFE0
FFFFE0
FFFFE0
F00000
F00000
F80000
F803C0
F803C0
7803C0
7C03C0
7C07C0
3F0F80
3FFF00
1FFE00
0FFC00
03F800
003800
007800
007800
007800
007F00
007F00
003F00
001F00
ENDCHAR
STARTCHAR Ecaron
ENCODING 282
SWIDTH 503 0
DWIDTH 27 0
BBX 22 45 3 0
BITMAP
0F0780
078F00
038F00
03DE00
01DC00
01FC00
00F800
007800
000000
000000
000000
FFFFF8
FFFFF8
FFFFF8
FFFFF8
F80000
F80000
F80000
F80000
F80000
F80000
F80000
F80000
F80000
F80000
FFFFE0
FFFFE0
FFFFE0
FFFFE0
F80000
F80000
F80000
F80000
F80000
F80000
F80000
F80000
F80000
F80000
F80000
F80000
FFFFFC
FFFFFC
FFFFFC
FFFFFC
ENDCHAR
STARTCHAR ecaron
ENCODING 283
SWIDTH 419 0
DWIDTH 23 0
BBX 19 37 2 -1
BITMAP
1E1F00
0F1E00
07BC00
07B800
03F800
01F000
01E000
000000
000000
03F800
0FFE00
1FFF00
3FFF80
3F0F80
7C07C0
7C07C0
7803C0
F803C0
F803C0
F803C0
F003C0
FFFFE0
FFFFE0
FFFFE0
FFFFE0
F00000
F00000
F80000
F803E0
7803C0
7803C0
7C07C0
3F0F80
3FFF80
1FFF00
0FFE00
03F800
ENDCHAR
STARTCHAR Gcircumflex
ENCODING 284
SWIDTH 587 0
DWIDTH 32 0
BBX 26 45 2 -1
BITMAP
000F0000
001F8000
003F8000
003FC000
0079E000
0071E000
00F0F000
00000000
00000000
003FC000
00FFF800
03FFFC00
07FFFE00
0FE07F00
1F801F80
1F000F80
3E0007C0
3E0007C0
3C0003C0
7C0003C0
7C0003C0
78000000
78000000
78000000
78000000
F8000000
F807FFC0
F807FFC0
F807FFC0
F807FFC0
780003C0
780003C0
780003C0
780003C0
7C0003C0
7C0007C0
3C0007C0
3E0007C0
1F000FC0
1F801FC0
0FE07FC0
07FFFDC0
03FFF9C0
01FFF1C0
003F8000
ENDCHAR
STARTCHAR gcircumflex
ENCODING 285
SWIDTH 419 0
DWIDTH 23 0
BBX 21 45 1 -9
BITMAP
00F800
01F800
01FC00
03DE00
039E00
078F78
0F0FF8
000070
0000F0
01F9F0
07FFE0
0FFFC0
1FFF80
3F0F80
3E07C0
3C03C0
3C03C0
3C03E0
3C03E0
3C03E0
3C03C0
3E07C0
1F0FC0
1FFF80
0FFF80
1FFE00
3FF800
7C0000
780000
780000
7C0000
3FFFC0
1FFFE0
3FFFF0
7FFFF8
F800F8
F00078
F00078
F00078
F00078
F800F8
FFFFF0
7FFFE0
3FFFC0
1FFF80
ENDCHAR
STARTCHAR Gbreve
ENCODING 286
SWIDTH 587 0
DWIDTH 32 0
BBX 26 45 2 -1
BITMAP
00E07000
00F0F000
007FE000
007FC000
001F8000
00000000
00000000
00000000
00000000
003FC000
00FFF800
03FFFC00
07FFFE00
0FE07F00
1F801F80
1F000F80
3E0007C0
3E0007C0
3C0003C0
7C0003C0
7C0003C0
78000000
78000000
78000000
78000000
F8000000
F807FFC0
F807FFC0
F807FFC0
F807FFC0
780003C0
780003C0
780003C0
780003C0
7C0003C0
7C0007C0
3C0007C0
3E0007C0
1F000FC0
1F801FC0
0FE07FC0
07FFFDC0
03FFF9C0
01FFF1C0
003F8000
ENDCHAR
STARTCHAR gbreve
ENCODING 287
SWIDTH 419 0
DWIDTH 23 0
BBX 21 45 1 -9
BITMAP
0F0700
0F8F00
07FF00
03FE00
00F800
000000
000078
000070
0000F0
01F9F0
07FFE0
0FFFC0
1FFF80
3F0F80
3E07C0
3C03C0
3C03C0
3C03E0
3C03E0
3C03E0
3C03C0
3E07C0
1F0FC0
1FFF80
0FFF80
1FFE00
3FF800
7C0000
780000
780000
7C0000
3FFFC0
1FFFE0
3FFFF0
7FFFF8
F800F8
F00078
F00078
F00078
F00078
F800F8
FFFFF0
7FFFE0
3FFFC0
1FFF80
ENDCHAR
STARTCHAR Gdotaccent
ENCODING 288
SWIDTH 587 0
DWIDTH 32 0
BBX 26 44 2 -1
BITMAP
000F0000
000F0000
000F0000
000F0000
00000000
00000000
00000000
00000000
003FC000
00FFF800
03FFFC00
07FFFE00
0FE07F00
1F801F80
1F000F80
3E0007C0
3E0007C0
3C0003C0
7C0003C0
7C0003C0
78000000
78000000
78000000
78000000
F8000000
F807FFC0
F807FFC0
F807FFC0
F807FFC0
780003C0
780003C0
780003C0
780003C0
7C0003C0
7C0007C0
3C0007C0
3E0007C0
1F000FC0
1F801FC0
0FE07FC0
07FFFDC0
03FFF9C0
01FFF1C0
003F8000
ENDCHAR
STARTCHAR gdotaccent
ENCODING 289
SWIDTH 419 0
DWIDTH 23 0
BBX 21 45 1 -9
BITMAP
00F800
00F800
00F800
00F800
00F800
000000
000078
000070
0000F0
01F9F0
07FFE0
0FFFC0
1FFF80
3F0F80
3E07C0
3C03C0
3C03C0
3C03E0
3C03E0
3C03E0
3C03C0
3E07C0
1F0FC0
1FFF80
0FFF80
1FFE00
3FF800
7C0000
780000
780000
7C0000
3FFFC0
1FFFE0
3FFFF0
7FFFF8
F800F8
F00078
F00078
F00078
F00078
F800F8
FFFFF0
7FFFE0
3FFFC0
1FFF80
ENDCHAR
STARTCHAR Gcommaaccent
ENCODING 290
SWIDTH 587 0
DWIDTH 32 0
BBX 26 46 2 -11
BITMAP
003FC000
00FFF800
03FFFC00
07FFFE00
0FE07F00
1F801F80
1F000F80
3E0007C0
3E0007C0
3C0003C0
7C0003C0
7C0003C0
78000000
78000000
78000000
78000000
F8000000
F807FFC0
F807FFC0
F807FFC0
F807FFC0
780003C0
780003C0
780003C0
780003C0
7C0003C0
7C0007C0
3C0007C0
3E0007C0
1F000FC0
1F801FC0
0FE07FC0
07FFFDC0
03FFF9C0
01FFF1C0
003F8000
00000000
00000000
00000000
000F0000
000F0000
000F0000
000F0000
00070000
00060000
000E0000
ENDCHAR
STARTCHAR gcommaaccent
ENCODING 291
SWIDTH 419 0
DWIDTH 23 0
BBX 21 47 1 -9
BITMAP
006000
00E000
00C000
00C000
01F000
01F000
01F000
01F078
000078
0000F0
0000F0
01F9F0
07FFE0
0FFFC0
1FFF80
3F0F80
3E07C0
3C03C0
3C03C0
3C03E0
3C03E0
3C03E0
3C03C0
3E07C0
1F0FC0
1FFF80
0FFF80
1FFE00
3FF800
7C0000
780000
780000
7C0000
3FFFC0
1FFFE0
3FFFF0
7FFFF8
F800F8
F00078
F00078
F00078
F00078
F800F8
FFFFF0
7FFFE0
3FFFC0
1FFF80
ENDCHAR
STARTCHAR Hcircumflex
ENCODING 292
SWIDTH 544 0
DWIDTH 29 0
BBX 23 44 3 0
BITMAP
007C00
007E00
00FE00
01EF00
01E780
03C780
0783C0
000000
000000
000000
F8001E
F8001E
F8001E
F8001E
F8001E
F8001E
F8001E
F8001E
F8001E
F8001E
F8001E
F8001E
F8001E
F8001E
FFFFFE
FFFFFE
FFFFFE
FFFFFE
F8001E
F8001E
F8001E
F8001E
F8001E
F8001E
F8001E
F8001E
F8001E
F8001E
F8001E
F8001E
F8001E
F8001E
F8001E
F8001E
ENDCHAR
STARTCHAR hcircumflex
ENCODING 293
SWIDTH 419 0
DWIDTH 23 0
BBX 21 44 -1 0
BITMAP
0F0000
1F8000
1FC000
3DC000
79E000
78F000
F0F000
000000
0F0000
0F0000
0F0000
0F0000
0F0000
0F0000
0F0000
0F0000
0F0000
0F0F80
0F3FE0
0F7FE0
0FFFF0
0FE1F0
0FC0F0
0F80F8
0F8078
0F0078
0F0078
0F0078
0F0078
0F0078
0F0078
0F0078
0F0078
0F0078
0F0078
0F0078
0F0078
0F0078
0F0078
0F0078
0F0078
0F0078
0F0078
0F0078
ENDCHAR
STARTCHAR Hbar
ENCODING 294
SWIDTH 544 0
DWIDTH 29 0
BBX 27 34 1 0
BITMAP
3E000780
3E000780
3E000780
3E000780
3E000780
3E000780
FFFFFFE0
FFFFFFE0
FFFFFFE0
FFFFFFE0
3E000780
3E000780
3E000780
3E000780
3E000780
3FFFFF80
3FFFFF80
3FFFFF80
3FFFFF80
3E000780
3E000780
3E000780
3E000780
3E000780
3E000780
3E000780
3E000780
3E000780
3E000780
3E000780
3E000780
3E000780
3E000780
3E000780
ENDCHAR
STARTCHAR hbar
ENCODING 295
SWIDTH 419 0
DWIDTH 23 0
BBX 20 36 0 0
BITMAP
1E0000
1E0000
1E0000
FFF000
FFF000
FFF000
FFF000
1E0000
1E0000
1E1F00
1E7FC0
1EFFC0
1FFFE0
1FC3E0
1F81E0
1F01F0
1F00F0
1E00F0
1E00F0
1E00F0
1E00F0
1E00F0
1E00F0
1E00F0
1E00F0
1E00F0
1E00F0
1E00F0
1E00F0
1E00F0
1E00F0
1E00F0
1E00F0
1E00F0
1E00F0
1E00F0
ENDCHAR
STARTCHAR Itilde
ENCODING 296
SWIDTH 210 0
DWIDTH 11 0
BBX 15 44 -2 0
BITMAP
1F0E
3FFE
7FFC
7FFC
F0F8
0000
0000
0000
0000
0000
07C0
07C0
07C0
07C0
07C0
07C0
07C0
07C0
07C0
07C0
07C0
07C0
07C0
07C0
07C0
07C0
07C0
07C0
07C0
07C0
07C0
07C0
07C0
07C0
07C0
07C0
07C0
07C0
07C0
07C0
07C0
07C0
07C0
07C0
ENDCHAR
STARTCHAR itilde
ENCODING 297
SWIDTH 210 0
DWIDTH 11 0
BBX 15 36 -2 0
BITMAP
1E0E
3F9E
7FFE
7FFC
71FC
E078
0000
0000
0000
0000
03C0
03C0
03C0
03C0
03C0
03C0
03C0
03C0
03C0
03C0
03C0
03C0
03C0
03C0
03C0
03C0
03C0
03C0
03C0
03C0
03C0
03C0
03C0
03C0
03C0
03C0
ENDCHAR
STARTCHAR Imacron
ENCODING 298
SWIDTH 210 0
DWIDTH 11 0
BBX 13 42 -1 0
BITMAP
FFF8
FFF8
FFF8
FFF8
0000
0000
0000
0000
0F80
0F80
0F80
0F80
0F80
0F80
0F80
0F80
0F80
0F80
0F80
0F80
0F80
0F80
0F80
0F80
0F80
0F80
0F80
0F80
0F80
0F80
0F80
0F80
0F80
0F80
0F80
0F80
0F80
0F80
0F80
0F80
0F80
0F80
ENDCHAR
STARTCHAR imacron
ENCODING 299
SWIDTH 210 0
DWIDTH 11 0
BBX 13 34 -1 0
BITMAP
FFF8
FFF8
FFF8
FFF8
0000
0000
0000
0000
0780
0780
0780
0780
0780
0780
0780
0780
0780
0780
0780
0780
0780
0780
0780
0780
0780
0780
0780
0780
0780
0780
0780
0780
0780
0780
ENDCHAR
STARTCHAR Ibreve
ENCODING 300
SWIDTH 210 0
DWIDTH 11 0
BBX 12 45 0 0
BITMAP
E070
F0F0
FFE0
7FC0
1F00
0000
0000
0000
0000
0000
0000
1F00
1F00
1F00
1F00
1F00
1F00
1F00
1F00
1F00
1F00
1F00
1F00
1F00
1F00
1F00
1F00
1F00
1F00
1F00
1F00
1F00
1F00
1F00
1F00
1F00
1F00
1F00
1F00
1F00
1F00
1F00
1F00
1F00
1F00
ENDCHAR
STARTCHAR ibreve
ENCODING 301
SWIDTH 210 0
DWIDTH 11 0
BBX 12 36 0 0
BITMAP
E0F0
F1E0
FFE0
7FC0
1F00
0000
0000
0000
0000
0000
0F00
0F00
0F00
0F00
0F00
0F00
0F00
0F00
0F00
0F00
0F00
0F00
0F00
0F00
0F00
0F00
0F00
0F00
0F00
0F00
0F00
0F00
0F00
0F00
0F00
0F00
ENDCHAR
STARTCHAR Iogonek
ENCODING 302
SWIDTH 210 0
DWIDTH 11 0
BBX 7 43 3 -9
BITMAP
F8
F8
F8
F8
F8
F8
F8
F8
F8
F8
F8
F8
F8
F8
F8
F8
F8
F8
F8
F8
F8
F8
F8
F8
F8
F8
F8
F8
F8
F8
F8
F8
F8
F8
78
70
F0
F0
F0
FE
FE
7E
3E
ENDCHAR
STARTCHAR iogonek
ENCODING 303
SWIDTH 167 0
DWIDTH 9 0
BBX 7 45 2 -9
BITMAP
F8
F8
F8
F8
F8
00
00
00
00
00
F8
F8
F8
F8
F8
F8
F8
F8
F8
F8
F8
F8
F8
F8
F8
F8
F8
F8
F8
F8
F8
F8
F8
F8
F8
F8
70
F0
E0
E0
F0
FE
FE
FE
3E
ENDCHAR
STARTCHAR Idotaccent
ENCODING 304
SWIDTH 210 0
DWIDTH 11 0
BBX 5 44 3 0
BITMAP
78
78
78
78
00
00
00
00
00
00
F8
F8
F8
F8
F8
F8
F8
F8
F8
F8
F8
F8
F8
F8
F8
F8
F8
F8
F8
F8
F8
F8
F8
F8
F8
F8
F8
F8
F8
F8
F8
F8
F8
F8
ENDCHAR
STARTCHAR dotlessi
ENCODING 305
SWIDTH 210 0
DWIDTH 11 0
BBX 4 26 4 0
BITMAP
F0
F0
F0
F0
F0
F0
F0
F0
F0
F0
F0
F0
F0
F0
F0
F0
F0
F0
F0
F0
F0
F0
F0
F0
F0
F0
ENDCHAR
STARTCHAR IJ
ENCODING 306
SWIDTH 587 0
DWIDTH 32 0
BBX 25 35 3 -1
BITMAP
F8000780
F8000780
F8000780
F8000780
F8000780
F8000780
F8000780
F8000780
F8000780
F8000780
F8000780
F8000780
F8000780
F8000780
F8000780
F8000780
F8000780
F8000780
F8000780
F8000780
F8000780
F8000780
F8000780
F8000780
F8780780
F8780780
F8780780
F8780780
F87C0780
F87C0F80
F83E1F80
F83FFF00
F81FFE00
F80FFC00
0003F000
ENDCHAR
STARTCHAR ij
ENCODING 307
SWIDTH 335 0
DWIDTH 18 0
BBX 14 45 2 -9
BITMAP
F87C
F87C
F87C
F87C
F87C
0000
0000
0000
0000
0000
F87C
F87C
F87C
F87C
F87C
F87C
F87C
F87C
F87C
F87C
F87C
F87C
F87C
F87C
F87C
F87C
F87C
F87C
F87C
F87C
F87C
F87C
F87C
F87C
F87C
F87C
007C
007C
007C
007C
0078
07F8
07F8
07F0
07E0
ENDCHAR
STARTCHAR Jcircumflex
ENCODING 308
SWIDTH 376 0
DWIDTH 20 0
BBX 20 45 1 -1
BITMAP
000F00
001F80
003F80
003FC0
0079E0
0079E0
00F0F0
000000
000000
000000
000F00
000F00
000F00
000F00
000F00
000F00
000F00
000F00
000F00
000F00
000F00
000F00
000F00
000F00
000F00
000F00
000F00
000F00
000F00
000F00
000F00
000F00
000F00
000F00
F00F00
F00F00
F00F00
F00F00
F01F00
F81F00
FC3E00
7FFE00
7FFC00
1FF800
0FE000
ENDCHAR
STARTCHAR jcircumflex
ENCODING 309
SWIDTH 167 0
DWIDTH 9 0
BBX 13 45 -2 -9
BITMAP
0F80
0F80
1FC0
3DE0
3DE0
78F0
F878
0000
0000
0000
0F80
0F80
0F80
0F80
0F80
0F80
0F80
0F80
0F80
0F80
0F80
0F80
0F80
0F80
0F80
0F80
0F80
0F80
0F80
0F80
0F80
0F80
0F80
0F80
0F80
0F80
0F80
0F80
0F80
0F80
0F00
FF00
FF00
FE00
FC00
ENDCHAR
STARTCHAR Kcommaaccent
ENCODING 310
SWIDTH 503 0
DWIDTH 27 0
BBX 24 45 3 -11
BITMAP
F8003E
F8007C
F800F8
F800F8
F801F0
F803E0
F807C0
F807C0
F80F80
F81F00
F81E00
F83E00
F87C00
F8F800
F8F800
F9FC00
FBFC00
FFFE00
FF9E00
FF1F00
FF0F00
FE0F80
FC07C0
F807C0
F803E0
F803E0
F801F0
F801F0
F800F8
F800F8
F8007C
F8007C
F8003E
F8003F
000000
000000
000000
00F800
00F800
00F800
00F800
003000
003000
007000
006000
ENDCHAR
STARTCHAR kcommaaccent
ENCODING 311
SWIDTH 376 0
DWIDTH 20 0
BBX 17 47 3 -11
BITMAP
F00000
F00000
F00000
F00000
F00000
F00000
F00000
F00000
F00000
F00000
F00F80
F01F00
F01E00
F03C00
F07C00
F07800
F0F000
F1F000
F1E000
F3C000
F78000
FFC000
FFC000
FFE000
FFE000
FDF000
F8F000
F0F800
F07800
F07C00
F03E00
F03E00
F01F00
F01F00
F00F80
F00780
000000
000000
000000
078000
078000
078000
078000
018000
038000
030000
030000
ENDCHAR
STARTCHAR kgreenlandic
ENCODING 312
SWIDTH 375 0
DWIDTH 20 0
BBX 17 26 3 0
BITMAP
F00F80
F01F00
F01E00
F03C00
F07C00
F07800
F0F000
F1F000
F1E000
F3C000
F78000
FFC000
FFC000
FFE000
FFE000
FDF000
F8F000
F0F800
F07800
F07C00
F03E00
F03E00
F01F00
F01F00
F00F80
F00780
ENDCHAR
STARTCHAR Lacute
ENCODING 313
SWIDTH 419 0
DWIDTH 23 0
BBX 19 45 3 0
BITMAP
0F0000
1F0000
1E0000
3C0000
780000
780000
F00000
E00000
000000
000000
000000
F80000
F80000
F80000
F80000
F80000
F80000
F80000
F80000
F80000
F80000
F80000
F80000
F80000
F80000
F80000
F80000
F80000
F80000
F80000
F80000
F80000
F80000
F80000
F80000
F80000
F80000
F80000
F80000
F80000
F80000
FFFFE0
FFFFE0
FFFFE0
FFFFE0
ENDCHAR
STARTCHAR lacute
ENCODING 314
SWIDTH 167 0
DWIDTH 9 0
BBX 8 45 2 0
BITMAP
0F
1F
1E
3C
78
78
F0
E0
00
F8
F8
F8
F8
F8
F8
F8
F8
F8
F8
F8
F8
F8
F8
F8
F8
F8
F8
F8
F8
F8
F8
F8
F8
F8
F8
F8
F8
F8
F8
F8
F8
F8
F8
F8
F8
ENDCHAR
STARTCHAR Lcommaaccent
ENCODING 315
SWIDTH 419 0
DWIDTH 23 0
BBX 19 45 3 -11
BITMAP
F80000
F80000
F80000
F80000
F80000
F80000
F80000
F80000
F80000
F80000
F80000
F80000
F80000
F80000
F80000
F80000
F80000
F80000
F80000
F80000
F80000
F80000
F80000
F80000
F80000
F80000
F80000
F80000
F80000
F80000
FFFFE0
FFFFE0
FFFFE0
FFFFE0
000000
000000
000000
03E000
03E000
03E000
03E000
00C000
01C000
01C000
018000
ENDCHAR
STARTCHAR lcommaaccent
ENCODING 316
SWIDTH 167 0
DWIDTH 9 0
BBX 5 47 2 -11
BITMAP
F8
F8
F8
F8
F8
F8
F8
F8
F8
F8
F8
F8
F8
F8
F8
F8
F8
F8
F8
F8
F8
F8
F8
F8
F8
F8
F8
F8
F8
F8
F8
F8
F8
F8
F8
F8
00
00
00
F8
F8
F8
F8
30
30
70
60
ENDCHAR
STARTCHAR Lcaron
ENCODING 317
SWIDTH 419 0
DWIDTH 23 0
BBX 19 34 3 0
BITMAP
F807C0
F807C0
F807C0
F807C0
F807C0
F80180
F80380
F80380
F80300
F80700
F80700
F80000
F80000
F80000
F80000
F80000
F80000
F80000
F80000
F80000
F80000
F80000
F80000
F80000
F80000
F80000
F80000
F80000
F80000
F80000
FFFFE0
FFFFE0
FFFFE0
FFFFE0
ENDCHAR
STARTCHAR lcaron
ENCODING 318
SWIDTH 219 0
DWIDTH 12 0
BBX 12 36 2 0
BITMAP
F800
F800
F9F0
F9F0
F9F0
F9F0
F9F0
F8E0
F8E0
F8C0
F9C0
F9C0
F980
F800
F800
F800
F800
F800
F800
F800
F800
F800
F800
F800
F800
F800
F800
F800
F800
F800
F800
F800
F800
F800
F800
F800
ENDCHAR
STARTCHAR Ldot
ENCODING 319
SWIDTH 419 0
DWIDTH 23 0
BBX 19 34 3 0
BITMAP
F80000
F80000
F80000
F80000
F80000
F80000
F80000
F80000
F80F80
F80F80
F80F80
F80F80
F80F80
F80F80
F80000
F80000
F80000
F80000
F80000
F80000
F80000
F80000
F80000
F80000
F80000
F80000
F80000
F80000
F80000
F80000
FFFFE0
FFFFE0
FFFFE0
FFFFE0
ENDCHAR
STARTCHAR ldot
ENCODING 320
SWIDTH 297 0
DWIDTH 16 0
BBX 12 36 2 0
BITMAP
F800
F800
F800
F800
F800
F800
F800
F800
F800
F800
F800
F800
F800
F800
F800
F800
F9F0
F9F0
F9F0
F9F0
F9F0
F9F0
F800
F800
F800
F800
F800
F800
F800
F800
F800
F800
F800
F800
F800
F800
ENDCHAR
STARTCHAR Lslash
ENCODING 321
SWIDTH 419 0
DWIDTH 23 0
BBX 22 34 0 0
BITMAP
1F0000
1F0000
1F0000
1F0000
1F0000
1F0000
1F0000
1F0000
1F0200
1F0600
1F0E00
1F1E00
1F3C00
1F7800
1FF000
1FE000
1FC000
1F8000
1F0000
3F0000
7F0000
FF0000
FF0000
DF0000
9F0000
1F0000
1F0000
1F0000
1F0000
1F0000
1FFFFC
1FFFFC
1FFFFC
1FFFFC
ENDCHAR
STARTCHAR lslash
ENCODING 322
SWIDTH 167 0
DWIDTH 9 0
BBX 12 36 -1 0
BITMAP
1F00
1F00
1F00
1F00
1F00
1F00
1F00
1F00
1F00
1F00
1F00
1F00
1F00
1F10
1F30
1F70
1FF0
1FE0
1FC0
1F00
1F00
3F00
7F00
FF00
FF00
DF00
9F00
1F00
1F00
1F00
1F00
1F00
1F00
1F00
1F00
1F00
ENDCHAR
STARTCHAR Nacute
ENCODING 323
SWIDTH 544 0
DWIDTH 29 0
BBX 23 45 3 0
BITMAP
0007C0
000F80
000F00
001E00
001E00
003C00
007800
007000
000000
000000
000000
F8001E
F8001E
FC001E
FC001E
FE001E
FE001E
FF001E
FF801E
F7801E
F7C01E
F3C01E
F3E01E
F1F01E
F1F01E
F0F81E
F0F81E
F07C1E
F03E1E
F03E1E
F01F1E
F01F1E
F00F9E
F0079E
F007DE
F003DE
F003FE
F001FE
F001FE
F000FE
F0007E
F0007E
F0003E
F0003E
F0001E
ENDCHAR
STARTCHAR nacute
ENCODING 324
SWIDTH 419 0
DWIDTH 23 0
BBX 17 36 3 0
BITMAP
007C00
007800
00F000
01E000
01C000
03C000
040000
000000
000000
01F800
E3FE00
E7FE00
FFFF00
FE1F00
FC0F00
F80F80
F80780
F00780
F00780
F00780
F00780
F00780
F00780
F00780
F00780
F00780
F00780
F00780
F00780
F00780
F00780
F00780
F00780
F00780
F00780
F00780
ENDCHAR
STARTCHAR Ncommaaccent
ENCODING 325
SWIDTH 544 0
DWIDTH 29 0
BBX 23 45 3 -11
BITMAP
F8001E
F8001E
FC001E
FC001E
FE001E
FE001E
FF001E
FF801E
F7801E
F7C01E
F3C01E
F3E01E
F1F01E
F1F01E
F0F81E
F0F81E
F07C1E
F03E1E
F03E1E
F01F1E
F01F1E
F00F9E
F0079E
F007DE
F003DE
F003FE
F001FE
F001FE
F000FE
F0007E
F0007E
F0003E
F0003E
F0001E
000000
000000
000000
003C00
003C00
003C00
003C00
001C00
001800
001800
003800
ENDCHAR
STARTCHAR ncommaaccent
ENCODING 326
SWIDTH 419 0
DWIDTH 23 0
BBX 17 38 3 -11
BITMAP
01F800
E3FE00
E7FE00
FFFF00
FE1F00
FC0F00
F80F80
F80780
F00780
F00780
F00780
F00780
F00780
F00780
F00780
F00780
F00780
F00780
F00780
F00780
F00780
F00780
F00780
F00780
F00780
F00780
F00780
000000
000000
000000
03E000
03E000
03E000
03E000
00C000
01C000
01C000
018000
ENDCHAR
STARTCHAR Ncaron
ENCODING 327
SWIDTH 544 0
DWIDTH 29 0
BBX 23 45 3 0
BITMAP
0783C0
03C780
01E780
01EF00
00FE00
00FE00
007C00
003C00
000000
000000
000000
F8001E
F8001E
FC001E
FC001E
FE001E
FE001E
FF001E
FF801E
F7801E
F7C01E
F3C01E
F3E01E
F1F01E
F1F01E
F0F81E
F0F81E
F07C1E
F03E1E
F03E1E
F01F1E
F01F1E
F00F9E
F0079E
F007DE
F003DE
F003FE
F001FE
F001FE
F000FE
F0007E
F0007E
F0003E
F0003E
F0001E
ENDCHAR
STARTCHAR ncaron
ENCODING 328
SWIDTH 419 0
DWIDTH 23 0
BBX 17 36 3 0
BITMAP
3C3E00
1E3C00
0F7800
0F7000
07F000
03E000
03C000
000000
000000
01F800
E3FE00
E7FE00
FFFF00
FE1F00
FC0F00
F80F80
F80780
F00780
F00780
F00780
F00780
F00780
F00780
F00780
F00780
F00780
F00780
F00780
F00780
F00780
F00780
F00780
F00780
F00780
F00780
F00780
ENDCHAR
STARTCHAR napostrophe
ENCODING 329
SWIDTH 527 0
DWIDTH 28 0
BBX 23 34 2 0
BITMAP
F80000
F80000
F80000
F80000
300000
300000
700000
6003F0
01C7F8
01CFFC
01DFFE
01FC3E
01F81E
01F01E
01E01E
01E01E
01E01E
01E01E
01E01E
01E01E
01E01E
01E01E
01E01E
01E01E
01E01E
01E01E
01E01E
01E01E
01E01E
01E01E
01E01E
01E01E
01E01E
01E01E
ENDCHAR
STARTCHAR Eng
ENCODING 330
SWIDTH 544 0
DWIDTH 29 0
BBX 23 43 3 -9
BITMAP
F8001E
F8001E
FC001E
FC001E
FE001E
FE001E
FF001E
FF801E
F7801E
F7C01E
F3C01E
F3E01E
F1F01E
F1F01E
F0F81E
F0F81E
F07C1E
F03E1E
F03E1E
F01F1E
F01F1E
F00F9E
F0079E
F007DE
F003DE
F003FE
F001FE
F001FE
F000FE
F0007E
F0007E
F0003E
F0003E
F0001E
00001E
00001E
00001E
00001E
00003E
0003FE
0003FC
0003FC
0001F0
ENDCHAR
STARTCHAR eng
ENCODING 331
SWIDTH 419 0
DWIDTH 23 0
BBX 17 36 3 -9
BITMAP
01F800
E3FE00
E7FE00
FFFF00
FE1F00
FC0F00
F80F80
F80780
F00780
F00780
F00780
F00780
F00780
F00780
F00780
F00780
F00780
F00780
F00780
F00780
F00780
F00780
F00780
F00780
F00780
F00780
F00780
000780
000780
000780
000F80
000F80
00FF00
00FF00
00FE00
00FC00
ENDCHAR
STARTCHAR Omacron
ENCODING 332
SWIDTH 587 0
DWIDTH 32 0
BBX 27 42 2 -1
BITMAP
00FFF000
00FFF000
00FFF000
00FFF000
00000000
00000000
003FC000
01FFF000
03FFFC00
07FFFE00
0FE07F00
1F801F00
1F000F80
3E000F80
3E0007C0
7C0003C0
7C0003C0
7C0003E0
780003E0
780003E0
780001E0
780001E0
F80001E0
F80001E0
F80001E0
F80001E0
F80001E0
780001E0
780003E0
780003E0
7C0003E0
7C0003C0
7C0003C0
3E0007C0
3E000780
1F000F80
1F801F00
0FE07F00
07FFFE00
03FFFC00
01FFF000
003FC000
ENDCHAR
STARTCHAR omacron
ENCODING 333
SWIDTH 419 0
DWIDTH 23 0
BBX 19 34 2 -1
BITMAP
1FFF00
1FFF00
1FFF00
1FFF00
000000
000000
03F800
0FFC00
1FFF00
3FFF00
3E1F80
7C0780
7807C0
7803C0
F803C0
F003C0
F003E0
F003E0
F003E0
F003E0
F003E0
F003E0
F003E0
F003E0
F003C0
F803C0
7803C0
7807C0
7C0780
3E1F80
3FFF00
1FFF00
0FFC00
03F800
ENDCHAR
STARTCHAR Obreve
ENCODING 334
SWIDTH 587 0
DWIDTH 32 0
BBX 27 45 2 -1
BITMAP
00E07000
00F0F000
007FE000
007FC000
001F8000
00000000
00000000
00000000
00000000
003FC000
01FFF000
03FFFC00
07FFFE00
0FE07F00
1F801F00
1F000F80
3E000F80
3E0007C0
7C0003C0
7C0003C0
7C0003E0
780003E0
780003E0
780001E0
780001E0
F80001E0
F80001E0
F80001E0
F80001E0
F80001E0
780001E0
780003E0
780003E0
7C0003E0
7C0003C0
7C0003C0
3E0007C0
3E000780
1F000F80
1F801F00
0FE07F00
07FFFE00
03FFFC00
01FFF000
003FC000
ENDCHAR
STARTCHAR obreve
ENCODING 335
SWIDTH 419 0
DWIDTH 23 0
BBX 19 37 2 -1
BITMAP
1E0E00
1F1E00
0FFE00
07FC00
01F000
000000
000000
000000
000000
03F800
0FFC00
1FFF00
3FFF00
3E1F80
7C0780
7807C0
7803C0
F803C0
F003C0
F003E0
F003E0
F003E0
F003E0
F003E0
F003E0
F003E0
F003E0
F003C0
F803C0
7803C0
7807C0
7C0780
3E1F80
3FFF00
1FFF00
0FFC00
03F800
ENDCHAR
STARTCHAR Ohungarumlaut
ENCODING 336
SWIDTH 587 0
DWIDTH 32 0
BBX 27 45 2 -1
BITMAP
000FBE00
000F3C00
001E3C00
001E7800
003C7800
0038F000
0078E000
00000000
00000000
003FC000
01FFF000
03FFFC00
07FFFE00
0FE07F00
1F801F00
1F000F80
3E000F80
3E0007C0
7C0003C0
7C0003C0
7C0003E0
780003E0
780003E0
780001E0
780001E0
F80001E0
F80001E0
F80001E0
F80001E0
F80001E0
780001E0
780003E0
780003E0
7C0003E0
7C0003C0
7C0003C0
3E0007C0
3E000780
1F000F80
1F801F00
0FE07F00
07FFFE00
03FFFC00
01FFF000
003FC000
ENDCHAR
STARTCHAR ohungarumlaut
ENCODING 337
SWIDTH 419 0
DWIDTH 23 0
BBX 19 37 2 -1
BITMAP
01F3E0
01E7C0
01E780
03C780
03CF00
078E00
071E00
000000
000000
03F800
0FFC00
1FFF00
3FFF00
3E1F80
7C0780
7807C0
7803C0
F803C0
F003C0
F003E0
F003E0
F003E0
F003E0
F003E0
F003E0
F003E0
F003E0
F003C0
F803C0
7803C0
7807C0
7C0780
3E1F80
3FFF00
1FFF00
0FFC00
03F800
ENDCHAR
STARTCHAR OE
ENCODING 338
SWIDTH 754 0
DWIDTH 41 0
BBX 37 36 2 -1
BITMAP
00FE000000
03FF9FFFF8
07FFDFFFF8
0FFFFFFFF8
1FC3FFFFF8
1F00FE0000
3E007E0000
3E007E0000
3C003E0000
7C003E0000
7C003E0000
78001E0000
78001E0000
78001E0000
78001E0000
F8001E0000
F8001FFFC0
F8001FFFC0
F8001FFFC0
F8001FFFC0
F8001E0000
78001E0000
78001E0000
78001E0000
78001E0000
7C003E0000
7C003E0000
3C003E0000
3E007E0000
3E007E0000
1F00FE0000
1FC3FFFFF8
0FFFFFFFF8
07FFDFFFF8
03FF9FFFF8
00FE000000
ENDCHAR
STARTCHAR oe
ENCODING 339
SWIDTH 711 0
DWIDTH 38 0
BBX 33 28 3 -1
BITMAP
03F007E000
0FFC1FF800
1FFE7FFC00
3FFF7FFE00
7E1FFC3E00
7C0FF01F00
7807F01F00
F807E00F00
F003E00F00
F003E00F00
F003E00F00
F003C00F00
F003FFFF80
F003FFFF80
F003FFFF80
F003FFFF80
F003C00000
F003C00000
F003E00000
F003E00F00
F807E00F00
7807E00F00
7C0FF01F00
7E1FFC3E00
3FFF7FFE00
1FFE7FFC00
0FFC1FF800
03F007E000
ENDCHAR
STARTCHAR Racute
ENCODING 340
SWIDTH 544 0
DWIDTH 29 0
BBX 25 45 3 0
BITMAP
000F0000
001F0000
001E0000
003C0000
00780000
00780000
00F00000
00E00000
00000000
00000000
00000000
FFFFC000
FFFFF000
FFFFFC00
FFFFFE00
F8007E00
F8003F00
F8001F00
F8001F00
F8000F00
F8000F00
F8000F00
F8001F00
F8001F00
F8003E00
F8007E00
FFFFFC00
FFFFF800
FFFFF000
FFFFC000
F803E000
F801E000
F801F000
F801F000
F800F800
F800F800
F8007800
F8007C00
F8003C00
F8003E00
F8003E00
F8001F00
F8001F00
F8000F00
F8000F80
ENDCHAR
STARTCHAR racute
ENCODING 341
SWIDTH 251 0
DWIDTH 14 0
BBX 11 36 2 0
BITMAP
0F00
1E00
3C00
3C00
7800
F000
0000
0000
0000
01E0
73E0
77E0
7FE0
7F00
7C00
7C00
7800
7800
7800
7800
7800
7800
7800
7800
7800
7800
7800
7800
7800
7800
7800
7800
7800
7800
7800
7800
ENDCHAR
STARTCHAR Rcommaaccent
ENCODING 342
SWIDTH 544 0
DWIDTH 29 0
BBX 25 45 3 -11
BITMAP
FFFFC000
FFFFF000
FFFFFC00
FFFFFE00
F8007E00
F8003F00
F8001F00
F8001F00
F8000F00
F8000F00
F8000F00
F8001F00
F8001F00
F8003E00
F8007E00
FFFFFC00
FFFFF800
FFFFF000
FFFFC000
F803E000
F801E000
F801F000
F801F000
F800F800
F800F800
F8007800
F8007C00
F8003C00
F8003E00
F8003E00
F8001F00
F8001F00
F8000F00
F8000F80
00000000
00000000
00000000
003C0000
003C0000
003C0000
003C0000
001C0000
00180000
00180000
00380000
ENDCHAR
STARTCHAR rcommaaccent
ENCODING 343
SWIDTH 251 0
DWIDTH 14 0
BBX 10 38 3 -11
BITMAP
03C0
E7C0
EFC0
FFC0
FE00
F800
F800
F000
F000
F000
F000
F000
F000
F000
F000
F000
F000
F000
F000
F000
F000
F000
F000
F000
F000
F000
F000
0000
0000
0000
F800
F800
F800
F800
3000
3000
7000
6000
ENDCHAR
STARTCHAR Rcaron
ENCODING 344
SWIDTH 544 0
DWIDTH 29 0
BBX 25 45 3 0
BITMAP
0783C000
03C78000
01E78000
01EF0000
00FE0000
00FE0000
007C0000
003C0000
00000000
00000000
00000000
FFFFC000
FFFFF000
FFFFFC00
FFFFFE00
F8007E00
F8003F00
F8001F00
F8001F00
F8000F00
F8000F00
F8000F00
F8001F00
F8001F00
F8003E00
F8007E00
FFFFFC00
FFFFF800
FFFFF000
FFFFC000
F803E000
F801E000
F801F000
F801F000
F800F800
F800F800
F8007800
F8007C00
F8003C00
F8003E00
F8003E00
F8001F00
F8001F00
F8000F00
F8000F80
ENDCHAR
STARTCHAR rcaron
ENCODING 345
SWIDTH 251 0
DWIDTH 14 0
BBX 13 36 0 0
BITMAP
F0F0
79E0
79E0
3FC0
1F80
1F80
0F00
0000
0000
0078
1CF8
1DF8
1FF8
1FC0
1F00
1F00
1E00
1E00
1E00
1E00
1E00
1E00
1E00
1E00
1E00
1E00
1E00
1E00
1E00
1E00
1E00
1E00
1E00
1E00
1E00
1E00
ENDCHAR
STARTCHAR Sacute
ENCODING 346
SWIDTH 503 0
DWIDTH 27 0
BBX 23 45 2 -1
BITMAP
000780
000F00
001E00
001E00
003C00
007800
007000
000000
000000
00FF00
07FFC0
0FFFE0
1FFFF0
3F83F8
7E00F8
7C007C
78007C
78003C
78003C
7C0000
7C0000
7E0000
3F8000
3FE000
1FFC00
0FFF00
07FFE0
00FFF0
003FF8
0007FC
0001FC
00007E
00003E
00003E
F8003E
F8003E
F8003E
F8003E
FC003C
7E007C
7F01FC
3FFFF8
1FFFF0
07FFC0
01FF00
ENDCHAR
STARTCHAR sacute
ENCODING 347
SWIDTH 376 0
DWIDTH 20 0
BBX 16 37 2 -1
BITMAP
007C
00F8
00F0
01E0
03C0
03C0
0400
0000
0000
07E0
1FF8
3FFC
7FFE
7C3E
F81F
F81F
F00F
F800
F800
7C00
7F80
3FE0
1FF8
07FC
00FE
003F
001F
000F
F00F
F00F
F00F
F81F
FC3F
7FFE
3FFE
1FF8
07F0
ENDCHAR
STARTCHAR Scircumflex
ENCODING 348
SWIDTH 503 0
DWIDTH 27 0
BBX 23 45 2 -1
BITMAP
007C00
007C00
00FE00
00EF00
01EF00
03C780
07C7C0
000000
000000
00FF00
07FFC0
0FFFE0
1FFFF0
3F83F8
7E00F8
7C007C
78007C
78003C
78003C
7C0000
7C0000
7E0000
3F8000
3FE000
1FFC00
0FFF00
07FFE0
00FFF0
003FF8
0007FC
0001FC
00007E
00003E
00003E
F8003E
F8003E
F8003E
F8003E
FC003C
7E007C
7F01FC
3FFFF8
1FFFF0
07FFC0
01FF00
ENDCHAR
STARTCHAR scircumflex
ENCODING 349
SWIDTH 376 0
DWIDTH 20 0
BBX 16 37 2 -1
BITMAP
03E0
07E0
07F0
0F70
1E78
1E3C
3C3C
0000
0000
07E0
1FF8
3FFC
7FFE
7C3E
F81F
F81F
F00F
F800
F800
7C00
7F80
3FE0
1FF8
07FC
00FE
003F
001F
000F
F00F
F00F
F00F
F81F
FC3F
7FFE
3FFE
1FF8
07F0
ENDCHAR
STARTCHAR Scedilla
ENCODING 350
SWIDTH 503 0
DWIDTH 27 0
BBX 23 44 2 -9
BITMAP
00FF00
07FFC0
0FFFE0
1FFFF0
3F03F8
7E00F8
7C007C
78007C
78003C
78003C
7C0000
7C0000
7E0000
3F0000
3FE000
1FFC00
0FFF00
07FFC0
00FFF0
003FF8
0007FC
0001FC
00007E
00003E
00003E
F8003E
F8003E
F8003E
F8003E
7C003E
7E007C
7F01FC
3FFFF8
1FFFF0
07FFE0
007F00
003000
007C00
007F00
000F00
000F00
01FF00
01FE00
01FC00
ENDCHAR
STARTCHAR scedilla
ENCODING 351
SWIDTH 376 0
DWIDTH 20 0
BBX 16 36 2 -9
BITMAP
07E0
1FF8
3FFC
7FFE
7C3E
F81F
F81F
F00F
F800
F800
7C00
7F80
3FE0
1FF8
07FC
00FE
003F
001F
000F
F00F
F00F
F00F
F81F
FC3F
7FFE
3FFC
1FF8
03E0
0380
03E0
03F0
0078
0078
0FF8
0FF0
0FC0
ENDCHAR
STARTCHAR Scaron
ENCODING 352
SWIDTH 503 0
DWIDTH 27 0
BBX 23 45 2 -1
BITMAP
07C7C0
03C780
01EF00
01EF00
00FE00
007C00
007C00
000000
000000
00FF00
07FFC0
0FFFE0
1FFFF0
3F83F8
7E00F8
7C007C
78007C
78003C
78003C
7C0000
7C0000
7E0000
3F8000
3FE000
1FFC00
0FFF00
07FFE0
00FFF0
003FF8
0007FC
0001FC
00007E
00003E
00003E
F8003E
F8003E
F8003E
F8003E
FC003C
7E007C
7F01FC
3FFFF8
1FFFF0
07FFC0
01FF00
ENDCHAR
STARTCHAR scaron
ENCODING 353
SWIDTH 376 0
DWIDTH 20 0
BBX 16 37 2 -1
BITMAP
3C3C
1E38
0E78
0FF0
07F0
03E0
03C0
0000
0000
07E0
1FF8
3FFC
7FFE
7C3E
F81F
F81F
F00F
F800
F800
7C00
7F80
3FE0
1FF8
07FC
00FE
003F
001F
000F
F00F
F00F
F00F
F81F
FC3F
7FFE
3FFE
1FF8
07F0
ENDCHAR
STARTCHAR uni0162
ENCODING 354
SWIDTH 461 0
DWIDTH 25 0
BBX 23 43 1 -9
BITMAP
FFFFFE
FFFFFE
FFFFFE
FFFFFE
007C00
007C00
007C00
007C00
007C00
007C00
007C00
007C00
007C00
007C00
007C00
007C00
007C00
007C00
007C00
007C00
007C00
007C00
007C00
007C00
007C00
007C00
007C00
007C00
007C00
007C00
007C00
007C00
007C00
007C00
003000
007000
007E00
007F00
000F00
000F00
01FF00
01FE00
01FC00
ENDCHAR
STARTCHAR uni0163
ENCODING 355
SWIDTH 210 0
DWIDTH 11 0
BBX 10 43 1 -9
BITMAP
1C00
1C00
1C00
3C00
3C00
3C00
3C00
3C00
FF80
FF80
FF80
FF80
3C00
3C00
3C00
3C00
3C00
3C00
3C00
3C00
3C00
3C00
3C00
3C00
3C00
3C00
3C00
3C00
3C00
3C00
3E00
3F80
1F80
1F80
0F80
0C00
1F00
1FC0
03C0
03C0
7FC0
7FC0
7F00
ENDCHAR
STARTCHAR Tcaron
ENCODING 356
SWIDTH 461 0
DWIDTH 25 0
BBX 23 45 1 0
BITMAP
0783C0
03C780
03C700
01EF00
00FE00
00FE00
007C00
007800
000000
000000
000000
FFFFFE
FFFFFE
FFFFFE
FFFFFE
007C00
007C00
007C00
007C00
007C00
007C00
007C00
007C00
007C00
007C00
007C00
007C00
007C00
007C00
007C00
007C00
007C00
007C00
007C00
007C00
007C00
007C00
007C00
007C00
007C00
007C00
007C00
007C00
007C00
007C00
ENDCHAR
STARTCHAR tcaron
ENCODING 357
SWIDTH 282 0
DWIDTH 15 0
BBX 17 35 1 -1
BITMAP
000F80
1C0F80
1C0F80
3C0F80
3C0F80
3C0700
3C0700
3C0700
FF8E00
FF8E00
FF8E00
FF8C00
3C0000
3C0000
3C0000
3C0000
3C0000
3C0000
3C0000
3C0000
3C0000
3C0000
3C0000
3C0000
3C0000
3C0000
3C0000
3C0000
3C0000
3C0000
3E0000
3F8000
1F8000
1F8000
0F8000
ENDCHAR
STARTCHAR Tbar
ENCODING 358
SWIDTH 461 0
DWIDTH 25 0
BBX 23 34 1 0
BITMAP
FFFFFE
FFFFFE
FFFFFE
FFFFFE
007C00
007C00
007C00
007C00
007C00
007C00
007C00
007C00
007C00
007C00
1FFFF0
1FFFF0
1FFFF0
1FFFF0
007C00
007C00
007C00
007C00
007C00
007C00
007C00
007C00
007C00
007C00
007C00
007C00
007C00
007C00
007C00
007C00
ENDCHAR
STARTCHAR tbar
ENCODING 359
SWIDTH 210 0
DWIDTH 11 0
BBX 9 34 1 -1
BITMAP
1C00
1C00
3C00
3C00
3C00
3C00
3C00
FF80
FF80
FF80
FF80
3C00
3C00
3C00
3C00
3C00
FF80
FF80
FF80
FF80
3C00
3C00
3C00
3C00
3C00
3C00
3C00
3C00
3C00
3E00
3F80
1F80
1F80
0F80
ENDCHAR
STARTCHAR Utilde
ENCODING 360
SWIDTH 544 0
DWIDTH 29 0
BBX 23 45 3 -1
BITMAP
01E0E0
03F8E0
07FFE0
07FFC0
071FC0
0E0780
000000
000000
000000
000000
F8001E
F8001E
F8001E
F8001E
F8001E
F8001E
F8001E
F8001E
F8001E
F8001E
F8001E
F8001E
F8001E
F8001E
F8001E
F8001E
F8001E
F8001E
F8001E
F8001E
F8001E
F8001E
F8001E
F8001E
F8003E
78003E
78003E
7C003C
7C007C
3E00FC
3F81F8
1FFFF0
0FFFE0
07FFC0
00FF00
ENDCHAR
STARTCHAR utilde
ENCODING 361
SWIDTH 419 0
DWIDTH 23 0
BBX 17 37 3 -1
BITMAP
1E0700
3F8E00
3FFE00
7FFE00
71FC00
707800
000000
000000
000000
000000
F00780
F00780
F00780
F00780
F00780
F00780
F00780
F00780
F00780
F00780
F00780
F00780
F00780
F00780
F00780
F00780
F00780
F00780
F00F80
F00F80
F00F80
F81F80
FC3F80
7FF780
7FF780
3FE780
0F8000
ENDCHAR
STARTCHAR Umacron
ENCODING 362
SWIDTH 544 0
DWIDTH 29 0
BBX 23 42 3 -1
BITMAP
07FFC0
07FFC0
07FFC0
07FFC0
000000
000000
000000
F8001E
F8001E
F8001E
F8001E
F8001E
F8001E
F8001E
F8001E
F8001E
F8001E
F8001E
F8001E
F8001E
F8001E
F8001E
F8001E
F8001E
F8001E
F8001E
F8001E
F8001E
F8001E
F8001E
F8001E
F8003E
78003E
78003E
7C003C
7C007C
3E00FC
3F81F8
1FFFF0
0FFFE0
07FFC0
00FF00
ENDCHAR
STARTCHAR umacron
ENCODING 363
SWIDTH 419 0
DWIDTH 23 0
BBX 17 34 3 -1
BITMAP
3FFE00
3FFE00
3FFE00
3FFE00
000000
000000
000000
F00780
F00780
F00780
F00780
F00780
F00780
F00780
F00780
F00780
F00780
F00780
F00780
F00780
F00780
F00780
F00780
F00780
F00780
F00F80
F00F80
F00F80
F81F80
FC3F80
7FF780
7FF780
3FE780
0F8000
ENDCHAR
STARTCHAR Ubreve
ENCODING 364
SWIDTH 544 0
DWIDTH 29 0
BBX 23 45 3 -1
BITMAP
0381C0
03C7C0
03FF80
01FF00
007C00
000000
000000
000000
000000
000000
F8001E
F8001E
F8001E
F8001E
F8001E
F8001E
F8001E
F8001E
F8001E
F8001E
F8001E
F8001E
F8001E
F8001E
F8001E
F8001E
F8001E
F8001E
F8001E
F8001E
F8001E
F8001E
F8001E
F8001E
F8003E
78003E
78003E
7C003C
7C007C
3E00FC
3F81F8
1FFFF0
0FFFE0
07FFC0
00FF00
ENDCHAR
STARTCHAR ubreve
ENCODING 365
SWIDTH 419 0
DWIDTH 23 0
BBX 17 37 3 -1
BITMAP
3C1C00
3E3C00
1FFC00
0FF800
03E000
000000
000000
000000
000000
000000
F00780
F00780
F00780
F00780
F00780
F00780
F00780
F00780
F00780
F00780
F00780
F00780
F00780
F00780
F00780
F00780
F00780
F00780
F00F80
F00F80
F00F80
F81F80
FC3F80
7FF780
7FF780
3FE780
0F8000
ENDCHAR
STARTCHAR Uring
ENCODING 366
SWIDTH 544 0
DWIDTH 29 0
BBX 23 46 3 -1
BITMAP
007C00
00FE00
01C700
018300
018380
018300
01C700
00FE00
007C00
000000
000000
F8001E
F8001E
F8001E
F8001E
F8001E
F8001E
F8001E
F8001E
F8001E
F8001E
F8001E
F8001E
F8001E
F8001E
F8001E
F8001E
F8001E
F8001E
F8001E
F8001E
F8001E
F8001E
F8001E
F8001E
F8003E
78003E
78003E
7C003C
7C007C
3E00FC
3F81F8
1FFFF0
0FFFE0
07FFC0
00FF00
ENDCHAR
STARTCHAR uring
ENCODING 367
SWIDTH 419 0
DWIDTH 23 0
BBX 17 38 3 -1
BITMAP
03E000
07F000
0E3800
0C1800
0C1800
0C1800
0E3800
07F000
03C000
000000
000000
F00780
F00780
F00780
F00780
F00780
F00780
F00780
F00780
F00780
F00780
F00780
F00780
F00780
F00780
F00780
F00780
F00780
F00780
F00F80
F00F80
F00F80
F81F80
FC3F80
7FF780
7FF780
3FE780
0F8000
ENDCHAR
STARTCHAR Uhungarumlaut
ENCODING 368
SWIDTH 544 0
DWIDTH 29 0
BBX 23 45 3 -1
BITMAP
003EF8
007CF0
0079F0
00F9E0
00F1C0
00E3C0
01E780
000000
000000
000000
F8001E
F8001E
F8001E
F8001E
F8001E
F8001E
F8001E
F8001E
F8001E
F8001E
F8001E
F8001E
F8001E
F8001E
F8001E
F8001E
F8001E
F8001E
F8001E
F8001E
F8001E
F8001E
F8001E
F8001E
F8003E
78003E
78003E
7C003C
7C007C
3E00FC
3F81F8
1FFFF0
0FFFE0
07FFC0
00FF00
ENDCHAR
STARTCHAR uhungarumlaut
ENCODING 369
SWIDTH 419 0
DWIDTH 23 0
BBX 18 37 3 -1
BITMAP
03E7C0
03CF80
03CF00
078F00
079E00
0F1C00
0E3C00
000000
000000
000000
F00780
F00780
F00780
F00780
F00780
F00780
F00780
F00780
F00780
F00780
F00780
F00780
F00780
F00780
F00780
F00780
F00780
F00780
F00F80
F00F80
F00F80
F81F80
FC3F80
7FF780
7FF780
3FE780
0F8000
ENDCHAR
STARTCHAR Uogonek
ENCODING 370
SWIDTH 544 0
DWIDTH 29 0
BBX 23 43 3 -9
BITMAP
F8001E
F8001E
F8001E
F8001E
F8001E
F8001E
F8001E
F8001E
F8001E
F8001E
F8001E
F8001E
F8001E
F8001E
F8001E
F8001E
F8001E
F8001E
F8001E
F8001E
F8001E
F8001E
F8001E
F8001E
F8003E
78003E
78003C
7C003C
7C007C
3E00F8
3F81F0
1FFFE0
0FFFC0
07FF00
00FF00
000E00
000E00
000F00
001F00
001FE0
000FE0
000FE0
0003C0
ENDCHAR
STARTCHAR uogonek
ENCODING 371
SWIDTH 419 0
DWIDTH 23 0
BBX 19 35 3 -9
BITMAP
F00780
F00780
F00780
F00780
F00780
F00780
F00780
F00780
F00780
F00780
F00780
F00780
F00780
F00780
F00780
F00780
F00780
F00780
F00F80
F00F80
F00F80
F81F80
FC3F80
7FF780
7FF780
3FE780
0F8780
000700
000E00
000F00
000F00
000FE0
000FE0
000FE0
0003E0
ENDCHAR
STARTCHAR Wcircumflex
ENCODING 372
SWIDTH 711 0
DWIDTH 38 0
BBX 38 44 0 0
BITMAP
00007C0000
0000FC0000
0000FE0000
0001EE0000
0003CF0000
0003C78000
0007878000
0000000000
0000000000
0000000000
F800FC003C
7800FE003C
7C00FE0078
7C00FE0078
3C00FE0078
3C01FE0078
3E01EF0070
3E01EF00F0
3E01EF00F0
1E01CF00F0
1E01CF00E0
1F03CF01E0
1F03CF81E0
0F03C781E0
0F03C781E0
0F838781C0
0F838783C0
078787C3C0
078783C3C0
078783C380
07C703C780
07C703C780
03C703C780
03CF03E700
03EF01E700
03EF01EF00
01EE01EF00
01EE01EF00
01EE01EE00
01EE00FE00
00FE00FE00
00FE00FE00
00FC00FC00
00FC00FC00
ENDCHAR
STARTCHAR wcircumflex
ENCODING 373
SWIDTH 544 0
DWIDTH 29 0
BBX 29 36 0 0
BITMAP
000F8000
000FC000
001FC000
001DE000
003CE000
0078F000
00F87800
00000000
00000000
00000000
F80F8078
F80F8078
780FC078
780FC0F0
7C0FC0F0
7C1DC0F0
3C1DC0F0
3C1DE1E0
3C1DE1E0
3E1DE1E0
1E1DE1E0
1E3CE1C0
1E3CE3C0
1F38F3C0
0F38F3C0
0F38F380
0F387380
0F787780
07F07780
07F07F00
07F07F00
07F07F00
03F03F00
03F03E00
03E03E00
03E03E00
ENDCHAR
STARTCHAR Ycircumflex
ENCODING 374
SWIDTH 503 0
DWIDTH 27 0
BBX 27 44 0 0
BITMAP
001F0000
001F8000
003F8000
007BC000
0079C000
00F1E000
01E0F000
00000000
00000000
00000000
FC0003E0
7C0003C0
3E000780
3E000780
1F000F00
1F000F00
0F801E00
0F803E00
07C03C00
03C07C00
03E07800
01F0F000
01F0F000
00F9E000
00F9E000
007FC000
007FC000
003F8000
001F8000
001F0000
001F0000
001F0000
001F0000
001F0000
001F0000
001F0000
001F0000
001F0000
001F0000
001F0000
001F0000
001F0000
001F0000
001F0000
ENDCHAR
STARTCHAR ycircumflex
ENCODING 375
SWIDTH 376 0
DWIDTH 20 0
BBX 20 45 0 -9
BITMAP
00F800
01F800
01FC00
03DC00
039E00
078F00
0F0F00
000000
000000
000000
F800F0
7801E0
7C01E0
3C01E0
3C01E0
3E03C0
1E03C0
1E03C0
1E03C0
1F0780
0F0780
0F0780
0F8780
078F00
078F00
078F00
03CE00
03DE00
03DE00
01FE00
01FC00
01FC00
00FC00
00FC00
00F800
00F800
00F800
00F000
01F000
01F000
07E000
3FC000
3FC000
3F8000
3E0000
ENDCHAR
STARTCHAR Ydieresis
ENCODING 376
SWIDTH 503 0
DWIDTH 27 0
BBX 27 44 0 0
BITMAP
00F1F000
00F1F000
00F1F000
00F1F000
00000000
00000000
00000000
00000000
00000000
00000000
FC0003E0
7C0003C0
3E000780
3E000780
1F000F00
1F000F00
0F801E00
0F803E00
07C03C00
03C07C00
03E07800
01F0F000
01F0F000
00F9E000
00F9E000
007FC000
007FC000
003F8000
001F8000
001F0000
001F0000
001F0000
001F0000
001F0000
001F0000
001F0000
001F0000
001F0000
001F0000
001F0000
001F0000
001F0000
001F0000
001F0000
ENDCHAR
STARTCHAR Zacute
ENCODING 377
SWIDTH 461 0
DWIDTH 25 0
BBX 23 45 1 0
BITMAP
000780
000F80
000F00
001E00
003C00
003800
007800
00F000
000000
000000
000000
7FFFFC
7FFFFC
7FFFFC
7FFFFC
0000F8
0001F0
0001F0
0003E0
0003E0
0007C0
000F80
000F80
001F00
001F00
003E00
003E00
007C00
00F800
00F800
01F000
01F000
03E000
03E000
07C000
0F8000
0F8000
1F0000
1F0000
3E0000
3C0000
7FFFFE
FFFFFE
FFFFFE
FFFFFE
ENDCHAR
STARTCHAR zacute
ENCODING 378
SWIDTH 376 0
DWIDTH 20 0
BBX 18 36 1 0
BITMAP
003E00
003C00
007800
00F000
00F000
01E000
03C000
000000
000000
000000
7FFF80
7FFF80
7FFF80
7FFF80
001F00
001E00
003E00
003C00
007C00
007800
00F800
01F000
01E000
03E000
03C000
07C000
078000
0F0000
1F0000
1E0000
3E0000
3C0000
7FFFC0
7FFFC0
FFFFC0
FFFFC0
ENDCHAR
STARTCHAR Zdotaccent
ENCODING 379
SWIDTH 461 0
DWIDTH 25 0
BBX 23 44 1 0
BITMAP
007C00
007C00
007C00
007C00
000000
000000
000000
000000
000000
000000
7FFFFC
7FFFFC
7FFFFC
7FFFFC
0000F8
0001F0
0001F0
0003E0
0003E0
0007C0
000F80
000F80
001F00
001F00
003E00
003E00
007C00
00F800
00F800
01F000
01F000
03E000
03E000
07C000
0F8000
0F8000
1F0000
1F0000
3E0000
3C0000
7FFFFE
FFFFFE
FFFFFE
FFFFFE
ENDCHAR
STARTCHAR zdotaccent
ENCODING 380
SWIDTH 376 0
DWIDTH 20 0
BBX 18 36 1 0
BITMAP
01E000
01E000
01E000
01E000
01E000
000000
000000
000000
000000
000000
7FFF80
7FFF80
7FFF80
7FFF80
001F00
001E00
003E00
003C00
007C00
007800
00F800
01F000
01E000
03E000
03C000
07C000
078000
0F0000
1F0000
1E0000
3E0000
3C0000
7FFFC0
7FFFC0
FFFFC0
FFFFC0
ENDCHAR
STARTCHAR Zcaron
ENCODING 381
SWIDTH 461 0
DWIDTH 25 0
BBX 23 45 1 0
BITMAP
0783C0
03C780
03C700
01EF00
00FE00
00FE00
007C00
007800
000000
000000
000000
7FFFFC
7FFFFC
7FFFFC
7FFFFC
0000F8
0001F0
0001F0
0003E0
0003E0
0007C0
000F80
000F80
001F00
001F00
003E00
003E00
007C00
00F800
00F800
01F000
01F000
03E000
03E000
07C000
0F8000
0F8000
1F0000
1F0000
3E0000
3C0000
7FFFFE
FFFFFE
FFFFFE
FFFFFE
ENDCHAR
STARTCHAR zcaron
ENCODING 382
SWIDTH 376 0
DWIDTH 20 0
BBX 18 36 1 0
BITMAP
1E1E00
0F1E00
073C00
07F800
03F800
03F000
01E000
000000
000000
000000
7FFF80
7FFF80
7FFF80
7FFF80
001F00
001E00
003E00
003C00
007C00
007800
00F800
01F000
01E000
03E000
03C000
07C000
078000
0F0000
1F0000
1E0000
3E0000
3C0000
7FFFC0
7FFFC0
FFFFC0
FFFFC0
ENDCHAR
STARTCHAR longs
ENCODING 383
SWIDTH 167 0
DWIDTH 9 0
BBX 11 36 0 0
BITMAP
07E0
0FE0
1FE0
1FE0
1E00
1E00
1E00
1E00
1E00
1E00
FE00
FE00
FE00
FE00
1E00
1E00
1E00
1E00
1E00
1E00
1E00
1E00
1E00
1E00
1E00
1E00
1E00
1E00
1E00
1E00
1E00
1E00
1E00
1E00
1E00
1E00
ENDCHAR
STARTCHAR florin
ENCODING 402
SWIDTH 419 0
DWIDTH 23 0
BBX 20 45 1 -9
BITMAP
0003E0
000FF0
000FF0
001FE0
001E00
003E00
003E00
003C00
003C00
003C00
003C00
007C00
03FFC0
03FFC0
03FFC0
07FFC0
007800
007800
00F800
00F000
00F000
00F000
00F000
00F000
00F000
01F000
01E000
01E000
01E000
01E000
01E000
01E000
03E000
03C000
03C000
03C000
03C000
03C000
03C000
07C000
078000
7F8000
7F8000
FF0000
7C0000
ENDCHAR
STARTCHAR Aringacute
ENCODING 506
SWIDTH 503 0
DWIDTH 27 0
BBX 27 48 0 0
BITMAP
0001F000
0001E000
0003C000
00078000
00070000
000F0000
00000000
001F0000
003F8000
0071C000
0060C000
0060C000
0060C000
0071C000
003F8000
003F8000
003F8000
003B8000
007BC000
007BC000
007BC000
00F1E000
00F1E000
00F1E000
01E1F000
01E0F000
01E0F000
03E0F800
03C07800
03C07800
03C07C00
07803C00
07803C00
07803E00
0F003E00
0F001E00
0FFFFF00
1FFFFF00
1FFFFF00
1FFFFF00
3E000F80
3C000780
3C000780
7C0007C0
780007C0
780003C0
F80003E0
F00003E0
ENDCHAR
STARTCHAR aringacute
ENCODING 507
SWIDTH 419 0
DWIDTH 23 0
BBX 20 45 2 -1
BITMAP
001F00
001E00
003C00
007800
007800
00F000
000000
01F000
03F800
071C00
060C00
060C00
060C00
071C00
03F800
01F000
000000
03F800
0FFE00
1FFF00
3FFF00
7E1F80
7C0F80
780780
780780
780780
000780
000780
000780
01FF80
0FFF80
3FFF80
7FFF80
7E0780
F80780
F00780
F00780
F00780
F00F80
F01F80
F83F80
FFFFF0
7FF3F0
3FE3F0
0F81F0
ENDCHAR
STARTCHAR AEacute
ENCODING 508
SWIDTH 754 0
DWIDTH 41 0
BBX 39 45 0 0
BITMAP
0000001E00
0000003C00
0000007C00
0000007800
000000F000
000001E000
000001C000
000003C000
0000000000
0000000000
0000000000
0003FFFFFE
0007FFFFFE
0007FFFFFE
000FFFFFFE
000FF00000
000EF80000
001EF80000
001E780000
003C780000
003C7C0000
00387C0000
00783C0000
00783C0000
00F03E0000
00F03FFFF0
00E03FFFF0
01E01FFFF0
01E01FFFF0
03C01F0000
03C01F0000
07800F0000
07800F0000
07FFFF8000
0FFFFF8000
0FFFFF8000
1FFFFF8000
1E0007C000
1E0007C000
3C0007C000
3C0003C000
7C0003FFFE
780003FFFE
780003FFFE
F80003FFFE
ENDCHAR
STARTCHAR aeacute
ENCODING 509
SWIDTH 670 0
DWIDTH 36 0
BBX 32 37 2 -1
BITMAP
00007C00
0000F800
0000F000
0001E000
0003C000
00038000
00040000
00000000
00000000
03F80FC0
0FFE3FF0
1FFF7FF8
3FFFFFFC
3E1FF87C
7C07E03E
7807E03E
7807C01E
7807C01E
0007C01E
0007C01E
0007C01F
01FFFFFF
0FFFFFFF
3FFFFFFF
7FFFFFFF
7F07C000
F807C000
F807C000
F007C00F
F007C01E
F00FE01E
F80FE03E
FC3FF87E
7FFCFFFC
7FFCFFF8
3FF03FF0
0FC00FC0
ENDCHAR
STARTCHAR Oslashacute
ENCODING 510
SWIDTH 587 0
DWIDTH 32 0
BBX 27 46 2 -2
BITMAP
0001F000
0003E000
0003C000
00078000
000F0000
000E0000
001C0000
00000000
000000E0
003FC1C0
01FFF3C0
03FFFF80
07FFFF00
0FE07F00
1F803F00
1F001F80
3E001F80
3E003FC0
3C007FC0
7C0073C0
7C00E3E0
7800E3E0
7801C3E0
7803C1E0
780381E0
F80701E0
F80701E0
F80E01E0
F81E01E0
F81C01E0
783801E0
783803E0
787003E0
7CE003E0
7CE003C0
7DC003C0
3FC007C0
3F800780
1F000F80
1F801F00
0FE07F00
1FFFFE00
1FFFFC00
39FFF000
383FC000
F0000000
ENDCHAR
STARTCHAR oslashacute
ENCODING 511
SWIDTH 461 0
DWIDTH 25 0
BBX 19 38 3 -2
BITMAP
003E00
003C00
007800
00F000
00F000
01E000
020000
000000
0000E0
03F9C0
0FFD80
1FFF80
3FFF00
3E1F80
7C0780
780FC0
780FC0
F81FC0
F83BC0
F03BE0
F073E0
F073E0
F0E3E0
F0E3E0
F1C3E0
F183E0
F383E0
FB03C0
7F03C0
7E03C0
7E07C0
7C0780
3E1F80
3FFF00
3FFF00
7FFE00
73F800
E00000
ENDCHAR
STARTCHAR Scommaaccent
ENCODING 536
SWIDTH 503 0
DWIDTH 27 0
BBX 23 46 2 -11
BITMAP
00FF00
07FFC0
0FFFE0
1FFFF0
3F03F8
7E00F8
7C007C
78007C
78003C
78003C
7C0000
7C0000
7E0000
3F8000
3FE000
1FFC00
0FFF00
07FFE0
00FFF0
003FF8
0007FC
0001FC
00007E
00003E
00003E
F8003E
F8003E
F8003E
F8003E
FC003C
7E007C
7F01FC
3FFFF8
1FFFF0
07FFC0
01FF00
000000
000000
000000
007C00
007C00
007C00
007C00
001800
001800
003800
ENDCHAR
STARTCHAR scommaaccent
ENCODING 537
SWIDTH 376 0
DWIDTH 20 0
BBX 16 38 2 -11
BITMAP
07E0
1FF8
3FFC
7FFE
7C3E
F81F
F81F
F00F
F800
F800
7C00
7F80
3FE0
1FF8
07FC
00FE
003F
001F
000F
F00F
F00F
F00F
F81F
FC3F
7FFE
3FFE
1FF8
07F0
0000
0000
0000
03C0
03C0
03C0
03C0
00C0
01C0
0180
ENDCHAR
STARTCHAR uni021A
ENCODING 538
SWIDTH 461 0
DWIDTH 25 0
BBX 23 45 1 -11
BITMAP
FFFFFE
FFFFFE
FFFFFE
FFFFFE
007C00
007C00
007C00
007C00
007C00
007C00
007C00
007C00
007C00
007C00
007C00
007C00
007C00
007C00
007C00
007C00
007C00
007C00
007C00
007C00
007C00
007C00
007C00
007C00
007C00
007C00
007C00
007C00
007C00
007C00
000000
000000
000000
007C00
007C00
007C00
007C00
001800
001800
003800
003000
ENDCHAR
STARTCHAR uni021B
ENCODING 539
SWIDTH 210 0
DWIDTH 11 0
BBX 9 44 1 -11
BITMAP
1C00
1C00
3C00
3C00
3C00
3C00
3C00
FF80
FF80
FF80
FF80
3C00
3C00
3C00
3C00
3C00
3C00
3C00
3C00
3C00
3C00
3C00
3C00
3C00
3C00
3C00
3C00
3C00
3C00
3E00
3F80
1F80
1F80
0F80
0000
0000
0000
1E00
1E00
1E00
1E00
0E00
0C00
1C00
ENDCHAR
STARTCHAR circumflex
ENCODING 710
SWIDTH 251 0
DWIDTH 14 0
BBX 13 7 0 29
BITMAP
0F80
0FC0
1FC0
1DE0
3DE0
78F0
F878
ENDCHAR
STARTCHAR caron
ENCODING 711
SWIDTH 251 0
DWIDTH 14 0
BBX 13 6 0 30
BITMAP
F878
78F0
3DE0
1DE0
1FC0
0F80
ENDCHAR
STARTCHAR uni02C9
ENCODING 713
SWIDTH 460 0
DWIDTH 25 0
BBX 25 3 0 40
BITMAP
FFFFFF80
FFFFFF80
FFFFFF80
ENDCHAR
STARTCHAR breve
ENCODING 728
SWIDTH 251 0
DWIDTH 14 0
BBX 12 5 1 31
BITMAP
E0F0
F1E0
FFE0
7FC0
1F00
ENDCHAR
STARTCHAR dotaccent
ENCODING 729
SWIDTH 251 0
DWIDTH 14 0
BBX 4 5 5 31
BITMAP
F0
F0
F0
F0
F0
ENDCHAR
STARTCHAR ring
ENCODING 730
SWIDTH 251 0
DWIDTH 14 0
BBX 10 10 2 28
BITMAP
1E00
7F00
6380
E180
C1C0
C1C0
E180
7380
7F00
1E00
ENDCHAR
STARTCHAR ogonek
ENCODING 731
SWIDTH 251 0
DWIDTH 14 0
BBX 7 10 4 -9
BITMAP
38
70
F0
E0
F0
F0
FE
FE
FE
3E
ENDCHAR
STARTCHAR tilde
ENCODING 732
SWIDTH 251 0
DWIDTH 14 0
BBX 14 6 0 30
BITMAP
3C1C
7F1C
FFFC
FFF8
E3F8
C0F0
ENDCHAR
STARTCHAR hungarumlaut
ENCODING 733
SWIDTH 251 0
DWIDTH 14 0
BBX 14 7 0 29
BITMAP
1F7C
1E78
3C78
3CF0
78F0
79E0
F1C0
ENDCHAR
STARTCHAR gravecomb
ENCODING 768
SWIDTH 0 0
DWIDTH 0 0
BBX 9 6 -12 30
BITMAP
F800
7800
3C00
1E00
1E00
0F80
ENDCHAR
STARTCHAR acutecomb
ENCODING 769
SWIDTH 0 0
DWIDTH 0 0
BBX 9 6 -10 30
BITMAP
0F80
1F00
3E00
3C00
7800
F000
ENDCHAR
STARTCHAR uni0302
ENCODING 770
SWIDTH 0 0
DWIDTH 0 0
BBX 12 7 -13 29
BITMAP
0F00
1F80
1FC0
3FC0
79E0
79E0
F0F0
ENDCHAR
STARTCHAR tildecomb
ENCODING 771
SWIDTH 0 0
DWIDTH 0 0
BBX 14 6 -14 30
BITMAP
3C1C
7F1C
7FFC
FFFC
E3F8
E0F0
ENDCHAR
STARTCHAR uni0304
ENCODING 772
SWIDTH 0 0
DWIDTH 0 0
BBX 12 4 -13 30
BITMAP
FFF0
FFF0
FFF0
FFF0
ENDCHAR
STARTCHAR uni0306
ENCODING 774
SWIDTH 0 0
DWIDTH 0 0
BBX 12 5 -13 31
BITMAP
E070
F0F0
7FE0
3FC0
1F80
ENDCHAR
STARTCHAR uni0307
ENCODING 775
SWIDTH 0 0
DWIDTH 0 0
BBX 4 5 -9 31
BITMAP
F0
F0
F0
F0
F0
ENDCHAR
STARTCHAR uni0308
ENCODING 776
SWIDTH 0 0
DWIDTH 0 0
BBX 12 5 -13 31
BITMAP
F8F0
F8F0
F8F0
F8F0
F8F0
ENDCHAR
STARTCHAR uni030A
ENCODING 778
SWIDTH 0 0
DWIDTH 0 0
BBX 9 10 -11 28
BITMAP
3C00
7F00
E300
C180
C180
C180
C180
E380
7F00
3E00
ENDCHAR
STARTCHAR uni030B
ENCODING 779
SWIDTH 0 0
DWIDTH 0 0
BBX 14 7 -13 29
BITMAP
3E7C
3EF8
3CF0
78F0
79E0
F1C0
E3C0
ENDCHAR
STARTCHAR uni030C
ENCODING 780
SWIDTH 0 0
DWIDTH 0 0
BBX 12 6 -13 30
BITMAP
F0F0
79E0
39E0
3FC0
1F80
1F80
ENDCHAR
STARTCHAR uni0326
ENCODING 806
SWIDTH 0 0
DWIDTH 0 0
BBX 4 7 -9 -10
BITMAP
F0
F0
F0
F0
30
70
60
ENDCHAR
STARTCHAR uni0327
ENCODING 807
SWIDTH 0 0
DWIDTH 0 0
BBX 10 9 -12 -9
BITMAP
1C00
1C00
1F00
1F80
23C0
03C0
FF80
FF80
FE00
ENDCHAR
STARTCHAR uni0328
ENCODING 808
SWIDTH 0 0
DWIDTH 0 0
BBX 8 10 -10 -9
BITMAP
38
78
70
F0
F0
F8
FF
FF
7F
3E
ENDCHAR
STARTCHAR Delta
ENCODING 916
SWIDTH 514 0
DWIDTH 28 0
BBX 26 34 1 0
BITMAP
003F0000
003F0000
007F8000
007F8000
007F8000
00FFC000
00F7C000
00F3C000
01F3E000
01E3E000
01E1E000
03E1F000
03C1F000
03C0F000
07C0F000
0780F800
0780F800
07807800
0F007C00
0F007C00
0F003C00
1E003E00
1E003E00
1E001E00
3E001F00
3C001F00
3C000F00
7C000F80
78000F80
78000F80
FFFFFFC0
FFFFFFC0
FFFFFFC0
FFFFFFC0
ENDCHAR
STARTCHAR Omega
ENCODING 937
SWIDTH 706 0
DWIDTH 38 0
BBX 26 35 6 0
BITMAP
007F8000
01FFE000
07FFF800
0FFFFC00
1FC0FE00
3F003F00
3E001F00
7C000F80
7C000F80
78000780
F80007C0
F80007C0
F00003C0
F00003C0
F00003C0
F00003C0
F00003C0
F00003C0
F00003C0
F00003C0
F00003C0
F00003C0
F00003C0
F00003C0
F80007C0
78000780
78000780
3C000F00
3C000F00
1E001E00
0F003C00
FFC0FFC0
FFE1FFC0
FFE1FFC0
FFE1FFC0
ENDCHAR
STARTCHAR mu
ENCODING 956
SWIDTH 419 0
DWIDTH 23 0
BBX 17 35 3 -9
BITMAP
F00780
F00780
F00780
F00780
F00780
F00780
F00780
F00780
F00780
F00780
F00780
F00780
F00780
F00780
F00780
F00780
F00780
F00780
F00F80
F00F80
F00F80
F81F80
FC3F80
FFF780
FFF780
FFE780
FF8000
F00000
F00000
F00000
F00000
F00000
F00000
F00000
F00000
ENDCHAR
STARTCHAR pi
ENCODING 960
SWIDTH 512 0
DWIDTH 28 0
BBX 26 26 1 0
BITMAP
3FFFFFC0
FFFFFFC0
FFFFFFC0
FFFFFF80
83C07800
07807800
07807800
07807800
07807800
07807800
07807800
07807800
07807800
07807800
07807800
0F807800
0F007800
0F007800
0F007800
0F007800
0F007800
1F007C00
1E007C00
1E007C00
1E003C00
3E003C00
ENDCHAR
STARTCHAR uni0900
ENCODING 2304
SWIDTH 0 0
DWIDTH 0 0
BBX 17 12 -15 37
BITMAP
03F000
0FFC00
3FFE00
3C1F00
780780
780780
F00780
F1E780
01E000
01E000
01E000
01E000
ENDCHAR
STARTCHAR uni0901
ENCODING 2305
SWIDTH 0 0
DWIDTH 0 0
BBX 17 12 -15 37
BITMAP
01E000
01E000
01E000
01E000
F1E780
F00780
780780
780780
3C1F00
3FFE00
0FFC00
03F000
ENDCHAR
STARTCHAR uni0902
ENCODING 2306
SWIDTH 0 0
DWIDTH 0 0
BBX 5 5 -9 38
BITMAP
F8
F8
F8
F8
F8
ENDCHAR
STARTCHAR uni0903
ENCODING 2307
SWIDTH 205 0
DWIDTH 11 0
BBX 13 29 -1 5
BITMAP
FFF8
FFF8
FFF8
FFF8
0000
0000
0000
0000
0000
0F80
0F80
0F80
0F80
0F80
0000
0000
0000
0000
0000
0000
0000
0000
0000
0000
0F80
0F80
0F80
0F80
0F80
ENDCHAR
STARTCHAR uni0904
ENCODING 2308
SWIDTH 614 0
DWIDTH 33 0
BBX 32 46 2 0
BITMAP
07800000
07800000
07800000
07FFFF00
07FFFFC0
03FFFFE0
00FFFFE0
000001E0
000001E0
000001E0
000001E0
03F001E0
0FFC1FFF
1FFE1FFF
3FFF1FFF
7E1F1FFF
7C0F81E0
780F81E0
780781E0
780781E0
000781E0
000781E0
000F81E0
000F01E0
001F01E0
03FE01E0
03FC01E0
03FE01E0
03FF01E0
001FFFE0
000FFFE0
0007FFE0
0007FFE0
000781E0
F00781E0
F00781E0
F00781E0
F80781E0
780F81E0
7C1F81E0
7FFF01E0
3FFE01E0
1FFC01E0
07F001E0
000001E0
000001E0
ENDCHAR
STARTCHAR uni0905
ENCODING 2309
SWIDTH 614 0
DWIDTH 33 0
BBX 32 35 2 0
BITMAP
03F00000
0FFC1FFF
1FFE1FFF
3FFF1FFF
7E1F1FFF
7C0F81E0
780F81E0
780781E0
780781E0
000781E0
000781E0
000F81E0
000F01E0
001F01E0
03FE01E0
03FC01E0
03FE01E0
03FF01E0
001FFFE0
000FFFE0
0007FFE0
0007FFE0
000781E0
F00781E0
F00781E0
F00781E0
F80781E0
780F81E0
7C1F81E0
7FFF01E0
3FFE01E0
1FFC01E0
07F001E0
000001E0
000001E0
ENDCHAR
STARTCHAR uni0906
ENCODING 2310
SWIDTH 842 0
DWIDTH 45 0
BBX 44 35 2 0
BITMAP
03F000000000
0FFC1FFFFFF0
1FFE1FFFFFF0
3FFF1FFFFFF0
7E1F1FFFFFF0
7C0F81E01E00
780F81E01E00
780781E01E00
780781E01E00
000781E01E00
000781E01E00
000F81E01E00
000F01E01E00
001F01E01E00
03FE01E01E00
03FC01E01E00
03FE01E01E00
03FF01E01E00
001FFFE01E00
000FFFE01E00
0007FFE01E00
0007FFE01E00
000781E01E00
F00781E01E00
F00781E01E00
F00781E01E00
F80781E01E00
780F81E01E00
7C1F81E01E00
7FFF01E01E00
3FFE01E01E00
1FFC01E01E00
07F001E01E00
000001E01E00
000001E01E00
ENDCHAR
STARTCHAR uni0907
ENCODING 2311
SWIDTH 433 0
DWIDTH 23 0
BBX 25 37 -1 -3
BITMAP
FFFFFF80
FFFFFF80
FFFFFF80
FFFFFF80
0000F800
0000F800
0000F800
0000F800
0000F800
007FF800
01FFF800
03FFF800
07FFF800
07C00000
0F800000
0F800000
0F800000
07C00000
07FFC000
03FFF000
01FFF800
00FFF800
0000FC00
00007C00
07803C00
07803C00
07C07C00
07E0FC00
07FFF800
07FFF800
07FFE000
079F8000
07800000
07800000
07800000
07800000
07800000
ENDCHAR
STARTCHAR uni0908
ENCODING 2312
SWIDTH 433 0
DWIDTH 23 0
BBX 25 49 -1 -3
BITMAP
00001E00
00007E00
0001FE00
0001FE00
0003F000
0003E000
0003C000
0003C000
0003C000
0003C000
0001E000
0001E000
FFFFFF80
FFFFFF80
FFFFFF80
FFFFFF80
0000F800
0000F800
0000F800
0000F800
0000F800
007FF800
01FFF800
03FFF800
07FFF800
07C00000
0F800000
0F800000
0F800000
07C00000
07FFC000
03FFF000
01FFF800
00FFF800
0000FC00
00007C00
07803C00
07803C00
07C07C00
07E0FC00
07FFF800
07FFF800
07FFE000
079F8000
07800000
07800000
07800000
07800000
07800000
ENDCHAR
STARTCHAR uni0909
ENCODING 2313
SWIDTH 385 0
DWIDTH 21 0
BBX 22 32 -1 2
BITMAP
FFFFFC
FFFFFC
FFFFFC
FFFFFC
0007C0
0003C0
0003E0
0001E0
0001E0
0003E0
0003E0
0003C0
0007C0
00FF80
00FF00
00FF80
00FFC0
0007C0
0003E0
0001E0
0001E0
0001E0
3C01E0
3C01E0
3C01E0
3E01E0
3E03E0
1F07C0
1FFFC0
0FFF80
07FF00
01FC00
ENDCHAR
STARTCHAR uni090A
ENCODING 2314
SWIDTH 610 0
DWIDTH 33 0
BBX 35 32 -1 2
BITMAP
FFFFFFFFE0
FFFFFFFFE0
FFFFFFFFE0
FFFFFFFFE0
0007C00000
0003C00000
0003E00000
0001E00000
0001E00000
0003E00000
0003E00000
0003C00000
0007C00000
00FF83F000
00FF0FF800
00FF9FFC00
00FFFFFE00
0007FC1F00
0003F80F00
0001F00F80
0001F00780
0001E00780
3C01E00780
3C01E00780
3C01E00780
3E01E00F80
3E03E00F00
1F07C03F00
1FFFC1FE00
0FFF81FE00
07FF01F800
01FC01E000
ENDCHAR
STARTCHAR uni090B
ENCODING 2315
SWIDTH 698 0
DWIDTH 38 0
BBX 39 35 -1 -1
BITMAP
FFFFFFFFFE
FFFFFFFFFE
FFFFFFFFFE
FFFFFFFFFE
0000780000
0000780000
0000780000
0000780000
0000780000
0000780000
07F07801E0
0FF87801E0
0FFE7803E0
0FFE7807E0
083F781FE0
000FF87FE0
0007F8FFE0
0007FBFDE0
0003FFF1E0
0001FFC1E0
0000FF01E0
0001FE01E0
0007F807E0
001FF80FE0
007FF81FE0
00FE783E00
03F8783C00
07E0783C00
0780783C00
0700783C00
0400783E04
0000781FFC
0000781FFC
0000780FFC
00000003F0
ENDCHAR
STARTCHAR uni090C
ENCODING 2316
SWIDTH 634 0
DWIDTH 34 0
BBX 36 39 -1 -5
BITMAP
FFFFFFFFF0
FFFFFFFFF0
FFFFFFFFF0
FFFFFFFFF0
0000001E00
0000001E00
0000001E00
0000001E00
0000001E00
0000001E00
00F807DE00
03FE1FFE00
07FE3FFE00
0FFF3FFE00
0F87F87E00
1F03F03E00
1F03F01E00
1E01E01E00
1E01E01E00
1E01E01E00
1E01E01E00
1E01E01E00
1E01E01E00
1E01E01E00
1E00001E00
1E00001E00
1F00007E00
1F0000FE00
0F8001FE00
0FC003F000
07F003C000
03FF83C000
01FF83C000
00FF83C000
001F83E000
000001FF80
000001FF80
000000FF80
0000003F00
ENDCHAR
STARTCHAR uni090D
ENCODING 2317
SWIDTH 456 0
DWIDTH 25 0
BBX 26 48 -1 -3
BITMAP
07807800
07807800
07C07800
03C0F800
03E1F000
01FFE000
00FFC000
003F8000
00000000
00000000
00000000
FFFFFFC0
FFFFFFC0
FFFFFFC0
FFFFFFC0
07807C00
07807C00
07807C00
07807C00
07807C00
07807C00
07807C00
07807C00
07807C00
07807C00
07807C00
07807800
07807800
0783F800
0783F800
0783F000
07C3E000
03E00000
01F00000
00F80000
007C0000
003E0000
001F0000
000F8000
0007C000
0003E000
0001F000
0000F800
00007800
00007C00
00003800
00007800
00007800
ENDCHAR
STARTCHAR uni090E
ENCODING 2318
SWIDTH 456 0
DWIDTH 25 0
BBX 27 49 -2 -3
BITMAP
F0000000
F0000000
F0000000
FFFFE000
FFFFF800
7FFFFC00
1FFFFC00
00003C00
00003C00
00003C00
00003C00
00003C00
7FFFFFE0
7FFFFFE0
7FFFFFE0
7FFFFFE0
03C03E00
03C03E00
03C03E00
03C03E00
03C03E00
03C03E00
03C03E00
03C03E00
03C03E00
03C03E00
03C03E00
03C03C00
03C03C00
03C1FC00
03C1FC00
03C1F800
03E1F000
01F00000
00F80000
007C0000
003E0000
001F0000
000F8000
0007C000
0003E000
0001F000
0000F800
00007C00
00003C00
00003E00
00001C00
00003C00
00003C00
ENDCHAR
STARTCHAR uni090F
ENCODING 2319
SWIDTH 456 0
DWIDTH 25 0
BBX 26 37 -1 -3
BITMAP
FFFFFFC0
FFFFFFC0
FFFFFFC0
FFFFFFC0
07807C00
07807C00
07807C00
07807C00
07807C00
07807C00
07807C00
07807C00
07807C00
07807C00
07807C00
07807800
07807800
0783F800
0783F800
0783F000
07C3E000
03E00000
01F00000
00F80000
007C0000
003E0000
001F0000
000F8000
0007C000
0003E000
0001F000
0000F800
00007800
00007C00
00003800
00007800
00007800
ENDCHAR
STARTCHAR uni0910
ENCODING 2320
SWIDTH 456 0
DWIDTH 25 0
BBX 26 52 -1 -3
BITMAP
00078000
00078000
0003C000
0003C000
0003C000
0003C000
0001E000
0001E000
0001E000
0000E000
0000F000
0000F000
00007000
00007800
00007800
FFFFFFC0
FFFFFFC0
FFFFFFC0
FFFFFFC0
07807C00
07807C00
07807C00
07807C00
07807C00
07807C00
07807C00
07807C00
07807C00
07807C00
07807C00
07807800
07807800
0783F800
0783F800
0783F000
07C3E000
03E00000
01F00000
00F80000
007C0000
003E0000
001F0000
000F8000
0007C000
0003E000
0001F000
0000F800
00007800
00007C00
00003800
00007800
00007800
ENDCHAR
STARTCHAR uni0911
ENCODING 2321
SWIDTH 842 0
DWIDTH 45 0
BBX 44 45 2 0
BITMAP
000780780000
000780780000
000780F80000
0007C0F00000
0003E1F00000
0003FFE00000
0000FFC00000
00007F000000
000000000000
000000000000
03F000000000
0FFC1FFFFFF0
1FFE1FFFFFF0
3FFF1FFFFFF0
7E1F1FFFFFF0
7C0F81E01E00
780F81E01E00
780781E01E00
780781E01E00
000781E01E00
000781E01E00
000F81E01E00
000F01E01E00
001F01E01E00
03FE01E01E00
03FC01E01E00
03FE01E01E00
03FF01E01E00
001FFFE01E00
000FFFE01E00
0007FFE01E00
0007FFE01E00
000781E01E00
F00781E01E00
F00781E01E00
F00781E01E00
F80781E01E00
780F81E01E00
7C1F81E01E00
7FFF01E01E00
3FFE01E01E00
1FFC01E01E00
07F001E01E00
000001E01E00
000001E01E00
ENDCHAR
STARTCHAR uni0912
ENCODING 2322
SWIDTH 842 0
DWIDTH 45 0
BBX 44 46 2 0
BITMAP
000078000000
000078000000
000078000000
00007FFFF000
00007FFFFC00
00003FFFFE00
00000FFFFE00
000000001E00
000000001E00
000000001E00
000000001E00
03F000001E00
0FFC1FFFFFF0
1FFE1FFFFFF0
3FFF1FFFFFF0
7E1F1FFFFFF0
7C0F81E01E00
780F81E01E00
780781E01E00
780781E01E00
000781E01E00
000781E01E00
000F81E01E00
000F01E01E00
001F01E01E00
03FE01E01E00
03FC01E01E00
03FE01E01E00
03FF01E01E00
001FFFE01E00
000FFFE01E00
0007FFE01E00
0007FFE01E00
000781E01E00
F00781E01E00
F00781E01E00
F00781E01E00
F80781E01E00
780F81E01E00
7C1F81E01E00
7FFF01E01E00
3FFE01E01E00
1FFC01E01E00
07F001E01E00
000001E01E00
000001E01E00
ENDCHAR
STARTCHAR uni0913
ENCODING 2323
SWIDTH 842 0
DWIDTH 45 0
BBX 44 49 2 0
BITMAP
00000001E000
00000001E000
00000001E000
00000000F000
00000000F000
00000000F000
000000007800
000000007800
000000007800
000000003800
000000003C00
000000003C00
000000003C00
000000001C00
03F000001E00
0FFC1FFFFFF0
1FFE1FFFFFF0
3FFF1FFFFFF0
7E1F1FFFFFF0
7C0F81E01E00
780F81E01E00
780781E01E00
780781E01E00
000781E01E00
000781E01E00
000F81E01E00
000F01E01E00
001F01E01E00
03FE01E01E00
03FC01E01E00
03FE01E01E00
03FF01E01E00
001FFFE01E00
000FFFE01E00
0007FFE01E00
0007FFE01E00
000781E01E00
F00781E01E00
F00781E01E00
F00781E01E00
F80781E01E00
780F81E01E00
7C1F81E01E00
7FFF01E01E00
3FFE01E01E00
1FFC01E01E00
07F001E01E00
000001E01E00
000001E01E00
ENDCHAR
STARTCHAR uni0914
ENCODING 2324
SWIDTH 842 0
DWIDTH 45 0
BBX 44 49 2 0
BITMAP
0000003E1E00
0000001E1E00
0000001E1E00
0000001E1E00
0000000F1E00
0000000F1E00
0000000F1E00
000000071E00
000000079E00
000000079E00
000000039E00
00000003DE00
00000003DE00
00000003DE00
03F00001DE00
0FFC1FFFFFF0
1FFE1FFFFFF0
3FFF1FFFFFF0
7E1F1FFFFFF0
7C0F81E01E00
780F81E01E00
780781E01E00
780781E01E00
000781E01E00
000781E01E00
000F81E01E00
000F01E01E00
001F01E01E00
03FE01E01E00
03FC01E01E00
03FE01E01E00
03FF01E01E00
001FFFE01E00
000FFFE01E00
0007FFE01E00
0007FFE01E00
000781E01E00
F00781E01E00
F00781E01E00
F00781E01E00
F80781E01E00
780F81E01E00
7C1F81E01E00
7FFF01E01E00
3FFE01E01E00
1FFC01E01E00
07F001E01E00
000001E01E00
000001E01E00
ENDCHAR
STARTCHAR uni0915
ENCODING 2325
SWIDTH 638 0
DWIDTH 34 0
BBX 36 34 -1 0
BITMAP
FFFFFFFFF0
FFFFFFFFF0
FFFFFFFFF0
FFFFFFFFF0
0000F00000
0000F00000
0000F00000
0000F00000
01F8F1F800
07FCF7FC00
0FFEFFFE00
0FFFFFFF00
1F87FC1F00
1E01F80F80
1E01F00780
3E00F00780
3E00F00780
3C00F00780
3C00F00780
3C00F00780
3E00F00780
3E00F00780
1E01F00780
1E01F00F80
1F87F01F00
0FFFF0FF00
0FFEF0FE00
07FCF0FC00
01F8F0F000
0000F00000
0000F00000
0000F00000
0000F00000
0000F00000
ENDCHAR
STARTCHAR uni0916
ENCODING 2326
SWIDTH 678 0
DWIDTH 37 0
BBX 38 34 -1 0
BITMAP
FFFFFFFFFC
FFFFFFFFFC
FFFFFFFFFC
FFFFFFFFFC
003C0007C0
003C0007C0
003C0007C0
003C0007C0
003C03E7C0
003C0FF7C0
003C1FFFC0
003C3FFFC0
003C3E0FC0
003C3C07C0
007C7C07C0
00F87C07C0
3FF07807C0
3FE07807C0
1FC07C07C0
1E007C07C0
1E003C07C0
1F003E0FC0
1F003FFFC0
0F001FFFC0
0F800FFFC0
0FC007E7C0
07E0000FC0
03F8001FC0
01FE00FFC0
00FFFFFFC0
007FFFFFC0
001FFFE7C0
0003FF07C0
00000007C0
ENDCHAR
STARTCHAR uni0917
ENCODING 2327
SWIDTH 564 0
DWIDTH 30 0
BBX 32 34 -1 0
BITMAP
FFFFFFFF
FFFFFFFF
FFFFFFFF
FFFFFFFF
000F01E0
000F01E0
000F01E0
000F01E0
000F01E0
000F01E0
000F01E0
000F01E0
03FF01E0
0FFF01E0
0FFF01E0
1FFF01E0
3E0F01E0
3C0F01E0
3C0F01E0
3C0F01E0
3C0F01E0
3E1F01E0
1E1E01E0
1FFE01E0
0FFC01E0
07FC01E0
03F001E0
000001E0
000001E0
000001E0
000001E0
000001E0
000001E0
000001E0
ENDCHAR
STARTCHAR uni0918
ENCODING 2328
SWIDTH 484 0
DWIDTH 26 0
BBX 28 34 -1 0
BITMAP
FFFFFFF0
FFFFFFF0
FFFFFFF0
FFFFFFF0
0F001E00
0F001E00
0F001E00
1F001E00
1F001E00
1F001E00
0F001E00
0F801E00
07C01E00
03FE1E00
01FE1E00
03FE1E00
07FE1E00
0FC01E00
0F001E00
0F001E00
1F001E00
1F003E00
1F003E00
0F007E00
0FC0FE00
07FFFE00
07FFFE00
01FF9E00
007E1E00
00001E00
00001E00
00001E00
00001E00
00001E00
ENDCHAR
STARTCHAR uni0919
ENCODING 2329
SWIDTH 476 0
DWIDTH 26 0
BBX 27 34 -1 0
BITMAP
FFFFFFE0
FFFFFFE0
FFFFFFE0
FFFFFFE0
0000F000
0000F000
0000F000
0000F000
0000F000
00FFF000
03FFF000
07FFF000
0FFFF000
0F8003C0
0F0003C0
0F0003C0
0F0003C0
0F8003C0
0FFF8000
07FFE000
03FFF000
00FFF000
0001F800
00007800
00007800
1E007800
1E007800
1F007800
1F00F800
0FC1F800
0FFFF000
07FFE000
03FFC000
00FF0000
ENDCHAR
STARTCHAR uni091A
ENCODING 2330
SWIDTH 480 0
DWIDTH 26 0
BBX 28 34 -1 0
BITMAP
FFFFFFF0
FFFFFFF0
FFFFFFF0
FFFFFFF0
00001E00
00001E00
00001E00
00001E00
00001E00
00001E00
00001E00
3FFE1E00
3FFE1E00
3FFE1E00
3FFE1E00
03E01E00
03C01E00
03C01E00
07801E00
07801E00
07801E00
07801E00
07C03E00
07C03E00
03E0FE00
03FFFE00
01FFFE00
00FFDE00
003F1E00
00001E00
00001E00
00001E00
00001E00
00001E00
ENDCHAR
STARTCHAR uni091B
ENCODING 2331
SWIDTH 536 0
DWIDTH 29 0
BBX 30 32 -1 2
BITMAP
FFFFFFFC
FFFFFFFC
FFFFFFFC
FFFFFFFC
0F800780
0F000780
0F000780
1F000780
1F000780
1F001FC0
0F003FE0
0F007DF0
0F8078F0
07F878F0
01F87870
03F80078
07F80078
07C00078
0F800078
0F000070
0F0000F0
1F0000F0
1F0000F0
1F0001E0
1F0003E0
0F8007E0
0F800FC0
07E03F80
07FFFF00
03FFFE00
00FFF800
003FC000
ENDCHAR
STARTCHAR uni091C
ENCODING 2332
SWIDTH 519 0
DWIDTH 28 0
BBX 30 34 -1 0
BITMAP
FFFFFFFC
FFFFFFFC
FFFFFFFC
FFFFFFFC
00000780
00000780
00000780
00000780
00000780
00000780
00000780
3C07FF80
3C07FF80
3C07FF80
3C07FF80
3C078780
3C078780
3C078780
3C078780
3C078780
3C078780
3C078780
3C078780
3E0F8780
1F1F0780
1FFF0780
0FFE0780
07FC0780
03F80780
00000780
00000780
00000780
00000780
00000780
ENDCHAR
STARTCHAR uni091D
ENCODING 2333
SWIDTH 659 0
DWIDTH 36 0
BBX 37 37 -1 -3
BITMAP
FFFFFFFFF8
FFFFFFFFF8
FFFFFFFFF8
FFFFFFFFF8
0000F00F00
0000F00F00
0000F00F00
0000F00F00
0000F00F00
00FFF00F00
03FFF00F00
07FFF00F00
0FFFF00F00
0F80000F00
0F00000F00
0F00000F00
0F80000F00
0FFFFFFF00
07FFFFFF00
03FFFFFF00
003FF00F00
0000F80F00
0000780F00
0000780F00
0F00780F00
0F80780F00
0F80F80F00
0FC1F80F00
0FFFF80F00
0FFFF00F00
0FFFE00F00
0F3F800F00
0F00000F00
0F00000F00
0F00000F00
0F00000000
0F00000000
ENDCHAR
STARTCHAR uni091E
ENCODING 2334
SWIDTH 561 0
DWIDTH 30 0
BBX 32 34 -1 0
BITMAP
FFFFFFFF
FFFFFFFF
FFFFFFFF
FFFFFFFF
000001E0
000001E0
000001E0
000001E0
000001E0
03F801E0
0FFE01E0
1FFE01E0
1FFF01E0
3E1F81E0
3E0F81E0
000781E0
000781E0
0007FFE0
0007FFE0
0007FFE0
0007FFE0
000781E0
000781E0
3C0781E0
3C0F81E0
3E1F01E0
1FFF01E0
1FFE01E0
0FFC01E0
03F001E0
000001E0
000001E0
000001E0
000001E0
ENDCHAR
STARTCHAR uni091F
ENCODING 2335
SWIDTH 408 0
DWIDTH 22 0
BBX 24 32 -1 2
BITMAP
FFFFFF
FFFFFF
FFFFFF
FFFFFF
0001E0
0001E0
0001E0
0001E0
0001E0
007FE0
01FFE0
03FFE0
07FFE0
0FC000
0F8000
0F0000
1F0000
1E0000
1E0000
1E0000
1E0000
1E007C
1E007C
1E007C
1F007C
1F0078
0F80F8
0FC1F8
07FFF0
03FFF0
01FFC0
007F00
ENDCHAR
STARTCHAR uni0920
ENCODING 2336
SWIDTH 436 0
DWIDTH 24 0
BBX 25 32 -1 2
BITMAP
FFFFFF80
FFFFFF80
FFFFFF80
FFFFFF80
0001E000
0001E000
0001E000
0001E000
0001E000
007FE000
01FFE000
03FFF000
07FFF800
0FC07800
0F807C00
1F003C00
1E003E00
1E003E00
1E001E00
1E001E00
1E001E00
1E001E00
1E001E00
1E003E00
1E003E00
1F003C00
0F807C00
0FC0FC00
07FFF800
03FFF000
01FFE000
007F8000
ENDCHAR
STARTCHAR uni0921
ENCODING 2337
SWIDTH 422 0
DWIDTH 23 0
BBX 24 34 -1 0
BITMAP
FFFFFF
FFFFFF
FFFFFF
FFFFFF
0000F0
0000F0
0000F0
0000F0
0000F0
00FFF0
03FFF0
07FFF0
0FFFF0
0F8000
0F0000
0F0000
0F0000
0F8000
0FFF80
07FFE0
03FFF0
00FFF0
0001F8
000078
000078
1E0078
1E0078
1F0078
1F00F8
0FC1F8
0FFFF0
07FFE0
03FFC0
00FF00
ENDCHAR
STARTCHAR uni0922
ENCODING 2338
SWIDTH 435 0
DWIDTH 23 0
BBX 25 32 -1 2
BITMAP
FFFFFF80
FFFFFF80
FFFFFF80
FFFFFF80
0001E000
0001E000
0001E000
0001E000
0001E000
007FE000
01FFE000
03FFE000
07FFE000
0FC00000
0F800000
1F000000
1F000000
1E000000
1E0FC000
1E1FF000
1E3FF800
1E7FFC00
1E787C00
1E703C00
1F703C00
0F703C00
0FF03C00
07F87C00
07FFF800
03FFF000
00FFE000
003F8000
ENDCHAR
STARTCHAR uni0923
ENCODING 2339
SWIDTH 651 0
DWIDTH 35 0
BBX 37 34 -1 0
BITMAP
FFFFFFFFF8
FFFFFFFFF8
FFFFFFFFF8
FFFFFFFFF8
0F00780F00
0F00780F00
0F00780F00
0F00780F00
0F00780F00
0F00780F00
0F00780F00
0F00780F00
0F00780F00
0F00780F00
0F00780F00
0F00780F00
0F00780F00
0F00780F00
0F00780F00
0F00780F00
0F00780F00
0F00F80F00
0F00F80F00
0F80F00F00
07C1F00F00
07FFE00F00
03FFE00F00
01FFC00F00
007F000F00
0000000F00
0000000F00
0000000F00
0000000F00
0000000F00
ENDCHAR
STARTCHAR uni0924
ENCODING 2340
SWIDTH 477 0
DWIDTH 26 0
BBX 27 34 -1 0
BITMAP
FFFFFFE0
FFFFFFE0
FFFFFFE0
FFFFFFE0
00001E00
00001E00
00001E00
00001E00
00001E00
00001E00
00001E00
00001E00
00FFFE00
07FFFE00
0FFFFE00
0FFFFE00
1F801E00
1F001E00
1E001E00
1E001E00
1E001E00
1E001E00
1E001E00
1E001E00
1F001E00
0F001E00
0F001E00
0F801E00
07801E00
07C01E00
03C01E00
03E01E00
01E01E00
01F01E00
ENDCHAR
STARTCHAR uni0925
ENCODING 2341
SWIDTH 547 0
DWIDTH 30 0
BBX 28 35 2 0
BITMAP
0FC00000
1FF1FFF0
3FF9FFF0
7FFDFFF0
7C7DFFF0
783C1E00
F83E1E00
F81E1E00
F81E1E00
001E1E00
001E1E00
003E1E00
003C1E00
003C1E00
007C1E00
00F81E00
03F01E00
3FE01E00
3FC01E00
3F801E00
1E001E00
1F003E00
1F007E00
0FC0FE00
0FFFFE00
07FFFE00
01FFDE00
007F1E00
00001E00
00001E00
00001E00
00001E00
00001E00
00001E00
00001E00
ENDCHAR
STARTCHAR uni0926
ENCODING 2342
SWIDTH 422 0
DWIDTH 23 0
BBX 24 35 -1 -1
BITMAP
FFFFFF
FFFFFF
FFFFFF
FFFFFF
0001E0
0001E0
0001E0
0001E0
0001E0
007FE0
01FFE0
03FFE0
07FFE0
0FC000
0F8000
0F0000
1F0000
1E0000
1E0000
1E0000
1E0000
1E0000
1E0000
1E00F8
1F0078
0F0078
0F8078
0FC0FC
07FFFC
03FFFC
01FFFC
007F3E
00001E
00001E
00001E
ENDCHAR
STARTCHAR uni0927
ENCODING 2343
SWIDTH 504 0
DWIDTH 27 0
BBX 26 35 2 0
BITMAP
0F800000
3FC3FFC0
3FE3FFC0
7FF3FFC0
78F3FFC0
78F07800
F8F07800
F8007800
F8007800
78007800
78007800
7C007800
3E007800
1FF07800
0FF07800
1FF07800
3FF07800
7E007800
78007800
78007800
F8007800
F8007800
F800F800
7800F800
7C01F800
7E07F800
3FFFF800
1FFFF800
0FFE7800
03F87800
00007800
00007800
00007800
00007800
00007800
ENDCHAR
STARTCHAR uni0928
ENCODING 2344
SWIDTH 506 0
DWIDTH 27 0
BBX 29 34 -1 0
BITMAP
FFFFFFF8
FFFFFFF8
FFFFFFF8
FFFFFFF8
00000F00
00000F00
00000F00
00000F00
00000F00
00000F00
00000F00
00000F00
07FFFF00
1FFFFF00
3FFFFF00
3FFFFF00
7C3E0F00
783E0F00
783E0F00
783C0F00
783C0F00
7C7C0F00
3FFC0F00
1FF80F00
0FF00F00
07E00F00
00000F00
00000F00
00000F00
00000F00
00000F00
00000F00
00000F00
00000F00
ENDCHAR
STARTCHAR uni0929
ENCODING 2345
SWIDTH 506 0
DWIDTH 27 0
BBX 29 34 -1 0
BITMAP
FFFFFFF8
FFFFFFF8
FFFFFFF8
FFFFFFF8
00000F00
00000F00
00000F00
00000F00
00000F00
00000F00
00000F00
00000F00
07FFFF00
1FFFFF00
3FFFFF00
3FFFFF00
7C3E0F00
783E0F00
783E0F00
783C0F00
783C0F00
7C7C0F00
3FFC0F00
1FF80F00
0FF00F00
07E00F00
00000F00
00000F00
00000F00
07C00F00
07C00F00
07C00F00
07C00F00
07C00F00
ENDCHAR
STARTCHAR uni092A
ENCODING 2346
SWIDTH 440 0
DWIDTH 24 0
BBX 25 34 -1 0
BITMAP
FFFFFF80
FFFFFF80
FFFFFF80
FFFFFF80
0F007800
0F007800
0F007800
0F007800
0F007800
0F007800
0F007800
0F007800
0F007800
0F007800
0F007800
0F007800
0F007800
0F007800
0F007800
0F007800
0F00F800
0F80F800
0FC1F800
07FFF800
03FFF800
03FF7800
00FC7800
00007800
00007800
00007800
00007800
00007800
00007800
00007800
ENDCHAR
STARTCHAR uni092B
ENCODING 2347
SWIDTH 652 0
DWIDTH 35 0
BBX 37 34 -1 0
BITMAP
FFFFFFFFF8
FFFFFFFFF8
FFFFFFFFF8
FFFFFFFFF8
0F00780000
0F00780000
0F00780000
0F00780000
0F0078F800
0F007BFE00
0F007FFF00
0F007FFF80
0F007E0F80
0F007C07C0
0F007807C0
0F007803C0
0F007803C0
0F007803C0
0F007803C0
0F007803C0
0F00F803C0
0F80F803C0
0FC1F807C0
07FFF80780
03FFF80F80
03FF787F00
00FC787F00
0000787E00
0000787800
0000780000
0000780000
0000780000
0000780000
0000780000
ENDCHAR
STARTCHAR uni092C
ENCODING 2348
SWIDTH 454 0
DWIDTH 25 0
BBX 26 34 -1 0
BITMAP
FFFFFFC0
FFFFFFC0
FFFFFFC0
FFFFFFC0
00007800
00007800
00007800
00007800
00FC7800
03FF7800
07FFF800
0FFFF800
0FC1F800
1FE0F800
1F607800
1E707800
1E387800
1E387800
1E1C7800
1E1C7800
1E0E7800
1E067800
1E077800
1F03F800
0F83F800
0FFFF800
07FFF800
03FF7800
00FC7800
00007800
00007800
00007800
00007800
00007800
ENDCHAR
STARTCHAR uni092D
ENCODING 2349
SWIDTH 589 0
DWIDTH 32 0
BBX 30 35 2 0
BITMAP
07C00000
1FF07FFC
3FF87FFC
7FF87FFC
7C7C7FFC
783C03C0
F83C03C0
F03C03C0
F03C03C0
703C03C0
003C03C0
003C03C0
003C03C0
003C03C0
003C03C0
003C03C0
003C03C0
07FFFFC0
1FFFFFC0
3FFFFFC0
7FFFFFC0
7C3C03C0
783C03C0
783C03C0
783C03C0
7C7C03C0
7FF803C0
3FF803C0
1FF003C0
07C003C0
000003C0
000003C0
000003C0
000003C0
000003C0
ENDCHAR
STARTCHAR uni092E
ENCODING 2350
SWIDTH 551 0
DWIDTH 30 0
BBX 31 34 -1 0
BITMAP
FFFFFFFE
FFFFFFFE
FFFFFFFE
FFFFFFFE
001E01E0
001E01E0
001E01E0
001E01E0
001E01E0
001E01E0
001E01E0
001E01E0
001E01E0
001E01E0
001E01E0
001E01E0
07FFFFE0
1FFFFFE0
3FFFFFE0
3FFFFFE0
7C1E01E0
781E01E0
781E01E0
7C3E01E0
7C3C01E0
3FFC01E0
1FFC01E0
0FF001E0
07E001E0
000001E0
000001E0
000001E0
000001E0
000001E0
ENDCHAR
STARTCHAR uni092F
ENCODING 2351
SWIDTH 491 0
DWIDTH 27 0
BBX 28 34 -1 0
BITMAP
FFFFFFF0
FFFFFFF0
FFFFFFF0
FFFFFFF0
01F01E00
00F81E00
00781E00
00781E00
007C1E00
007C1E00
007C1E00
00781E00
00F81E00
01F81E00
1FF01E00
1FE01E00
1F801E00
1F001E00
1F001E00
0F001E00
0F803E00
0FC03E00
07E0FE00
07FFFE00
03FFFE00
00FFDE00
003F1E00
00001E00
00001E00
00001E00
00001E00
00001E00
00001E00
00001E00
ENDCHAR
STARTCHAR uni0930
ENCODING 2352
SWIDTH 333 0
DWIDTH 18 0
BBX 20 34 -1 0
BITMAP
FFFFF0
FFFFF0
FFFFF0
FFFFF0
001E00
001E00
001E00
001E00
001E00
001E00
001E00
001E00
001E00
001E00
003E00
003C00
00FC00
1FF800
1FF000
1FE000
0F0000
0F0000
078000
078000
07C000
03C000
03E000
01E000
01E000
00F000
00F000
007800
007800
007C00
ENDCHAR
STARTCHAR uni0931
ENCODING 2353
SWIDTH 333 0
DWIDTH 18 0
BBX 20 34 -1 0
BITMAP
FFFFF0
FFFFF0
FFFFF0
FFFFF0
001E00
001E00
001E00
001E00
001E00
001E00
001E00
001E00
001E00
001E00
003E00
003C00
00FC00
1FF800
1FF000
1FE000
0F0000
0F0000
078000
078000
03C000
03C000
03E000
01E000
01F000
F8F000
F8F800
F87800
F87C00
F83C00
ENDCHAR
STARTCHAR uni0932
ENCODING 2354
SWIDTH 634 0
DWIDTH 34 0
BBX 36 35 -1 -1
BITMAP
FFFFFFFFF0
FFFFFFFFF0
FFFFFFFFF0
FFFFFFFFF0
0000001E00
0000001E00
0000001E00
0000001E00
0000001E00
0000001E00
00F807DE00
03FE1FFE00
07FE3FFE00
0FFF3FFE00
0F87F87E00
1F03F03E00
1F03F01E00
1E01E01E00
1E01E01E00
1E01E01E00
1E01E01E00
1E01E01E00
1E01E01E00
1E01E01E00
1E00001E00
1E00001E00
1F00001E00
1F00001E00
0F80001E00
0FC0001E00
07F0001E00
03FF801E00
01FF801E00
00FF801E00
001F801E00
ENDCHAR
STARTCHAR uni0933
ENCODING 2355
SWIDTH 658 0
DWIDTH 36 0
BBX 37 32 -1 2
BITMAP
FFFFFFFFF8
FFFFFFFFF8
FFFFFFFFF8
FFFFFFFFF8
0000007800
0000007800
0000007800
0000007800
0000007800
00FC00F800
01FF03FE00
03FF87FF00
07FF8FFF80
0FC7DF0FC0
0F81DE07C0
1F01FC03C0
1E00FC03E0
1E00FC01E0
1E00F801E0
1E007801E0
1E007801E0
1E007801E0
1E00F801E0
1E00FC03E0
1E00FC03E0
1F01FE03C0
0F03FE07C0
0F87EF0F80
07FFCFFF80
07FF87FF00
01FF03FE00
00FC01F800
ENDCHAR
STARTCHAR uni0934
ENCODING 2356
SWIDTH 658 0
DWIDTH 36 0
BBX 37 39 -1 -5
BITMAP
FFFFFFFFF8
FFFFFFFFF8
FFFFFFFFF8
FFFFFFFFF8
0000007800
0000007800
0000007800
0000007800
0000007800
00FC00F800
01FF03FE00
03FF87FF00
07FF8FFF80
0FC7DF0FC0
0F01DE07C0
1F01FC03C0
1E00FC03E0
1E00FC01E0
1E00F801E0
1E007801E0
1E007801E0
1E007801E0
1E00F801E0
1E00FC03E0
1E00FC03E0
1F01FE03C0
0F03FE07C0
0F87EF0F80
07FFCFFF80
07FF87FF00
01FF03FE00
00FC01F800
0000000000
0000000000
00007C0000
00007C0000
00007C0000
00007C0000
00007C0000
ENDCHAR
STARTCHAR uni0935
ENCODING 2357
SWIDTH 434 0
DWIDTH 23 0
BBX 25 34 -1 0
BITMAP
FFFFFF80
FFFFFF80
FFFFFF80
FFFFFF80
0000F000
0000F000
0000F000
0000F000
01F8F000
03FEF000
0FFFF000
0FFFF000
1F83F000
1F01F000
1E00F000
3E00F000
3E00F000
3C00F000
3C00F000
3C00F000
3E00F000
3E00F000
1E00F000
1F01F000
1F83F000
0FFFF000
0FFFF000
07FEF000
01F8F000
0000F000
0000F000
0000F000
0000F000
0000F000
ENDCHAR
STARTCHAR uni0936
ENCODING 2358
SWIDTH 554 0
DWIDTH 30 0
BBX 29 35 2 0
BITMAP
0FC00000
1FF0FFF8
3FF8FFF8
7FFCFFF8
7C7CFFF8
783C0F00
F83E0F00
F83E0F00
F81E0F00
001E0F00
001E0F00
001E0F00
003C0F00
003C0F00
003C0F00
00780F00
00F80F00
01F00F00
7FE00F00
7FC00F00
7F000F00
7C000F00
3C000F00
1E000F00
1F000F00
0F000F00
07800F00
07800F00
03C00F00
03E00F00
01E00F00
00F00F00
00F80F00
00780F00
003E0F00
ENDCHAR
STARTCHAR uni0937
ENCODING 2359
SWIDTH 440 0
DWIDTH 24 0
BBX 24 34 0 0
BITMAP
FFFFFF
FFFFFF
FFFFFF
FFFFFF
1E00F0
1F00F0
1F00F0
1F80F0
1F80F0
1FC0F0
1EE0F0
1EE0F0
1E70F0
1E70F0
1E38F0
1E18F0
1E1CF0
1E0CF0
1E0EF0
1E06F0
1E07F0
1F03F0
0F83F0
0FFFF0
07FFF0
03FEF0
01F8F0
0000F0
0000F0
0000F0
0000F0
0000F0
0000F0
0000F0
ENDCHAR
STARTCHAR uni0938
ENCODING 2360
SWIDTH 536 0
DWIDTH 29 0
BBX 31 34 -1 0
BITMAP
FFFFFFFE
FFFFFFFE
FFFFFFFE
FFFFFFFE
001E03C0
001E03C0
001E03C0
001E03C0
001E03C0
001E03C0
001E03C0
001E03C0
001E03C0
001E03C0
003E03C0
003C03C0
00FC03C0
1FFFFFC0
1FFFFFC0
1FFFFFC0
0F0003C0
0F0003C0
078003C0
078003C0
07C003C0
03C003C0
03E003C0
01E003C0
01E003C0
00F003C0
00F003C0
007803C0
007803C0
007C03C0
ENDCHAR
STARTCHAR uni0939
ENCODING 2361
SWIDTH 444 0
DWIDTH 24 0
BBX 26 37 -1 -3
BITMAP
FFFFFFC0
FFFFFFC0
FFFFFFC0
FFFFFFC0
0000F000
0000F000
0000F000
0000F000
0000F000
007FF000
01FFF000
03FFF000
07FFF000
07C00000
0F800000
0F800000
07800000
07C00000
07FFC000
03FFF000
01FFF800
03FFFC00
03E07E00
07C03E00
07801E00
0F801E00
0F801E00
0F801E00
0F800000
07800000
07800000
07C00000
03F00000
03FFE000
01FFE000
007FE000
001FE000
ENDCHAR
STARTCHAR uni093A
ENCODING 2362
SWIDTH 0 0
DWIDTH 0 0
BBX 4 10 -8 37
BITMAP
F0
F0
F0
F0
F0
F0
F0
F0
F0
F0
ENDCHAR
STARTCHAR uni093B
ENCODING 2363
SWIDTH 228 0
DWIDTH 12 0
BBX 14 44 -1 0
BITMAP
0780
0780
0780
0780
0780
0780
0780
0780
0780
0780
FFFC
FFFC
FFFC
FFFC
0780
0780
0780
0780
0780
0780
0780
0780
0780
0780
0780
0780
0780
0780
0780
0780
0780
0780
0780
0780
0780
0780
0780
0780
0780
0780
0780
0780
0780
0780
ENDCHAR
STARTCHAR uni093C
ENCODING 2364
SWIDTH 0 0
DWIDTH 0 0
BBX 4 5 -8 -8
BITMAP
F0
F0
F0
F0
F0
ENDCHAR
STARTCHAR uni093D
ENCODING 2365
SWIDTH 405 0
DWIDTH 22 0
BBX 19 35 2 -1
BITMAP
07FFE0
1FFFE0
3FFFE0
7FFFE0
7C0000
780000
F80000
F80000
F80000
780000
780000
7C0000
3E0000
1F0000
0F8000
07C000
03F000
01F800
007C00
003E00
001F00
000F80
000780
000780
0007C0
F003C0
F003C0
F007C0
F807C0
F80F80
7E1F80
7FFF80
3FFF00
1FFC00
07F000
ENDCHAR
STARTCHAR uni093E
ENCODING 2366
SWIDTH 228 0
DWIDTH 12 0
BBX 14 34 -1 0
BITMAP
FFFC
FFFC
FFFC
FFFC
0780
0780
0780
0780
0780
0780
0780
0780
0780
0780
0780
0780
0780
0780
0780
0780
0780
0780
0780
0780
0780
0780
0780
0780
0780
0780
0780
0780
0780
0780
ENDCHAR
STARTCHAR uni093F
ENCODING 2367
SWIDTH 228 0
DWIDTH 12 0
BBX 33 49 -1 0
BITMAP
0003FF0000
001FFFF000
007FFFF800
00FFFFFE00
01FC00FE00
03F0003F00
03E0000F00
07C0000F80
07C0000780
0780000780
0780000780
0780000000
0780000000
0780000000
0780000000
FFFC000000
FFFC000000
FFFC000000
FFFC000000
0780000000
0780000000
0780000000
0780000000
0780000000
0780000000
0780000000
0780000000
0780000000
0780000000
0780000000
0780000000
0780000000
0780000000
0780000000
0780000000
0780000000
0780000000
0780000000
0780000000
0780000000
0780000000
0780000000
0780000000
0780000000
0780000000
0780000000
0780000000
0780000000
0780000000
ENDCHAR
STARTCHAR uni0940
ENCODING 2368
SWIDTH 228 0
DWIDTH 12 0
BBX 21 49 -8 0
BITMAP
07F000
0FF800
3FFC00
3FFE00
7C3E00
781F00
780F00
F80F00
F00F00
F00F00
F00F00
000F00
000F00
000F00
000F00
01FFF8
01FFF8
01FFF8
01FFF8
000F00
000F00
000F00
000F00
000F00
000F00
000F00
000F00
000F00
000F00
000F00
000F00
000F00
000F00
000F00
000F00
000F00
000F00
000F00
000F00
000F00
000F00
000F00
000F00
000F00
000F00
000F00
000F00
000F00
000F00
ENDCHAR
STARTCHAR uni0941
ENCODING 2369
SWIDTH 0 0
DWIDTH 0 0
BBX 19 14 -18 -12
BITMAP
00FC00
01FF00
01FF80
81FFC0
8107C0
C003C0
E001E0
F801E0
FC03C0
7F07C0
3FFFC0
0FFF80
07FF00
00FC00
ENDCHAR
STARTCHAR uni0942
ENCODING 2370
SWIDTH 0 0
DWIDTH 0 0
BBX 20 14 -15 -12
BITMAP
07F000
1FFC00
3FFE00
7FFF00
FC1F80
F80FC0
F007C0
F003E0
F801E0
FC21E0
7FE1E0
3FE0F0
1FE0F0
07C0F0
ENDCHAR
STARTCHAR uni0943
ENCODING 2371
SWIDTH 0 0
DWIDTH 0 0
BBX 12 14 -14 -10
BITMAP
07C0
1FC0
3FC0
7FC0
7C00
7800
F800
7800
7800
7C10
7FF0
3FF0
1FF0
07E0
ENDCHAR
STARTCHAR uni0944
ENCODING 2372
SWIDTH 0 0
DWIDTH 0 0
BBX 12 22 -14 -18
BITMAP
07C0
1FC0
3FC0
7FC0
7C00
7800
F800
7800
7C00
3FC0
1FC0
3FC0
7FC0
7C00
7800
F800
7800
7C10
7FF0
3FF0
1FF0
07E0
ENDCHAR
STARTCHAR uni0945
ENCODING 2373
SWIDTH 0 0
DWIDTH 0 0
BBX 16 8 -14 37
BITMAP
F00F
F00F
F00F
F81E
7C3E
3FFC
1FF8
07E0
ENDCHAR
STARTCHAR uni0946
ENCODING 2374
SWIDTH 0 0
DWIDTH 0 0
BBX 23 14 -27 32
BITMAP
F00000
F00000
F80000
7FFFF0
7FFFF8
3FFFFC
1FFFFE
00003E
00001E
00001E
00001E
00001E
00001E
00001E
ENDCHAR
STARTCHAR uni0947
ENCODING 2375
SWIDTH 0 0
DWIDTH 0 0
BBX 9 19 -13 30
BITMAP
F000
7800
7800
7800
7800
3C00
3C00
3C00
1E00
1E00
1E00
0E00
0F00
0F00
0700
0F80
0F80
0F80
0F80
ENDCHAR
STARTCHAR uni0948
ENCODING 2376
SWIDTH 0 0
DWIDTH 0 0
BBX 13 19 -17 30
BITMAP
F078
F078
7878
7878
7878
3C78
3C78
3C78
1C78
1E78
1E78
1E78
0E78
0F78
0F78
0FF8
0FF8
0FF8
0FF8
ENDCHAR
STARTCHAR uni0949
ENCODING 2377
SWIDTH 228 0
DWIDTH 12 0
BBX 16 45 -2 0
BITMAP
F00F
F00F
F00F
781F
7C3E
3FFC
1FF8
07E0
0000
0000
0000
7FFE
7FFE
7FFE
7FFE
03C0
03C0
03C0
03C0
03C0
03C0
03C0
03C0
03C0
03C0
03C0
03C0
03C0
03C0
03C0
03C0
03C0
03C0
03C0
03C0
03C0
03C0
03C0
03C0
03C0
03C0
03C0
03C0
03C0
03C0
ENDCHAR
STARTCHAR uni094A
ENCODING 2378
SWIDTH 228 0
DWIDTH 12 0
BBX 27 46 -14 0
BITMAP
F0000000
F0000000
F0000000
FFFFE000
FFFFF800
7FFFF800
1FFFFC00
00007C00
00003C00
00003C00
00003C00
00003C00
0007FFE0
0007FFE0
0007FFE0
0007FFE0
00003C00
00003C00
00003C00
00003C00
00003C00
00003C00
00003C00
00003C00
00003C00
00003C00
00003C00
00003C00
00003C00
00003C00
00003C00
00003C00
00003C00
00003C00
00003C00
00003C00
00003C00
00003C00
00003C00
00003C00
00003C00
00003C00
00003C00
00003C00
00003C00
00003C00
ENDCHAR
STARTCHAR uni094B
ENCODING 2379
SWIDTH 228 0
DWIDTH 12 0
BBX 14 49 -1 0
BITMAP
F800
7800
7800
3C00
3C00
3C00
3C00
1E00
1E00
1E00
0E00
0F00
0F00
0700
0780
FFFC
FFFC
FFFC
FFFC
0780
0780
0780
0780
0780
0780
0780
0780
0780
0780
0780
0780
0780
0780
0780
0780
0780
0780
0780
0780
0780
0780
0780
0780
0780
0780
0780
0780
0780
0780
ENDCHAR
STARTCHAR uni094C
ENCODING 2380
SWIDTH 228 0
DWIDTH 12 0
BBX 18 49 -5 0
BITMAP
F07800
787800
787800
787800
387800
3C7800
3C7800
3C7800
1E7800
1E7800
1E7800
0E7800
0F7800
0F7800
077800
0FFFC0
0FFFC0
0FFFC0
0FFFC0
007800
007800
007800
007800
007800
007800
007800
007800
007800
007800
007800
007800
007800
007800
007800
007800
007800
007800
007800
007800
007800
007800
007800
007800
007800
007800
007800
007800
007800
007800
ENDCHAR
STARTCHAR uni094D
ENCODING 2381
SWIDTH 0 0
DWIDTH 0 0
BBX 13 9 -12 -12
BITMAP
8000
E000
F800
FF00
FFC0
1FF8
03F8
00F8
0018
ENDCHAR
STARTCHAR uni094E
ENCODING 2382
SWIDTH 228 0
DWIDTH 12 0
BBX 9 34 4 0
BITMAP
FF80
FF80
FF80
FF80
F000
F000
F000
F000
F000
F000
F000
F000
F000
F000
F000
F000
F000
F000
F000
F000
F000
F000
F000
F000
F000
F000
F000
F000
F000
F000
F000
F000
F000
F000
ENDCHAR
STARTCHAR uni094F
ENCODING 2383
SWIDTH 228 0
DWIDTH 12 0
BBX 31 48 -18 0
BITMAP
03C00000
03C00000
03C00000
03FFFFC0
01FFFFE0
F1FFFFF0
F07FFFF8
F80000F8
78000078
7FFFF878
3FFFFC78
1FFFFE78
00001EF0
00001FF0
00007FFE
00007FFE
00007FFE
00007FFE
000003C0
000003C0
000003C0
000003C0
000003C0
000003C0
000003C0
000003C0
000003C0
000003C0
000003C0
000003C0
000003C0
000003C0
000003C0
000003C0
000003C0
000003C0
000003C0
000003C0
000003C0
000003C0
000003C0
000003C0
000003C0
000003C0
000003C0
000003C0
000003C0
000003C0
ENDCHAR
STARTCHAR uni0950
ENCODING 2384
SWIDTH 769 0
DWIDTH 42 0
BBX 38 38 2 3
BITMAP
0000001F00
0000001F00
0000001F00
0000001F00
0000001F00
000007803C
03F807803C
0FFE078078
1FFF03E0F8
3FFF81FFF0
7E0F80FFE0
7C07C03F80
7807C00000
7803C00000
7803C00000
0003C00000
0003C03F80
0007C0FFE0
000781FFF0
001F81FFF0
03FF03F0F8
03FC03E078
03FF03C07C
03FF83C07C
000FC3C03C
0007C3C03C
0003C7C03C
0003CF807C
0003FF807C
F003FF00F8
F003FF01F8
F803FC0FF0
F807C00FE0
7E0FC00FC0
7FFF800F80
3FFF000000
1FFE000000
03F8000000
ENDCHAR
STARTCHAR uni0951
ENCODING 2385
SWIDTH 0 0
DWIDTH 0 0
BBX 4 13 -8 50
BITMAP
F0
F0
F0
F0
F0
F0
F0
F0
F0
F0
F0
F0
F0
ENDCHAR
STARTCHAR uni0952
ENCODING 2386
SWIDTH 0 0
DWIDTH 0 0
BBX 23 3 -24 -23
BITMAP
FFFFFE
FFFFFE
FFFFFE
ENDCHAR
STARTCHAR uni0953
ENCODING 2387
SWIDTH 0 0
DWIDTH 0 0
BBX 9 7 -13 38
BITMAP
F000
7800
7C00
3C00
1E00
0F00
0780
ENDCHAR
STARTCHAR uni0954
ENCODING 2388
SWIDTH 0 0
DWIDTH 0 0
BBX 9 7 -8 38
BITMAP
0780
0F00
1F00
1E00
3C00
7800
F000
ENDCHAR
STARTCHAR uni0955
ENCODING 2389
SWIDTH 0 0
DWIDTH 0 0
BBX 16 11 -14 36
BITMAP
F00F
F00F
F01E
7C3E
7FFC
3FF8
0FE0
0000
FFFE
FFFE
FFFE
ENDCHAR
STARTCHAR uni0956
ENCODING 2390
SWIDTH 0 0
DWIDTH 0 0
BBX 19 7 -23 -8
BITMAP
F001E0
F001C0
7803C0
7E0FC0
3FFF80
0FFE00
03F800
ENDCHAR
STARTCHAR uni0957
ENCODING 2391
SWIDTH 0 0
DWIDTH 0 0
BBX 19 14 -23 -15
BITMAP
F001E0
7003C0
7803C0
3E0F80
3FFF80
0FFE00
03F800
000000
F001C0
7803C0
7E0FC0
3FFF80
1FFF00
03F800
ENDCHAR
STARTCHAR uni0958
ENCODING 2392
SWIDTH 638 0
DWIDTH 34 0
BBX 36 36 -1 -2
BITMAP
FFFFFFFFF0
FFFFFFFFF0
FFFFFFFFF0
FFFFFFFFF0
0000F00000
0000F00000
0000F00000
0000F00000
01F8F1F800
07FCF7FC00
0FFEFFFE00
0FFFFFFF00
1F87FC1F00
1E01F80F80
1E01F00780
3E00F00780
3E00F00780
3C00F00780
3C00F00780
3C00F00780
3E00F00780
3E00F00780
1E01F00780
1E01F00F80
1F87F01F00
0FFFF0FF00
0FFEF0FE00
07FCF0FC00
01F8F0F000
0000F00000
0000F00000
03C0F00000
03C0F00000
03C0F00000
03C0F00000
03C0000000
ENDCHAR
STARTCHAR uni0959
ENCODING 2393
SWIDTH 678 0
DWIDTH 37 0
BBX 38 35 -1 -1
BITMAP
FFFFFFFFFC
FFFFFFFFFC
FFFFFFFFFC
FFFFFFFFFC
003C0007C0
003C0007C0
003C0007C0
003C0007C0
003C03E7C0
003C0FF7C0
003C1FFFC0
003C3FFFC0
003C3E0FC0
003C3C07C0
007C7C07C0
00F87C07C0
3FF07807C0
3FE07807C0
1FC07C07C0
1E007C07C0
1E003C07C0
1F003E0FC0
1F003FFFC0
0F001FFFC0
0F800FFFC0
0FC007E7C0
07E0000FC0
03F8001FC0
01FE00FFC0
00FFFFFFC0
1F7FFFF7C0
1F1FFFE7C0
1F03FF07C0
1F000007C0
1F00000000
ENDCHAR
STARTCHAR uni095A
ENCODING 2394
SWIDTH 564 0
DWIDTH 30 0
BBX 32 35 -1 -1
BITMAP
FFFFFFFF
FFFFFFFF
FFFFFFFF
FFFFFFFF
000F01E0
000F01E0
000F01E0
000F01E0
000F01E0
000F01E0
000F01E0
000F01E0
03FF01E0
0FFF01E0
0FFF01E0
1FFF01E0
3E0F01E0
3C0F01E0
3C0F01E0
3C0F01E0
3C0F01E0
3E1F01E0
1E1E01E0
1FFE01E0
0FFC01E0
07FC01E0
03F001E0
000001E0
000001E0
000001E0
03E001E0
03E001E0
03E001E0
03E001E0
03E00000
ENDCHAR
STARTCHAR uni095B
ENCODING 2395
SWIDTH 519 0
DWIDTH 28 0
BBX 30 38 -1 -4
BITMAP
FFFFFFFC
FFFFFFFC
FFFFFFFC
FFFFFFFC
00000780
00000780
00000780
00000780
00000780
00000780
00000780
3C07FF80
3C07FF80
3C07FF80
3C07FF80
3C078780
3C078780
3C078780
3C078780
3C078780
3C078780
3C078780
3C078780
3E0F8780
1F1F0780
1FFF0780
0FFE0780
07FC0780
03F80780
00000780
00000780
00000780
00000780
01F00780
01F00000
01F00000
01F00000
01F00000
ENDCHAR
STARTCHAR uni095C
ENCODING 2396
SWIDTH 422 0
DWIDTH 23 0
BBX 24 42 -1 -8
BITMAP
FFFFFF
FFFFFF
FFFFFF
FFFFFF
0000F0
0000F0
0000F0
0000F0
0000F0
00FFF0
03FFF0
07FFF0
0FFFF0
0F8000
0F0000
0F0000
0F0000
0F8000
0FFF80
07FFE0
03FFF0
00FFF0
0001F8
000078
000078
1E0078
1E0078
1F0078
1F00F8
0FC1F8
0FFFF0
07FFE0
03FFC0
00FF00
000000
000000
000000
003E00
003E00
003E00
003E00
003E00
ENDCHAR
STARTCHAR uni095D
ENCODING 2397
SWIDTH 435 0
DWIDTH 23 0
BBX 25 39 -1 -5
BITMAP
FFFFFF80
FFFFFF80
FFFFFF80
FFFFFF80
0001E000
0001E000
0001E000
0001E000
0001E000
007FE000
01FFE000
03FFE000
07FFE000
0FC00000
0F800000
1F000000
1F000000
1E000000
1E0FC000
1E1FF000
1E3FF800
1E7FFC00
1E787C00
1E703C00
1F703C00
0F703C00
0FF03C00
07F87C00
07FFF800
03FFF000
00FFE000
003F8000
00000000
00000000
001F0000
001F0000
001F0000
001F0000
001F0000
ENDCHAR
STARTCHAR uni095E
ENCODING 2398
SWIDTH 652 0
DWIDTH 35 0
BBX 37 34 -1 0
BITMAP
FFFFFFFFF8
FFFFFFFFF8
FFFFFFFFF8
FFFFFFFFF8
0F00780000
0F00780000
0F00780000
0F00780000
0F0078F800
0F007BFE00
0F007FFF00
0F007FFF80
0F007E0F80
0F007C07C0
0F007807C0
0F007803C0
0F007803C0
0F007803C0
0F007803C0
0F007803C0
0F00F803C0
0F80F803C0
0FC1F807C0
07FFF80780
03FFF80F80
03FF787F00
00FC787F00
0000787E00
0000787800
3E00780000
3E00780000
3E00780000
3E00780000
3E00780000
ENDCHAR
STARTCHAR uni095F
ENCODING 2399
SWIDTH 491 0
DWIDTH 27 0
BBX 28 35 -1 -1
BITMAP
FFFFFFF0
FFFFFFF0
FFFFFFF0
FFFFFFF0
01F01E00
00F81E00
00781E00
00781E00
007C1E00
007C1E00
007C1E00
00781E00
00F81E00
01F81E00
1FF01E00
1FE01E00
1F801E00
1F001E00
1F001E00
0F001E00
0F803E00
0FC03E00
07E0FE00
07FFFE00
03FFFE00
00FFDE00
003F1E00
00001E00
00001E00
00001E00
1F001E00
1F001E00
1F001E00
1F001E00
1F000000
ENDCHAR
STARTCHAR uni0960
ENCODING 2400
SWIDTH 698 0
DWIDTH 38 0
BBX 39 43 -1 -9
BITMAP
FFFFFFFFFE
FFFFFFFFFE
FFFFFFFFFE
FFFFFFFFFE
0000780000
0000780000
0000780000
0000780000
0000780000
0000780000
07F07801E0
0FF87801E0
0FFE7803E0
0FFE7807E0
083F781FE0
000FF87FE0
0007F8FFE0
0007FBFDE0
0003FFF1E0
0001FFC1E0
0000FF01E0
0001FE01E0
0007F80FE0
001FF81FE0
007FF81FE0
01FE783E00
03F8783C00
07F0783C00
07C0783C00
0700783E00
0400781FE0
0000780FE0
0000781FE0
0000781FE0
0000783E00
0000003C00
0000003C00
0000003C00
0000003E04
0000003FFC
0000001FFC
0000000FFC
00000003F0
ENDCHAR
STARTCHAR uni0961
ENCODING 2401
SWIDTH 634 0
DWIDTH 34 0
BBX 36 47 -1 -13
BITMAP
FFFFFFFFF0
FFFFFFFFF0
FFFFFFFFF0
FFFFFFFFF0
0000001E00
0000001E00
0000001E00
0000001E00
0000001E00
0000001E00
00F807DE00
03FE1FFE00
07FE3FFE00
0FFF3FFE00
0F87F87E00
1F03F03E00
1F03F01E00
1E01E01E00
1E01E01E00
1E01E01E00
1E01E01E00
1E01E01E00
1E01E01E00
1E00001E00
1E00001E00
1E00001E00
1F00007E00
0F0001FE00
0F8003FE00
07C003E000
07F003C000
03FF03C000
00FF03C000
003F03E000
000001FE00
000000FE00
000001FE00
000001FE00
000003E000
000003C000
000003C000
000003C000
000003E040
000003FF80
000001FF80
000000FF80
0000003F00
ENDCHAR
STARTCHAR uni0962
ENCODING 2402
SWIDTH 0 0
DWIDTH 0 0
BBX 19 18 -15 -15
BITMAP
1E1E00
3F3F80
7F7F80
7FFF80
F9E780
F1E380
F1E780
F00780
700700
780F00
7E0E00
3E1E00
1E1E00
001E00
001FE0
001FE0
000FE0
0007C0
ENDCHAR
STARTCHAR uni0963
ENCODING 2403
SWIDTH 0 0
DWIDTH 0 0
BBX 19 23 -15 -20
BITMAP
1E1E00
3F3F00
7F7F80
7FFF80
F9E780
F1E780
F1E700
F00700
700E00
780E00
7E1E00
3E1E00
1E1FE0
001FE0
000FE0
000FC0
001E00
001E00
001E20
001FE0
001FE0
000FE0
0007C0
ENDCHAR
STARTCHAR uni0964
ENCODING 2404
SWIDTH 263 0
DWIDTH 14 0
BBX 4 34 5 0
BITMAP
F0
F0
F0
F0
F0
F0
F0
F0
F0
F0
F0
F0
F0
F0
F0
F0
F0
F0
F0
F0
F0
F0
F0
F0
F0
F0
F0
F0
F0
F0
F0
F0
F0
F0
ENDCHAR
STARTCHAR uni0965
ENCODING 2405
SWIDTH 434 0
DWIDTH 23 0
BBX 13 34 5 0
BITMAP
F078
F078
F078
F078
F078
F078
F078
F078
F078
F078
F078
F078
F078
F078
F078
F078
F078
F078
F078
F078
F078
F078
F078
F078
F078
F078
F078
F078
F078
F078
F078
F078
F078
F078
ENDCHAR
STARTCHAR uni0966
ENCODING 2406
SWIDTH 440 0
DWIDTH 24 0
BBX 18 22 3 7
BITMAP
07F000
1FFC00
3FFF00
7FFF00
7C1F80
F80780
F007C0
F003C0
F003C0
F003C0
F003C0
F003C0
F003C0
F003C0
F003C0
F007C0
F80780
7C1F80
7FFF00
3FFF00
1FFC00
07F000
ENDCHAR
STARTCHAR uni0967
ENCODING 2407
SWIDTH 356 0
DWIDTH 19 0
BBX 15 36 2 0
BITMAP
07E0
1FF0
3FF8
7FFC
7C7C
F83E
F01E
F01E
F81E
781E
7C1E
3FFC
3FFC
1FFC
07F8
0078
00F0
01F0
03E0
07C0
1F80
7F00
7C00
7C00
3E00
1F00
0F80
07C0
03E0
01F0
00F8
0078
007C
003C
0038
0078
ENDCHAR
STARTCHAR uni0968
ENCODING 2408
SWIDTH 404 0
DWIDTH 22 0
BBX 17 36 3 0
BITMAP
0FE000
1FF800
7FFC00
7FFC00
FC3E00
F81E00
F01F00
F00F00
F00F00
F00F00
000F00
000F00
000F80
000F80
000F80
000F80
000F00
F00F00
F00F00
F00F00
F00F00
F01F00
F81E00
FC3E00
FFFE00
FFFC00
FFF800
F7E000
F00000
F00000
F00000
F00000
F00000
F00000
F00000
F00000
ENDCHAR
STARTCHAR uni0969
ENCODING 2409
SWIDTH 420 0
DWIDTH 23 0
BBX 17 36 3 0
BITMAP
07F000
1FFC00
3FFE00
3FFF00
7C1F00
780F00
F80F80
F00780
F00780
000F80
000F00
000F00
003E00
07FC00
07F800
07FC00
07FE00
003F00
000F80
000780
000780
F00780
F00780
F00780
F00780
F80F80
FC1F80
FFFF00
FFFE00
FFFC00
F3F000
F00000
F00000
F00000
F00000
F00000
ENDCHAR
STARTCHAR uni096A
ENCODING 2410
SWIDTH 440 0
DWIDTH 24 0
BBX 18 36 3 -1
BITMAP
F003C0
F003C0
F003C0
F003C0
F003C0
F003C0
F003C0
F003C0
F003C0
F003C0
F003C0
F003C0
F003C0
F003C0
F807C0
F80780
7E1F80
3FFF00
1FFE00
1FFC00
3FFE00
3E1F00
7C0F80
780780
F80780
F00780
F003C0
F00780
F80780
780780
7C0F80
7E1F00
3FFF00
1FFE00
0FFC00
03F000
ENDCHAR
STARTCHAR uni096B
ENCODING 2411
SWIDTH 419 0
DWIDTH 23 0
BBX 17 35 3 0
BITMAP
1E0000
3E0000
3C0000
3C0000
780000
780000
780000
780000
F00000
F00000
F00000
F00000
F00000
F00000
F00000
F00780
F00780
F00780
F00780
F00780
F00780
F00F80
F80F80
781F80
7C3F80
3FFF80
3FFF80
1FFF80
07E780
000780
000780
000780
000780
000780
000780
ENDCHAR
STARTCHAR uni096C
ENCODING 2412
SWIDTH 420 0
DWIDTH 23 0
BBX 21 36 2 0
BITMAP
03F000
0FFC00
1FFE00
3FFF00
3E1F80
7C0F80
780780
780780
7807C0
780000
780000
3C0000
3E0000
1FF000
07F000
0FF000
3FF000
3E0000
7C0000
780000
F80000
F80780
F807C0
F803C0
F807C0
7C07C0
7E0FE0
3FFFE0
3FFDE0
0FF9E0
03F1F0
0000F0
0000F0
0000F0
0000F0
000078
ENDCHAR
STARTCHAR uni096D
ENCODING 2413
SWIDTH 516 0
DWIDTH 28 0
BBX 24 36 2 -1
BITMAP
0F0000
1F0000
1E0000
1E0000
1E0000
3C0000
3C03E0
3C0FF8
3C1FFC
7C3FFC
783E3E
783C1E
783C1E
787C1E
78781E
F8781E
F07C1F
F03C1F
F03C1F
F03F1E
F01FFE
F00FFE
F807FE
F803FE
78001E
78001E
78001E
78003C
7C003C
3C0078
3E00F8
1F81F0
1FFFF0
0FFFE0
03FF80
00FE00
ENDCHAR
STARTCHAR uni096E
ENCODING 2414
SWIDTH 444 0
DWIDTH 24 0
BBX 20 36 2 -1
BITMAP
0007C0
000F80
001F00
003E00
007E00
007C00
00F800
01F000
01F000
03E000
07C000
07C000
0F8000
0F0000
1F0000
1E0000
3E0000
3C0000
3C0000
7C0000
780000
780000
780000
F80000
F80000
F801F0
F801F0
F801F0
F801F0
7C01F0
7C03E0
3F07E0
3FFFC0
1FFF80
0FFF00
01FC00
ENDCHAR
STARTCHAR uni096F
ENCODING 2415
SWIDTH 402 0
DWIDTH 22 0
BBX 17 36 2 0
BITMAP
03F000
0FFC00
1FFE00
3FFF00
3E1F80
7C0F80
780780
780780
F00780
F00780
F00780
F00F80
F83F00
7FFE00
7FFC00
7FF800
7FE000
3C0000
3C0000
3E0000
1E0000
1F0000
0F8000
07C000
07C000
03E000
01F000
00F800
007C00
003E00
003E00
001F00
000F00
000F00
000F00
000E00
ENDCHAR
STARTCHAR uni0970
ENCODING 2416
SWIDTH 422 0
DWIDTH 23 0
BBX 16 16 3 19
BITMAP
03E0
0FF8
1FFC
3C3E
780F
7007
7007
F007
F007
7007
7007
780F
3C1E
1FFC
0FF8
03E0
ENDCHAR
STARTCHAR uni0971
ENCODING 2417
SWIDTH 251 0
DWIDTH 14 0
BBX 5 5 4 30
BITMAP
F8
F8
F8
F8
F8
ENDCHAR
STARTCHAR uni0972
ENCODING 2418
SWIDTH 614 0
DWIDTH 33 0
BBX 32 45 2 0
BITMAP
01E01E00
01E01C00
01E03C00
01E03C00
00F87C00
00FFF800
007FF000
001FC000
00000000
00000000
03F00000
0FFC1FFF
1FFE1FFF
3FFF1FFF
7E1F1FFF
7C0F81E0
780F81E0
780781E0
780781E0
000781E0
000781E0
000F81E0
000F01E0
001F01E0
03FE01E0
03FC01E0
03FE01E0
03FF01E0
001FFFE0
000FFFE0
0007FFE0
0007FFE0
000781E0
F00781E0
F00781E0
F00781E0
F80781E0
780F81E0
7C1F81E0
7FFF01E0
3FFE01E0
1FFC01E0
07F001E0
000001E0
000001E0
ENDCHAR
STARTCHAR uni0973
ENCODING 2419
SWIDTH 614 0
DWIDTH 33 0
BBX 32 47 2 0
BITMAP
000001E0
000001E0
000001E0
000001E0
000001E0
000001E0
000001E0
000001E0
000001E0
000001E0
00000000
00000000
03F00000
0FFC1FFF
1FFE1FFF
3FFF1FFF
7E1F1FFF
7C0F81E0
780F81E0
780781E0
780781E0
000781E0
000781E0
000F81E0
000F01E0
001F01E0
03FE01E0
03FC01E0
03FE01E0
03FF01E0
001FFFE0
000FFFE0
0007FFE0
0007FFE0
000781E0
F00781E0
F00781E0
F00781E0
F80781E0
780F81E0
7C1F81E0
7FFF01E0
3FFE01E0
1FFC01E0
07F001E0
000001E0
000001E0
ENDCHAR
STARTCHAR uni0974
ENCODING 2420
SWIDTH 842 0
DWIDTH 45 0
BBX 44 47 2 0
BITMAP
000000001E00
000000001E00
000000001E00
000000001E00
000000001E00
000000001E00
000000001E00
000000001E00
000000001E00
000000001E00
000000000000
000000000000
03F000000000
0FFC1FFFFFF0
1FFE1FFFFFF0
3FFF1FFFFFF0
7E1F1FFFFFF0
7C0F81E01E00
780F81E01E00
780781E01E00
780781E01E00
000781E01E00
000781E01E00
000F81E01E00
000F01E01E00
001F01E01E00
03FE01E01E00
03FC01E01E00
03FE01E01E00
03FF01E01E00
001FFFE01E00
000FFFE01E00
0007FFE01E00
0007FFE01E00
000781E01E00
F00781E01E00
F00781E01E00
F00781E01E00
F80781E01E00
780F81E01E00
7C1F81E01E00
7FFF01E01E00
3FFE01E01E00
1FFC01E01E00
07F001E01E00
000001E01E00
000001E01E00
ENDCHAR
STARTCHAR uni0975
ENCODING 2421
SWIDTH 842 0
DWIDTH 45 0
BBX 44 48 2 0
BITMAP
00001E000000
00001E000000
00001F000000
00001FFFFE00
00000FFFFF80
0007CFFFFF80
0007C3FFFFC0
0003C00007C0
0003C00003C0
0003FFFFC3C0
0001FFFFF3C0
00007FFFF3C0
00000000FBC0
03F000007F80
0FFC1FFFFFF0
1FFE1FFFFFF0
3FFF1FFFFFF0
7E1F1FFFFFF0
7C0F81E01E00
780F81E01E00
780781E01E00
780781E01E00
000781E01E00
000781E01E00
000F81E01E00
000F01E01E00
001F01E01E00
03FE01E01E00
03FC01E01E00
03FE01E01E00
03FF01E01E00
001FFFE01E00
000FFFE01E00
0007FFE01E00
0007FFE01E00
000781E01E00
F00781E01E00
F00781E01E00
F80781E01E00
F80F81E01E00
7C1F81E01E00
7FFF01E01E00
3FFE01E01E00
1FFC01E01E00
07F001E01E00
000001E01E00
000001E01E00
000001E01E00
ENDCHAR
STARTCHAR uni0976
ENCODING 2422
SWIDTH 614 0
DWIDTH 33 0
BBX 32 43 2 -8
BITMAP
03F00000
0FFC1FFF
1FFE1FFF
3FFF1FFF
7E1F1FFF
7C0F81E0
780F81E0
780781E0
780781E0
000781E0
000781E0
000F81E0
000F01E0
001F01E0
03FE01E0
03FC01E0
03FE01E0
03FF01E0
001FFFE0
000FFFE0
0007FFE0
0007FFE0
000781E0
F00781E0
F00781E0
F00781E0
F80781E0
780F81E0
7C1F81E0
7FFF01E0
3FFE01E0
1FFC01E0
07F001E0
000001E0
000001E0
000001E0
00000000
03C00700
03E00F00
01F03E00
00FFFE00
007FF800
001FE000
ENDCHAR
STARTCHAR uni0977
ENCODING 2423
SWIDTH 614 0
DWIDTH 33 0
BBX 32 51 2 -16
BITMAP
03F00000
0FFC1FFF
1FFE1FFF
3FFF1FFF
7E1F1FFF
7C0F81E0
780F81E0
780781E0
780781E0
000781E0
000781E0
000F81E0
000F01E0
001F01E0
03FE01E0
03FC01E0
03FE01E0
03FF01E0
001FFFE0
000FFFE0
0007FFE0
0007FFE0
000781E0
F00781E0
F00781E0
F00781E0
F80781E0
780F81E0
7C1F81E0
7FFF01E0
3FFE01E0
1FFC01E0
07F001E0
000001E0
000001E0
000001E0
00000000
03C00700
03E00F00
01F03E00
00FFFE00
007FF800
001FE000
00000000
03C00700
03C00F00
01E01F00
01F03E00
00FFFC00
007FF800
001FE000
ENDCHAR
STARTCHAR uni0978
ENCODING 2424
SWIDTH 458 0
DWIDTH 25 0
BBX 26 34 -1 0
BITMAP
FFFFFFC0
FFFFFFC0
FFFFFFC0
FFFFFFC0
001E0000
001E0000
001E0000
001E0000
001E0000
001E0000
001E0000
001E0000
001E0000
001E0000
003E0000
003C0000
007C0000
0FFF8000
0FFFE000
0FFFF000
0FFFF800
0000FC00
00007C00
00003C00
00003C00
00003E00
00003E00
00003C00
00003C00
00003C00
00007C00
00007800
00007800
0000F800
ENDCHAR
STARTCHAR uni0979
ENCODING 2425
SWIDTH 519 0
DWIDTH 28 0
BBX 30 42 -1 -8
BITMAP
FFFFFFFC
FFFFFFFC
FFFFFFFC
FFFFFFFC
00000780
00000780
00000780
00000780
00000780
00000780
00000780
3C07FF80
3C07FF80
3C07FF80
3C07FF80
3C078780
3C078780
3C078780
3C078780
3C078780
3C078780
3C078780
3C078780
3E0F8780
1F1F0780
1FFF0780
0FFE0780
07FC0780
03F80780
00000780
00000780
00000780
00000780
3E07C780
3E07C000
3E07C000
3E07C000
3FF7C000
01F00000
01F00000
01F00000
01F00000
ENDCHAR
STARTCHAR uni097A
ENCODING 2426
SWIDTH 491 0
DWIDTH 27 0
BBX 28 34 -1 0
BITMAP
FFFFFFF0
FFFFFFF0
FFFFFFF0
FFFFFFF0
01F01E00
00F81E00
00781E00
007C1E00
007C1E00
007E1E00
007E1E00
007F1E00
00FB1E00
01FB9E00
1FF19E00
1FE1DE00
1F80FE00
1F00FE00
1F007E00
0F007E00
0F803E00
0FC03E00
07E0FE00
07FFFE00
03FFFE00
00FFDE00
003F1E00
00001E00
00001E00
00001E00
00001E00
00001E00
00001E00
00001E00
ENDCHAR
STARTCHAR uni097B
ENCODING 2427
SWIDTH 564 0
DWIDTH 30 0
BBX 32 34 -1 0
BITMAP
FFFFFFFF
FFFFFFFF
FFFFFFFF
FFFFFFFF
000F01E0
000F01E0
000F01E0
000F01E0
000F01E0
000F01E0
000F01E0
000F01E0
000F01E0
03FF01E0
0FFF01E0
1FFF01E0
1FFF01E0
3E0F01E0
3C0F01E0
3C0F01E0
3C0F01E0
3C0F01E0
3E1F01E0
1FFE01E0
0FFE01E0
07FC01E0
03F001E0
000001E0
000001E0
000001E0
000001E0
0FFFFFE0
0FFFFFE0
0FFFFFE0
ENDCHAR
STARTCHAR uni097C
ENCODING 2428
SWIDTH 518 0
DWIDTH 28 0
BBX 30 34 -1 0
BITMAP
FFFFFFFC
FFFFFFFC
FFFFFFFC
FFFFFFFC
00000780
00000780
00000780
00000780
00000780
00000780
00000780
3C07FF80
3C07FF80
3C07FF80
3C07FF80
3C078780
3C078780
3C078780
3C078780
3C078780
3C078780
3C078780
3E0F8780
3E1F0780
1FFF0780
1FFE0780
0FFC0780
03F80780
00000780
00000780
00000780
3FFFFF80
3FFFFF80
3FFFFF80
ENDCHAR
STARTCHAR uni097D
ENCODING 2429
SWIDTH 420 0
DWIDTH 23 0
BBX 18 35 2 0
BITMAP
03F800
0FFE00
1FFF00
3FFF80
3E0F80
7C07C0
7807C0
F807C0
F803C0
F803C0
F803C0
F803C0
0007C0
0007C0
000F80
001F80
003F00
007E00
007C00
00F800
00F800
01F000
01F000
01E000
01E000
01E000
01E000
01E000
01E000
01E000
01E000
01E000
01E000
01E000
01E000
ENDCHAR
STARTCHAR uni097E
ENCODING 2430
SWIDTH 412 0
DWIDTH 22 0
BBX 24 37 -1 -3
BITMAP
FFFFFF
FFFFFF
FFFFFF
FFFFFF
0001E0
0001E0
0001E0
0001E0
0001E0
01FFE0
07FFE0
0FFFE0
0FFFE0
1F8000
1F0000
1F0000
1F0000
0FFF80
0FFFC0
07FFE0
01FFF0
0001F0
0000F8
000078
3E0078
3E00F8
1E00F8
1F81F0
1FFFF0
0FFFE0
07FFC0
00FF00
000000
000000
1FFFF0
1FFFF0
1FFFF0
ENDCHAR
STARTCHAR uni097F
ENCODING 2431
SWIDTH 454 0
DWIDTH 25 0
BBX 26 34 -1 0
BITMAP
FFFFFFC0
FFFFFFC0
FFFFFFC0
FFFFFFC0
00007800
00007800
00007800
00007800
00FC7800
03FF7800
07FFF800
0FFFF800
1FE1F800
1F60F800
1E707800
1E387800
1E387800
1E1C7800
1E0C7800
1E0E7800
1E067800
1F07F800
1F83F800
0FFFF800
07FFF800
03FF7800
00FC7800
00007800
00007800
00007800
00007800
1FFFF800
1FFFF800
1FFFF800
ENDCHAR
STARTCHAR uni1CDA
ENCODING 7386
SWIDTH 0 0
DWIDTH 0 0
BBX 10 13 -8 50
BITMAP
F1C0
F1C0
F1C0
F1C0
F1C0
F1C0
F1C0
F1C0
F1C0
F1C0
F1C0
F1C0
F1C0
ENDCHAR
STARTCHAR uni1CDB
ENCODING 7387
SWIDTH 0 0
DWIDTH 0 0
BBX 15 13 -8 50
BITMAP
F38E
F38E
F38E
F38E
F38E
F38E
F38E
F38E
F38E
F38E
F38E
F38E
F38E
ENDCHAR
STARTCHAR uni1CF5
ENCODING 7413
SWIDTH 504 0
DWIDTH 27 0
BBX 27 34 0 0
BITMAP
7E0007C0
3E000F80
1F000F00
0F001F00
0F801E00
07C03C00
07C07C00
03E07800
01E0F800
01F0F000
00F1E000
00FBE000
007FC000
003FC000
003F8000
001F0000
001F0000
001F8000
003F8000
003FC000
007BC000
00FBE000
00F1F000
01E0F000
03E0F800
03C07C00
07C07C00
07803E00
0F001E00
1F001F00
1E000F80
3E000F80
7C0007C0
F80003E0
ENDCHAR
STARTCHAR uni1CF6
ENCODING 7414
SWIDTH 594 0
DWIDTH 32 0
BBX 28 30 2 4
BITMAP
F00F00F0
F00F00F0
F00F00F0
F00F00F0
F00F00F0
F00F00F0
F81F80F0
F81F81F0
7C3FC3E0
7FF9FFE0
3FF9FFC0
1FF0FF80
07C03E00
00000000
00000000
00000000
07C03E00
1FF0FF80
3FF9FFC0
7FF9FFE0
7C3FC3E0
781F81F0
F81F81F0
F00F00F0
F00F00F0
F00F00F0
F00F00F0
F00F00F0
F00F00F0
F00F00F0
ENDCHAR
STARTCHAR Wgrave
ENCODING 7808
SWIDTH 711 0
DWIDTH 38 0
BBX 38 44 0 0
BITMAP
0007C00000
0001E00000
0001F00000
0000F00000
0000780000
00003C0000
00001C0000
0000000000
0000000000
0000000000
F800FC003C
7800FE003C
7C00FE0078
7C00FE0078
3C00FE0078
3C01FE0078
3E01EF0070
3E01EF00F0
3E01EF00F0
1E01CF00F0
1E01CF00E0
1F03CF01E0
1F03CF81E0
0F03C781E0
0F03C781E0
0F838781C0
0F838783C0
078787C3C0
078783C3C0
078783C380
07C703C780
07C703C780
03C703C780
03CF03E700
03EF01E700
03EF01EF00
01EE01EF00
01EE01EF00
01EE01EE00
01EE00FE00
00FE00FE00
00FE00FE00
00FC00FC00
00FC00FC00
ENDCHAR
STARTCHAR wgrave
ENCODING 7809
SWIDTH 544 0
DWIDTH 29 0
BBX 29 36 0 0
BITMAP
007C0000
003C0000
001E0000
000F0000
000F0000
00078000
0003C000
00000000
00000000
00000000
F80F8078
F80F8078
780FC078
780FC0F0
7C0FC0F0
7C1DC0F0
3C1DC0F0
3C1DE1E0
3C1DE1E0
3E1DE1E0
1E1DE1E0
1E3CE1C0
1E3CE3C0
1F38F3C0
0F38F3C0
0F38F380
0F387380
0F787780
07F07780
07F07F00
07F07F00
07F07F00
03F03F00
03F03E00
03E03E00
03E03E00
ENDCHAR
STARTCHAR Wacute
ENCODING 7810
SWIDTH 711 0
DWIDTH 38 0
BBX 38 45 0 0
BITMAP
0000078000
00000F0000
00001F0000
00001E0000
00003C0000
0000380000
0000780000
0000F00000
0000000000
0000000000
0000000000
F800FC003C
7800FE003C
7C00FE0078
7C00FE0078
3C00FE0078
3C01FE0078
3E01EF0070
3E01EF00F0
3E01EF00F0
1E01CF00F0
1E01CF00E0
1F03CF01E0
1F03CF81E0
0F03C781E0
0F03C781E0
0F838781C0
0F838783C0
078787C3C0
078783C3C0
078783C380
07C703C780
07C703C780
03C703C780
03CF03E700
03EF01E700
03EF01EF00
01EE01EF00
01EE01EF00
01EE01EE00
01EE00FE00
00FE00FE00
00FE00FE00
00FC00FC00
00FC00FC00
ENDCHAR
STARTCHAR wacute
ENCODING 7811
SWIDTH 544 0
DWIDTH 29 0
BBX 29 36 0 0
BITMAP
0000F800
0001E000
0003E000
0003C000
00078000
000F0000
000E0000
00000000
00000000
00000000
F80F8078
F80F8078
780FC078
780FC0F0
7C0FC0F0
7C1DC0F0
3C1DC0F0
3C1DE1E0
3C1DE1E0
3E1DE1E0
1E1DE1E0
1E3CE1C0
1E3CE3C0
1F38F3C0
0F38F3C0
0F38F380
0F387380
0F787780
07F07780
07F07F00
07F07F00
07F07F00
03F03F00
03F03E00
03E03E00
03E03E00
ENDCHAR
STARTCHAR Wdieresis
ENCODING 7812
SWIDTH 711 0
DWIDTH 38 0
BBX 38 44 0 0
BITMAP
0007C78000
0007C78000
0007C78000
0007C78000
0000000000
0000000000
0000000000
0000000000
0000000000
0000000000
F800FC003C
7800FE003C
7C00FE0078
7C00FE0078
3C00FE0078
3C01FE0078
3E01EF0070
3E01EF00F0
3E01EF00F0
1E01CF00F0
1E01CF00E0
1F03CF01E0
1F03CF81E0
0F03C781E0
0F03C781E0
0F838781C0
0F838783C0
078787C3C0
078783C3C0
078783C380
07C703C780
07C703C780
03C703C780
03CF03E700
03EF01E700
03EF01EF00
01EE01EF00
01EE01EF00
01EE01EE00
01EE00FE00
00FE00FE00
00FE00FE00
00FC00FC00
00FC00FC00
ENDCHAR
STARTCHAR wdieresis
ENCODING 7813
SWIDTH 544 0
DWIDTH 29 0
BBX 29 36 0 0
BITMAP
0078F800
0078F800
0078F800
0078F800
0078F800
00000000
00000000
00000000
00000000
00000000
F80F8078
F80F8078
780FC078
780FC0F0
7C0FC0F0
7C1DC0F0
3C1DC0F0
3C1DE1E0
3C1DE1E0
3E1DE1E0
1E1DE1E0
1E3CE1C0
1E3CE3C0
1F38F3C0
0F38F3C0
0F38F380
0F387380
0F787780
07F07780
07F07F00
07F07F00
07F07F00
03F03F00
03F03E00
03E03E00
03E03E00
ENDCHAR
STARTCHAR Ygrave
ENCODING 7922
SWIDTH 503 0
DWIDTH 27 0
BBX 27 44 0 0
BITMAP
00F80000
00780000
003C0000
001E0000
001E0000
000F0000
00078000
00000000
00000000
00000000
FC0003E0
7C0003C0
3E000780
3E000780
1F000F00
1F000F00
0F801E00
0F803E00
07C03C00
03C07C00
03E07800
01F0F000
01F0F000
00F9E000
00F9E000
007FC000
007FC000
003F8000
001F8000
001F0000
001F0000
001F0000
001F0000
001F0000
001F0000
001F0000
001F0000
001F0000
001F0000
001F0000
001F0000
001F0000
001F0000
001F0000
ENDCHAR
STARTCHAR ygrave
ENCODING 7923
SWIDTH 376 0
DWIDTH 20 0
BBX 20 45 0 -9
BITMAP
0F8000
03C000
03C000
01E000
00F000
007000
003800
000000
000000
000000
F800F0
7801E0
7C01E0
3C01E0
3C01E0
3E03C0
1E03C0
1E03C0
1E03C0
1F0780
0F0780
0F0780
0F8780
078F00
078F00
078F00
03CE00
03DE00
03DE00
01FE00
01FC00
01FC00
00FC00
00FC00
00F800
00F800
00F800
00F000
01F000
01F000
07E000
3FC000
3FC000
3F8000
3E0000
ENDCHAR
STARTCHAR uni200C
ENCODING 8204
SWIDTH 0 0
DWIDTH 0 0
BBX 4 70 0 -23
BITMAP
F0
F0
F0
F0
F0
F0
F0
F0
F0
F0
F0
F0
F0
F0
F0
F0
F0
F0
F0
F0
F0
F0
F0
F0
F0
F0
F0
F0
F0
F0
F0
F0
F0
F0
F0
F0
F0
F0
F0
F0
F0
F0
F0
F0
F0
F0
F0
F0
F0
F0
F0
F0
F0
F0
F0
F0
F0
F0
F0
F0
F0
F0
F0
F0
F0
F0
F0
F0
F0
F0
ENDCHAR
STARTCHAR uni200D
ENCODING 8205
SWIDTH 0 0
DWIDTH 0 0
BBX 13 70 0 -22
BITMAP
FFF8
FFF8
FFF8
FFF8
F000
F000
F000
F000
F000
F000
F000
F000
F000
F000
F000
F000
F000
F000
F000
F000
F000
F000
F000
F000
F000
F000
F000
F000
F000
F000
F000
F000
F000
F000
F000
F000
F000
F000
F000
F000
F000
F000
F000
F000
F000
F000
F000
F000
F000
F000
F000
F000
F000
F000
F000
F000
F000
F000
F000
F000
F000
F000
F000
F000
F000
F000
F000
F000
F000
F000
ENDCHAR
STARTCHAR endash
ENCODING 8211
SWIDTH 419 0
DWIDTH 23 0
BBX 23 4 0 12
BITMAP
FFFFFE
FFFFFE
FFFFFE
FFFFFE
ENDCHAR
STARTCHAR emdash
ENCODING 8212
SWIDTH 754 0
DWIDTH 41 0
BBX 41 4 0 12
BITMAP
FFFFFFFFFF80
FFFFFFFFFF80
FFFFFFFFFF80
FFFFFFFFFF80
ENDCHAR
STARTCHAR uni2015
ENCODING 8213
SWIDTH 754 0
DWIDTH 41 0
BBX 30 4 5 12
BITMAP
FFFFFFFC
FFFFFFFC
FFFFFFFC
FFFFFFFC
ENDCHAR
STARTCHAR underscoredbl
ENCODING 8215
SWIDTH 460 0
DWIDTH 25 0
BBX 23 7 1 -11
BITMAP
FFFFFE
FFFFFE
FFFFFE
000000
FFFFFE
FFFFFE
FFFFFE
ENDCHAR
STARTCHAR quoteleft
ENCODING 8216
SWIDTH 167 0
DWIDTH 9 0
BBX 5 11 2 23
BITMAP
38
38
70
70
70
E0
F8
F8
F8
F8
F8
ENDCHAR
STARTCHAR quoteright
ENCODING 8217
SWIDTH 167 0
DWIDTH 9 0
BBX 5 11 2 23
BITMAP
F8
F8
F8
F8
F8
38
30
70
70
E0
E0
ENDCHAR
STARTCHAR quotesinglbase
ENCODING 8218
SWIDTH 167 0
DWIDTH 9 0
BBX 5 11 2 -6
BITMAP
F8
F8
F8
F8
F8
30
70
70
60
E0
E0
ENDCHAR
STARTCHAR quotereversed
ENCODING 8219
SWIDTH 167 0
DWIDTH 9 0
BBX 5 11 2 23
BITMAP
F8
F8
F8
F8
F8
E0
70
70
70
38
38
ENDCHAR
STARTCHAR quotedblleft
ENCODING 8220
SWIDTH 251 0
DWIDTH 14 0
BBX 11 11 1 23
BITMAP
3860
38E0
30E0
71C0
71C0
E1C0
FBE0
FBE0
FBE0
FBE0
FBE0
ENDCHAR
STARTCHAR quotedblright
ENCODING 8221
SWIDTH 251 0
DWIDTH 14 0
BBX 11 11 1 23
BITMAP
FBE0
FBE0
FBE0
FBE0
FBE0
38E0
30E0
70C0
71C0
61C0
E380
ENDCHAR
STARTCHAR quotedblbase
ENCODING 8222
SWIDTH 251 0
DWIDTH 14 0
BBX 11 11 1 -6
BITMAP
FBE0
FBE0
FBE0
FBE0
FBE0
38E0
30E0
70C0
71C0
61C0
E380
ENDCHAR
STARTCHAR dagger
ENCODING 8224
SWIDTH 419 0
DWIDTH 23 0
BBX 19 43 2 -9
BITMAP
01F000
01E000
01E000
01E000
01E000
00E000
00E000
00E000
00E000
F8E3E0
FFFFE0
FFFFE0
FFFFE0
80E020
00E000
00E000
00E000
00E000
00E000
00E000
00E000
00E000
00E000
00E000
00E000
01E000
01E000
01E000
01E000
01E000
01E000
01E000
01E000
01E000
01E000
01E000
01E000
01E000
01E000
01E000
01F000
01F000
01F000
ENDCHAR
STARTCHAR daggerdbl
ENCODING 8225
SWIDTH 419 0
DWIDTH 23 0
BBX 19 43 2 -9
BITMAP
01F000
01E000
01E000
01E000
01E000
00E000
00E000
00E000
00E000
F8E3E0
FFFFE0
FFFFE0
FFFFE0
80E020
00E000
00E000
01E000
01E000
01E000
01E000
01F000
01F000
01F000
01E000
01E000
01E000
01E000
00E000
00E000
80E020
FFFFE0
FFFFE0
FFFFE0
FEEFE0
00E000
00E000
00E000
00E000
01E000
01E000
01E000
01E000
01F000
ENDCHAR
STARTCHAR bullet
ENCODING 8226
SWIDTH 264 0
DWIDTH 14 0
BBX 11 11 2 12
BITMAP
1E00
7F80
7FC0
FFC0
FFC0
FFE0
FFE0
FFC0
7FC0
7F80
1E00
ENDCHAR
STARTCHAR ellipsis
ENCODING 8230
SWIDTH 754 0
DWIDTH 41 0
BBX 32 5 4 0
BITMAP
F803E01F
F803E01F
F803E01F
F803E01F
F803E01F
ENDCHAR
STARTCHAR perthousand
ENCODING 8240
SWIDTH 754 0
DWIDTH 41 0
BBX 39 36 2 -1
BITMAP
1F00000000
3F800F0000
7FC00E0000
71E01C0000
F1E01C0000
E0E0380000
E0E0780000
E0E0700000
E0E0E00000
E0F0E00000
E0E1C00000
E0E1C00000
E0E3800000
E0E3800000
F1E7000000
71EF000000
7FCE000000
3F9C000000
1F1C7C03E0
0038FF07F8
0039FF0FFC
0071C78F3C
0073C39E1C
00E3C39E1C
01E3839C1E
01C383DC1E
038383DC1E
038383DC1E
070383DC1E
0703839E1E
0E03C39E1C
0E03C39E1C
1C01C78F3C
3C01FF0FF8
3800FF07F8
00007C03E0
ENDCHAR
STARTCHAR minute
ENCODING 8242
SWIDTH 145 0
DWIDTH 8 0
BBX 6 8 1 26
BITMAP
7C
7C
78
78
78
70
F0
F0
ENDCHAR
STARTCHAR second
ENCODING 8243
SWIDTH 267 0
DWIDTH 14 0
BBX 12 8 1 26
BITMAP
7CF0
7DF0
79F0
79E0
79E0
71E0
F1C0
F3C0
ENDCHAR
STARTCHAR uni2038
ENCODING 8248
SWIDTH 260 0
DWIDTH 14 0
BBX 13 14 1 -11
BITMAP
0F00
0F00
0F00
1F80
1F80
1FC0
3FC0
3FC0
79E0
79E0
79E0
F8F0
F0F0
F0F8
ENDCHAR
STARTCHAR guilsinglleft
ENCODING 8249
SWIDTH 251 0
DWIDTH 14 0
BBX 11 20 1 6
BITMAP
01E0
03C0
03C0
0780
0F00
0F00
1E00
3E00
3C00
7C00
FC00
7C00
3E00
1E00
0F00
0F00
0780
03C0
03C0
01E0
ENDCHAR
STARTCHAR guilsinglright
ENCODING 8250
SWIDTH 251 0
DWIDTH 14 0
BBX 10 20 2 6
BITMAP
E000
F000
7800
3C00
3C00
1E00
1F00
0F00
0F80
07C0
07C0
0F80
0F00
1F00
1E00
3C00
3C00
7800
F000
E000
ENDCHAR
STARTCHAR exclamdbl
ENCODING 8252
SWIDTH 419 0
DWIDTH 23 0
BBX 16 34 3 0
BITMAP
FC1F
FC1F
F81F
F81F
F81F
F81F
F81F
F81F
F81F
F81F
F81F
781F
781F
781F
781F
781E
781E
781E
781E
780E
780E
780E
700E
700E
700E
700E
0000
0000
0000
F81F
F81F
F81F
F81F
F81F
ENDCHAR
STARTCHAR uni203E
ENCODING 8254
SWIDTH 460 0
DWIDTH 25 0
BBX 25 3 0 40
BITMAP
FFFFFF80
FFFFFF80
FFFFFF80
ENDCHAR
STARTCHAR fraction
ENCODING 8260
SWIDTH 126 0
DWIDTH 7 0
BBX 24 36 -9 -1
BITMAP
000007
00000F
00000E
00001C
00001C
000038
000038
000070
0000E0
0000E0
0001C0
0001C0
000380
000780
000700
000E00
000E00
001C00
001C00
003800
007800
007000
00E000
00E000
01C000
03C000
038000
070000
070000
0E0000
0E0000
1C0000
3C0000
380000
700000
F00000
ENDCHAR
STARTCHAR uni207F
ENCODING 8319
SWIDTH 275 0
DWIDTH 15 0
BBX 11 18 2 18
BITMAP
C780
DFC0
FFE0
F1E0
E0E0
E0E0
E0E0
E0E0
E0E0
E0E0
E0E0
E0E0
E0E0
E0E0
E0E0
E0E0
E0E0
E0E0
ENDCHAR
STARTCHAR franc
ENCODING 8355
SWIDTH 464 0
DWIDTH 25 0
BBX 21 34 3 0
BITMAP
FFFF80
FFFF80
FFFF80
FFFF80
F00000
F00000
F00000
F00000
F00000
F00000
F00000
F01C78
F01CF8
F01EF8
F01FF8
FFFFC0
FFFF80
FFFF00
FFFF00
F01E00
F01E00
F01E00
F01E00
F01E00
F01E00
F01E00
F01E00
F01E00
F01E00
F01E00
F01E00
F01E00
F01E00
F01E00
ENDCHAR
STARTCHAR lira
ENCODING 8356
SWIDTH 419 0
DWIDTH 23 0
BBX 20 35 1 0
BITMAP
00FE00
01FF80
03FFC0
07FFC0
0F87E0
0F83E0
0F01E0
0F01E0
0F01E0
1F01F0
1F01F0
1F0000
1F0000
1F0000
FFFC00
FFFC00
FFFC00
FFFC00
1F0000
1F0000
FFFC00
FFFC00
FFFC00
FFFC00
1F0000
1F0000
1E0000
1E0000
1E0000
1E0000
1E0000
7FFFF0
7FFFF0
7FFFF0
7FFFF0
ENDCHAR
STARTCHAR peseta
ENCODING 8359
SWIDTH 876 0
DWIDTH 47 0
BBX 43 35 3 -1
BITMAP
FFF000000000
FFFE07000000
FFFF07000000
FFFF87000000
F81F8F000000
F807CF000000
F807CF000000
F803EF00FC00
F803FFFFFF00
F803FFFFFF80
F803FFFFFFC0
F803FFFF87C0
F803EF1F03C0
F807CF1E03C0
F807CF1E03E0
F81FCF1E0000
FFFF8F1F0000
FFFF0F1F8000
FFFE0F0FE000
FFF00F0FFC00
F8000F07FF00
F8000F01FF80
F8000F003FC0
F8000F000FC0
F8000F0003E0
F8000F0003E0
F8000F3E01E0
F8000F3E01E0
F8000F3E01E0
F8000F1E03E0
F8000F9F87C0
F8000FFFFFC0
F80007FFFF80
F80007F7FF00
000003E1FC00
ENDCHAR
STARTCHAR Euro
ENCODING 8364
SWIDTH 419 0
DWIDTH 23 0
BBX 20 36 1 -1
BITMAP
0007F0
003FF0
007FF0
00FFF0
01FC00
03F000
07E000
07C000
0F8000
0F0000
0F0000
1F0000
1E0000
FFFF80
FFFF80
FFFF80
FFFF80
1E0000
1E0000
1E0000
FFFF80
FFFF80
FFFF80
1E0000
1F0000
0F0000
0F0000
0F8000
07C000
07E000
03F000
01FC00
00FFF0
007FF0
003FF0
0007F0
ENDCHAR
STARTCHAR uni20B9
ENCODING 8377
SWIDTH 406 0
DWIDTH 22 0
BBX 19 34 1 0
BITMAP
FFFFE0
FFFFE0
FFFFE0
01F800
00FC00
007C00
003C00
003E00
FFFFE0
FFFFE0
FFFFE0
003E00
003E00
007C00
00FC00
01F800
FFF800
FFF000
FFE000
FF8000
F80000
7C0000
3E0000
1F0000
1F0000
0F8000
07C000
03E000
03F000
01F000
00F800
007C00
007E00
003F00
ENDCHAR
STARTCHAR uni2105
ENCODING 8453
SWIDTH 697 0
DWIDTH 38 0
BBX 33 35 2 0
BITMAP
0FC0007000
1FE000E000
3FF000E000
78F001C000
787001C000
7078038000
7078078000
F078070000
F0000E0000
F0000E0000
F0001C0000
F0783C0000
7078380000
7070700000
7870700000
78F0E00000
3FE0E0F800
1FE1C3FE00
0F8387FF00
0003878F00
0007070780
00070F0780
000E0E0380
001E0E0380
001C0E0380
00380E0380
00380E0380
00700E0380
00F00F0380
00E00F0780
01C00F0780
01C0078F00
038007FF00
038003FE00
070000F800
ENDCHAR
STARTCHAR uni2113
ENCODING 8467
SWIDTH 321 0
DWIDTH 17 0
BBX 13 37 2 -1
BITMAP
03C0
07F0
0FF0
1E38
1C38
3C38
3818
3818
3818
3838
3838
3838
3838
3870
3870
38E0
38E0
39C0
3BC0
3B80
3F00
3F00
3E00
3C00
7800
F800
F800
B800
B800
3800
3C00
3C00
1F08
1FF8
0FF8
0FF8
03E0
ENDCHAR
STARTCHAR uni2116
ENCODING 8470
SWIDTH 809 0
DWIDTH 44 0
BBX 39 35 3 0
BITMAP
00000007E0
F0001E0FF0
F8001E1FF8
F8001E3E3C
FC001E3C3C
FE001E381C
FE001E381E
FF001E381E
FF001E781E
FF801E781E
F7C01E781E
F7C01E781E
F3E01E781E
F3E01E381E
F1F01E381C
F1F81E3C3C
F0F81E3E3C
F07C1E1FF8
F07C1E0FF0
F03E1E07E0
F03F1E0000
F01F1E0000
F00F9E3FFC
F00F9E3FFC
F007DE3FFC
F007DE0000
F003DE0000
F001FE0000
F001FE0000
F000FE0000
F000FE0000
F0007E0000
F0003E0000
F0003E0000
F0001E0000
ENDCHAR
STARTCHAR trademark
ENCODING 8482
SWIDTH 754 0
DWIDTH 41 0
BBX 32 20 4 14
BITMAP
FFF8F00F
FFF8F00F
0700F01F
0700F01F
0700F81F
0700D81F
0700D837
0700D837
0700DC37
0700CC27
0700CC67
0700CC67
0700CE67
0700C6C7
0700C6C7
0700C7C7
0700C3C7
0700C387
0700C387
0700C387
ENDCHAR
STARTCHAR uni2126
ENCODING 8486
SWIDTH 706 0
DWIDTH 38 0
BBX 26 35 6 0
BITMAP
007F8000
01FFE000
07FFF800
0FFFFC00
1FC0FE00
3F003F00
3E001F00
7C000F80
7C000F80
78000780
F80007C0
F80007C0
F00003C0
F00003C0
F00003C0
F00003C0
F00003C0
F00003C0
F00003C0
F00003C0
F00003C0
F00003C0
F00003C0
F00003C0
F80007C0
78000780
78000780
3C000F00
3C000F00
1E001E00
0F003C00
FFC0FFC0
FFE1FFC0
FFE1FFC0
FFE1FFC0
ENDCHAR
STARTCHAR estimated
ENCODING 8494
SWIDTH 551 0
DWIDTH 30 0
BBX 26 27 2 -1
BITMAP
007F8000
01FFE000
07C0F800
0E001C00
1C000E00
3C000F00
3C000F00
7C000F80
7C000F80
7C000F80
7C000F80
FC000FC0
FFFFFFC0
FFFFFFC0
FC000000
FC000000
FC000000
7C000000
7C000000
7C000000
3C000300
3C000700
1C000E00
0E001C00
07807800
01FFE000
007F8000
ENDCHAR
STARTCHAR oneeighth
ENCODING 8539
SWIDTH 629 0
DWIDTH 34 0
BBX 31 36 1 -1
BITMAP
00000070
06000070
1E0000E0
FE0000E0
FE0001C0
0E000380
0E000380
0E000700
0E000700
0E000E00
0E001E00
0E001C00
0E003800
0E003800
0E007000
0E0071F0
0E00E3F8
0E01C7FC
7FE1CF1C
7FE38E1E
7FE38E1E
00070E1E
000F0E1C
000E0F1C
001C07FC
001C03F8
003807FC
00380F1C
00700E0E
00F00E0E
00E00E0E
01C00E0E
01C00F1E
03800FFC
078007F8
070001F0
ENDCHAR
STARTCHAR threeeighths
ENCODING 8540
SWIDTH 629 0
DWIDTH 34 0
BBX 30 36 2 -1
BITMAP
1F0000E0
3FC001C0
7FC003C0
71E00380
F0E00700
E0E00700
E0E00E00
00E00E00
01E01C00
0FC03C00
0F803800
0FC07000
01E07000
00E0E000
00E0E000
E0F1C3E0
E0E3C7F0
E0E38FF8
F1E71E38
7FE71C3C
3FCE1C3C
1F0E1C3C
001C1C38
003C1E38
00380FF8
007007F0
00700FF8
00E01E38
00E01C1C
01C01C1C
03C01C1C
03801C1C
07001E3C
07001FF8
0E000FF0
1E0003E0
ENDCHAR
STARTCHAR fiveeighths
ENCODING 8541
SWIDTH 629 0
DWIDTH 34 0
BBX 30 36 2 -1
BITMAP
000000E0
7FE000E0
7FE001C0
7FE003C0
70000380
70000700
60000700
60000E00
EF000E00
FFC01C00
FFC03800
F1E03800
E0E07000
00E07000
00E0E000
E0E1E3E0
E0E1C7F0
E0E38FF8
F1E38E3C
7FC71E1C
3F871C1C
1F0E1C1C
001C1E1C
001C0E38
00380FF8
003807F0
00700FF8
00F01E3C
00E01C1C
01C01C1C
01C01C1C
03801C1C
03801E3C
07000FF8
0F000FF8
0E0003E0
ENDCHAR
STARTCHAR seveneighths
ENCODING 8542
SWIDTH 629 0
DWIDTH 34 0
BBX 30 36 3 -1
BITMAP
00000380
FFF00380
FFF00700
FFE00700
01E00E00
01C01E00
03801C00
03803800
07803800
07007000
0F007000
0E00E000
0E01E000
1C01C000
1C038000
1C0387C0
1C070FF0
1C0F1FF0
3C0E1E78
3C1C1C38
3C1C1C38
00381C38
00381C38
00701E78
00F00FF0
00E00FE0
01C01FF0
01C01C78
03803838
0780383C
07003838
0F003C38
0E001C78
1C001FF8
1C000FF0
380007C0
ENDCHAR
STARTCHAR arrowleft
ENCODING 8592
SWIDTH 919 0
DWIDTH 50 0
BBX 46 18 2 4
BITMAP
003000000000
007000000000
01E000000000
03E000000000
07C000000000
0FC000000000
3F8000000000
7FFFFFFFFFFC
FFFFFFFFFFFC
FFFFFFFFFFFC
7FFFFFFFFFFC
3F8000000000
1FC000000000
07C000000000
03E000000000
01E000000000
00E000000000
007000000000
ENDCHAR
STARTCHAR arrowup
ENCODING 8593
SWIDTH 460 0
DWIDTH 25 0
BBX 17 46 4 -10
BITMAP
008000
01C000
03E000
03E000
07F000
0FF800
1FFC00
3FFC00
3FFE00
7FFF00
F9DF80
E1C380
81C080
01C000
01C000
01C000
01C000
01C000
01C000
01C000
01C000
01C000
01C000
01C000
01C000
01C000
01C000
01C000
01C000
01C000
01C000
01C000
01C000
01C000
01C000
01C000
01C000
01C000
01C000
01C000
01C000
01C000
01C000
01C000
01C000
01C000
ENDCHAR
STARTCHAR arrowright
ENCODING 8594
SWIDTH 919 0
DWIDTH 50 0
BBX 46 18 2 4
BITMAP
000000003000
000000003800
000000001C00
000000001F00
000000000F80
000000000FC0
000000000FE0
FFFFFFFFFFF0
FFFFFFFFFFFC
FFFFFFFFFFFC
FFFFFFFFFFF8
000000000FE0
000000000FC0
000000000F80
000000001F00
000000001E00
000000003C00
000000003000
ENDCHAR
STARTCHAR arrowdown
ENCODING 8595
SWIDTH 460 0
DWIDTH 25 0
BBX 17 46 4 -10
BITMAP
01C000
01C000
01C000
01C000
01C000
01C000
01C000
01C000
01C000
01C000
01C000
01C000
01C000
01C000
01C000
01C000
01C000
01C000
01C000
01C000
01C000
01C000
01C000
01C000
01C000
01C000
01C000
01C000
01C000
01C000
01C000
01C000
01C000
01C000
81C080
E1C380
F9CF80
7FFF00
3FFE00
3FFC00
1FFC00
0FF800
07F000
03E000
01C000
018000
ENDCHAR
STARTCHAR arrowboth
ENCODING 8596
SWIDTH 919 0
DWIDTH 50 0
BBX 46 18 2 4
BITMAP
003000003000
007000003800
01E000001C00
03E000001F00
07C000000F80
0FC000000FC0
3FC000000FE0
7FFFFFFFFFF0
FFFFFFFFFFFC
FFFFFFFFFFFC
7FFFFFFFFFF8
3FC000000FE0
1FC000000FC0
07C000000F80
03E000001F00
01E000001E00
00E000003C00
007000003000
ENDCHAR
STARTCHAR arrowupdn
ENCODING 8597
SWIDTH 460 0
DWIDTH 25 0
BBX 17 46 4 -10
BITMAP
008000
01C000
03E000
07E000
07F000
0FF800
1FFC00
3FFE00
7FFF00
FFFF00
F9CF80
C1C180
01C000
01C000
01C000
01C000
01C000
01C000
01C000
01C000
01C000
01C000
01C000
01C000
01C000
01C000
01C000
01C000
01C000
01C000
01C000
01C000
01C000
01C000
81C080
E1C380
F9DF80
7FFF00
3FFE00
3FFC00
1FF800
0FF800
07F000
03E000
01C000
018000
ENDCHAR
STARTCHAR arrowupdnbse
ENCODING 8616
SWIDTH 460 0
DWIDTH 25 0
BBX 17 51 4 -15
BITMAP
008000
01C000
03E000
07E000
07F000
0FF800
1FFC00
3FFE00
7FFF00
FFFF00
F9CF80
C1C180
01C000
01C000
01C000
01C000
01C000
01C000
01C000
01C000
01C000
01C000
01C000
01C000
01C000
01C000
01C000
01C000
01C000
01C000
01C000
01C000
01C000
01C000
81C080
E1C380
F9DF80
7FFF00
3FFE00
3FFC00
1FF800
0FF800
07F000
03E000
01C000
018000
000000
000000
000000
FFFF80
FFFF80
ENDCHAR
STARTCHAR partialdiff
ENCODING 8706
SWIDTH 454 0
DWIDTH 25 0
BBX 19 37 3 -1
BITMAP
07E000
1FF800
1FFC00
1FFE00
183F00
201F00
000F80
000780
000780
0003C0
0003C0
0003C0
0003C0
0001C0
03E1E0
0FF9E0
1FF9E0
3FFDE0
3E1FE0
7C07E0
7C03C0
F803C0
F803C0
F003C0
F003C0
F003C0
F003C0
F00780
F00780
F00F80
F80F00
781F00
7C3E00
3FFE00
3FFC00
1FF800
07E000
ENDCHAR
STARTCHAR uni2206
ENCODING 8710
SWIDTH 514 0
DWIDTH 28 0
BBX 26 34 1 0
BITMAP
003F0000
003F0000
007F8000
007F8000
007F8000
00FFC000
00F7C000
00F3C000
01F3E000
01E3E000
01E1E000
03E1F000
03C1F000
03C0F000
07C0F000
0780F800
0780F800
07807800
0F007C00
0F007C00
0F003C00
1E003E00
1E003E00
1E001E00
3E001F00
3C001F00
3C000F00
7C000F80
78000F80
78000F80
FFFFFFC0
FFFFFFC0
FFFFFFC0
FFFFFFC0
ENDCHAR
STARTCHAR product
ENCODING 8719
SWIDTH 757 0
DWIDTH 41 0
BBX 31 42 5 -6
BITMAP
FFFFFFFE
FFFFFFFE
FFFFFFFE
FFFFFFFE
0F0003C0
0F0003C0
0F0003C0
0F0003C0
0F0003C0
0F0003C0
0F0003C0
0F0003C0
0F0003C0
0F0003C0
0F0003C0
0F0003C0
0F0003C0
0F0003C0
0F0003C0
0F0003C0
0F0003C0
0F0003C0
0F0003C0
0F0003C0
0F0003C0
0F0003C0
0F0003C0
0F0003C0
0F0003C0
0F0003C0
0F0003C0
0F0003C0
0F0003C0
0F0003C0
0F0003C0
0F0003C0
0F0003C0
0F0003C0
0F0003C0
0F0003C0
0F0003C0
0F0003C0
ENDCHAR
STARTCHAR summation
ENCODING 8721
SWIDTH 655 0
DWIDTH 35 0
BBX 29 42 4 -6
BITMAP
7FFFFFF0
7FFFFFF0
7FFFFFF0
7FFFFFF0
3E000000
3F000000
1F800000
0F800000
07C00000
07E00000
03F00000
01F80000
00F80000
007C0000
007E0000
003F0000
001F8000
000F8000
000FC000
0007E000
0003F000
0001E000
0003C000
00078000
000F8000
001F0000
001E0000
003C0000
00780000
00F80000
01F00000
03E00000
03C00000
07800000
0F800000
1F000000
3E000000
3C000000
7FFFFFF8
FFFFFFF8
FFFFFFF8
FFFFFFF8
ENDCHAR
STARTCHAR minus
ENCODING 8722
SWIDTH 440 0
DWIDTH 24 0
BBX 20 4 2 11
BITMAP
FFFFF0
FFFFF0
FFFFF0
FFFFF0
ENDCHAR
STARTCHAR uni2215
ENCODING 8725
SWIDTH 86 0
DWIDTH 5 0
BBX 24 35 -9 -1
BITMAP
000007
00000E
00001E
00001C
000038
000038
000070
0000F0
0000E0
0001C0
0001C0
000380
000780
000700
000E00
000E00
001C00
001C00
003800
007800
007000
00E000
00E000
01C000
03C000
038000
070000
070000
0E0000
1E0000
1C0000
380000
380000
700000
F00000
ENDCHAR
STARTCHAR uni2219
ENCODING 8729
SWIDTH 210 0
DWIDTH 11 0
BBX 5 6 3 14
BITMAP
F8
F8
F8
F8
F8
F8
ENDCHAR
STARTCHAR radical
ENCODING 8730
SWIDTH 504 0
DWIDTH 27 0
BBX 25 50 2 -7
BITMAP
00000380
00000780
00000780
00000780
00000700
00000700
00000700
00000700
00000F00
00000F00
00000E00
00000E00
00000E00
00000E00
00001E00
00001E00
00001E00
00001C00
00001C00
00001C00
00001C00
00003C00
00003C00
01003800
07003800
3F003800
FF803800
FF807800
EF807800
87C07000
07C07000
03E07000
03E07000
03E07000
01F0F000
01F0F000
01F0E000
00F8E000
00F8E000
0078E000
007DE000
007DE000
003DC000
003FC000
001FC000
001FC000
001FC000
000FC000
000F8000
000F8000
ENDCHAR
STARTCHAR infinity
ENCODING 8734
SWIDTH 655 0
DWIDTH 35 0
BBX 31 15 2 7
BITMAP
07C007E0
1FF01FF0
3FF83FF8
7FFC7FFC
7C3EF87E
781FF01E
F00FE01E
F007C01E
F00FE01E
781FF01E
7C3EFC3E
7FFC7FFC
3FF83FF8
1FF01FF0
07C007E0
ENDCHAR
STARTCHAR orthogonal
ENCODING 8735
SWIDTH 900 0
DWIDTH 49 0
BBX 31 31 9 0
BITMAP
E0000000
E0000000
E0000000
E0000000
E0000000
E0000000
E0000000
E0000000
E0000000
E0000000
E0000000
E0000000
E0000000
E0000000
E0000000
E0000000
E0000000
E0000000
E0000000
E0000000
E0000000
E0000000
E0000000
E0000000
E0000000
E0000000
E0000000
E0000000
FFFFFFFE
FFFFFFFE
FFFFFFFE
ENDCHAR
STARTCHAR intersection
ENCODING 8745
SWIDTH 664 0
DWIDTH 36 0
BBX 26 34 5 0
BITMAP
007F8000
01FFE000
07FFF800
0FFFFC00
1FC0FE00
3F003F00
3E001F00
7C000F80
78000780
F0000780
F00003C0
F00003C0
F00003C0
E00003C0
E00003C0
E00003C0
E00003C0
E00003C0
E00003C0
E00003C0
E00003C0
E00003C0
E00003C0
E00003C0
E00003C0
E00003C0
E00003C0
E00003C0
E00003C0
E00003C0
E00003C0
E00003C0
E00003C0
E00003C0
ENDCHAR
STARTCHAR integral
ENCODING 8747
SWIDTH 252 0
DWIDTH 14 0
BBX 10 49 2 -7
BITMAP
03C0
0FC0
1E00
1C00
1C00
3C00
3C00
3C00
1C00
1C00
1C00
1C00
1C00
1C00
1C00
1E00
1E00
1E00
1E00
1E00
1E00
1E00
1E00
1E00
1E00
1E00
1E00
1E00
1E00
1E00
1E00
1E00
1E00
1E00
1E00
1E00
0E00
0E00
0E00
0E00
0E00
0E00
0E00
0E00
0E00
3E00
FE00
FC00
F000
ENDCHAR
STARTCHAR approxequal
ENCODING 8776
SWIDTH 504 0
DWIDTH 27 0
BBX 23 20 2 0
BITMAP
000002
0F8002
3FF006
FFFC1E
FFFFFE
F07FFE
C00FFC
8003F0
800000
000000
000002
000002
1FC006
7FF81E
FFFFFE
FFFFFE
F07FFC
C00FF8
8003F0
800000
ENDCHAR
STARTCHAR notequal
ENCODING 8800
SWIDTH 504 0
DWIDTH 27 0
BBX 20 23 4 1
BITMAP
000380
000700
000700
000E00
FFFFF0
FFFFF0
FFFFF0
FFFFF0
003800
007000
007000
00E000
00E000
01C000
01C000
FFFFF0
FFFFF0
FFFFF0
FFFFF0
0E0000
0E0000
1C0000
1C0000
ENDCHAR
STARTCHAR equivalence
ENCODING 8801
SWIDTH 440 0
DWIDTH 24 0
BBX 20 25 2 0
BITMAP
FFFFF0
FFFFF0
FFFFF0
FFFFF0
000000
000000
000000
000000
000000
000000
FFFFF0
FFFFF0
FFFFF0
FFFFF0
000000
000000
000000
000000
000000
000000
000000
FFFFF0
FFFFF0
FFFFF0
FFFFF0
ENDCHAR
STARTCHAR lessequal
ENCODING 8804
SWIDTH 504 0
DWIDTH 27 0
BBX 19 30 4 0
BITMAP
000020
000060
0001E0
0007E0
001FE0
007FC0
01FF00
07FC00
1FF000
7FC000
FF0000
FC0000
F00000
FC0000
FF0000
FFC000
3FF000
0FFC00
03FF00
00FF80
003FE0
000FE0
0003E0
0000E0
000020
000000
FFFFE0
FFFFE0
FFFFE0
FFFFE0
ENDCHAR
STARTCHAR greaterequal
ENCODING 8805
SWIDTH 504 0
DWIDTH 27 0
BBX 19 30 4 0
BITMAP
800000
E00000
F80000
FE0000
FF8000
3FE000
0FF800
03FE00
00FF80
007FE0
001FE0
0007E0
0001E0
0007E0
000FE0
003FE0
00FF80
03FE00
0FF800
3FE000
FF8000
FE0000
F80000
E00000
800000
000000
FFFFE0
FFFFE0
FFFFE0
FFFFE0
ENDCHAR
STARTCHAR house
ENCODING 8962
SWIDTH 551 0
DWIDTH 30 0
BBX 22 28 4 0
BITMAP
002000
003000
007800
00FC00
01FE00
03CF00
078F80
0F07C0
1F03C0
3E01E0
3C00F0
780078
F0003C
E0001C
E0001C
E0001C
E0001C
E0001C
E0001C
E0001C
E0001C
E0001C
E0001C
E0001C
E0001C
FFFFFC
FFFFFC
FFFFFC
ENDCHAR
STARTCHAR revlogicalnot
ENCODING 8976
SWIDTH 440 0
DWIDTH 24 0
BBX 20 12 2 10
BITMAP
FFFFF0
FFFFF0
FFFFF0
FFFFF0
F00000
F00000
F00000
F00000
F00000
F00000
F00000
F00000
ENDCHAR
STARTCHAR integraltp
ENCODING 8992
SWIDTH 555 0
DWIDTH 30 0
BBX 8 54 13 -12
BITMAP
0F
7F
78
F0
E0
E0
E0
E0
E0
E0
F0
F0
F0
F0
F0
F0
F0
F0
F0
F0
F0
F0
F0
F0
F0
F0
F0
F0
F0
F0
F0
F0
F0
F0
F0
F0
F0
F0
F0
F0
F0
F0
F0
F0
F0
F0
F0
F0
F0
F0
F0
F0
F0
70
ENDCHAR
STARTCHAR integralbt
ENCODING 8993
SWIDTH 555 0
DWIDTH 30 0
BBX 8 55 9 -12
BITMAP
0E
0E
0F
0F
0F
0F
0F
0F
0F
0F
0F
0F
0F
0F
0F
0F
0F
0F
0F
0F
0F
0F
0F
0F
0F
0F
0F
0F
0F
0F
0F
0F
0F
0F
0F
0F
0F
0F
0F
0F
0F
0F
0F
0F
0F
0F
0F
07
07
07
07
0F
1E
FC
F0
ENDCHAR
STARTCHAR lozenge
ENCODING 9674
SWIDTH 514 0
DWIDTH 28 0
BBX 16 34 6 0
BITMAP
07E0
07E0
0FF0
0FF0
0FF0
1FF8
1EF8
1E78
3E7C
3C7C
3C3C
3C3C
783E
781E
781E
F01F
F01F
F00F
F01F
F81F
781E
783E
7C3E
3C3C
3C7C
3E7C
1E78
1EF8
1FF8
0FF0
0FF0
0FF0
07E0
07E0
ENDCHAR
STARTCHAR uni25CC
ENCODING 9676
SWIDTH 456 0
DWIDTH 25 0
BBX 25 24 0 0
BITMAP
00670000
03E7C000
0F81F000
06006000
20000400
30000E00
70000600
60000700
E0000300
C0000300
C0000380
00000000
00000000
C0000380
C0000300
E0000300
60000300
70000600
30000E00
20000400
04003000
0F00F000
03E7E000
00E70000
ENDCHAR
STARTCHAR uniA8E0
ENCODING 43232
SWIDTH 0 0
DWIDTH 0 0
BBX 8 7 -10 38
BITMAP
3C
7E
E7
C3
E7
FE
3C
ENDCHAR
STARTCHAR uniA8E1
ENCODING 43233
SWIDTH 0 0
DWIDTH 0 0
BBX 6 11 -9 36
BITMAP
78
FC
CC
FC
7C
38
F0
E0
70
18
1C
ENDCHAR
STARTCHAR uniA8E2
ENCODING 43234
SWIDTH 0 0
DWIDTH 0 0
BBX 8 11 -10 37
BITMAP
3C
7E
E6
E6
07
06
E6
FE
FC
E0
E0
ENDCHAR
STARTCHAR uniA8E3
ENCODING 43235
SWIDTH 0 0
DWIDTH 0 0
BBX 7 11 -9 37
BITMAP
78
FC
CE
0C
38
0C
06
CE
FC
F8
C0
ENDCHAR
STARTCHAR uniA8E4
ENCODING 43236
SWIDTH 0 0
DWIDTH 0 0
BBX 8 11 -10 36
BITMAP
E3
E3
E3
E3
E7
7E
7E
66
E7
7E
3C
ENDCHAR
STARTCHAR uniA8E5
ENCODING 43237
SWIDTH 0 0
DWIDTH 0 0
BBX 7 10 -10 37
BITMAP
60
60
C0
C0
C0
C6
C6
FE
7E
06
ENDCHAR
STARTCHAR uniA8E6
ENCODING 43238
SWIDTH 0 0
DWIDTH 0 0
BBX 8 10 -10 37
BITMAP
7C
FE
CE
E0
30
C0
C6
FE
7E
03
ENDCHAR
STARTCHAR uniA8E7
ENCODING 43239
SWIDTH 0 0
DWIDTH 0 0
BBX 9 11 -11 36
BITMAP
7000
6000
6F00
EF80
DD80
CD80
C780
C180
E380
7F00
3E00
ENDCHAR
STARTCHAR uniA8E8
ENCODING 43240
SWIDTH 0 0
DWIDTH 0 0
BBX 8 11 -10 36
BITMAP
0E
1C
38
70
60
E0
C0
C3
C7
FE
7C
ENDCHAR
STARTCHAR uniA8E9
ENCODING 43241
SWIDTH 0 0
DWIDTH 0 0
BBX 7 11 -10 36
BITMAP
78
FC
CE
C6
CC
FC
70
30
1C
0E
06
ENDCHAR
STARTCHAR uniA8EA
ENCODING 43242
SWIDTH 0 0
DWIDTH 0 0
BBX 13 10 -16 37
BITMAP
7CF8
7EF8
E670
0E70
1C70
1FF0
07F0
E670
FE70
7C70
ENDCHAR
STARTCHAR uniA8EB
ENCODING 43243
SWIDTH 0 0
DWIDTH 0 0
BBX 9 9 -11 37
BITMAP
FF80
FF80
0700
1E00
1E00
0700
6300
7F00
3E00
ENDCHAR
STARTCHAR uniA8EC
ENCODING 43244
SWIDTH 0 0
DWIDTH 0 0
BBX 14 10 -13 36
BITMAP
FFFC
FFFC
0300
3FF0
7FF8
6318
6318
7F78
3F70
0300
ENDCHAR
STARTCHAR uniA8ED
ENCODING 43245
SWIDTH 0 0
DWIDTH 0 0
BBX 12 9 -15 37
BITMAP
FFF0
FFF0
00E0
3FE0
7FE0
6EE0
6EE0
3CE0
00E0
ENDCHAR
STARTCHAR uniA8EE
ENCODING 43246
SWIDTH 0 0
DWIDTH 0 0
BBX 10 10 -13 36
BITMAP
FFC0
FFC0
3180
3180
3180
3380
3F80
1F80
0180
0180
ENDCHAR
STARTCHAR uniA8EF
ENCODING 43247
SWIDTH 0 0
DWIDTH 0 0
BBX 7 10 -10 37
BITMAP
FE
FE
0C
0C
7C
78
70
30
18
0E
ENDCHAR
STARTCHAR uniA8F0
ENCODING 43248
SWIDTH 0 0
DWIDTH 0 0
BBX 15 14 -17 36
BITMAP
1FC0
3FF8
3018
7000
FFFE
FFFE
7018
71D8
73F8
7338
7318
73F8
71D8
7018
ENDCHAR
STARTCHAR uniA8F1
ENCODING 43249
SWIDTH 0 0
DWIDTH 0 0
BBX 8 10 -10 36
BITMAP
7F
FF
C0
E0
38
1C
06
C6
FE
7C
ENDCHAR
STARTCHAR uniA8F2
ENCODING 43250
SWIDTH 389 0
DWIDTH 21 0
BBX 17 12 2 25
BITMAP
03E000
03E000
03E000
03E000
F3E780
F00780
F00780
780F00
7C1F00
3FFE00
1FFC00
07F000
ENDCHAR
STARTCHAR uniA8F3
ENCODING 43251
SWIDTH 389 0
DWIDTH 21 0
BBX 17 25 2 12
BITMAP
03E000
03E000
03E000
03E000
F3E780
F00780
F00780
780F00
7C1F00
3FFE00
1FFC00
07F000
000000
000000
000000
000000
180000
1E0000
1FC000
1FF000
07FC00
01FF00
003F00
000700
000100
ENDCHAR
STARTCHAR uniA8F4
ENCODING 43252
SWIDTH 389 0
DWIDTH 21 0
BBX 17 37 2 0
BITMAP
03E000
03E000
03E000
03E000
F3E780
F00780
F00780
780F00
7C1F00
3FFE00
1FFC00
07F000
000000
03E000
03E000
03E000
03E000
F3E780
F00780
F00780
780F00
7C1F00
3FFE00
1FFC00
07F000
000000
000000
000000
100000
1C0000
1F0000
1FE000
1FF800
03FF00
007F00
001F00
000300
ENDCHAR
STARTCHAR uniA8F5
ENCODING 43253
SWIDTH 389 0
DWIDTH 21 0
BBX 17 37 2 0
BITMAP
03E000
03E000
03E000
03E000
F3E780
F00780
F00780
780F00
7C1F00
3FFE00
1FFC00
07F000
000000
000000
000000
07F000
0FF800
1FFC00
3FFE00
3E3E00
3C1E00
3C1F00
001F00
001F00
001F00
001F00
3C1F00
3C1E00
3E3E00
3FFE00
3FFC00
3FF800
3FF000
3C0000
3C0000
3C0000
3C0000
ENDCHAR
STARTCHAR uniA8F6
ENCODING 43254
SWIDTH 389 0
DWIDTH 21 0
BBX 17 37 2 0
BITMAP
03E000
03E000
03E000
03E000
F3E780
F00780
F00780
780F00
7C1F00
3FFE00
1FFC00
07F000
000000
000000
000000
07E000
1FF800
3FFC00
3FFC00
3C3C00
7C3E00
7C3C00
007C00
03F800
03F000
03F800
03FC00
003E00
781E00
781E00
7C3E00
7FFE00
7FFC00
7FF800
7BE000
780000
780000
ENDCHAR
STARTCHAR uniA8F7
ENCODING 43255
SWIDTH 389 0
DWIDTH 21 0
BBX 17 37 2 -1
BITMAP
03E000
03E000
03E000
03E000
F3E780
F00780
F00780
780F00
7C1F00
3FFE00
1FFC00
07F000
000000
000000
000000
0FFF80
3FFF80
7FFF80
7FFF80
780000
F80000
780000
7C0000
3F0000
1FC000
0FF000
01FC00
007E00
001F00
F00F00
F00780
F00F80
F80F00
7FFF00
7FFF00
1FFE00
07F000
ENDCHAR
STARTCHAR uniA8F8
ENCODING 43256
SWIDTH 594 0
DWIDTH 32 0
BBX 28 25 2 3
BITMAP
07F03E00
1FF07F80
3FF0FFC0
7FF1FFC0
7C01F3E0
7801E1E0
F801E1E0
7801E1E0
780001F0
7E0001F0
3FF001F0
1FF001E0
1FF001E0
3F0001E0
3C0001E0
3C0003E0
7C0003C0
7C0007C0
7C000F80
3E003F00
3F80FF00
1FFFFE00
0FFFF800
07FFF000
00FF8000
ENDCHAR
STARTCHAR uniA8F9
ENCODING 43257
SWIDTH 576 0
DWIDTH 31 0
BBX 27 25 2 3
BITMAP
00007C00
0000FF00
0001FF80
0003FFC0
0003E7C0
0003C3C0
0003C3C0
0003C3E0
000003E0
03E003E0
0FE003E0
3FE003E0
3FE003C0
7E0003C0
780003C0
780007C0
F8000780
78000F80
78001F00
7C007F00
7F01FE00
3FFFFC00
1FFFF000
07FFE000
01FF0000
ENDCHAR
STARTCHAR uniA8FA
ENCODING 43258
SWIDTH 191 0
DWIDTH 10 0
BBX 12 14 -1 32
BITMAP
F070
F0F0
70F0
78E0
78E0
39E0
39C0
3DC0
1FC0
1F80
1F80
0F80
0F00
0F00
ENDCHAR
STARTCHAR uniA8FB
ENCODING 43259
SWIDTH 419 0
DWIDTH 23 0
BBX 23 3 0 44
BITMAP
FFFFFE
FFFFFE
FFFFFE
ENDCHAR
STARTCHAR fi
ENCODING 64257
SWIDTH 376 0
DWIDTH 20 0
BBX 18 36 0 0
BITMAP
07E3C0
0FE3C0
1FE3C0
1FE3C0
1E03C0
1E0000
1E0000
1E0000
1E0000
1E0000
FFE3C0
FFE3C0
FFE3C0
FFE3C0
1E03C0
1E03C0
1E03C0
1E03C0
1E03C0
1E03C0
1E03C0
1E03C0
1E03C0
1E03C0
1E03C0
1E03C0
1E03C0
1E03C0
1E03C0
1E03C0
1E03C0
1E03C0
1E03C0
1E03C0
1E03C0
1E03C0
ENDCHAR
STARTCHAR fl
ENCODING 64258
SWIDTH 376 0
DWIDTH 20 0
BBX 18 36 0 0
BITMAP
07E3C0
0FE3C0
1FE3C0
1FE3C0
1E03C0
1E03C0
1E03C0
1E03C0
1E03C0
1E03C0
FFE3C0
FFE3C0
FFE3C0
FFE3C0
1E03C0
1E03C0
1E03C0
1E03C0
1E03C0
1E03C0
1E03C0
1E03C0
1E03C0
1E03C0
1E03C0
1E03C0
1E03C0
1E03C0
1E03C0
1E03C0
1E03C0
1E03C0
1E03C0
1E03C0
1E03C0
1E03C0
ENDCHAR
STARTCHAR .notdef
ENCODING -1
SWIDTH 460 0
DWIDTH 25 0
BBX 25 35 0 0
BITMAP
FFFFFF80
FFFFFF80
F0000780
F8000F80
FC001F80
DC001F80
CE003B80
CE007B80
C7007380
C380E380
C381E380
C1C1C380
C0E38380
C0E38380
C0770380
C07E0380
C03E0380
C01C0380
C03C0380
C03E0380
C0770380
C0F70380
C0E38380
C1C1C380
C3C1C380
C380E380
C7007380
C7007380
CE003B80
DC001F80
DC001F80
F8000F80
F0000780
FFFFFF80
FFFFFF80
ENDCHAR
STARTCHAR NULL
ENCODING -1
SWIDTH 0 0
DWIDTH 0 0
BBX 1 1 0 0
BITMAP
00
ENDCHAR
STARTCHAR uni09080902
ENCODING -1
SWIDTH 433 0
DWIDTH 23 0
BBX 26 49 -1 -3
BITMAP
00001E00
00007E00
0001FE00
0001FE00
0003F000
0003E000
0003C3C0
0003C3C0
0003C3C0
0003C3C0
0001E000
0001E000
FFFFFF80
FFFFFF80
FFFFFF80
FFFFFF80
0000F800
0000F800
0000F800
0000F800
0000F800
007FF800
01FFF800
03FFF800
07FFF800
07C00000
0F800000
0F800000
0F800000
07C00000
07FFC000
03FFF000
01FFF800
00FFF800
0000FC00
00007C00
07803C00
07803C00
07C07C00
07E0FC00
07FFF800
07FFF800
07FFE000
079F8000
07800000
07800000
07800000
07800000
07800000
ENDCHAR
STARTCHAR uni093F0901
ENCODING -1
SWIDTH 228 0
DWIDTH 12 0
BBX 45 50 -1 0
BITMAP
000000003C00
0003FF003C00
001FFFE03C00
007FFFF83C00
00FFFFFF3C78
01FC00FF0078
03F0003F00F0
03E0000F00F0
07C0000FC1E0
07C00007FFE0
07800007FF80
07800007FE00
078000078000
078000000000
078000000000
078000000000
FFFC00000000
FFFC00000000
FFFC00000000
FFFC00000000
078000000000
078000000000
078000000000
078000000000
078000000000
078000000000
078000000000
078000000000
078000000000
078000000000
078000000000
078000000000
078000000000
078000000000
078000000000
078000000000
078000000000
078000000000
078000000000
078000000000
078000000000
078000000000
078000000000
078000000000
078000000000
078000000000
078000000000
078000000000
078000000000
078000000000
ENDCHAR
STARTCHAR uni093F0902
ENCODING -1
SWIDTH 228 0
DWIDTH 12 0
BBX 40 49 -1 0
BITMAP
0003FF001F
001FFFF01F
007FFFF81F
00FFFFFE1F
01FC00FF1F
03F0001F00
03E0000F80
07C0000F80
07C0000780
0780000780
0780000780
0780000000
0780000000
0780000000
0780000000
FFFC000000
FFFC000000
FFFC000000
FFFC000000
0780000000
0780000000
0780000000
0780000000
0780000000
0780000000
0780000000
0780000000
0780000000
0780000000
0780000000
0780000000
0780000000
0780000000
0780000000
0780000000
0780000000
0780000000
0780000000
0780000000
0780000000
0780000000
0780000000
0780000000
0780000000
0780000000
0780000000
0780000000
0780000000
0780000000
ENDCHAR
STARTCHAR uni093F0930094D
ENCODING -1
SWIDTH 228 0
DWIDTH 12 0
BBX 37 49 -1 0
BITMAP
0003FF0000
001FFFE000
007FFFF800
00FFFFFC78
01FC00FFF8
03F0003FF8
03E0000FF8
07C0000FC0
07C0000780
0780000700
0780000700
0780000700
0780000780
0780000000
0780000000
FFFC000000
FFFC000000
FFFC000000
FFFC000000
0780000000
0780000000
0780000000
0780000000
0780000000
0780000000
0780000000
0780000000
0780000000
0780000000
0780000000
0780000000
0780000000
0780000000
0780000000
0780000000
0780000000
0780000000
0780000000
0780000000
0780000000
0780000000
0780000000
0780000000
0780000000
0780000000
0780000000
0780000000
0780000000
0780000000
ENDCHAR
STARTCHAR uni093F0930094D0901
ENCODING -1
SWIDTH 228 0
DWIDTH 12 0
BBX 46 49 -1 0
BITMAP
0003FF000000
001FFFE00000
007FFFF83800
00FFFFFCF800
01FC00FFF800
03F0003FF800
03E0000FC380
07C0000F8380
07C000070380
0780000773BC
078000073838
078000073838
078000079FF0
0780000007C0
078000000000
FFFC00000000
FFFC00000000
FFFC00000000
FFFC00000000
078000000000
078000000000
078000000000
078000000000
078000000000
078000000000
078000000000
078000000000
078000000000
078000000000
078000000000
078000000000
078000000000
078000000000
078000000000
078000000000
078000000000
078000000000
078000000000
078000000000
078000000000
078000000000
078000000000
078000000000
078000000000
078000000000
078000000000
078000000000
078000000000
078000000000
ENDCHAR
STARTCHAR uni093F0930094D0902
ENCODING -1
SWIDTH 228 0
DWIDTH 12 0
BBX 39 49 -1 0
BITMAP
0003FF0000
001FFFE000
007FFFF800
00FFFFFC78
01FC00FFF8
03F0003FF8
03E0000FF8
07C0000FC0
07C0000780
078000071E
078000071E
078000071E
078000079E
0780000000
0780000000
FFFC000000
FFFC000000
FFFC000000
FFFC000000
0780000000
0780000000
0780000000
0780000000
0780000000
0780000000
0780000000
0780000000
0780000000
0780000000
0780000000
0780000000
0780000000
0780000000
0780000000
0780000000
0780000000
0780000000
0780000000
0780000000
0780000000
0780000000
0780000000
0780000000
0780000000
0780000000
0780000000
0780000000
0780000000
0780000000
ENDCHAR
STARTCHAR uni09400901
ENCODING -1
SWIDTH 228 0
DWIDTH 12 0
BBX 27 49 -8 0
BITMAP
07C0F000
1FF0F000
3FF8F000
3FF8F1E0
7C7CF1E0
783C03C0
781E03C0
F01F0780
F01FFF00
F01FFE00
F01FF800
F01E0000
001E0000
000E0000
000F0000
01FFF800
01FFF800
01FFF800
01FFF800
000F0000
000F0000
000F0000
000F0000
000F0000
000F0000
000F0000
000F0000
000F0000
000F0000
000F0000
000F0000
000F0000
000F0000
000F0000
000F0000
000F0000
000F0000
000F0000
000F0000
000F0000
000F0000
000F0000
000F0000
000F0000
000F0000
000F0000
000F0000
000F0000
000F0000
ENDCHAR
STARTCHAR uni09400902
ENCODING -1
SWIDTH 228 0
DWIDTH 12 0
BBX 22 49 -8 0
BITMAP
07C07C
1FF07C
3FF87C
7FFC7C
7C7C7C
783C00
F81E00
F01E00
F01E00
F01E00
F01E00
001E00
001E00
000F00
000F00
01FFF8
01FFF8
01FFF8
01FFF8
000F00
000F00
000F00
000F00
000F00
000F00
000F00
000F00
000F00
000F00
000F00
000F00
000F00
000F00
000F00
000F00
000F00
000F00
000F00
000F00
000F00
000F00
000F00
000F00
000F00
000F00
000F00
000F00
000F00
000F00
ENDCHAR
STARTCHAR uni09400930094D
ENCODING -1
SWIDTH 228 0
DWIDTH 12 0
BBX 21 49 -8 0
BITMAP
07C000
1FF000
3FF800
7FF878
7C7DF8
783FF8
F81FF8
F01F80
F01F00
F01E00
F01E00
F01E00
001E00
000E00
000F00
01FFF8
01FFF8
01FFF8
01FFF8
000F00
000F00
000F00
000F00
000F00
000F00
000F00
000F00
000F00
000F00
000F00
000F00
000F00
000F00
000F00
000F00
000F00
000F00
000F00
000F00
000F00
000F00
000F00
000F00
000F00
000F00
000F00
000F00
000F00
000F00
ENDCHAR
STARTCHAR uni09400930094D0901
ENCODING -1
SWIDTH 228 0
DWIDTH 12 0
BBX 28 49 -8 0
BITMAP
07C00000
1FF07800
3FF8F800
3FF9F800
7C7FF800
783F8000
781F0F00
F01F0F00
F01E0F00
F01EEF70
F01EE070
F01E70F0
001E3FE0
000F1F80
000F0000
01FFF800
01FFF800
01FFF800
01FFF800
000F0000
000F0000
000F0000
000F0000
000F0000
000F0000
000F0000
000F0000
000F0000
000F0000
000F0000
000F0000
000F0000
000F0000
000F0000
000F0000
000F0000
000F0000
000F0000
000F0000
000F0000
000F0000
000F0000
000F0000
000F0000
000F0000
000F0000
000F0000
000F0000
000F0000
ENDCHAR
STARTCHAR uni09400930094D0902
ENCODING -1
SWIDTH 228 0
DWIDTH 12 0
BBX 22 49 -8 0
BITMAP
07C000
1FF000
3FF800
7FF878
7C7DF8
783FF8
781FF8
F01F80
F01F00
F01E3C
F01E3C
F01E3C
001E3C
000E00
000F00
01FFF8
01FFF8
01FFF8
01FFF8
000F00
000F00
000F00
000F00
000F00
000F00
000F00
000F00
000F00
000F00
000F00
000F00
000F00
000F00
000F00
000F00
000F00
000F00
000F00
000F00
000F00
000F00
000F00
000F00
000F00
000F00
000F00
000F00
000F00
000F00
ENDCHAR
STARTCHAR uni09490902
ENCODING -1
SWIDTH 228 0
DWIDTH 12 0
BBX 17 49 -2 0
BITMAP
03C000
03C000
03C000
03C000
F3C780
F00780
F00700
F00F00
780F00
7C3E00
3FFC00
1FF800
07E000
000000
000000
7FFE00
7FFE00
7FFE00
7FFE00
03C000
03C000
03C000
03C000
03C000
03C000
03C000
03C000
03C000
03C000
03C000
03C000
03C000
03C000
03C000
03C000
03C000
03C000
03C000
03C000
03C000
03C000
03C000
03C000
03C000
03C000
03C000
03C000
03C000
03C000
ENDCHAR
STARTCHAR uni09490930094D
ENCODING -1
SWIDTH 228 0
DWIDTH 12 0
BBX 22 46 -1 0
BITMAP
01F000
07F000
0FF000
1FF000
1F8000
1E0000
1EF03C
1EF038
1E7878
1E7FF8
1E3FF0
0F0FC0
FFFC00
FFFC00
FFFC00
FFFC00
078000
078000
078000
078000
078000
078000
078000
078000
078000
078000
078000
078000
078000
078000
078000
078000
078000
078000
078000
078000
078000
078000
078000
078000
078000
078000
078000
078000
078000
078000
ENDCHAR
STARTCHAR uni09490930094D0902
ENCODING -1
SWIDTH 228 0
DWIDTH 12 0
BBX 21 47 -1 0
BITMAP
00F800
01F800
07F800
07F800
0FC780
0F8780
0F0780
0F77B8
0F7038
0F3878
0F1FF0
0F0FC0
078000
FFFC00
FFFC00
FFFC00
FFFC00
078000
078000
078000
078000
078000
078000
078000
078000
078000
078000
078000
078000
078000
078000
078000
078000
078000
078000
078000
078000
078000
078000
078000
078000
078000
078000
078000
078000
078000
078000
ENDCHAR
STARTCHAR uni094A0901
ENCODING -1
SWIDTH 228 0
DWIDTH 12 0
BBX 33 50 -14 0
BITMAP
000003E000
000003E000
000003E000
000003E000
F000F3E780
F000F00780
F000F00780
FFFFF80F00
FFFFFC1F00
7FFFFFFE00
1FFFFFFC00
00007FF000
00003C0000
00003C0000
00003C0000
00003C0000
0007FFE000
0007FFE000
0007FFE000
0007FFE000
00003C0000
00003C0000
00003C0000
00003C0000
00003C0000
00003C0000
00003C0000
00003C0000
00003C0000
00003C0000
00003C0000
00003C0000
00003C0000
00003C0000
00003C0000
00003C0000
00003C0000
00003C0000
00003C0000
00003C0000
00003C0000
00003C0000
00003C0000
00003C0000
00003C0000
00003C0000
00003C0000
00003C0000
00003C0000
00003C0000
ENDCHAR
STARTCHAR uni094A0902
ENCODING -1
SWIDTH 228 0
DWIDTH 12 0
BBX 27 49 -14 0
BITMAP
00007C00
00007C00
F0007C00
F0007C00
F0007C00
F0000000
FFFFE000
FFFFF800
7FFFF800
1FFFFC00
00007C00
00003C00
00003C00
00003C00
00003C00
0007FFE0
0007FFE0
0007FFE0
0007FFE0
00003C00
00003C00
00003C00
00003C00
00003C00
00003C00
00003C00
00003C00
00003C00
00003C00
00003C00
00003C00
00003C00
00003C00
00003C00
00003C00
00003C00
00003C00
00003C00
00003C00
00003C00
00003C00
00003C00
00003C00
00003C00
00003C00
00003C00
00003C00
00003C00
00003C00
ENDCHAR
STARTCHAR uni094A0930094D
ENCODING -1
SWIDTH 228 0
DWIDTH 12 0
BBX 27 46 -14 0
BITMAP
F0000780
F0001F80
F0003F80
FFFF7F80
FFFFFC00
7FFFF800
1FFFF000
0001F000
0000F000
0000F000
00007800
00007800
0007FFE0
0007FFE0
0007FFE0
0007FFE0
00003C00
00003C00
00003C00
00003C00
00003C00
00003C00
00003C00
00003C00
00003C00
00003C00
00003C00
00003C00
00003C00
00003C00
00003C00
00003C00
00003C00
00003C00
00003C00
00003C00
00003C00
00003C00
00003C00
00003C00
00003C00
00003C00
00003C00
00003C00
00003C00
00003C00
ENDCHAR
STARTCHAR uni094A0930094D0901
ENCODING -1
SWIDTH 228 0
DWIDTH 12 0
BBX 33 47 -14 0
BITMAP
0000078000
F0001F8000
F0003F8000
F0007F8000
FFFFFC3800
FFFFF83800
7FFFF03800
1FFFF73B80
0001F78380
0000F38780
0000F1FF00
0000707C00
0000780000
0007FFE000
0007FFE000
0007FFE000
0007FFE000
00003C0000
00003C0000
00003C0000
00003C0000
00003C0000
00003C0000
00003C0000
00003C0000
00003C0000
00003C0000
00003C0000
00003C0000
00003C0000
00003C0000
00003C0000
00003C0000
00003C0000
00003C0000
00003C0000
00003C0000
00003C0000
00003C0000
00003C0000
00003C0000
00003C0000
00003C0000
00003C0000
00003C0000
00003C0000
00003C0000
ENDCHAR
STARTCHAR uni094A0930094D0902
ENCODING -1
SWIDTH 228 0
DWIDTH 12 0
BBX 28 46 -14 0
BITMAP
F0000780
F0001F80
F0003F80
FFFF7F80
FFFFFC00
7FFFF800
1FFFF0F0
0001F0F0
0000F0F0
0000F0F0
00007800
00007800
0007FFE0
0007FFE0
0007FFE0
0007FFE0
00003C00
00003C00
00003C00
00003C00
00003C00
00003C00
00003C00
00003C00
00003C00
00003C00
00003C00
00003C00
00003C00
00003C00
00003C00
00003C00
00003C00
00003C00
00003C00
00003C00
00003C00
00003C00
00003C00
00003C00
00003C00
00003C00
00003C00
00003C00
00003C00
00003C00
ENDCHAR
STARTCHAR uni094B0901
ENCODING -1
SWIDTH 228 0
DWIDTH 12 0
BBX 19 49 -1 0
BITMAP
F80000
780000
78F800
78F800
3CF9E0
3CF9E0
3CF9E0
1E03C0
1F07C0
1FFF80
0FFF00
0FFC00
0F0000
0F0000
070000
FFFC00
FFFC00
FFFC00
FFFC00
078000
078000
078000
078000
078000
078000
078000
078000
078000
078000
078000
078000
078000
078000
078000
078000
078000
078000
078000
078000
078000
078000
078000
078000
078000
078000
078000
078000
078000
078000
ENDCHAR
STARTCHAR uni094B0902
ENCODING -1
SWIDTH 228 0
DWIDTH 12 0
BBX 14 49 -1 0
BITMAP
F800
7800
7800
3C00
3C7C
3C7C
3C7C
1E7C
1E7C
1E00
0E00
0F00
0F00
0700
0780
FFFC
FFFC
FFFC
FFFC
0780
0780
0780
0780
0780
0780
0780
0780
0780
0780
0780
0780
0780
0780
0780
0780
0780
0780
0780
0780
0780
0780
0780
0780
0780
0780
0780
0780
0780
0780
ENDCHAR
STARTCHAR uni094B0930094D
ENCODING -1
SWIDTH 228 0
DWIDTH 12 0
BBX 15 49 -2 0
BITMAP
F000
F000
7800
7838
38F8
3CF8
3DF8
1DC0
1D80
0F00
0F00
0700
0780
0780
0380
7FFE
7FFE
7FFE
7FFE
03C0
03C0
03C0
03C0
03C0
03C0
03C0
03C0
03C0
03C0
03C0
03C0
03C0
03C0
03C0
03C0
03C0
03C0
03C0
03C0
03C0
03C0
03C0
03C0
03C0
03C0
03C0
03C0
03C0
03C0
ENDCHAR
STARTCHAR uni094B0930094D0901
ENCODING -1
SWIDTH 228 0
DWIDTH 12 0
BBX 21 49 -2 0
BITMAP
F00000
F03800
70F800
78F800
79F800
39C000
3D8780
1D8780
1F0780
0F77B8
0F7038
0F3870
071FF0
078FC0
038000
7FFE00
7FFE00
7FFE00
7FFE00
03C000
03C000
03C000
03C000
03C000
03C000
03C000
03C000
03C000
03C000
03C000
03C000
03C000
03C000
03C000
03C000
03C000
03C000
03C000
03C000
03C000
03C000
03C000
03C000
03C000
03C000
03C000
03C000
03C000
03C000
ENDCHAR
STARTCHAR uni094B0930094D0902
ENCODING -1
SWIDTH 228 0
DWIDTH 12 0
BBX 16 49 -2 0
BITMAP
F000
F000
7800
7838
38F8
3CF8
3DF8
1DC0
1D80
0F1F
0F1F
071F
079F
0780
0380
7FFE
7FFE
7FFE
7FFE
03C0
03C0
03C0
03C0
03C0
03C0
03C0
03C0
03C0
03C0
03C0
03C0
03C0
03C0
03C0
03C0
03C0
03C0
03C0
03C0
03C0
03C0
03C0
03C0
03C0
03C0
03C0
03C0
03C0
03C0
ENDCHAR
STARTCHAR uni094C0901
ENCODING -1
SWIDTH 228 0
DWIDTH 12 0
BBX 27 49 -9 0
BITMAP
F0F00000
78780000
7878F800
3C78F800
1C3CF9E0
1E3CF9E0
0F3CF9E0
0F3E03C0
079F07C0
079FFF80
03DFFF00
03CEFC00
01EF0000
00EF0000
00F70000
00FFFC00
00FFFC00
00FFFC00
00FFFC00
00078000
00078000
00078000
00078000
00078000
00078000
00078000
00078000
00078000
00078000
00078000
00078000
00078000
00078000
00078000
00078000
00078000
00078000
00078000
00078000
00078000
00078000
00078000
00078000
00078000
00078000
00078000
00078000
00078000
00078000
ENDCHAR
STARTCHAR uni094C0902
ENCODING -1
SWIDTH 228 0
DWIDTH 12 0
BBX 21 49 -8 0
BITMAP
F0F000
F0F000
78F000
787800
3C78F8
1C78F8
1E3CF8
0F3CF8
0F3CF8
079C00
079E00
03DE00
03DE00
01EE00
00EF00
01FFF8
01FFF8
01FFF8
01FFF8
000F00
000F00
000F00
000F00
000F00
000F00
000F00
000F00
000F00
000F00
000F00
000F00
000F00
000F00
000F00
000F00
000F00
000F00
000F00
000F00
000F00
000F00
000F00
000F00
000F00
000F00
000F00
000F00
000F00
000F00
ENDCHAR
STARTCHAR uni094C0930094D
ENCODING -1
SWIDTH 228 0
DWIDTH 12 0
BBX 22 49 -8 0
BITMAP
F0F000
F0F000
78F000
3C783C
3C78FC
1E79FC
1E39FC
0F3FC0
0F3F80
079F00
079E00
03DE00
03CE00
01EE00
00EF00
01FFF8
01FFF8
01FFF8
01FFF8
000F00
000F00
000F00
000F00
000F00
000F00
000F00
000F00
000F00
000F00
000F00
000F00
000F00
000F00
000F00
000F00
000F00
000F00
000F00
000F00
000F00
000F00
000F00
000F00
000F00
000F00
000F00
000F00
000F00
000F00
ENDCHAR
STARTCHAR uni094C0930094D0901
ENCODING -1
SWIDTH 228 0
DWIDTH 12 0
BBX 30 49 -11 0
BITMAP
F0F00000
78783C00
3C787C00
3C38FC00
1E3CFC00
0F1DE000
071DC3C0
079F83C0
038F83C0
01CFBBDC
01E7B81C
00E79C38
00738FF0
007387E0
0039C000
007FFF00
007FFF00
007FFF00
007FFF00
0001E000
0001E000
0001E000
0001E000
0001E000
0001E000
0001E000
0001E000
0001E000
0001E000
0001E000
0001E000
0001E000
0001E000
0001E000
0001E000
0001E000
0001E000
0001E000
0001E000
0001E000
0001E000
0001E000
0001E000
0001E000
0001E000
0001E000
0001E000
0001E000
0001E000
ENDCHAR
STARTCHAR uni094C0930094D0902
ENCODING -1
SWIDTH 228 0
DWIDTH 12 0
BBX 25 49 -10 0
BITMAP
F8F80000
78780000
3C780000
1C3C3C00
1E3C7C00
0F1CFC00
071CFC00
078FE000
03CF8000
01CF8F80
01E78F80
00E78F80
00738F80
007BC000
0039C000
007FFE00
007FFE00
007FFE00
007FFE00
0003C000
0003C000
0003C000
0003C000
0003C000
0003C000
0003C000
0003C000
0003C000
0003C000
0003C000
0003C000
0003C000
0003C000
0003C000
0003C000
0003C000
0003C000
0003C000
0003C000
0003C000
0003C000
0003C000
0003C000
0003C000
0003C000
0003C000
0003C000
0003C000
0003C000
ENDCHAR
STARTCHAR uni0940.0
ENCODING -1
SWIDTH 228 0
DWIDTH 12 0
BBX 32 49 -19 0
BITMAP
007FE000
07FFFC00
0FFFFF00
1FFFFF80
3F801FC0
7E0007C0
7C0003E0
F80001E0
F00001E0
F00001E0
F00001E0
000001E0
000001E0
000001E0
000001E0
00003FFF
00003FFF
00003FFF
00003FFF
000001E0
000001E0
000001E0
000001E0
000001E0
000001E0
000001E0
000001E0
000001E0
000001E0
000001E0
000001E0
000001E0
000001E0
000001E0
000001E0
000001E0
000001E0
000001E0
000001E0
000001E0
000001E0
000001E0
000001E0
000001E0
000001E0
000001E0
000001E0
000001E0
000001E0
ENDCHAR
STARTCHAR uni09400901.0
ENCODING -1
SWIDTH 228 0
DWIDTH 12 0
BBX 37 49 -19 0
BITMAP
007FC03E00
07FFF83E00
0FFFFC3E00
1FFFFE3E00
3F803F3E78
7E000F80F0
7C000780F0
F80007C1E0
F00007FFE0
F00003FFC0
F00003FE00
000003C000
000003C000
000003E000
000001E000
00003FFF00
00003FFF00
00003FFF00
00003FFF00
000001E000
000001E000
000001E000
000001E000
000001E000
000001E000
000001E000
000001E000
000001E000
000001E000
000001E000
000001E000
000001E000
000001E000
000001E000
000001E000
000001E000
000001E000
000001E000
000001E000
000001E000
000001E000
000001E000
000001E000
000001E000
000001E000
000001E000
000001E000
000001E000
000001E000
ENDCHAR
STARTCHAR uni09400902.0
ENCODING -1
SWIDTH 228 0
DWIDTH 12 0
BBX 32 49 -19 0
BITMAP
00FFC01F
07FFF81F
0FFFFE1F
3FFFFE1F
3F803F1F
7E000F80
7C000780
F8000780
F00007C0
F00003C0
F00003C0
000003C0
000003C0
000003E0
000001E0
00003FFF
00003FFF
00003FFF
00003FFF
000001E0
000001E0
000001E0
000001E0
000001E0
000001E0
000001E0
000001E0
000001E0
000001E0
000001E0
000001E0
000001E0
000001E0
000001E0
000001E0
000001E0
000001E0
000001E0
000001E0
000001E0
000001E0
000001E0
000001E0
000001E0
000001E0
000001E0
000001E0
000001E0
000001E0
ENDCHAR
STARTCHAR uni09400930094D.0
ENCODING -1
SWIDTH 228 0
DWIDTH 12 0
BBX 32 49 -19 0
BITMAP
007FC000
03FFF800
0FFFFC00
1FFFFE0F
3F803F3F
7E000F3F
7C0007FF
F80007F0
F80007E0
F00003C0
F00003C0
F00003C0
000003C0
000003C0
000001E0
00003FFF
00003FFF
00003FFF
00003FFF
000001E0
000001E0
000001E0
000001E0
000001E0
000001E0
000001E0
000001E0
000001E0
000001E0
000001E0
000001E0
000001E0
000001E0
000001E0
000001E0
000001E0
000001E0
000001E0
000001E0
000001E0
000001E0
000001E0
000001E0
000001E0
000001E0
000001E0
000001E0
000001E0
000001E0
ENDCHAR
STARTCHAR uni09400930094D0901.0
ENCODING -1
SWIDTH 228 0
DWIDTH 12 0
BBX 39 49 -19 0
BITMAP
007FC00000
03FFF80F00
0FFFFC1F00
1FFFFE3F00
3F803F7F00
7E000FF000
7C0007E1E0
F80007E1E0
F80007C1E0
F00003DDEE
F00003DC0E
F00003CE1E
000003C7FC
000003C3F0
000001E000
00003FFF00
00003FFF00
00003FFF00
00003FFF00
000001E000
000001E000
000001E000
000001E000
000001E000
000001E000
000001E000
000001E000
000001E000
000001E000
000001E000
000001E000
000001E000
000001E000
000001E000
000001E000
000001E000
000001E000
000001E000
000001E000
000001E000
000001E000
000001E000
000001E000
000001E000
000001E000
000001E000
000001E000
000001E000
000001E000
ENDCHAR
STARTCHAR uni09400930094D0902.0
ENCODING -1
SWIDTH 228 0
DWIDTH 12 0
BBX 33 49 -19 0
BITMAP
007FC00000
03FFF80000
0FFFFC0000
1FFFFE0F00
3F803F3F00
7E000F3F00
7C0007FF00
F80007F000
F80007E000
F00003C780
F00003C780
F00003C780
000003C780
000003C000
000001E000
00003FFF00
00003FFF00
00003FFF00
00003FFF00
000001E000
000001E000
000001E000
000001E000
000001E000
000001E000
000001E000
000001E000
000001E000
000001E000
000001E000
000001E000
000001E000
000001E000
000001E000
000001E000
000001E000
000001E000
000001E000
000001E000
000001E000
000001E000
000001E000
000001E000
000001E000
000001E000
000001E000
000001E000
000001E000
000001E000
ENDCHAR
STARTCHAR uni093F.00
ENCODING -1
SWIDTH 228 0
DWIDTH 12 0
BBX 27 49 -1 0
BITMAP
000FF800
003FFE00
00FFFF00
01FFFF80
01F80FC0
03E003E0
03C003E0
07C001E0
078001E0
078001E0
078001E0
07800000
07800000
07800000
07800000
FFFC0000
FFFC0000
FFFC0000
FFFC0000
07800000
07800000
07800000
07800000
07800000
07800000
07800000
07800000
07800000
07800000
07800000
07800000
07800000
07800000
07800000
07800000
07800000
07800000
07800000
07800000
07800000
07800000
07800000
07800000
07800000
07800000
07800000
07800000
07800000
07800000
ENDCHAR
STARTCHAR uni093F0901.00
ENCODING -1
SWIDTH 228 0
DWIDTH 12 0
BBX 39 50 -1 0
BITMAP
0000000F80
000FF00F80
003FFE0F80
00FFFF0F80
01FFFFCF9E
01F80FC01E
03E007C01E
03C003E03C
07C001F07C
078001FFF8
078001FFF0
078001FFC0
078001E000
0780000000
0780000000
0780000000
FFFC000000
FFFC000000
FFFC000000
FFFC000000
0780000000
0780000000
0780000000
0780000000
0780000000
0780000000
0780000000
0780000000
0780000000
0780000000
0780000000
0780000000
0780000000
0780000000
0780000000
0780000000
0780000000
0780000000
0780000000
0780000000
0780000000
0780000000
0780000000
0780000000
0780000000
0780000000
0780000000
0780000000
0780000000
0780000000
ENDCHAR
STARTCHAR uni093F0902.00
ENCODING -1
SWIDTH 228 0
DWIDTH 12 0
BBX 34 49 -1 0
BITMAP
000FF807C0
003FFE07C0
00FFFF87C0
01FFFFC7C0
01F80FC7C0
03E003E000
03C003E000
07C001E000
078001E000
078001E000
078001E000
0780000000
0780000000
0780000000
0780000000
FFFC000000
FFFC000000
FFFC000000
FFFC000000
0780000000
0780000000
0780000000
0780000000
0780000000
0780000000
0780000000
0780000000
0780000000
0780000000
0780000000
0780000000
0780000000
0780000000
0780000000
0780000000
0780000000
0780000000
0780000000
0780000000
0780000000
0780000000
0780000000
0780000000
0780000000
0780000000
0780000000
0780000000
0780000000
0780000000
ENDCHAR
STARTCHAR uni093F0930094D.00
ENCODING -1
SWIDTH 228 0
DWIDTH 12 0
BBX 32 49 -1 0
BITMAP
000FF000
003FFE00
00FFFF00
01FFFF8F
01F80FFF
03E007FF
03C003FF
07C001F8
078001E0
078001E0
078001E0
078001E0
078000E0
07800000
07800000
FFFC0000
FFFC0000
FFFC0000
FFFC0000
07800000
07800000
07800000
07800000
07800000
07800000
07800000
07800000
07800000
07800000
07800000
07800000
07800000
07800000
07800000
07800000
07800000
07800000
07800000
07800000
07800000
07800000
07800000
07800000
07800000
07800000
07800000
07800000
07800000
07800000
ENDCHAR
STARTCHAR uni093F0930094D0901.00
ENCODING -1
SWIDTH 228 0
DWIDTH 12 0
BBX 40 49 -1 0
BITMAP
000FF00000
003FFE0000
00FFFF0F00
01FFFFBF00
01F80FFF00
03E003FF00
03C003F8F0
07C001E0F0
078001E0F0
078001EEF7
078001EE07
078001EF0E
078000E7FC
07800001F8
0780000000
FFFC000000
FFFC000000
FFFC000000
FFFC000000
0780000000
0780000000
0780000000
0780000000
0780000000
0780000000
0780000000
0780000000
0780000000
0780000000
0780000000
0780000000
0780000000
0780000000
0780000000
0780000000
0780000000
0780000000
0780000000
0780000000
0780000000
0780000000
0780000000
0780000000
0780000000
0780000000
0780000000
0780000000
0780000000
0780000000
ENDCHAR
STARTCHAR uni093F0930094D0902.00
ENCODING -1
SWIDTH 228 0
DWIDTH 12 0
BBX 33 49 -1 0
BITMAP
000FF00000
003FFE0000
00FFFF0000
01FFFF8F00
01F80FFF00
03E007FF00
03C003FF00
07C001F800
078001E000
078001E780
078001E780
078001E780
078000E780
0780000000
0780000000
FFFC000000
FFFC000000
FFFC000000
FFFC000000
0780000000
0780000000
0780000000
0780000000
0780000000
0780000000
0780000000
0780000000
0780000000
0780000000
0780000000
0780000000
0780000000
0780000000
0780000000
0780000000
0780000000
0780000000
0780000000
0780000000
0780000000
0780000000
0780000000
0780000000
0780000000
0780000000
0780000000
0780000000
0780000000
0780000000
ENDCHAR
STARTCHAR uni093F.01
ENCODING -1
SWIDTH 228 0
DWIDTH 12 0
BBX 35 49 -1 0
BITMAP
0003FFC000
001FFFFC00
007FFFFF00
00FFFFFF80
01FC003FC0
03F00007C0
03E00003E0
07C00001E0
07C00001E0
07800001E0
07800001E0
0780000000
0780000000
0780000000
0780000000
FFFC000000
FFFC000000
FFFC000000
FFFC000000
0780000000
0780000000
0780000000
0780000000
0780000000
0780000000
0780000000
0780000000
0780000000
0780000000
0780000000
0780000000
0780000000
0780000000
0780000000
0780000000
0780000000
0780000000
0780000000
0780000000
0780000000
0780000000
0780000000
0780000000
0780000000
0780000000
0780000000
0780000000
0780000000
0780000000
ENDCHAR
STARTCHAR uni093F.02
ENCODING -1
SWIDTH 228 0
DWIDTH 12 0
BBX 38 49 -1 0
BITMAP
0001FFF000
001FFFFF00
007FFFFFC0
00FFFFFFE0
01FE000FF0
03F00001F8
03E00000F8
03C0000078
07C0000078
078000007C
0780000078
0780000000
0780000000
0780000000
0780000000
FFFC000000
FFFC000000
FFFC000000
FFFC000000
0780000000
0780000000
0780000000
0780000000
0780000000
0780000000
0780000000
0780000000
0780000000
0780000000
0780000000
0780000000
0780000000
0780000000
0780000000
0780000000
0780000000
0780000000
0780000000
0780000000
0780000000
0780000000
0780000000
0780000000
0780000000
0780000000
0780000000
0780000000
0780000000
0780000000
ENDCHAR
STARTCHAR uni093F.03
ENCODING -1
SWIDTH 228 0
DWIDTH 12 0
BBX 40 49 -1 0
BITMAP
0001FFFC00
001FFFFFC0
007FFFFFF0
00FFFFFFF8
01FE0003FC
03F000007E
03E000003E
03C000001F
07C000000F
078000000F
078000000F
0780000000
0780000000
0780000000
0780000000
FFFC000000
FFFC000000
FFFC000000
FFFC000000
0780000000
0780000000
0780000000
0780000000
0780000000
0780000000
0780000000
0780000000
0780000000
0780000000
0780000000
0780000000
0780000000
0780000000
0780000000
0780000000
0780000000
0780000000
0780000000
0780000000
0780000000
0780000000
0780000000
0780000000
0780000000
0780000000
0780000000
0780000000
0780000000
0780000000
ENDCHAR
STARTCHAR uni093F.04
ENCODING -1
SWIDTH 228 0
DWIDTH 12 0
BBX 42 49 -1 0
BITMAP
0000FFFF0000
000FFFFFF000
003FFFFFFC00
00FFFFFFFF00
01FF0000FF00
01F000001F80
03E0000007C0
03C0000007C0
07C0000003C0
0780000003C0
0780000003C0
078000000000
078000000000
078000000000
078000000000
FFFC00000000
FFFC00000000
FFFC00000000
FFFC00000000
078000000000
078000000000
078000000000
078000000000
078000000000
078000000000
078000000000
078000000000
078000000000
078000000000
078000000000
078000000000
078000000000
078000000000
078000000000
078000000000
078000000000
078000000000
078000000000
078000000000
078000000000
078000000000
078000000000
078000000000
078000000000
078000000000
078000000000
078000000000
078000000000
078000000000
ENDCHAR
STARTCHAR uni093F.05
ENCODING -1
SWIDTH 228 0
DWIDTH 12 0
BBX 44 49 -1 0
BITMAP
0000FFFFC000
000FFFFFFC00
003FFFFFFF00
00FFFFFFFFC0
01FF00003FE0
01F8000007E0
03E0000001F0
03C0000000F0
07C0000000F0
0780000000F0
0780000000F0
078000000000
078000000000
078000000000
078000000000
FFFC00000000
FFFC00000000
FFFC00000000
FFFC00000000
078000000000
078000000000
078000000000
078000000000
078000000000
078000000000
078000000000
078000000000
078000000000
078000000000
078000000000
078000000000
078000000000
078000000000
078000000000
078000000000
078000000000
078000000000
078000000000
078000000000
078000000000
078000000000
078000000000
078000000000
078000000000
078000000000
078000000000
078000000000
078000000000
078000000000
ENDCHAR
STARTCHAR uni093F.06
ENCODING -1
SWIDTH 228 0
DWIDTH 12 0
BBX 47 49 -1 0
BITMAP
00007FFFF000
000FFFFFFF00
003FFFFFFFC0
00FFFFFFFFF0
01FF00000FF8
01F8000001FC
03E00000007C
03C00000003C
07C00000003E
07800000001E
07800000001E
078000000000
078000000000
078000000000
078000000000
FFFC00000000
FFFC00000000
FFFC00000000
FFFC00000000
078000000000
078000000000
078000000000
078000000000
078000000000
078000000000
078000000000
078000000000
078000000000
078000000000
078000000000
078000000000
078000000000
078000000000
078000000000
078000000000
078000000000
078000000000
078000000000
078000000000
078000000000
078000000000
078000000000
078000000000
078000000000
078000000000
078000000000
078000000000
078000000000
078000000000
ENDCHAR
STARTCHAR uni093F.07
ENCODING -1
SWIDTH 228 0
DWIDTH 12 0
BBX 49 49 -1 0
BITMAP
00007FFFFC0000
0007FFFFFFC000
003FFFFFFFF800
007FFFFFFFFC00
01FF800007FE00
01F80000007F00
03E00000001F80
03E00000000F80
07C00000000780
07800000000780
07800000000780
07800000000000
07800000000000
07800000000000
07800000000000
FFFC0000000000
FFFC0000000000
FFFC0000000000
FFFC0000000000
07800000000000
07800000000000
07800000000000
07800000000000
07800000000000
07800000000000
07800000000000
07800000000000
07800000000000
07800000000000
07800000000000
07800000000000
07800000000000
07800000000000
07800000000000
07800000000000
07800000000000
07800000000000
07800000000000
07800000000000
07800000000000
07800000000000
07800000000000
07800000000000
07800000000000
07800000000000
07800000000000
07800000000000
07800000000000
07800000000000
ENDCHAR
STARTCHAR uni093F.08
ENCODING -1
SWIDTH 228 0
DWIDTH 12 0
BBX 51 49 -1 0
BITMAP
00003FFFFF0000
0007FFFFFFF000
003FFFFFFFFE00
007FFFFFFFFF00
00FFC00001FFC0
01F80000000FC0
03F000000007E0
03E000000003E0
07C000000001E0
078000000001E0
078000000001E0
07800000000000
07800000000000
07800000000000
07800000000000
FFFC0000000000
FFFC0000000000
FFFC0000000000
FFFC0000000000
07800000000000
07800000000000
07800000000000
07800000000000
07800000000000
07800000000000
07800000000000
07800000000000
07800000000000
07800000000000
07800000000000
07800000000000
07800000000000
07800000000000
07800000000000
07800000000000
07800000000000
07800000000000
07800000000000
07800000000000
07800000000000
07800000000000
07800000000000
07800000000000
07800000000000
07800000000000
07800000000000
07800000000000
07800000000000
07800000000000
ENDCHAR
STARTCHAR uni093F.09
ENCODING -1
SWIDTH 228 0
DWIDTH 12 0
BBX 54 49 -1 0
BITMAP
00003FFFFF8000
0007FFFFFFFE00
001FFFFFFFFF80
007FFFFFFFFFE0
00FFC000007FF0
01FC00000003F8
03F000000000F8
03E00000000078
07C0000000007C
07C0000000007C
0780000000003C
07800000000000
07800000000000
07800000000000
07800000000000
FFFC0000000000
FFFC0000000000
FFFC0000000000
FFFC0000000000
07800000000000
07800000000000
07800000000000
07800000000000
07800000000000
07800000000000
07800000000000
07800000000000
07800000000000
07800000000000
07800000000000
07800000000000
07800000000000
07800000000000
07800000000000
07800000000000
07800000000000
07800000000000
07800000000000
07800000000000
07800000000000
07800000000000
07800000000000
07800000000000
07800000000000
07800000000000
07800000000000
07800000000000
07800000000000
07800000000000
ENDCHAR
STARTCHAR uni093F.10
ENCODING -1
SWIDTH 228 0
DWIDTH 12 0
BBX 56 49 -1 0
BITMAP
00001FFFFFE000
0007FFFFFFFF80
001FFFFFFFFFE0
007FFFFFFFFFF8
00FFE000001FFC
01FC00000000FE
03F0000000003E
03E0000000001F
07C0000000000F
07C0000000000F
0780000000000F
07800000000000
07800000000000
07800000000000
07800000000000
FFFC0000000000
FFFC0000000000
FFFC0000000000
FFFC0000000000
07800000000000
07800000000000
07800000000000
07800000000000
07800000000000
07800000000000
07800000000000
07800000000000
07800000000000
07800000000000
07800000000000
07800000000000
07800000000000
07800000000000
07800000000000
07800000000000
07800000000000
07800000000000
07800000000000
07800000000000
07800000000000
07800000000000
07800000000000
07800000000000
07800000000000
07800000000000
07800000000000
07800000000000
07800000000000
07800000000000
ENDCHAR
STARTCHAR uni093F.11
ENCODING -1
SWIDTH 228 0
DWIDTH 12 0
BBX 58 49 -1 0
BITMAP
00000FFFFFF80000
0003FFFFFFFFE000
001FFFFFFFFFF800
007FFFFFFFFFFE00
00FFF0000007FF00
01FC000000003F80
03F0000000000FC0
03E00000000007C0
07C00000000003C0
07C00000000003C0
07800000000003C0
0780000000000000
0780000000000000
0780000000000000
0780000000000000
FFFC000000000000
FFFC000000000000
FFFC000000000000
FFFC000000000000
0780000000000000
0780000000000000
0780000000000000
0780000000000000
0780000000000000
0780000000000000
0780000000000000
0780000000000000
0780000000000000
0780000000000000
0780000000000000
0780000000000000
0780000000000000
0780000000000000
0780000000000000
0780000000000000
0780000000000000
0780000000000000
0780000000000000
0780000000000000
0780000000000000
0780000000000000
0780000000000000
0780000000000000
0780000000000000
0780000000000000
0780000000000000
0780000000000000
0780000000000000
0780000000000000
ENDCHAR
STARTCHAR uni093F.12
ENCODING -1
SWIDTH 228 0
DWIDTH 12 0
BBX 61 49 -1 0
BITMAP
00000FFFFFFE0000
0003FFFFFFFFF800
001FFFFFFFFFFE00
007FFFFFFFFFFF80
00FFF0000003FFE0
01FC000000000FE0
03F00000000003F0
03E00000000001F0
03C00000000000F0
07C00000000000F8
07800000000000F8
0780000000000000
0780000000000000
0780000000000000
0780000000000000
FFFC000000000000
FFFC000000000000
FFFC000000000000
FFFC000000000000
0780000000000000
0780000000000000
0780000000000000
0780000000000000
0780000000000000
0780000000000000
0780000000000000
0780000000000000
0780000000000000
0780000000000000
0780000000000000
0780000000000000
0780000000000000
0780000000000000
0780000000000000
0780000000000000
0780000000000000
0780000000000000
0780000000000000
0780000000000000
0780000000000000
0780000000000000
0780000000000000
0780000000000000
0780000000000000
0780000000000000
0780000000000000
0780000000000000
0780000000000000
0780000000000000
ENDCHAR
STARTCHAR uni093F.13
ENCODING -1
SWIDTH 228 0
DWIDTH 12 0
BBX 63 49 -1 0
BITMAP
000007FFFFFF0000
0003FFFFFFFFFE00
001FFFFFFFFFFFC0
007FFFFFFFFFFFF0
00FFF0000000FFF8
01FE0000000003FC
03F00000000000FC
03E000000000003E
03C000000000003E
07C000000000001E
078000000000001E
0780000000000000
0780000000000000
0780000000000000
0780000000000000
FFFC000000000000
FFFC000000000000
FFFC000000000000
FFFC000000000000
0780000000000000
0780000000000000
0780000000000000
0780000000000000
0780000000000000
0780000000000000
0780000000000000
0780000000000000
0780000000000000
0780000000000000
0780000000000000
0780000000000000
0780000000000000
0780000000000000
0780000000000000
0780000000000000
0780000000000000
0780000000000000
0780000000000000
0780000000000000
0780000000000000
0780000000000000
0780000000000000
0780000000000000
0780000000000000
0780000000000000
0780000000000000
0780000000000000
0780000000000000
0780000000000000
ENDCHAR
STARTCHAR uni093F.14
ENCODING -1
SWIDTH 228 0
DWIDTH 12 0
BBX 65 49 -1 0
BITMAP
000007FFFFFFC00000
0001FFFFFFFFFF8000
000FFFFFFFFFFFF000
003FFFFFFFFFFFFC00
00FFF80000003FFE00
01FE0000000000FF00
03F000000000001F00
03E000000000000F80
03C000000000000780
07C000000000000780
078000000000000780
078000000000000000
078000000000000000
078000000000000000
078000000000000000
FFFC00000000000000
FFFC00000000000000
FFFC00000000000000
FFFC00000000000000
078000000000000000
078000000000000000
078000000000000000
078000000000000000
078000000000000000
078000000000000000
078000000000000000
078000000000000000
078000000000000000
078000000000000000
078000000000000000
078000000000000000
078000000000000000
078000000000000000
078000000000000000
078000000000000000
078000000000000000
078000000000000000
078000000000000000
078000000000000000
078000000000000000
078000000000000000
078000000000000000
078000000000000000
078000000000000000
078000000000000000
078000000000000000
078000000000000000
078000000000000000
078000000000000000
ENDCHAR
STARTCHAR uni093F.15
ENCODING -1
SWIDTH 228 0
DWIDTH 12 0
BBX 67 49 -1 0
BITMAP
000003FFFFFFF00000
0001FFFFFFFFFFE000
000FFFFFFFFFFFFC00
003FFFFFFFFFFFFF00
00FFFC0000001FFF80
01FE00000000003FC0
01F8000000000007E0
03E0000000000003E0
03C0000000000001E0
07C0000000000001E0
0780000000000001E0
078000000000000000
078000000000000000
078000000000000000
078000000000000000
FFFC00000000000000
FFFC00000000000000
FFFC00000000000000
FFFC00000000000000
078000000000000000
078000000000000000
078000000000000000
078000000000000000
078000000000000000
078000000000000000
078000000000000000
078000000000000000
078000000000000000
078000000000000000
078000000000000000
078000000000000000
078000000000000000
078000000000000000
078000000000000000
078000000000000000
078000000000000000
078000000000000000
078000000000000000
078000000000000000
078000000000000000
078000000000000000
078000000000000000
078000000000000000
078000000000000000
078000000000000000
078000000000000000
078000000000000000
078000000000000000
078000000000000000
ENDCHAR
STARTCHAR uni093F.16
ENCODING -1
SWIDTH 228 0
DWIDTH 12 0
BBX 70 49 -1 0
BITMAP
000001FFFFFFF80000
0001FFFFFFFFFFF800
000FFFFFFFFFFFFF00
003FFFFFFFFFFFFFC0
00FFFC00000007FFE0
01FE00000000000FF0
01F8000000000001F8
03E0000000000000F8
03C00000000000007C
07C00000000000003C
07800000000000003C
078000000000000000
078000000000000000
078000000000000000
078000000000000000
FFFC00000000000000
FFFC00000000000000
FFFC00000000000000
FFFC00000000000000
078000000000000000
078000000000000000
078000000000000000
078000000000000000
078000000000000000
078000000000000000
078000000000000000
078000000000000000
078000000000000000
078000000000000000
078000000000000000
078000000000000000
078000000000000000
078000000000000000
078000000000000000
078000000000000000
078000000000000000
078000000000000000
078000000000000000
078000000000000000
078000000000000000
078000000000000000
078000000000000000
078000000000000000
078000000000000000
078000000000000000
078000000000000000
078000000000000000
078000000000000000
078000000000000000
ENDCHAR
STARTCHAR uni093F.17
ENCODING -1
SWIDTH 228 0
DWIDTH 12 0
BBX 72 49 -1 0
BITMAP
000001FFFFFFFE0000
0000FFFFFFFFFFFE00
000FFFFFFFFFFFFFC0
003FFFFFFFFFFFFFF0
007FFC00000001FFFC
01FF000000000003FE
01F80000000000007E
03F00000000000001F
03C00000000000001F
07C00000000000000F
07800000000000000F
078000000000000000
078000000000000000
078000000000000000
078000000000000000
FFFC00000000000000
FFFC00000000000000
FFFC00000000000000
FFFC00000000000000
078000000000000000
078000000000000000
078000000000000000
078000000000000000
078000000000000000
078000000000000000
078000000000000000
078000000000000000
078000000000000000
078000000000000000
078000000000000000
078000000000000000
078000000000000000
078000000000000000
078000000000000000
078000000000000000
078000000000000000
078000000000000000
078000000000000000
078000000000000000
078000000000000000
078000000000000000
078000000000000000
078000000000000000
078000000000000000
078000000000000000
078000000000000000
078000000000000000
078000000000000000
078000000000000000
ENDCHAR
STARTCHAR uni093F.18
ENCODING -1
SWIDTH 228 0
DWIDTH 12 0
BBX 74 49 -1 0
BITMAP
000000FFFFFFFF800000
0000FFFFFFFFFFFF8000
000FFFFFFFFFFFFFF000
003FFFFFFFFFFFFFFE00
007FFE000000007FFF00
00FF000000000000FF80
01F80000000000001FC0
03F000000000000007C0
03C000000000000003C0
07C000000000000003C0
078000000000000003C0
07800000000000000000
07800000000000000000
07800000000000000000
07800000000000000000
FFFC0000000000000000
FFFC0000000000000000
FFFC0000000000000000
FFFC0000000000000000
07800000000000000000
07800000000000000000
07800000000000000000
07800000000000000000
07800000000000000000
07800000000000000000
07800000000000000000
07800000000000000000
07800000000000000000
07800000000000000000
07800000000000000000
07800000000000000000
07800000000000000000
07800000000000000000
07800000000000000000
07800000000000000000
07800000000000000000
07800000000000000000
07800000000000000000
07800000000000000000
07800000000000000000
07800000000000000000
07800000000000000000
07800000000000000000
07800000000000000000
07800000000000000000
07800000000000000000
07800000000000000000
07800000000000000000
07800000000000000000
ENDCHAR
STARTCHAR uni093F.19
ENCODING -1
SWIDTH 228 0
DWIDTH 12 0
BBX 77 49 -1 0
BITMAP
000000FFFFFFFFC00000
0000FFFFFFFFFFFFE000
0007FFFFFFFFFFFFFC00
003FFFFFFFFFFFFFFF80
007FFF000000003FFFC0
00FF8000000000003FE0
01F800000000000003F0
03F000000000000001F0
03E000000000000000F8
07C000000000000000F8
07C00000000000000078
07800000000000000000
07800000000000000000
07800000000000000000
07800000000000000000
FFFC0000000000000000
FFFC0000000000000000
FFFC0000000000000000
FFFC0000000000000000
07800000000000000000
07800000000000000000
07800000000000000000
07800000000000000000
07800000000000000000
07800000000000000000
07800000000000000000
07800000000000000000
07800000000000000000
07800000000000000000
07800000000000000000
07800000000000000000
07800000000000000000
07800000000000000000
07800000000000000000
07800000000000000000
07800000000000000000
07800000000000000000
07800000000000000000
07800000000000000000
07800000000000000000
07800000000000000000
07800000000000000000
07800000000000000000
07800000000000000000
07800000000000000000
07800000000000000000
07800000000000000000
07800000000000000000
07800000000000000000
ENDCHAR
STARTCHAR uni093F.20
ENCODING -1
SWIDTH 228 0
DWIDTH 12 0
BBX 79 49 -1 0
BITMAP
0000007FFFFFFFF00000
00007FFFFFFFFFFFF800
0007FFFFFFFFFFFFFF80
001FFFFFFFFFFFFFFFE0
007FFF000000000FFFF0
00FF80000000000007F8
01FC00000000000000FC
03F0000000000000007E
03E0000000000000003E
07C0000000000000001E
07C0000000000000001E
07800000000000000000
07800000000000000000
07800000000000000000
07800000000000000000
FFFC0000000000000000
FFFC0000000000000000
FFFC0000000000000000
FFFC0000000000000000
07800000000000000000
07800000000000000000
07800000000000000000
07800000000000000000
07800000000000000000
07800000000000000000
07800000000000000000
07800000000000000000
07800000000000000000
07800000000000000000
07800000000000000000
07800000000000000000
07800000000000000000
07800000000000000000
07800000000000000000
07800000000000000000
07800000000000000000
07800000000000000000
07800000000000000000
07800000000000000000
07800000000000000000
07800000000000000000
07800000000000000000
07800000000000000000
07800000000000000000
07800000000000000000
07800000000000000000
07800000000000000000
07800000000000000000
07800000000000000000
ENDCHAR
STARTCHAR uni093F.21
ENCODING -1
SWIDTH 228 0
DWIDTH 12 0
BBX 81 49 -1 0
BITMAP
0000003FFFFFFFFC000000
00007FFFFFFFFFFFFE0000
0007FFFFFFFFFFFFFFE000
001FFFFFFFFFFFFFFFF800
007FFFC000000003FFFE00
00FF80000000000001FF00
01FC000000000000003F00
03F0000000000000000F80
03E0000000000000000780
07C0000000000000000780
07C0000000000000000780
0780000000000000000000
0780000000000000000000
0780000000000000000000
0780000000000000000000
FFFC000000000000000000
FFFC000000000000000000
FFFC000000000000000000
FFFC000000000000000000
0780000000000000000000
0780000000000000000000
0780000000000000000000
0780000000000000000000
0780000000000000000000
0780000000000000000000
0780000000000000000000
0780000000000000000000
0780000000000000000000
0780000000000000000000
0780000000000000000000
0780000000000000000000
0780000000000000000000
0780000000000000000000
0780000000000000000000
0780000000000000000000
0780000000000000000000
0780000000000000000000
0780000000000000000000
0780000000000000000000
0780000000000000000000
0780000000000000000000
0780000000000000000000
0780000000000000000000
0780000000000000000000
0780000000000000000000
0780000000000000000000
0780000000000000000000
0780000000000000000000
0780000000000000000000
ENDCHAR
STARTCHAR uni093F.22
ENCODING -1
SWIDTH 228 0
DWIDTH 12 0
BBX 84 49 -1 0
BITMAP
0000001FFFFFFFFF000000
00007FFFFFFFFFFFFF8000
0007FFFFFFFFFFFFFFF800
001FFFFFFFFFFFFFFFFE00
007FF00000000001FFFF80
00FE000000000000007FC0
01F8000000000000000FE0
03F00000000000000003E0
03E00000000000000001E0
03C00000000000000001F0
07C00000000000000001E0
0780000000000000000000
0780000000000000000000
0780000000000000000000
0780000000000000000000
FFFC000000000000000000
FFFC000000000000000000
FFFC000000000000000000
FFFC000000000000000000
0780000000000000000000
0780000000000000000000
0780000000000000000000
0780000000000000000000
0780000000000000000000
0780000000000000000000
0780000000000000000000
0780000000000000000000
0780000000000000000000
0780000000000000000000
0780000000000000000000
0780000000000000000000
0780000000000000000000
0780000000000000000000
0780000000000000000000
0780000000000000000000
0780000000000000000000
0780000000000000000000
0780000000000000000000
0780000000000000000000
0780000000000000000000
0780000000000000000000
0780000000000000000000
0780000000000000000000
0780000000000000000000
0780000000000000000000
0780000000000000000000
0780000000000000000000
0780000000000000000000
0780000000000000000000
ENDCHAR
STARTCHAR uni093F.23
ENCODING -1
SWIDTH 228 0
DWIDTH 12 0
BBX 86 49 -1 0
BITMAP
0000001FFFFFFFFF800000
00003FFFFFFFFFFFFFE000
0003FFFFFFFFFFFFFFFE00
001FFFFFFFFFFFFFFFFFC0
007FF000000000007FFFE0
00FF000000000000001FF0
01F80000000000000003F8
03F00000000000000000FC
03E000000000000000007C
03C000000000000000003C
07C000000000000000003C
0780000000000000000000
0780000000000000000000
0780000000000000000000
0780000000000000000000
FFFC000000000000000000
FFFC000000000000000000
FFFC000000000000000000
FFFC000000000000000000
0780000000000000000000
0780000000000000000000
0780000000000000000000
0780000000000000000000
0780000000000000000000
0780000000000000000000
0780000000000000000000
0780000000000000000000
0780000000000000000000
0780000000000000000000
0780000000000000000000
0780000000000000000000
0780000000000000000000
0780000000000000000000
0780000000000000000000
0780000000000000000000
0780000000000000000000
0780000000000000000000
0780000000000000000000
0780000000000000000000
0780000000000000000000
0780000000000000000000
0780000000000000000000
0780000000000000000000
0780000000000000000000
0780000000000000000000
0780000000000000000000
0780000000000000000000
0780000000000000000000
0780000000000000000000
ENDCHAR
STARTCHAR uni093F.24
ENCODING -1
SWIDTH 228 0
DWIDTH 12 0
BBX 88 49 -1 0
BITMAP
0000000FFFFFFFFFE00000
00003FFFFFFFFFFFFFF800
0003FFFFFFFFFFFFFFFF80
001FFFFFFFFFFFFFFFFFF0
007FFFE0000000001FFFF8
00FFC000000000000007FE
01FE0000000000000000FE
03F000000000000000003F
03E000000000000000001F
03C000000000000000000F
07C000000000000000000F
0780000000000000000000
0780000000000000000000
0780000000000000000000
0780000000000000000000
FFFC000000000000000000
FFFC000000000000000000
FFFC000000000000000000
FFFC000000000000000000
0780000000000000000000
0780000000000000000000
0780000000000000000000
0780000000000000000000
0780000000000000000000
0780000000000000000000
0780000000000000000000
0780000000000000000000
0780000000000000000000
0780000000000000000000
0780000000000000000000
0780000000000000000000
0780000000000000000000
0780000000000000000000
0780000000000000000000
0780000000000000000000
0780000000000000000000
0780000000000000000000
0780000000000000000000
0780000000000000000000
0780000000000000000000
0780000000000000000000
0780000000000000000000
0780000000000000000000
0780000000000000000000
0780000000000000000000
0780000000000000000000
0780000000000000000000
0780000000000000000000
0780000000000000000000
ENDCHAR
STARTCHAR uni093F.26
ENCODING -1
SWIDTH 228 0
DWIDTH 12 0
BBX 93 49 -1 0
BITMAP
00000003FFFFFFFFFC000000
00001FFFFFFFFFFFFFFF0000
0003FFFFFFFFFFFFFFFFF800
000FFFFFFFFFFFFFFFFFFF00
003FFFF00000000003FFFFC0
00FFE0000000000000007FE0
01FE000000000000000007F0
01F8000000000000000001F0
03E0000000000000000000F8
03C000000000000000000078
07C000000000000000000078
078000000000000000000000
078000000000000000000000
078000000000000000000000
078000000000000000000000
FFFC00000000000000000000
FFFC00000000000000000000
FFFC00000000000000000000
FFFC00000000000000000000
078000000000000000000000
078000000000000000000000
078000000000000000000000
078000000000000000000000
078000000000000000000000
078000000000000000000000
078000000000000000000000
078000000000000000000000
078000000000000000000000
078000000000000000000000
078000000000000000000000
078000000000000000000000
078000000000000000000000
078000000000000000000000
078000000000000000000000
078000000000000000000000
078000000000000000000000
078000000000000000000000
078000000000000000000000
078000000000000000000000
078000000000000000000000
078000000000000000000000
078000000000000000000000
078000000000000000000000
078000000000000000000000
078000000000000000000000
078000000000000000000000
078000000000000000000000
078000000000000000000000
078000000000000000000000
ENDCHAR
STARTCHAR uni093F.30
ENCODING -1
SWIDTH 228 0
DWIDTH 12 0
BBX 102 49 -1 0
BITMAP
00000000FFFFFFFFFFF8000000
000007FFFFFFFFFFFFFFFF0000
0001FFFFFFFFFFFFFFFFFFFC00
000FFFFFFFFFFFFFFFFFFFFF80
003FFE00000000000007FFFFE0
007F800000000000000000FFF0
00FC00000000000000000007F8
01F000000000000000000000FC
03E0000000000000000000007C
03C0000000000000000000003C
07C0000000000000000000003C
07C00000000000000000000000
07800000000000000000000000
07800000000000000000000000
07800000000000000000000000
FFFC0000000000000000000000
FFFC0000000000000000000000
FFFC0000000000000000000000
FFFC0000000000000000000000
07800000000000000000000000
07800000000000000000000000
07800000000000000000000000
07800000000000000000000000
07800000000000000000000000
07800000000000000000000000
07800000000000000000000000
07800000000000000000000000
07800000000000000000000000
07800000000000000000000000
07800000000000000000000000
07800000000000000000000000
07800000000000000000000000
07800000000000000000000000
07800000000000000000000000
07800000000000000000000000
07800000000000000000000000
07800000000000000000000000
07800000000000000000000000
07800000000000000000000000
07800000000000000000000000
07800000000000000000000000
07800000000000000000000000
07800000000000000000000000
07800000000000000000000000
07800000000000000000000000
07800000000000000000000000
07800000000000000000000000
07800000000000000000000000
07800000000000000000000000
ENDCHAR
STARTCHAR uni093F0901.01
ENCODING -1
SWIDTH 228 0
DWIDTH 12 0
BBX 47 50 -1 0
BITMAP
000000000F80
0003FFC00F80
001FFFF80F80
007FFFFE0F80
00FFFFFFCF9E
01FC003FC01E
03F0000FC01E
03E00003E03C
07C00003F07C
07C00001FFF8
07800001FFF0
07800001FFC0
07800001E000
078000000000
078000000000
078000000000
FFFC00000000
FFFC00000000
FFFC00000000
FFFC00000000
078000000000
078000000000
078000000000
078000000000
078000000000
078000000000
078000000000
078000000000
078000000000
078000000000
078000000000
078000000000
078000000000
078000000000
078000000000
078000000000
078000000000
078000000000
078000000000
078000000000
078000000000
078000000000
078000000000
078000000000
078000000000
078000000000
078000000000
078000000000
078000000000
078000000000
ENDCHAR
STARTCHAR uni093F0901.02
ENCODING -1
SWIDTH 228 0
DWIDTH 12 0
BBX 49 50 -1 0
BITMAP
0000000003E000
0001FFF003E000
001FFFFE03E000
007FFFFF83E000
00FFFFFFF3E780
01FE000FF00780
03F00001F00780
03E00000F80F80
03C000007C1F00
07C000007FFE00
078000007FFC00
078000007FF000
07800000780000
07800000000000
07800000000000
07800000000000
FFFC0000000000
FFFC0000000000
FFFC0000000000
FFFC0000000000
07800000000000
07800000000000
07800000000000
07800000000000
07800000000000
07800000000000
07800000000000
07800000000000
07800000000000
07800000000000
07800000000000
07800000000000
07800000000000
07800000000000
07800000000000
07800000000000
07800000000000
07800000000000
07800000000000
07800000000000
07800000000000
07800000000000
07800000000000
07800000000000
07800000000000
07800000000000
07800000000000
07800000000000
07800000000000
07800000000000
ENDCHAR
STARTCHAR uni093F0901.03
ENCODING -1
SWIDTH 228 0
DWIDTH 12 0
BBX 52 50 -1 0
BITMAP
00000000007800
0001FFFC007800
001FFFFFC07800
007FFFFFF07800
00FFFFFFFC78F0
01FE0003FC01E0
03F000007E01E0
03E000003E01E0
03C000001F87C0
07C000000FFF80
078000000FFF00
078000000FFC00
07800000000000
07800000000000
07800000000000
07800000000000
FFFC0000000000
FFFC0000000000
FFFC0000000000
FFFC0000000000
07800000000000
07800000000000
07800000000000
07800000000000
07800000000000
07800000000000
07800000000000
07800000000000
07800000000000
07800000000000
07800000000000
07800000000000
07800000000000
07800000000000
07800000000000
07800000000000
07800000000000
07800000000000
07800000000000
07800000000000
07800000000000
07800000000000
07800000000000
07800000000000
07800000000000
07800000000000
07800000000000
07800000000000
07800000000000
07800000000000
ENDCHAR
STARTCHAR uni093F0901.04
ENCODING -1
SWIDTH 228 0
DWIDTH 12 0
BBX 54 50 -1 0
BITMAP
00000000001F00
0000FFFF001F00
000FFFFFF01F00
003FFFFFFC1F00
00FFFFFFFF9F3C
01FF0000FF803C
01F000001F803C
03E000000FC078
03C0000007E0F8
07C0000003FFF0
0780000003FFE0
0780000003FF80
0780000003C000
07800000000000
07800000000000
07800000000000
FFFC0000000000
FFFC0000000000
FFFC0000000000
FFFC0000000000
07800000000000
07800000000000
07800000000000
07800000000000
07800000000000
07800000000000
07800000000000
07800000000000
07800000000000
07800000000000
07800000000000
07800000000000
07800000000000
07800000000000
07800000000000
07800000000000
07800000000000
07800000000000
07800000000000
07800000000000
07800000000000
07800000000000
07800000000000
07800000000000
07800000000000
07800000000000
07800000000000
07800000000000
07800000000000
07800000000000
ENDCHAR
STARTCHAR uni093F0901.05
ENCODING -1
SWIDTH 228 0
DWIDTH 12 0
BBX 56 50 -1 0
BITMAP
000000000007C0
0000FFFFC007C0
000FFFFFFC07C0
003FFFFFFF07C0
00FFFFFFFFE7CF
01FF00003FE00F
01F8000007E00F
03E0000001F01E
03C0000000F83E
07C0000000FFFC
0780000000FFF8
0780000000FFE0
0780000000F000
07800000000000
07800000000000
07800000000000
FFFC0000000000
FFFC0000000000
FFFC0000000000
FFFC0000000000
07800000000000
07800000000000
07800000000000
07800000000000
07800000000000
07800000000000
07800000000000
07800000000000
07800000000000
07800000000000
07800000000000
07800000000000
07800000000000
07800000000000
07800000000000
07800000000000
07800000000000
07800000000000
07800000000000
07800000000000
07800000000000
07800000000000
07800000000000
07800000000000
07800000000000
07800000000000
07800000000000
07800000000000
07800000000000
07800000000000
ENDCHAR
STARTCHAR uni093F0901.06
ENCODING -1
SWIDTH 228 0
DWIDTH 12 0
BBX 58 50 -1 0
BITMAP
000000000000F000
00007FFFE000F000
000FFFFFFF00F000
003FFFFFFFC0F000
00FFFFFFFFF8F3C0
01FF00000FF803C0
01F8000001FC03C0
03E00000007C03C0
03C00000003E0F80
07C00000003FFF00
07800000001FFE00
07800000001FF800
07800000001E0000
0780000000000000
0780000000000000
0780000000000000
FFFC000000000000
FFFC000000000000
FFFC000000000000
FFFC000000000000
0780000000000000
0780000000000000
0780000000000000
0780000000000000
0780000000000000
0780000000000000
0780000000000000
0780000000000000
0780000000000000
0780000000000000
0780000000000000
0780000000000000
0780000000000000
0780000000000000
0780000000000000
0780000000000000
0780000000000000
0780000000000000
0780000000000000
0780000000000000
0780000000000000
0780000000000000
0780000000000000
0780000000000000
0780000000000000
0780000000000000
0780000000000000
0780000000000000
0780000000000000
0780000000000000
ENDCHAR
STARTCHAR uni093F0901.07
ENCODING -1
SWIDTH 228 0
DWIDTH 12 0
BBX 61 50 -1 0
BITMAP
0000000000003E00
00007FFFF8003E00
0007FFFFFFC03E00
003FFFFFFFF03E00
007FFFFFFFFF3E78
01FF800007FF0078
01F80000007F00F0
03E00000001F80F0
03E00000000FC1E0
07C000000007FFE0
078000000007FF80
078000000007FF00
0780000000078000
0780000000000000
0780000000000000
0780000000000000
FFFC000000000000
FFFC000000000000
FFFC000000000000
FFFC000000000000
0780000000000000
0780000000000000
0780000000000000
0780000000000000
0780000000000000
0780000000000000
0780000000000000
0780000000000000
0780000000000000
0780000000000000
0780000000000000
0780000000000000
0780000000000000
0780000000000000
0780000000000000
0780000000000000
0780000000000000
0780000000000000
0780000000000000
0780000000000000
0780000000000000
0780000000000000
0780000000000000
0780000000000000
0780000000000000
0780000000000000
0780000000000000
0780000000000000
0780000000000000
0780000000000000
ENDCHAR
STARTCHAR uni093F0901.08
ENCODING -1
SWIDTH 228 0
DWIDTH 12 0
BBX 63 50 -1 0
BITMAP
0000000000000F80
00003FFFFE000F80
0007FFFFFFF00F80
003FFFFFFFFC0F80
007FFFFFFFFFCF9E
00FFC00001FFC01E
01F80000001FC01E
03F000000007E03C
03E000000003F07C
07C000000001FFF8
078000000001FFF0
078000000001FFC0
078000000001E000
0780000000000000
0780000000000000
0780000000000000
FFFC000000000000
FFFC000000000000
FFFC000000000000
FFFC000000000000
0780000000000000
0780000000000000
0780000000000000
0780000000000000
0780000000000000
0780000000000000
0780000000000000
0780000000000000
0780000000000000
0780000000000000
0780000000000000
0780000000000000
0780000000000000
0780000000000000
0780000000000000
0780000000000000
0780000000000000
0780000000000000
0780000000000000
0780000000000000
0780000000000000
0780000000000000
0780000000000000
0780000000000000
0780000000000000
0780000000000000
0780000000000000
0780000000000000
0780000000000000
0780000000000000
ENDCHAR
STARTCHAR uni093F0901.09
ENCODING -1
SWIDTH 228 0
DWIDTH 12 0
BBX 65 50 -1 0
BITMAP
00000000000001E000
00003FFFFF8001E000
0007FFFFFFFC01E000
001FFFFFFFFF01E000
007FFFFFFFFFF1E780
00FFC000007FF00780
01FC00000003F80780
03F000000001F80F80
03E0000000007C1F00
07C0000000007FFE00
07C0000000007FFC00
0780000000003FF000
0780000000003C0000
078000000000000000
078000000000000000
078000000000000000
FFFC00000000000000
FFFC00000000000000
FFFC00000000000000
FFFC00000000000000
078000000000000000
078000000000000000
078000000000000000
078000000000000000
078000000000000000
078000000000000000
078000000000000000
078000000000000000
078000000000000000
078000000000000000
078000000000000000
078000000000000000
078000000000000000
078000000000000000
078000000000000000
078000000000000000
078000000000000000
078000000000000000
078000000000000000
078000000000000000
078000000000000000
078000000000000000
078000000000000000
078000000000000000
078000000000000000
078000000000000000
078000000000000000
078000000000000000
078000000000000000
078000000000000000
ENDCHAR
STARTCHAR uni093F0901.10
ENCODING -1
SWIDTH 228 0
DWIDTH 12 0
BBX 68 50 -1 0
BITMAP
000000000000007800
00001FFFFFE0007800
0007FFFFFFFF007800
001FFFFFFFFFE07800
007FFFFFFFFFFE78F0
00FFE000003FFE00F0
01FC00000000FE01E0
03F0000000003E01E0
03E0000000001F83C0
07C0000000001FFFC0
07C0000000000FFF00
0780000000000FFC00
0780000000000F0000
078000000000000000
078000000000000000
078000000000000000
FFFC00000000000000
FFFC00000000000000
FFFC00000000000000
FFFC00000000000000
078000000000000000
078000000000000000
078000000000000000
078000000000000000
078000000000000000
078000000000000000
078000000000000000
078000000000000000
078000000000000000
078000000000000000
078000000000000000
078000000000000000
078000000000000000
078000000000000000
078000000000000000
078000000000000000
078000000000000000
078000000000000000
078000000000000000
078000000000000000
078000000000000000
078000000000000000
078000000000000000
078000000000000000
078000000000000000
078000000000000000
078000000000000000
078000000000000000
078000000000000000
078000000000000000
ENDCHAR
STARTCHAR uni093F0901.11
ENCODING -1
SWIDTH 228 0
DWIDTH 12 0
BBX 70 50 -1 0
BITMAP
000000000000001F00
00000FFFFFF0001F00
0003FFFFFFFFC01F00
001FFFFFFFFFF81F00
007FFFFFFFFFFF9F3C
00FFF000000FFF803C
01FC000000003F803C
03F0000000000FC078
03E00000000007E0F8
07C00000000003FFF0
07C00000000003FFE0
07800000000003FF80
07800000000003C000
078000000000000000
078000000000000000
078000000000000000
FFFC00000000000000
FFFC00000000000000
FFFC00000000000000
FFFC00000000000000
078000000000000000
078000000000000000
078000000000000000
078000000000000000
078000000000000000
078000000000000000
078000000000000000
078000000000000000
078000000000000000
078000000000000000
078000000000000000
078000000000000000
078000000000000000
078000000000000000
078000000000000000
078000000000000000
078000000000000000
078000000000000000
078000000000000000
078000000000000000
078000000000000000
078000000000000000
078000000000000000
078000000000000000
078000000000000000
078000000000000000
078000000000000000
078000000000000000
078000000000000000
078000000000000000
ENDCHAR
STARTCHAR uni093F0901.12
ENCODING -1
SWIDTH 228 0
DWIDTH 12 0
BBX 72 50 -1 0
BITMAP
0000000000000007C0
00000FFFFFFC0007C0
0003FFFFFFFFF007C0
001FFFFFFFFFFE07C0
007FFFFFFFFFFFE7CF
00FFF0000003FFE00F
01FC000000000FE00F
03F00000000003F01F
03E00000000001F83E
03C00000000000FFFC
07C00000000000FFF8
07800000000000FFE0
07800000000000F000
078000000000000000
078000000000000000
078000000000000000
FFFC00000000000000
FFFC00000000000000
FFFC00000000000000
FFFC00000000000000
078000000000000000
078000000000000000
078000000000000000
078000000000000000
078000000000000000
078000000000000000
078000000000000000
078000000000000000
078000000000000000
078000000000000000
078000000000000000
078000000000000000
078000000000000000
078000000000000000
078000000000000000
078000000000000000
078000000000000000
078000000000000000
078000000000000000
078000000000000000
078000000000000000
078000000000000000
078000000000000000
078000000000000000
078000000000000000
078000000000000000
078000000000000000
078000000000000000
078000000000000000
078000000000000000
ENDCHAR
STARTCHAR uni093F0901.13
ENCODING -1
SWIDTH 228 0
DWIDTH 12 0
BBX 75 50 -1 0
BITMAP
0000000000000000F000
000007FFFFFF0000F000
0003FFFFFFFFFC00F000
001FFFFFFFFFFF80F000
007FFFFFFFFFFFF8F1E0
00FFF0000000FFFC01C0
01FE0000000003FC03C0
03F00000000000FC03C0
03E000000000007F0F80
03C000000000003FFF00
07C000000000001FFE00
078000000000001FF800
078000000000001E0000
07800000000000000000
07800000000000000000
07800000000000000000
FFFC0000000000000000
FFFC0000000000000000
FFFC0000000000000000
FFFC0000000000000000
07800000000000000000
07800000000000000000
07800000000000000000
07800000000000000000
07800000000000000000
07800000000000000000
07800000000000000000
07800000000000000000
07800000000000000000
07800000000000000000
07800000000000000000
07800000000000000000
07800000000000000000
07800000000000000000
07800000000000000000
07800000000000000000
07800000000000000000
07800000000000000000
07800000000000000000
07800000000000000000
07800000000000000000
07800000000000000000
07800000000000000000
07800000000000000000
07800000000000000000
07800000000000000000
07800000000000000000
07800000000000000000
07800000000000000000
07800000000000000000
ENDCHAR
STARTCHAR uni093F0901.14
ENCODING -1
SWIDTH 228 0
DWIDTH 12 0
BBX 77 50 -1 0
BITMAP
00000000000000003E00
000007FFFFFF80003E00
0001FFFFFFFFFF003E00
000FFFFFFFFFFFE03E00
003FFFFFFFFFFFFF3E78
00FFF80000003FFF0078
01FE0000000000FF0078
03F000000000003F80F0
03E000000000000FC1F0
03C0000000000007FFE0
07C0000000000007FFC0
0780000000000007FF00
07800000000000078000
07800000000000000000
07800000000000000000
07800000000000000000
FFFC0000000000000000
FFFC0000000000000000
FFFC0000000000000000
FFFC0000000000000000
07800000000000000000
07800000000000000000
07800000000000000000
07800000000000000000
07800000000000000000
07800000000000000000
07800000000000000000
07800000000000000000
07800000000000000000
07800000000000000000
07800000000000000000
07800000000000000000
07800000000000000000
07800000000000000000
07800000000000000000
07800000000000000000
07800000000000000000
07800000000000000000
07800000000000000000
07800000000000000000
07800000000000000000
07800000000000000000
07800000000000000000
07800000000000000000
07800000000000000000
07800000000000000000
07800000000000000000
07800000000000000000
07800000000000000000
07800000000000000000
ENDCHAR
STARTCHAR uni093F0901.15
ENCODING -1
SWIDTH 228 0
DWIDTH 12 0
BBX 79 50 -1 0
BITMAP
00000000000000000F80
000003FFFFFFE0000F80
0001FFFFFFFFFFC00F80
000FFFFFFFFFFFF80F80
003FFFFFFFFFFFFFCF9E
00FFFC0000001FFFC01E
01FE00000000003FC01E
01F8000000000007E03C
03E0000000000003F07C
03C0000000000001FFF8
07C0000000000001FFF0
0780000000000001FFC0
0780000000000001E000
07800000000000000000
07800000000000000000
07800000000000000000
FFFC0000000000000000
FFFC0000000000000000
FFFC0000000000000000
FFFC0000000000000000
07800000000000000000
07800000000000000000
07800000000000000000
07800000000000000000
07800000000000000000
07800000000000000000
07800000000000000000
07800000000000000000
07800000000000000000
07800000000000000000
07800000000000000000
07800000000000000000
07800000000000000000
07800000000000000000
07800000000000000000
07800000000000000000
07800000000000000000
07800000000000000000
07800000000000000000
07800000000000000000
07800000000000000000
07800000000000000000
07800000000000000000
07800000000000000000
07800000000000000000
07800000000000000000
07800000000000000000
07800000000000000000
07800000000000000000
07800000000000000000
ENDCHAR
STARTCHAR uni093F0901.16
ENCODING -1
SWIDTH 228 0
DWIDTH 12 0
BBX 81 50 -1 0
BITMAP
000000000000000001E000
000001FFFFFFF80001E000
0001FFFFFFFFFFF001E000
000FFFFFFFFFFFFE01E000
003FFFFFFFFFFFFFF1E780
00FFFC00000007FFF00780
01FE00000000000FF80780
01F8000000000001F80780
03E0000000000000FC1F00
03C00000000000007FFE00
07C00000000000003FFC00
07800000000000003FF000
07800000000000003C0000
0780000000000000000000
0780000000000000000000
0780000000000000000000
FFFC000000000000000000
FFFC000000000000000000
FFFC000000000000000000
FFFC000000000000000000
0780000000000000000000
0780000000000000000000
0780000000000000000000
0780000000000000000000
0780000000000000000000
0780000000000000000000
0780000000000000000000
0780000000000000000000
0780000000000000000000
0780000000000000000000
0780000000000000000000
0780000000000000000000
0780000000000000000000
0780000000000000000000
0780000000000000000000
0780000000000000000000
0780000000000000000000
0780000000000000000000
0780000000000000000000
0780000000000000000000
0780000000000000000000
0780000000000000000000
0780000000000000000000
0780000000000000000000
0780000000000000000000
0780000000000000000000
0780000000000000000000
0780000000000000000000
0780000000000000000000
0780000000000000000000
ENDCHAR
STARTCHAR uni093F0901.17
ENCODING -1
SWIDTH 228 0
DWIDTH 12 0
BBX 84 50 -1 0
BITMAP
0000000000000000007C00
000001FFFFFFFC00007C00
0000FFFFFFFFFFFC007C00
000FFFFFFFFFFFFF807C00
003FFFFFFFFFFFFFFE7CF0
007FFC00000001FFFE00F0
01FF000000000003FE01E0
01F80000000000007F01E0
03F00000000000003F83C0
03C00000000000001FFFC0
07C00000000000000FFF00
07800000000000000FFC00
07800000000000000F0000
0780000000000000000000
0780000000000000000000
0780000000000000000000
FFFC000000000000000000
FFFC000000000000000000
FFFC000000000000000000
FFFC000000000000000000
0780000000000000000000
0780000000000000000000
0780000000000000000000
0780000000000000000000
0780000000000000000000
0780000000000000000000
0780000000000000000000
0780000000000000000000
0780000000000000000000
0780000000000000000000
0780000000000000000000
0780000000000000000000
0780000000000000000000
0780000000000000000000
0780000000000000000000
0780000000000000000000
0780000000000000000000
0780000000000000000000
0780000000000000000000
0780000000000000000000
0780000000000000000000
0780000000000000000000
0780000000000000000000
0780000000000000000000
0780000000000000000000
0780000000000000000000
0780000000000000000000
0780000000000000000000
0780000000000000000000
0780000000000000000000
ENDCHAR
STARTCHAR uni093F0901.18
ENCODING -1
SWIDTH 228 0
DWIDTH 12 0
BBX 86 50 -1 0
BITMAP
0000000000000000001F00
000000FFFFFFFF00001F00
0000FFFFFFFFFFFF001F00
000FFFFFFFFFFFFFF01F00
003FFFFFFFFFFFFFFF9F3C
007FFE000000007FFF803C
00FF000000000000FF803C
01F80000000000001FC078
03F000000000000007E0F8
03C000000000000003FFF0
07C000000000000003FFE0
078000000000000003FF80
078000000000000003C000
0780000000000000000000
0780000000000000000000
0780000000000000000000
FFFC000000000000000000
FFFC000000000000000000
FFFC000000000000000000
FFFC000000000000000000
0780000000000000000000
0780000000000000000000
0780000000000000000000
0780000000000000000000
0780000000000000000000
0780000000000000000000
0780000000000000000000
0780000000000000000000
0780000000000000000000
0780000000000000000000
0780000000000000000000
0780000000000000000000
0780000000000000000000
0780000000000000000000
0780000000000000000000
0780000000000000000000
0780000000000000000000
0780000000000000000000
0780000000000000000000
0780000000000000000000
0780000000000000000000
0780000000000000000000
0780000000000000000000
0780000000000000000000
0780000000000000000000
0780000000000000000000
0780000000000000000000
0780000000000000000000
0780000000000000000000
0780000000000000000000
ENDCHAR
STARTCHAR uni093F0901.19
ENCODING -1
SWIDTH 228 0
DWIDTH 12 0
BBX 88 50 -1 0
BITMAP
00000000000000000003C0
000000FFFFFFFFC00003C0
0000FFFFFFFFFFFFC003C0
0007FFFFFFFFFFFFFC03C0
003FFFFFFFFFFFFFFFE3CF
007FFF000000003FFFE00F
00FF8000000000003FF00F
01F800000000000007F00F
03F000000000000001F83E
03E000000000000000FFFC
07C000000000000000FFF8
07C0000000000000007FE0
0780000000000000007800
0780000000000000000000
0780000000000000000000
0780000000000000000000
FFFC000000000000000000
FFFC000000000000000000
FFFC000000000000000000
FFFC000000000000000000
0780000000000000000000
0780000000000000000000
0780000000000000000000
0780000000000000000000
0780000000000000000000
0780000000000000000000
0780000000000000000000
0780000000000000000000
0780000000000000000000
0780000000000000000000
0780000000000000000000
0780000000000000000000
0780000000000000000000
0780000000000000000000
0780000000000000000000
0780000000000000000000
0780000000000000000000
0780000000000000000000
0780000000000000000000
0780000000000000000000
0780000000000000000000
0780000000000000000000
0780000000000000000000
0780000000000000000000
0780000000000000000000
0780000000000000000000
0780000000000000000000
0780000000000000000000
0780000000000000000000
0780000000000000000000
ENDCHAR
STARTCHAR uni093F0901.20
ENCODING -1
SWIDTH 228 0
DWIDTH 12 0
BBX 91 50 -1 0
BITMAP
00000000000000000000F000
0000007FFFFFFFF00000F000
00007FFFFFFFFFFFF000F000
0007FFFFFFFFFFFFFF00F000
001FFFFFFFFFFFFFFFFCF1E0
007FFF000000000FFFFC01E0
00FF8000000000000FFC03C0
01FC00000000000001FC03C0
03F0000000000000007F0780
03E0000000000000003FFF80
07C0000000000000001FFE00
07C0000000000000001FF800
0780000000000000001E0000
078000000000000000000000
078000000000000000000000
078000000000000000000000
FFFC00000000000000000000
FFFC00000000000000000000
FFFC00000000000000000000
FFFC00000000000000000000
078000000000000000000000
078000000000000000000000
078000000000000000000000
078000000000000000000000
078000000000000000000000
078000000000000000000000
078000000000000000000000
078000000000000000000000
078000000000000000000000
078000000000000000000000
078000000000000000000000
078000000000000000000000
078000000000000000000000
078000000000000000000000
078000000000000000000000
078000000000000000000000
078000000000000000000000
078000000000000000000000
078000000000000000000000
078000000000000000000000
078000000000000000000000
078000000000000000000000
078000000000000000000000
078000000000000000000000
078000000000000000000000
078000000000000000000000
078000000000000000000000
078000000000000000000000
078000000000000000000000
078000000000000000000000
ENDCHAR
STARTCHAR uni093F0901.21
ENCODING -1
SWIDTH 228 0
DWIDTH 12 0
BBX 93 50 -1 0
BITMAP
000000000000000000003E00
0000003FFFFFFFF800003E00
00007FFFFFFFFFFFFC003E00
0007FFFFFFFFFFFFFFC03E00
001FFFFFFFFFFFFFFFFF3E78
007FFFC000000007FFFF0078
00FF80000000000003FF0078
01FC000000000000003F80F0
03F0000000000000000FC1F0
03E0000000000000000FFFE0
07C00000000000000007FFC0
07C00000000000000007FF00
078000000000000000078000
078000000000000000000000
078000000000000000000000
078000000000000000000000
FFFC00000000000000000000
FFFC00000000000000000000
FFFC00000000000000000000
FFFC00000000000000000000
078000000000000000000000
078000000000000000000000
078000000000000000000000
078000000000000000000000
078000000000000000000000
078000000000000000000000
078000000000000000000000
078000000000000000000000
078000000000000000000000
078000000000000000000000
078000000000000000000000
078000000000000000000000
078000000000000000000000
078000000000000000000000
078000000000000000000000
078000000000000000000000
078000000000000000000000
078000000000000000000000
078000000000000000000000
078000000000000000000000
078000000000000000000000
078000000000000000000000
078000000000000000000000
078000000000000000000000
078000000000000000000000
078000000000000000000000
078000000000000000000000
078000000000000000000000
078000000000000000000000
078000000000000000000000
ENDCHAR
STARTCHAR uni093F0901.22
ENCODING -1
SWIDTH 228 0
DWIDTH 12 0
BBX 95 50 -1 0
BITMAP
000000000000000000000F80
0000001FFFFFFFFE00000F80
00007FFFFFFFFFFFFF000F80
0007FFFFFFFFFFFFFFF00F80
001FFFFFFFFFFFFFFFFFCF9E
007FF00000000001FFFFC01E
00FE00000000000000FFC01E
01F8000000000000000FE03E
03F00000000000000003F07C
03E00000000000000001FFF8
03C00000000000000001FFF0
07C00000000000000001FFC0
07800000000000000001E000
078000000000000000000000
078000000000000000000000
078000000000000000000000
FFFC00000000000000000000
FFFC00000000000000000000
FFFC00000000000000000000
FFFC00000000000000000000
078000000000000000000000
078000000000000000000000
078000000000000000000000
078000000000000000000000
078000000000000000000000
078000000000000000000000
078000000000000000000000
078000000000000000000000
078000000000000000000000
078000000000000000000000
078000000000000000000000
078000000000000000000000
078000000000000000000000
078000000000000000000000
078000000000000000000000
078000000000000000000000
078000000000000000000000
078000000000000000000000
078000000000000000000000
078000000000000000000000
078000000000000000000000
078000000000000000000000
078000000000000000000000
078000000000000000000000
078000000000000000000000
078000000000000000000000
078000000000000000000000
078000000000000000000000
078000000000000000000000
078000000000000000000000
ENDCHAR
STARTCHAR uni093F0901.23
ENCODING -1
SWIDTH 228 0
DWIDTH 12 0
BBX 98 50 -1 0
BITMAP
0000000000000000000001E000
0000001FFFFFFFFF000001E000
00003FFFFFFFFFFFFFC001E000
0003FFFFFFFFFFFFFFFC01E000
001FFFFFFFFFFFFFFFFFF1E3C0
007FF000000000007FFFF00380
00FF000000000000003FF80780
01F80000000000000003F80780
03F00000000000000000FC1F00
03E000000000000000007FFE00
03C000000000000000003FFC00
07C000000000000000003FF000
078000000000000000003C0000
07800000000000000000000000
07800000000000000000000000
07800000000000000000000000
FFFC0000000000000000000000
FFFC0000000000000000000000
FFFC0000000000000000000000
FFFC0000000000000000000000
07800000000000000000000000
07800000000000000000000000
07800000000000000000000000
07800000000000000000000000
07800000000000000000000000
07800000000000000000000000
07800000000000000000000000
07800000000000000000000000
07800000000000000000000000
07800000000000000000000000
07800000000000000000000000
07800000000000000000000000
07800000000000000000000000
07800000000000000000000000
07800000000000000000000000
07800000000000000000000000
07800000000000000000000000
07800000000000000000000000
07800000000000000000000000
07800000000000000000000000
07800000000000000000000000
07800000000000000000000000
07800000000000000000000000
07800000000000000000000000
07800000000000000000000000
07800000000000000000000000
07800000000000000000000000
07800000000000000000000000
07800000000000000000000000
07800000000000000000000000
ENDCHAR
STARTCHAR uni093F0901.24
ENCODING -1
SWIDTH 228 0
DWIDTH 12 0
BBX 100 50 -1 0
BITMAP
00000000000000000000007C00
0000000FFFFFFFFFC000007C00
00003FFFFFFFFFFFFFF0007C00
0003FFFFFFFFFFFFFFFF007C00
001FFFFFFFFFFFFFFFFFFE7CF0
007FFFE0000000003FFFFE00F0
00FFC00000000000000FFE00F0
01FE0000000000000000FF01E0
03F000000000000000003F83E0
03E000000000000000001FFFC0
03C000000000000000000FFF80
07C000000000000000000FFE00
078000000000000000000F0000
07800000000000000000000000
07800000000000000000000000
07800000000000000000000000
FFFC0000000000000000000000
FFFC0000000000000000000000
FFFC0000000000000000000000
FFFC0000000000000000000000
07800000000000000000000000
07800000000000000000000000
07800000000000000000000000
07800000000000000000000000
07800000000000000000000000
07800000000000000000000000
07800000000000000000000000
07800000000000000000000000
07800000000000000000000000
07800000000000000000000000
07800000000000000000000000
07800000000000000000000000
07800000000000000000000000
07800000000000000000000000
07800000000000000000000000
07800000000000000000000000
07800000000000000000000000
07800000000000000000000000
07800000000000000000000000
07800000000000000000000000
07800000000000000000000000
07800000000000000000000000
07800000000000000000000000
07800000000000000000000000
07800000000000000000000000
07800000000000000000000000
07800000000000000000000000
07800000000000000000000000
07800000000000000000000000
07800000000000000000000000
ENDCHAR
STARTCHAR uni093F0901.26
ENCODING -1
SWIDTH 228 0
DWIDTH 12 0
BBX 104 50 -1 0
BITMAP
000000000000000000000003C0
00000003FFFFFFFFF8000003C0
00001FFFFFFFFFFFFFFE0003C0
0003FFFFFFFFFFFFFFFFF003C0
000FFFFFFFFFFFFFFFFFFFE3CF
003FFFF00000000003FFFFE00F
00FFE000000000000000FFF00F
01FE00000000000000000FF00F
01F8000000000000000001F83E
03E0000000000000000000FFFC
03C0000000000000000000FFF8
07C00000000000000000007FE0
07800000000000000000007800
07800000000000000000000000
07800000000000000000000000
07800000000000000000000000
FFFC0000000000000000000000
FFFC0000000000000000000000
FFFC0000000000000000000000
FFFC0000000000000000000000
07800000000000000000000000
07800000000000000000000000
07800000000000000000000000
07800000000000000000000000
07800000000000000000000000
07800000000000000000000000
07800000000000000000000000
07800000000000000000000000
07800000000000000000000000
07800000000000000000000000
07800000000000000000000000
07800000000000000000000000
07800000000000000000000000
07800000000000000000000000
07800000000000000000000000
07800000000000000000000000
07800000000000000000000000
07800000000000000000000000
07800000000000000000000000
07800000000000000000000000
07800000000000000000000000
07800000000000000000000000
07800000000000000000000000
07800000000000000000000000
07800000000000000000000000
07800000000000000000000000
07800000000000000000000000
07800000000000000000000000
07800000000000000000000000
07800000000000000000000000
ENDCHAR
STARTCHAR uni093F0901.30
ENCODING -1
SWIDTH 228 0
DWIDTH 12 0
BBX 114 50 -1 0
BITMAP
00000000000000000000000001E000
00000000FFFFFFFFFFF0000001E000
000007FFFFFFFFFFFFFFFE0001E000
0001FFFFFFFFFFFFFFFFFFF001E000
000FFFFFFFFFFFFFFFFFFFFF71E3C0
003FFE0000000000000FFFFFF803C0
007F800000000000000000FFF80780
00FC00000000000000000007F80780
01F000000000000000000000FE0F00
03E0000000000000000000007FFF00
03C0000000000000000000003FFC00
07C0000000000000000000003FF000
07C0000000000000000000003C0000
078000000000000000000000000000
078000000000000000000000000000
078000000000000000000000000000
FFFC00000000000000000000000000
FFFC00000000000000000000000000
FFFC00000000000000000000000000
FFFC00000000000000000000000000
078000000000000000000000000000
078000000000000000000000000000
078000000000000000000000000000
078000000000000000000000000000
078000000000000000000000000000
078000000000000000000000000000
078000000000000000000000000000
078000000000000000000000000000
078000000000000000000000000000
078000000000000000000000000000
078000000000000000000000000000
078000000000000000000000000000
078000000000000000000000000000
078000000000000000000000000000
078000000000000000000000000000
078000000000000000000000000000
078000000000000000000000000000
078000000000000000000000000000
078000000000000000000000000000
078000000000000000000000000000
078000000000000000000000000000
078000000000000000000000000000
078000000000000000000000000000
078000000000000000000000000000
078000000000000000000000000000
078000000000000000000000000000
078000000000000000000000000000
078000000000000000000000000000
078000000000000000000000000000
078000000000000000000000000000
ENDCHAR
STARTCHAR uni093F0902.01
ENCODING -1
SWIDTH 228 0
DWIDTH 12 0
BBX 42 49 -1 0
BITMAP
0003FFE007C0
001FFFFC07C0
007FFFFF07C0
00FFFFFF87C0
01FC003FC7C0
03F00007C000
03E00003E000
07C00001E000
07C00001E000
07800001E000
07800001E000
078000000000
078000000000
078000000000
078000000000
FFFC00000000
FFFC00000000
FFFC00000000
FFFC00000000
078000000000
078000000000
078000000000
078000000000
078000000000
078000000000
078000000000
078000000000
078000000000
078000000000
078000000000
078000000000
078000000000
078000000000
078000000000
078000000000
078000000000
078000000000
078000000000
078000000000
078000000000
078000000000
078000000000
078000000000
078000000000
078000000000
078000000000
078000000000
078000000000
078000000000
ENDCHAR
STARTCHAR uni093F0902.02
ENCODING -1
SWIDTH 228 0
DWIDTH 12 0
BBX 44 49 -1 0
BITMAP
0001FFF000F0
001FFFFF00F0
007FFFFFC0F0
00FFFFFFE0F0
01FE000FF0F0
03F00001F800
03E00000F800
03C000007800
07C000007800
078000007C00
078000007800
078000000000
078000000000
078000000000
078000000000
FFFC00000000
FFFC00000000
FFFC00000000
FFFC00000000
078000000000
078000000000
078000000000
078000000000
078000000000
078000000000
078000000000
078000000000
078000000000
078000000000
078000000000
078000000000
078000000000
078000000000
078000000000
078000000000
078000000000
078000000000
078000000000
078000000000
078000000000
078000000000
078000000000
078000000000
078000000000
078000000000
078000000000
078000000000
078000000000
078000000000
ENDCHAR
STARTCHAR uni093F0902.03
ENCODING -1
SWIDTH 228 0
DWIDTH 12 0
BBX 47 49 -1 0
BITMAP
0001FFFC003E
001FFFFFC03E
007FFFFFF03E
00FFFFFFF83E
01FE0003FC3E
03F000007E00
03E000003E00
03C000001F00
07C000000F00
078000000F00
078000000F00
078000000000
078000000000
078000000000
078000000000
FFFC00000000
FFFC00000000
FFFC00000000
FFFC00000000
078000000000
078000000000
078000000000
078000000000
078000000000
078000000000
078000000000
078000000000
078000000000
078000000000
078000000000
078000000000
078000000000
078000000000
078000000000
078000000000
078000000000
078000000000
078000000000
078000000000
078000000000
078000000000
078000000000
078000000000
078000000000
078000000000
078000000000
078000000000
078000000000
078000000000
ENDCHAR
STARTCHAR uni093F0902.04
ENCODING -1
SWIDTH 228 0
DWIDTH 12 0
BBX 49 49 -1 0
BITMAP
0000FFFF000F80
000FFFFFF00F80
003FFFFFFC0F80
00FFFFFFFF0F80
01FF0000FF8F80
03F800001F8000
03E0000007C000
03C0000007C000
07C0000003C000
0780000003C000
0780000003C000
07800000000000
07800000000000
07800000000000
07800000000000
FFFC0000000000
FFFC0000000000
FFFC0000000000
FFFC0000000000
07800000000000
07800000000000
07800000000000
07800000000000
07800000000000
07800000000000
07800000000000
07800000000000
07800000000000
07800000000000
07800000000000
07800000000000
07800000000000
07800000000000
07800000000000
07800000000000
07800000000000
07800000000000
07800000000000
07800000000000
07800000000000
07800000000000
07800000000000
07800000000000
07800000000000
07800000000000
07800000000000
07800000000000
07800000000000
07800000000000
ENDCHAR
STARTCHAR uni093F0902.05
ENCODING -1
SWIDTH 228 0
DWIDTH 12 0
BBX 51 49 -1 0
BITMAP
0000FFFFC003E0
000FFFFFFC03E0
003FFFFFFF03E0
00FFFFFFFFC3E0
01FF00003FE3E0
01F8000007F000
03E0000001F000
03C0000000F000
07C0000000F000
0780000000F000
0780000000F000
07800000000000
07800000000000
07800000000000
07800000000000
FFFC0000000000
FFFC0000000000
FFFC0000000000
FFFC0000000000
07800000000000
07800000000000
07800000000000
07800000000000
07800000000000
07800000000000
07800000000000
07800000000000
07800000000000
07800000000000
07800000000000
07800000000000
07800000000000
07800000000000
07800000000000
07800000000000
07800000000000
07800000000000
07800000000000
07800000000000
07800000000000
07800000000000
07800000000000
07800000000000
07800000000000
07800000000000
07800000000000
07800000000000
07800000000000
07800000000000
ENDCHAR
STARTCHAR uni093F0902.06
ENCODING -1
SWIDTH 228 0
DWIDTH 12 0
BBX 54 49 -1 0
BITMAP
00007FFFF0007C
000FFFFFFF007C
003FFFFFFFE07C
00FFFFFFFFF07C
01FF00000FF87C
01F8000001FC00
03E00000007C00
03C00000003E00
07C00000003E00
07800000001E00
07800000001E00
07800000000000
07800000000000
07800000000000
07800000000000
FFFC0000000000
FFFC0000000000
FFFC0000000000
FFFC0000000000
07800000000000
07800000000000
07800000000000
07800000000000
07800000000000
07800000000000
07800000000000
07800000000000
07800000000000
07800000000000
07800000000000
07800000000000
07800000000000
07800000000000
07800000000000
07800000000000
07800000000000
07800000000000
07800000000000
07800000000000
07800000000000
07800000000000
07800000000000
07800000000000
07800000000000
07800000000000
07800000000000
07800000000000
07800000000000
07800000000000
ENDCHAR
STARTCHAR uni093F0902.07
ENCODING -1
SWIDTH 228 0
DWIDTH 12 0
BBX 56 49 -1 0
BITMAP
00007FFFFC001F
0007FFFFFFC01F
003FFFFFFFF81F
007FFFFFFFFC1F
01FF800007FE1F
01F80000003F00
03F00000001F80
03C00000000F80
07C00000000780
07800000000780
07800000000780
07800000000000
07800000000000
07800000000000
07800000000000
FFFC0000000000
FFFC0000000000
FFFC0000000000
FFFC0000000000
07800000000000
07800000000000
07800000000000
07800000000000
07800000000000
07800000000000
07800000000000
07800000000000
07800000000000
07800000000000
07800000000000
07800000000000
07800000000000
07800000000000
07800000000000
07800000000000
07800000000000
07800000000000
07800000000000
07800000000000
07800000000000
07800000000000
07800000000000
07800000000000
07800000000000
07800000000000
07800000000000
07800000000000
07800000000000
07800000000000
ENDCHAR
STARTCHAR uni093F0902.08
ENCODING -1
SWIDTH 228 0
DWIDTH 12 0
BBX 58 49 -1 0
BITMAP
00003FFFFF0007C0
0007FFFFFFF807C0
003FFFFFFFFE07C0
007FFFFFFFFF87C0
00FFC00001FFC7C0
01F80000000FC000
03F000000003E000
03E000000001E000
07C000000001E000
078000000001E000
078000000001E000
0780000000000000
0780000000000000
0780000000000000
0780000000000000
FFFC000000000000
FFFC000000000000
FFFC000000000000
FFFC000000000000
0780000000000000
0780000000000000
0780000000000000
0780000000000000
0780000000000000
0780000000000000
0780000000000000
0780000000000000
0780000000000000
0780000000000000
0780000000000000
0780000000000000
0780000000000000
0780000000000000
0780000000000000
0780000000000000
0780000000000000
0780000000000000
0780000000000000
0780000000000000
0780000000000000
0780000000000000
0780000000000000
0780000000000000
0780000000000000
0780000000000000
0780000000000000
0780000000000000
0780000000000000
0780000000000000
ENDCHAR
STARTCHAR uni093F0902.09
ENCODING -1
SWIDTH 228 0
DWIDTH 12 0
BBX 61 49 -1 0
BITMAP
00003FFFFF8000F8
0007FFFFFFFE00F8
001FFFFFFFFF80F8
007FFFFFFFFFE0F8
00FFC000007FF0F8
01FC00000003F800
03F000000000F800
03E0000000007800
07C0000000007C00
07C0000000003C00
0780000000003C00
0780000000000000
0780000000000000
0780000000000000
0780000000000000
FFFC000000000000
FFFC000000000000
FFFC000000000000
FFFC000000000000
0780000000000000
0780000000000000
0780000000000000
0780000000000000
0780000000000000
0780000000000000
0780000000000000
0780000000000000
0780000000000000
0780000000000000
0780000000000000
0780000000000000
0780000000000000
0780000000000000
0780000000000000
0780000000000000
0780000000000000
0780000000000000
0780000000000000
0780000000000000
0780000000000000
0780000000000000
0780000000000000
0780000000000000
0780000000000000
0780000000000000
0780000000000000
0780000000000000
0780000000000000
0780000000000000
ENDCHAR
STARTCHAR uni093F0902.10
ENCODING -1
SWIDTH 228 0
DWIDTH 12 0
BBX 63 49 -1 0
BITMAP
00001FFFFFE0003E
0007FFFFFFFF803E
001FFFFFFFFFE03E
007FFFFFFFFFF83E
00FFE000001FFC3E
01FC00000000FE00
03F0000000003E00
03E0000000001F00
07C0000000000F00
07C0000000000F00
0780000000000F00
0780000000000000
0780000000000000
0780000000000000
0780000000000000
FFFC000000000000
FFFC000000000000
FFFC000000000000
FFFC000000000000
0780000000000000
0780000000000000
0780000000000000
0780000000000000
0780000000000000
0780000000000000
0780000000000000
0780000000000000
0780000000000000
0780000000000000
0780000000000000
0780000000000000
0780000000000000
0780000000000000
0780000000000000
0780000000000000
0780000000000000
0780000000000000
0780000000000000
0780000000000000
0780000000000000
0780000000000000
0780000000000000
0780000000000000
0780000000000000
0780000000000000
0780000000000000
0780000000000000
0780000000000000
0780000000000000
ENDCHAR
STARTCHAR uni093F0902.11
ENCODING -1
SWIDTH 228 0
DWIDTH 12 0
BBX 65 49 -1 0
BITMAP
00000FFFFFF8000F80
0003FFFFFFFFE00F80
001FFFFFFFFFF80F80
007FFFFFFFFFFE0F80
00FFF0000007FF0F80
01FC000000003F8000
03F0000000000FC000
03E00000000007C000
07C00000000003C000
07C00000000003C000
07800000000003C000
078000000000000000
078000000000000000
078000000000000000
078000000000000000
FFFC00000000000000
FFFC00000000000000
FFFC00000000000000
FFFC00000000000000
078000000000000000
078000000000000000
078000000000000000
078000000000000000
078000000000000000
078000000000000000
078000000000000000
078000000000000000
078000000000000000
078000000000000000
078000000000000000
078000000000000000
078000000000000000
078000000000000000
078000000000000000
078000000000000000
078000000000000000
078000000000000000
078000000000000000
078000000000000000
078000000000000000
078000000000000000
078000000000000000
078000000000000000
078000000000000000
078000000000000000
078000000000000000
078000000000000000
078000000000000000
078000000000000000
ENDCHAR
STARTCHAR uni093F0902.12
ENCODING -1
SWIDTH 228 0
DWIDTH 12 0
BBX 67 49 -1 0
BITMAP
00000FFFFFFE0001E0
0003FFFFFFFFF801E0
001FFFFFFFFFFF01E0
007FFFFFFFFFFF81E0
00FFE0000001FFE1E0
01FC000000000FE000
03F00000000003F000
03E00000000000F000
03C00000000000F000
07C00000000000F800
07800000000000F000
078000000000000000
078000000000000000
078000000000000000
078000000000000000
FFFC00000000000000
FFFC00000000000000
FFFC00000000000000
FFFC00000000000000
078000000000000000
078000000000000000
078000000000000000
078000000000000000
078000000000000000
078000000000000000
078000000000000000
078000000000000000
078000000000000000
078000000000000000
078000000000000000
078000000000000000
078000000000000000
078000000000000000
078000000000000000
078000000000000000
078000000000000000
078000000000000000
078000000000000000
078000000000000000
078000000000000000
078000000000000000
078000000000000000
078000000000000000
078000000000000000
078000000000000000
078000000000000000
078000000000000000
078000000000000000
078000000000000000
ENDCHAR
STARTCHAR uni093F0902.13
ENCODING -1
SWIDTH 228 0
DWIDTH 12 0
BBX 70 49 -1 0
BITMAP
000007FFFFFF00007C
0003FFFFFFFFFE007C
001FFFFFFFFFFFC07C
007FFFFFFFFFFFF07C
00FFF0000000FFF87C
01FE0000000003FC00
03F000000000007C00
03E000000000003E00
03C000000000003E00
07C000000000001E00
078000000000001E00
078000000000000000
078000000000000000
078000000000000000
078000000000000000
FFFC00000000000000
FFFC00000000000000
FFFC00000000000000
FFFC00000000000000
078000000000000000
078000000000000000
078000000000000000
078000000000000000
078000000000000000
078000000000000000
078000000000000000
078000000000000000
078000000000000000
078000000000000000
078000000000000000
078000000000000000
078000000000000000
078000000000000000
078000000000000000
078000000000000000
078000000000000000
078000000000000000
078000000000000000
078000000000000000
078000000000000000
078000000000000000
078000000000000000
078000000000000000
078000000000000000
078000000000000000
078000000000000000
078000000000000000
078000000000000000
078000000000000000
ENDCHAR
STARTCHAR uni093F0902.14
ENCODING -1
SWIDTH 228 0
DWIDTH 12 0
BBX 72 49 -1 0
BITMAP
000007FFFFFFC0001F
0001FFFFFFFFFF801F
000FFFFFFFFFFFF01F
003FFFFFFFFFFFFC1F
00FFF80000003FFE1F
01FE0000000000FF00
03F000000000001F80
03E000000000000F80
03C000000000000780
07C000000000000780
078000000000000780
078000000000000000
078000000000000000
078000000000000000
078000000000000000
FFFC00000000000000
FFFC00000000000000
FFFC00000000000000
FFFC00000000000000
078000000000000000
078000000000000000
078000000000000000
078000000000000000
078000000000000000
078000000000000000
078000000000000000
078000000000000000
078000000000000000
078000000000000000
078000000000000000
078000000000000000
078000000000000000
078000000000000000
078000000000000000
078000000000000000
078000000000000000
078000000000000000
078000000000000000
078000000000000000
078000000000000000
078000000000000000
078000000000000000
078000000000000000
078000000000000000
078000000000000000
078000000000000000
078000000000000000
078000000000000000
078000000000000000
ENDCHAR
STARTCHAR uni093F0902.15
ENCODING -1
SWIDTH 228 0
DWIDTH 12 0
BBX 74 49 -1 0
BITMAP
000003FFFFFFF00007C0
0001FFFFFFFFFFE007C0
000FFFFFFFFFFFFC07C0
003FFFFFFFFFFFFF07C0
00FFFC0000000FFF87C0
01FE00000000003FC000
01F8000000000007E000
03E0000000000003E000
03C0000000000001E000
07C0000000000001E000
0780000000000001E000
07800000000000000000
07800000000000000000
07800000000000000000
07800000000000000000
FFFC0000000000000000
FFFC0000000000000000
FFFC0000000000000000
FFFC0000000000000000
07800000000000000000
07800000000000000000
07800000000000000000
07800000000000000000
07800000000000000000
07800000000000000000
07800000000000000000
07800000000000000000
07800000000000000000
07800000000000000000
07800000000000000000
07800000000000000000
07800000000000000000
07800000000000000000
07800000000000000000
07800000000000000000
07800000000000000000
07800000000000000000
07800000000000000000
07800000000000000000
07800000000000000000
07800000000000000000
07800000000000000000
07800000000000000000
07800000000000000000
07800000000000000000
07800000000000000000
07800000000000000000
07800000000000000000
07800000000000000000
ENDCHAR
STARTCHAR uni093F0902.16
ENCODING -1
SWIDTH 228 0
DWIDTH 12 0
BBX 77 49 -1 0
BITMAP
000001FFFFFFF80000F8
0001FFFFFFFFFFF800F8
000FFFFFFFFFFFFF00F8
003FFFFFFFFFFFFFC0F8
00FFFC00000007FFF0F8
01FE00000000000FF800
01F8000000000001F800
03E00000000000007800
03C00000000000007C00
07C00000000000003C00
07800000000000003C00
07800000000000000000
07800000000000000000
07800000000000000000
07800000000000000000
FFFC0000000000000000
FFFC0000000000000000
FFFC0000000000000000
FFFC0000000000000000
07800000000000000000
07800000000000000000
07800000000000000000
07800000000000000000
07800000000000000000
07800000000000000000
07800000000000000000
07800000000000000000
07800000000000000000
07800000000000000000
07800000000000000000
07800000000000000000
07800000000000000000
07800000000000000000
07800000000000000000
07800000000000000000
07800000000000000000
07800000000000000000
07800000000000000000
07800000000000000000
07800000000000000000
07800000000000000000
07800000000000000000
07800000000000000000
07800000000000000000
07800000000000000000
07800000000000000000
07800000000000000000
07800000000000000000
07800000000000000000
ENDCHAR
STARTCHAR uni093F0902.17
ENCODING -1
SWIDTH 228 0
DWIDTH 12 0
BBX 79 49 -1 0
BITMAP
000001FFFFFFFE00003E
0000FFFFFFFFFFFE003E
000FFFFFFFFFFFFFC03E
003FFFFFFFFFFFFFF03E
007FFC00000001FFFC3E
01FF000000000001FE00
01F80000000000007E00
03F00000000000001F00
03C00000000000000F00
07C00000000000000F00
07800000000000000F00
07800000000000000000
07800000000000000000
07800000000000000000
07800000000000000000
FFFC0000000000000000
FFFC0000000000000000
FFFC0000000000000000
FFFC0000000000000000
07800000000000000000
07800000000000000000
07800000000000000000
07800000000000000000
07800000000000000000
07800000000000000000
07800000000000000000
07800000000000000000
07800000000000000000
07800000000000000000
07800000000000000000
07800000000000000000
07800000000000000000
07800000000000000000
07800000000000000000
07800000000000000000
07800000000000000000
07800000000000000000
07800000000000000000
07800000000000000000
07800000000000000000
07800000000000000000
07800000000000000000
07800000000000000000
07800000000000000000
07800000000000000000
07800000000000000000
07800000000000000000
07800000000000000000
07800000000000000000
ENDCHAR
STARTCHAR uni093F0902.18
ENCODING -1
SWIDTH 228 0
DWIDTH 12 0
BBX 81 49 -1 0
BITMAP
000000FFFFFFFF80000F80
0000FFFFFFFFFFFF800F80
000FFFFFFFFFFFFFF00F80
003FFFFFFFFFFFFFFE0F80
007FFE000000007FFF0F80
00FF0000000000007F8000
01F80000000000000FC000
03F000000000000007C000
03C000000000000003C000
07C000000000000003C000
078000000000000003C000
0780000000000000000000
0780000000000000000000
0780000000000000000000
0780000000000000000000
FFFC000000000000000000
FFFC000000000000000000
FFFC000000000000000000
FFFC000000000000000000
0780000000000000000000
0780000000000000000000
0780000000000000000000
0780000000000000000000
0780000000000000000000
0780000000000000000000
0780000000000000000000
0780000000000000000000
0780000000000000000000
0780000000000000000000
0780000000000000000000
0780000000000000000000
0780000000000000000000
0780000000000000000000
0780000000000000000000
0780000000000000000000
0780000000000000000000
0780000000000000000000
0780000000000000000000
0780000000000000000000
0780000000000000000000
0780000000000000000000
0780000000000000000000
0780000000000000000000
0780000000000000000000
0780000000000000000000
0780000000000000000000
0780000000000000000000
0780000000000000000000
0780000000000000000000
ENDCHAR
STARTCHAR uni093F0902.19
ENCODING -1
SWIDTH 228 0
DWIDTH 12 0
BBX 84 49 -1 0
BITMAP
000000FFFFFFFFE00001F0
0000FFFFFFFFFFFFE001F0
0007FFFFFFFFFFFFFE01F0
003FFFFFFFFFFFFFFF81F0
007FFF000000001FFFC1F0
00FF8000000000001FE000
01F800000000000003F000
03F000000000000001F000
03E000000000000000F800
07C000000000000000F800
07C0000000000000007800
0780000000000000000000
0780000000000000000000
0780000000000000000000
0780000000000000000000
FFFC000000000000000000
FFFC000000000000000000
FFFC000000000000000000
FFFC000000000000000000
0780000000000000000000
0780000000000000000000
0780000000000000000000
0780000000000000000000
0780000000000000000000
0780000000000000000000
0780000000000000000000
0780000000000000000000
0780000000000000000000
0780000000000000000000
0780000000000000000000
0780000000000000000000
0780000000000000000000
0780000000000000000000
0780000000000000000000
0780000000000000000000
0780000000000000000000
0780000000000000000000
0780000000000000000000
0780000000000000000000
0780000000000000000000
0780000000000000000000
0780000000000000000000
0780000000000000000000
0780000000000000000000
0780000000000000000000
0780000000000000000000
0780000000000000000000
0780000000000000000000
0780000000000000000000
ENDCHAR
STARTCHAR uni093F0902.20
ENCODING -1
SWIDTH 228 0
DWIDTH 12 0
BBX 86 49 -1 0
BITMAP
0000007FFFFFFFF800007C
00007FFFFFFFFFFFF8007C
0007FFFFFFFFFFFFFF807C
001FFFFFFFFFFFFFFFE07C
007FFF000000000FFFF87C
00FF80000000000007FC00
01FC00000000000000FC00
03F0000000000000003E00
03E0000000000000003E00
07C0000000000000001E00
07C0000000000000001E00
0780000000000000000000
0780000000000000000000
0780000000000000000000
0780000000000000000000
FFFC000000000000000000
FFFC000000000000000000
FFFC000000000000000000
FFFC000000000000000000
0780000000000000000000
0780000000000000000000
0780000000000000000000
0780000000000000000000
0780000000000000000000
0780000000000000000000
0780000000000000000000
0780000000000000000000
0780000000000000000000
0780000000000000000000
0780000000000000000000
0780000000000000000000
0780000000000000000000
0780000000000000000000
0780000000000000000000
0780000000000000000000
0780000000000000000000
0780000000000000000000
0780000000000000000000
0780000000000000000000
0780000000000000000000
0780000000000000000000
0780000000000000000000
0780000000000000000000
0780000000000000000000
0780000000000000000000
0780000000000000000000
0780000000000000000000
0780000000000000000000
0780000000000000000000
ENDCHAR
STARTCHAR uni093F0902.21
ENCODING -1
SWIDTH 228 0
DWIDTH 12 0
BBX 88 49 -1 0
BITMAP
0000003FFFFFFFFC00001F
00007FFFFFFFFFFFFE001F
0007FFFFFFFFFFFFFFE01F
001FFFFFFFFFFFFFFFF81F
007FFFC000000003FFFE1F
00FF80000000000001FF00
01FC000000000000003F80
03F0000000000000000F80
03E0000000000000000780
07C0000000000000000780
07C0000000000000000780
0780000000000000000000
0780000000000000000000
0780000000000000000000
0780000000000000000000
FFFC000000000000000000
FFFC000000000000000000
FFFC000000000000000000
FFFC000000000000000000
0780000000000000000000
0780000000000000000000
0780000000000000000000
0780000000000000000000
0780000000000000000000
0780000000000000000000
0780000000000000000000
0780000000000000000000
0780000000000000000000
0780000000000000000000
0780000000000000000000
0780000000000000000000
0780000000000000000000
0780000000000000000000
0780000000000000000000
0780000000000000000000
0780000000000000000000
0780000000000000000000
0780000000000000000000
0780000000000000000000
0780000000000000000000
0780000000000000000000
0780000000000000000000
0780000000000000000000
0780000000000000000000
0780000000000000000000
0780000000000000000000
0780000000000000000000
0780000000000000000000
0780000000000000000000
ENDCHAR
STARTCHAR uni093F0902.22
ENCODING -1
SWIDTH 228 0
DWIDTH 12 0
BBX 90 49 -1 0
BITMAP
0000001FFFFFFFFF000003C0
00007FFFFFFFFFFFFF8003C0
0007FFFFFFFFFFFFFFF803C0
001FFFFFFFFFFFFFFFFE03C0
007FF00000000000FFFF83C0
00FE000000000000007FC000
01F8000000000000000FE000
03F00000000000000003E000
03E00000000000000001E000
03C00000000000000001F000
07C00000000000000001E000
078000000000000000000000
078000000000000000000000
078000000000000000000000
078000000000000000000000
FFFC00000000000000000000
FFFC00000000000000000000
FFFC00000000000000000000
FFFC00000000000000000000
078000000000000000000000
078000000000000000000000
078000000000000000000000
078000000000000000000000
078000000000000000000000
078000000000000000000000
078000000000000000000000
078000000000000000000000
078000000000000000000000
078000000000000000000000
078000000000000000000000
078000000000000000000000
078000000000000000000000
078000000000000000000000
078000000000000000000000
078000000000000000000000
078000000000000000000000
078000000000000000000000
078000000000000000000000
078000000000000000000000
078000000000000000000000
078000000000000000000000
078000000000000000000000
078000000000000000000000
078000000000000000000000
078000000000000000000000
078000000000000000000000
078000000000000000000000
078000000000000000000000
078000000000000000000000
ENDCHAR
STARTCHAR uni093F0902.23
ENCODING -1
SWIDTH 228 0
DWIDTH 12 0
BBX 93 49 -1 0
BITMAP
0000001FFFFFFFFF800000F8
00003FFFFFFFFFFFFFE000F8
0003FFFFFFFFFFFFFFFE00F8
001FFFFFFFFFFFFFFFFFC0F8
007FF000000000003FFFE0F8
00FF000000000000001FF000
01F80000000000000001F800
03F00000000000000000FC00
03E000000000000000007C00
03C000000000000000003C00
07C000000000000000003C00
078000000000000000000000
078000000000000000000000
078000000000000000000000
078000000000000000000000
FFFC00000000000000000000
FFFC00000000000000000000
FFFC00000000000000000000
FFFC00000000000000000000
078000000000000000000000
078000000000000000000000
078000000000000000000000
078000000000000000000000
078000000000000000000000
078000000000000000000000
078000000000000000000000
078000000000000000000000
078000000000000000000000
078000000000000000000000
078000000000000000000000
078000000000000000000000
078000000000000000000000
078000000000000000000000
078000000000000000000000
078000000000000000000000
078000000000000000000000
078000000000000000000000
078000000000000000000000
078000000000000000000000
078000000000000000000000
078000000000000000000000
078000000000000000000000
078000000000000000000000
078000000000000000000000
078000000000000000000000
078000000000000000000000
078000000000000000000000
078000000000000000000000
078000000000000000000000
ENDCHAR
STARTCHAR uni093F0902.24
ENCODING -1
SWIDTH 228 0
DWIDTH 12 0
BBX 95 49 -1 0
BITMAP
0000000FFFFFFFFFE000003E
00003FFFFFFFFFFFFFF8003E
0003FFFFFFFFFFFFFFFF803E
001FFFFFFFFFFFFFFFFFF03E
007FFFF0000000001FFFFC3E
00FFC000000000000007FE00
01FE00000000000000007E00
03F000000000000000001F00
03E000000000000000000F00
03C000000000000000000F00
07C000000000000000000F00
078000000000000000000000
078000000000000000000000
078000000000000000000000
078000000000000000000000
FFFC00000000000000000000
FFFC00000000000000000000
FFFC00000000000000000000
FFFC00000000000000000000
078000000000000000000000
078000000000000000000000
078000000000000000000000
078000000000000000000000
078000000000000000000000
078000000000000000000000
078000000000000000000000
078000000000000000000000
078000000000000000000000
078000000000000000000000
078000000000000000000000
078000000000000000000000
078000000000000000000000
078000000000000000000000
078000000000000000000000
078000000000000000000000
078000000000000000000000
078000000000000000000000
078000000000000000000000
078000000000000000000000
078000000000000000000000
078000000000000000000000
078000000000000000000000
078000000000000000000000
078000000000000000000000
078000000000000000000000
078000000000000000000000
078000000000000000000000
078000000000000000000000
078000000000000000000000
ENDCHAR
STARTCHAR uni093F0902.26
ENCODING -1
SWIDTH 228 0
DWIDTH 12 0
BBX 100 49 -1 0
BITMAP
00000003FFFFFFFFFE000001F0
00001FFFFFFFFFFFFFFF8001F0
0003FFFFFFFFFFFFFFFFF801F0
000FFFFFFFFFFFFFFFFFFF01F0
003FFFF00000000001FFFFC1F0
00FFE0000000000000007FE000
01FE000000000000000007F000
01F8000000000000000001F000
03E0000000000000000000F800
03C00000000000000000007800
07C00000000000000000007800
07800000000000000000000000
07800000000000000000000000
07800000000000000000000000
07800000000000000000000000
FFFC0000000000000000000000
FFFC0000000000000000000000
FFFC0000000000000000000000
FFFC0000000000000000000000
07800000000000000000000000
07800000000000000000000000
07800000000000000000000000
07800000000000000000000000
07800000000000000000000000
07800000000000000000000000
07800000000000000000000000
07800000000000000000000000
07800000000000000000000000
07800000000000000000000000
07800000000000000000000000
07800000000000000000000000
07800000000000000000000000
07800000000000000000000000
07800000000000000000000000
07800000000000000000000000
07800000000000000000000000
07800000000000000000000000
07800000000000000000000000
07800000000000000000000000
07800000000000000000000000
07800000000000000000000000
07800000000000000000000000
07800000000000000000000000
07800000000000000000000000
07800000000000000000000000
07800000000000000000000000
07800000000000000000000000
07800000000000000000000000
07800000000000000000000000
ENDCHAR
STARTCHAR uni093F0902.30
ENCODING -1
SWIDTH 228 0
DWIDTH 12 0
BBX 109 49 -1 0
BITMAP
000000007FFFFFFFFFF8000000F8
000007FFFFFFFFFFFFFFFF0000F8
0001FFFFFFFFFFFFFFFFFFFC00F8
000FFFFFFFFFFFFFFFFFFFFF80F8
003FFE00000000000007FFFFE0F8
007F8000000000000000007FF000
00FC00000000000000000003F800
01F000000000000000000000FC00
03E0000000000000000000007C00
03C0000000000000000000003C00
07C0000000000000000000003C00
07C0000000000000000000000000
0780000000000000000000000000
0780000000000000000000000000
0780000000000000000000000000
FFFC000000000000000000000000
FFFC000000000000000000000000
FFFC000000000000000000000000
FFFC000000000000000000000000
0780000000000000000000000000
0780000000000000000000000000
0780000000000000000000000000
0780000000000000000000000000
0780000000000000000000000000
0780000000000000000000000000
0780000000000000000000000000
0780000000000000000000000000
0780000000000000000000000000
0780000000000000000000000000
0780000000000000000000000000
0780000000000000000000000000
0780000000000000000000000000
0780000000000000000000000000
0780000000000000000000000000
0780000000000000000000000000
0780000000000000000000000000
0780000000000000000000000000
0780000000000000000000000000
0780000000000000000000000000
0780000000000000000000000000
0780000000000000000000000000
0780000000000000000000000000
0780000000000000000000000000
0780000000000000000000000000
0780000000000000000000000000
0780000000000000000000000000
0780000000000000000000000000
0780000000000000000000000000
0780000000000000000000000000
ENDCHAR
STARTCHAR uni093F0930094D.01
ENCODING -1
SWIDTH 228 0
DWIDTH 12 0
BBX 39 49 -1 0
BITMAP
0003FFE000
003FFFFC00
007FFFFE00
00FFFFFF1E
01FC001FFE
03E00007FE
03C00003FE
07C00003F0
07C00001E0
07800001C0
07800001C0
07800001C0
07800001E0
0780000000
0780000000
FFFC000000
FFFC000000
FFFC000000
FFFC000000
0780000000
0780000000
0780000000
0780000000
0780000000
0780000000
0780000000
0780000000
0780000000
0780000000
0780000000
0780000000
0780000000
0780000000
0780000000
0780000000
0780000000
0780000000
0780000000
0780000000
0780000000
0780000000
0780000000
0780000000
0780000000
0780000000
0780000000
0780000000
0780000000
0780000000
ENDCHAR
STARTCHAR uni093F0930094D.02
ENCODING -1
SWIDTH 228 0
DWIDTH 12 0
BBX 41 49 -1 0
BITMAP
0003FFF00000
001FFFFF0000
007FFFFF8000
00FFFFFFC780
01FC0007EF80
03F00001FF80
03E00000FF80
03C000007E00
07C000007800
078000007800
078000007000
078000007000
078000003800
078000000000
078000000000
FFFC00000000
FFFC00000000
FFFC00000000
FFFC00000000
078000000000
078000000000
078000000000
078000000000
078000000000
078000000000
078000000000
078000000000
078000000000
078000000000
078000000000
078000000000
078000000000
078000000000
078000000000
078000000000
078000000000
078000000000
078000000000
078000000000
078000000000
078000000000
078000000000
078000000000
078000000000
078000000000
078000000000
078000000000
078000000000
078000000000
ENDCHAR
STARTCHAR uni093F0930094D.03
ENCODING -1
SWIDTH 228 0
DWIDTH 12 0
BBX 41 49 -1 0
BITMAP
0003FFF00000
001FFFFF0000
007FFFFF8000
00FFFFFFC780
01FC0007EF80
03F00001FF80
03E00000FF80
03C000007E00
07C000007800
078000007800
078000007000
078000007000
078000003800
078000000000
078000000000
FFFC00000000
FFFC00000000
FFFC00000000
FFFC00000000
078000000000
078000000000
078000000000
078000000000
078000000000
078000000000
078000000000
078000000000
078000000000
078000000000
078000000000
078000000000
078000000000
078000000000
078000000000
078000000000
078000000000
078000000000
078000000000
078000000000
078000000000
078000000000
078000000000
078000000000
078000000000
078000000000
078000000000
078000000000
078000000000
078000000000
ENDCHAR
STARTCHAR uni093F0930094D.04
ENCODING -1
SWIDTH 228 0
DWIDTH 12 0
BBX 46 49 -1 0
BITMAP
0001FFFF0000
001FFFFFF000
007FFFFFFC00
00FFFFFFFE3C
01FE00007FFC
03F000001FFC
03E000000FFC
03C0000007E0
07C0000007C0
078000000380
078000000380
078000000380
078000000380
078000000040
078000000000
FFFC00000000
FFFC00000000
FFFC00000000
FFFC00000000
078000000000
078000000000
078000000000
078000000000
078000000000
078000000000
078000000000
078000000000
078000000000
078000000000
078000000000
078000000000
078000000000
078000000000
078000000000
078000000000
078000000000
078000000000
078000000000
078000000000
078000000000
078000000000
078000000000
078000000000
078000000000
078000000000
078000000000
078000000000
078000000000
078000000000
ENDCHAR
STARTCHAR uni093F0930094D.05
ENCODING -1
SWIDTH 228 0
DWIDTH 12 0
BBX 48 49 -1 0
BITMAP
0000FFFFC000
001FFFFFFC00
007FFFFFFF00
00FFFFFFFF8F
01FF00003FDF
03F0000007FF
03E0000001FF
03C0000001F8
07C0000000F0
0780000000F0
0780000000E0
0780000000E0
0780000000F0
078000000000
078000000000
FFFC00000000
FFFC00000000
FFFC00000000
FFFC00000000
078000000000
078000000000
078000000000
078000000000
078000000000
078000000000
078000000000
078000000000
078000000000
078000000000
078000000000
078000000000
078000000000
078000000000
078000000000
078000000000
078000000000
078000000000
078000000000
078000000000
078000000000
078000000000
078000000000
078000000000
078000000000
078000000000
078000000000
078000000000
078000000000
078000000000
ENDCHAR
STARTCHAR uni093F0930094D.06
ENCODING -1
SWIDTH 228 0
DWIDTH 12 0
BBX 51 49 -1 0
BITMAP
0000FFFFF00000
000FFFFFFF0000
003FFFFFFFC000
00FFFFFFFFE1E0
01FF00000FF7E0
01F0000001FFE0
03E00000007FE0
03C00000003F00
07C00000003C00
07800000003C00
07800000003C00
07800000003C00
07800000001C00
07800000000000
07800000000000
FFFC0000000000
FFFC0000000000
FFFC0000000000
FFFC0000000000
07800000000000
07800000000000
07800000000000
07800000000000
07800000000000
07800000000000
07800000000000
07800000000000
07800000000000
07800000000000
07800000000000
07800000000000
07800000000000
07800000000000
07800000000000
07800000000000
07800000000000
07800000000000
07800000000000
07800000000000
07800000000000
07800000000000
07800000000000
07800000000000
07800000000000
07800000000000
07800000000000
07800000000000
07800000000000
07800000000000
ENDCHAR
STARTCHAR uni093F0930094D.07
ENCODING -1
SWIDTH 228 0
DWIDTH 12 0
BBX 53 49 -1 0
BITMAP
00007FFFF80000
000FFFFFFFC000
003FFFFFFFF000
00FFFFFFFFF878
01FF800003FDF8
01F80000003FF8
03E00000001FF8
03C00000000FC0
07C00000000F80
07800000000700
07800000000700
07800000000700
07800000000700
07800000000000
07800000000000
FFFC0000000000
FFFC0000000000
FFFC0000000000
FFFC0000000000
07800000000000
07800000000000
07800000000000
07800000000000
07800000000000
07800000000000
07800000000000
07800000000000
07800000000000
07800000000000
07800000000000
07800000000000
07800000000000
07800000000000
07800000000000
07800000000000
07800000000000
07800000000000
07800000000000
07800000000000
07800000000000
07800000000000
07800000000000
07800000000000
07800000000000
07800000000000
07800000000000
07800000000000
07800000000000
07800000000000
ENDCHAR
STARTCHAR uni093F0930094D.08
ENCODING -1
SWIDTH 228 0
DWIDTH 12 0
BBX 55 49 -1 0
BITMAP
00007FFFFE0000
000FFFFFFFF000
003FFFFFFFFC00
00FFFFFFFFFF1E
01FF800000FFFE
01F80000000FFE
03E000000003FE
03C000000003F0
07C000000001E0
078000000001C0
078000000001C0
078000000001C0
078000000001E0
07800000000000
07800000000000
FFFC0000000000
FFFC0000000000
FFFC0000000000
FFFC0000000000
07800000000000
07800000000000
07800000000000
07800000000000
07800000000000
07800000000000
07800000000000
07800000000000
07800000000000
07800000000000
07800000000000
07800000000000
07800000000000
07800000000000
07800000000000
07800000000000
07800000000000
07800000000000
07800000000000
07800000000000
07800000000000
07800000000000
07800000000000
07800000000000
07800000000000
07800000000000
07800000000000
07800000000000
07800000000000
07800000000000
ENDCHAR
STARTCHAR uni093F0930094D.09
ENCODING -1
SWIDTH 228 0
DWIDTH 12 0
BBX 58 49 -1 0
BITMAP
00003FFFFF800000
0007FFFFFFFC0000
003FFFFFFFFF0000
007FFFFFFFFFC3C0
01FF8000003FEFC0
01F800000003FFC0
03F000000000FFC0
03C0000000007E00
07C0000000007800
07C0000000007800
0780000000007800
0780000000007800
0780000000003800
0780000000000000
0780000000000000
FFFC000000000000
FFFC000000000000
FFFC000000000000
FFFC000000000000
0780000000000000
0780000000000000
0780000000000000
0780000000000000
0780000000000000
0780000000000000
0780000000000000
0780000000000000
0780000000000000
0780000000000000
0780000000000000
0780000000000000
0780000000000000
0780000000000000
0780000000000000
0780000000000000
0780000000000000
0780000000000000
0780000000000000
0780000000000000
0780000000000000
0780000000000000
0780000000000000
0780000000000000
0780000000000000
0780000000000000
0780000000000000
0780000000000000
0780000000000000
0780000000000000
ENDCHAR
STARTCHAR uni093F0930094D.10
ENCODING -1
SWIDTH 228 0
DWIDTH 12 0
BBX 60 49 -1 0
BITMAP
00001FFFFFE00000
0007FFFFFFFF0000
003FFFFFFFFFE000
007FFFFFFFFFF0F0
00FFC000001FFBF0
01F800000000FFF0
03F0000000003FF0
03E0000000001F80
07C0000000001F00
07C0000000000E00
0780000000000E00
0780000000000E00
0780000000000E00
0780000000000000
0780000000000000
FFFC000000000000
FFFC000000000000
FFFC000000000000
FFFC000000000000
0780000000000000
0780000000000000
0780000000000000
0780000000000000
0780000000000000
0780000000000000
0780000000000000
0780000000000000
0780000000000000
0780000000000000
0780000000000000
0780000000000000
0780000000000000
0780000000000000
0780000000000000
0780000000000000
0780000000000000
0780000000000000
0780000000000000
0780000000000000
0780000000000000
0780000000000000
0780000000000000
0780000000000000
0780000000000000
0780000000000000
0780000000000000
0780000000000000
0780000000000000
0780000000000000
ENDCHAR
STARTCHAR uni093F0930094D.11
ENCODING -1
SWIDTH 228 0
DWIDTH 12 0
BBX 62 49 -1 0
BITMAP
00001FFFFFF80000
0007FFFFFFFFC000
001FFFFFFFFFF800
007FFFFFFFFFFC3C
00FFC0000007FEFC
01FC000000003FFC
03F0000000000FFC
03E00000000007E0
07C00000000003C0
07C0000000000380
0780000000000380
0780000000000380
07800000000003C0
0780000000000000
0780000000000000
FFFC000000000000
FFFC000000000000
FFFC000000000000
FFFC000000000000
0780000000000000
0780000000000000
0780000000000000
0780000000000000
0780000000000000
0780000000000000
0780000000000000
0780000000000000
0780000000000000
0780000000000000
0780000000000000
0780000000000000
0780000000000000
0780000000000000
0780000000000000
0780000000000000
0780000000000000
0780000000000000
0780000000000000
0780000000000000
0780000000000000
0780000000000000
0780000000000000
0780000000000000
0780000000000000
0780000000000000
0780000000000000
0780000000000000
0780000000000000
0780000000000000
ENDCHAR
STARTCHAR uni093F0930094D.12
ENCODING -1
SWIDTH 228 0
DWIDTH 12 0
BBX 65 49 -1 0
BITMAP
00000FFFFFFC000000
0007FFFFFFFFF00000
001FFFFFFFFFFE0000
007FFFFFFFFFFF8780
00FFE0000001FFDF80
01FC000000000FFF80
03F00000000001FF80
03E00000000001FC00
03C00000000000F000
07C00000000000F000
07800000000000F000
07800000000000F000
078000000000007000
078000000000000000
078000000000000000
FFFC00000000000000
FFFC00000000000000
FFFC00000000000000
FFFC00000000000000
078000000000000000
078000000000000000
078000000000000000
078000000000000000
078000000000000000
078000000000000000
078000000000000000
078000000000000000
078000000000000000
078000000000000000
078000000000000000
078000000000000000
078000000000000000
078000000000000000
078000000000000000
078000000000000000
078000000000000000
078000000000000000
078000000000000000
078000000000000000
078000000000000000
078000000000000000
078000000000000000
078000000000000000
078000000000000000
078000000000000000
078000000000000000
078000000000000000
078000000000000000
078000000000000000
ENDCHAR
STARTCHAR uni093F0930094D.13
ENCODING -1
SWIDTH 228 0
DWIDTH 12 0
BBX 67 49 -1 0
BITMAP
00000FFFFFFF000000
0003FFFFFFFFFC0000
001FFFFFFFFFFF8000
007FFFFFFFFFFFE1E0
00FFE00000007FF7E0
01FC0000000001FFE0
03F000000000007FE0
03E000000000003F00
03C000000000003E00
07C000000000003C00
078000000000001C00
078000000000001C00
078000000000001C00
078000000000000000
078000000000000000
FFFC00000000000000
FFFC00000000000000
FFFC00000000000000
FFFC00000000000000
078000000000000000
078000000000000000
078000000000000000
078000000000000000
078000000000000000
078000000000000000
078000000000000000
078000000000000000
078000000000000000
078000000000000000
078000000000000000
078000000000000000
078000000000000000
078000000000000000
078000000000000000
078000000000000000
078000000000000000
078000000000000000
078000000000000000
078000000000000000
078000000000000000
078000000000000000
078000000000000000
078000000000000000
078000000000000000
078000000000000000
078000000000000000
078000000000000000
078000000000000000
078000000000000000
ENDCHAR
STARTCHAR uni093F0930094D.14
ENCODING -1
SWIDTH 228 0
DWIDTH 12 0
BBX 69 49 -1 0
BITMAP
000007FFFFFFC00000
0003FFFFFFFFFF0000
001FFFFFFFFFFFE000
007FFFFFFFFFFFF878
00FFF00000001FFDF8
01FE00000000007FF8
03F000000000001FF8
03E000000000000FC0
03C000000000000780
07C000000000000700
078000000000000700
078000000000000700
078000000000000780
078000000000000000
078000000000000000
FFFC00000000000000
FFFC00000000000000
FFFC00000000000000
FFFC00000000000000
078000000000000000
078000000000000000
078000000000000000
078000000000000000
078000000000000000
078000000000000000
078000000000000000
078000000000000000
078000000000000000
078000000000000000
078000000000000000
078000000000000000
078000000000000000
078000000000000000
078000000000000000
078000000000000000
078000000000000000
078000000000000000
078000000000000000
078000000000000000
078000000000000000
078000000000000000
078000000000000000
078000000000000000
078000000000000000
078000000000000000
078000000000000000
078000000000000000
078000000000000000
078000000000000000
ENDCHAR
STARTCHAR uni093F0930094D.15
ENCODING -1
SWIDTH 228 0
DWIDTH 12 0
BBX 72 49 -1 0
BITMAP
000003FFFFFFE00000
0001FFFFFFFFFFC000
001FFFFFFFFFFFF800
007FFFFFFFFFFFFE1F
00FFF80000000FFF3F
01FE00000000001FFF
03F0000000000007FF
03E0000000000003F8
03C0000000000001E0
07C0000000000001E0
0780000000000001E0
0780000000000001E0
0780000000000000E0
078000000000000000
078000000000000000
FFFC00000000000000
FFFC00000000000000
FFFC00000000000000
FFFC00000000000000
078000000000000000
078000000000000000
078000000000000000
078000000000000000
078000000000000000
078000000000000000
078000000000000000
078000000000000000
078000000000000000
078000000000000000
078000000000000000
078000000000000000
078000000000000000
078000000000000000
078000000000000000
078000000000000000
078000000000000000
078000000000000000
078000000000000000
078000000000000000
078000000000000000
078000000000000000
078000000000000000
078000000000000000
078000000000000000
078000000000000000
078000000000000000
078000000000000000
078000000000000000
078000000000000000
ENDCHAR
STARTCHAR uni093F0930094D.16
ENCODING -1
SWIDTH 228 0
DWIDTH 12 0
BBX 74 49 -1 0
BITMAP
000001FFFFFFF8000000
0001FFFFFFFFFFF00000
000FFFFFFFFFFFFE0000
003FFFFFFFFFFFFF83C0
00FFFC00000007FFEFC0
01FE00000000000FFFC0
01F8000000000001FFC0
03E0000000000000FE00
03C00000000000007C00
07C00000000000007800
07800000000000007800
07800000000000003800
07800000000000003800
07800000000000000000
07800000000000000000
FFFC0000000000000000
FFFC0000000000000000
FFFC0000000000000000
FFFC0000000000000000
07800000000000000000
07800000000000000000
07800000000000000000
07800000000000000000
07800000000000000000
07800000000000000000
07800000000000000000
07800000000000000000
07800000000000000000
07800000000000000000
07800000000000000000
07800000000000000000
07800000000000000000
07800000000000000000
07800000000000000000
07800000000000000000
07800000000000000000
07800000000000000000
07800000000000000000
07800000000000000000
07800000000000000000
07800000000000000000
07800000000000000000
07800000000000000000
07800000000000000000
07800000000000000000
07800000000000000000
07800000000000000000
07800000000000000000
07800000000000000000
ENDCHAR
STARTCHAR uni093F0930094D.17
ENCODING -1
SWIDTH 228 0
DWIDTH 12 0
BBX 76 49 -1 0
BITMAP
000001FFFFFFFE000000
0001FFFFFFFFFFFC0000
000FFFFFFFFFFFFFC000
003FFFFFFFFFFFFFF0F0
00FFFC00000001FFFBF0
01FF000000000003FFF0
01F80000000000007FF0
03E00000000000001F80
03C00000000000001F00
07C00000000000000E00
07C00000000000000E00
07800000000000000E00
07800000000000000F00
07800000000000000000
07800000000000000000
FFFC0000000000000000
FFFC0000000000000000
FFFC0000000000000000
FFFC0000000000000000
07800000000000000000
07800000000000000000
07800000000000000000
07800000000000000000
07800000000000000000
07800000000000000000
07800000000000000000
07800000000000000000
07800000000000000000
07800000000000000000
07800000000000000000
07800000000000000000
07800000000000000000
07800000000000000000
07800000000000000000
07800000000000000000
07800000000000000000
07800000000000000000
07800000000000000000
07800000000000000000
07800000000000000000
07800000000000000000
07800000000000000000
07800000000000000000
07800000000000000000
07800000000000000000
07800000000000000000
07800000000000000000
07800000000000000000
07800000000000000000
ENDCHAR
STARTCHAR uni093F0930094D.18
ENCODING -1
SWIDTH 228 0
DWIDTH 12 0
BBX 78 49 -1 0
BITMAP
000000FFFFFFFF000000
0000FFFFFFFFFFFF0000
000FFFFFFFFFFFFFF000
003FFFFFFFFFFFFFFC1C
00FFFE000000007FFE7C
01FF0000000000007FFC
01F80000000000000FFC
03E000000000000007E0
03C000000000000003C0
07C000000000000003C0
07C00000000000000380
078000000000000003C0
078000000000000001C0
07800000000000000000
07800000000000000000
FFFC0000000000000000
FFFC0000000000000000
FFFC0000000000000000
FFFC0000000000000000
07800000000000000000
07800000000000000000
07800000000000000000
07800000000000000000
07800000000000000000
07800000000000000000
07800000000000000000
07800000000000000000
07800000000000000000
07800000000000000000
07800000000000000000
07800000000000000000
07800000000000000000
07800000000000000000
07800000000000000000
07800000000000000000
07800000000000000000
07800000000000000000
07800000000000000000
07800000000000000000
07800000000000000000
07800000000000000000
07800000000000000000
07800000000000000000
07800000000000000000
07800000000000000000
07800000000000000000
07800000000000000000
07800000000000000000
07800000000000000000
ENDCHAR
STARTCHAR uni093F0930094D.19
ENCODING -1
SWIDTH 228 0
DWIDTH 12 0
BBX 81 49 -1 0
BITMAP
000000FFFFFFFFC0000000
0000FFFFFFFFFFFFC00000
000FFFFFFFFFFFFFFC0000
003FFFFFFFFFFFFFFF0780
007FFE000000001FFF9F80
01FF0000000000001FFF80
01F800000000000003FF80
03F000000000000001FC00
03E000000000000000F000
07C000000000000000F000
07C000000000000000F000
0780000000000000007000
0780000000000000007000
0780000000000000000000
0780000000000000000000
FFFC000000000000000000
FFFC000000000000000000
FFFC000000000000000000
FFFC000000000000000000
0780000000000000000000
0780000000000000000000
0780000000000000000000
0780000000000000000000
0780000000000000000000
0780000000000000000000
0780000000000000000000
0780000000000000000000
0780000000000000000000
0780000000000000000000
0780000000000000000000
0780000000000000000000
0780000000000000000000
0780000000000000000000
0780000000000000000000
0780000000000000000000
0780000000000000000000
0780000000000000000000
0780000000000000000000
0780000000000000000000
0780000000000000000000
0780000000000000000000
0780000000000000000000
0780000000000000000000
0780000000000000000000
0780000000000000000000
0780000000000000000000
0780000000000000000000
0780000000000000000000
0780000000000000000000
ENDCHAR
STARTCHAR uni093F0930094D.20
ENCODING -1
SWIDTH 228 0
DWIDTH 12 0
BBX 83 49 -1 0
BITMAP
0000007FFFFFFFF0000000
0000FFFFFFFFFFFFF00000
0007FFFFFFFFFFFFFF0000
003FFFFFFFFFFFFFFFC1E0
007FFF000000000FFFF7E0
00FF00000000000007FFE0
01F800000000000000FFE0
03F0000000000000003F00
03E0000000000000003E00
07C0000000000000001C00
07C0000000000000001C00
0780000000000000001C00
0780000000000000001E00
0780000000000000000000
0780000000000000000000
FFFC000000000000000000
FFFC000000000000000000
FFFC000000000000000000
FFFC000000000000000000
0780000000000000000000
0780000000000000000000
0780000000000000000000
0780000000000000000000
0780000000000000000000
0780000000000000000000
0780000000000000000000
0780000000000000000000
0780000000000000000000
0780000000000000000000
0780000000000000000000
0780000000000000000000
0780000000000000000000
0780000000000000000000
0780000000000000000000
0780000000000000000000
0780000000000000000000
0780000000000000000000
0780000000000000000000
0780000000000000000000
0780000000000000000000
0780000000000000000000
0780000000000000000000
0780000000000000000000
0780000000000000000000
0780000000000000000000
0780000000000000000000
0780000000000000000000
0780000000000000000000
0780000000000000000000
ENDCHAR
STARTCHAR uni093F0930094D.21
ENCODING -1
SWIDTH 228 0
DWIDTH 12 0
BBX 85 49 -1 0
BITMAP
0000003FFFFFFFF8000000
00007FFFFFFFFFFFFC0000
0007FFFFFFFFFFFFFFC000
001FFFFFFFFFFFFFFFF078
007FFF8000000003FFFCF8
00FF80000000000001FFF8
01FC000000000000003FF8
03F0000000000000000FE0
03E0000000000000000780
03C0000000000000000780
07C0000000000000000700
0780000000000000000780
0780000000000000000380
0780000000000000000000
0780000000000000000000
FFFC000000000000000000
FFFC000000000000000000
FFFC000000000000000000
FFFC000000000000000000
0780000000000000000000
0780000000000000000000
0780000000000000000000
0780000000000000000000
0780000000000000000000
0780000000000000000000
0780000000000000000000
0780000000000000000000
0780000000000000000000
0780000000000000000000
0780000000000000000000
0780000000000000000000
0780000000000000000000
0780000000000000000000
0780000000000000000000
0780000000000000000000
0780000000000000000000
0780000000000000000000
0780000000000000000000
0780000000000000000000
0780000000000000000000
0780000000000000000000
0780000000000000000000
0780000000000000000000
0780000000000000000000
0780000000000000000000
0780000000000000000000
0780000000000000000000
0780000000000000000000
0780000000000000000000
ENDCHAR
STARTCHAR uni093F0930094D.22
ENCODING -1
SWIDTH 228 0
DWIDTH 12 0
BBX 88 49 -1 0
BITMAP
0000001FFFFFFFFE000000
00007FFFFFFFFFFFFF0000
0007FFFFFFFFFFFFFFF000
001FFFFFFFFFFFFFFFFE0F
007FF00000000001FFFF3F
00FE000000000000007FFF
01F80000000000000007FF
03E00000000000000003F8
03E00000000000000001E0
03C00000000000000001E0
07C00000000000000001E0
07800000000000000000E0
07800000000000000000E0
0780000000000000000000
0780000000000000000000
FFFC000000000000000000
FFFC000000000000000000
FFFC000000000000000000
FFFC000000000000000000
0780000000000000000000
0780000000000000000000
0780000000000000000000
0780000000000000000000
0780000000000000000000
0780000000000000000000
0780000000000000000000
0780000000000000000000
0780000000000000000000
0780000000000000000000
0780000000000000000000
0780000000000000000000
0780000000000000000000
0780000000000000000000
0780000000000000000000
0780000000000000000000
0780000000000000000000
0780000000000000000000
0780000000000000000000
0780000000000000000000
0780000000000000000000
0780000000000000000000
0780000000000000000000
0780000000000000000000
0780000000000000000000
0780000000000000000000
0780000000000000000000
0780000000000000000000
0780000000000000000000
0780000000000000000000
ENDCHAR
STARTCHAR uni093F0930094D.23
ENCODING -1
SWIDTH 228 0
DWIDTH 12 0
BBX 90 49 -1 0
BITMAP
0000001FFFFFFFFF80000000
00003FFFFFFFFFFFFFC00000
0007FFFFFFFFFFFFFFFC0000
001FFFFFFFFFFFFFFFFF83C0
007FF000000000007FFFEFC0
00FF000000000000001FFFC0
01F80000000000000001FFC0
03F000000000000000007E00
03E000000000000000007C00
03C000000000000000003800
07C000000000000000003800
078000000000000000003800
078000000000000000003800
078000000000000000000400
078000000000000000000000
FFFC00000000000000000000
FFFC00000000000000000000
FFFC00000000000000000000
FFFC00000000000000000000
078000000000000000000000
078000000000000000000000
078000000000000000000000
078000000000000000000000
078000000000000000000000
078000000000000000000000
078000000000000000000000
078000000000000000000000
078000000000000000000000
078000000000000000000000
078000000000000000000000
078000000000000000000000
078000000000000000000000
078000000000000000000000
078000000000000000000000
078000000000000000000000
078000000000000000000000
078000000000000000000000
078000000000000000000000
078000000000000000000000
078000000000000000000000
078000000000000000000000
078000000000000000000000
078000000000000000000000
078000000000000000000000
078000000000000000000000
078000000000000000000000
078000000000000000000000
078000000000000000000000
078000000000000000000000
ENDCHAR
STARTCHAR uni093F0930094D.24
ENCODING -1
SWIDTH 228 0
DWIDTH 12 0
BBX 92 49 -1 0
BITMAP
0000000FFFFFFFFFC0000000
00003FFFFFFFFFFFFFF00000
0003FFFFFFFFFFFFFFFF0000
001FFFFFFFFFFFFFFFFFE0F0
007FFFF0000000001FFFF1F0
00FFC000000000000007FFF0
01FC00000000000000007FF0
03F000000000000000001F80
03E000000000000000000F00
03C000000000000000000F00
07C000000000000000000E00
078000000000000000000E00
078000000000000000000F00
078000000000000000000000
078000000000000000000000
FFFC00000000000000000000
FFFC00000000000000000000
FFFC00000000000000000000
FFFC00000000000000000000
078000000000000000000000
078000000000000000000000
078000000000000000000000
078000000000000000000000
078000000000000000000000
078000000000000000000000
078000000000000000000000
078000000000000000000000
078000000000000000000000
078000000000000000000000
078000000000000000000000
078000000000000000000000
078000000000000000000000
078000000000000000000000
078000000000000000000000
078000000000000000000000
078000000000000000000000
078000000000000000000000
078000000000000000000000
078000000000000000000000
078000000000000000000000
078000000000000000000000
078000000000000000000000
078000000000000000000000
078000000000000000000000
078000000000000000000000
078000000000000000000000
078000000000000000000000
078000000000000000000000
078000000000000000000000
ENDCHAR
STARTCHAR uni093F0930094D.26
ENCODING -1
SWIDTH 228 0
DWIDTH 12 0
BBX 97 49 -1 0
BITMAP
00000003FFFFFFFFFC00000000
00001FFFFFFFFFFFFFFF000000
0003FFFFFFFFFFFFFFFFF00000
001FFFFFFFFFFFFFFFFFFE0780
003FFFF00000000003FFFF9F80
00FFE000000000000000FFFF80
01FE000000000000000007FF80
01F8000000000000000001FC00
03E0000000000000000000F800
03C00000000000000000007000
07C00000000000000000007000
07800000000000000000007000
07800000000000000000007000
07800000000000000000000000
07800000000000000000000000
FFFC0000000000000000000000
FFFC0000000000000000000000
FFFC0000000000000000000000
FFFC0000000000000000000000
07800000000000000000000000
07800000000000000000000000
07800000000000000000000000
07800000000000000000000000
07800000000000000000000000
07800000000000000000000000
07800000000000000000000000
07800000000000000000000000
07800000000000000000000000
07800000000000000000000000
07800000000000000000000000
07800000000000000000000000
07800000000000000000000000
07800000000000000000000000
07800000000000000000000000
07800000000000000000000000
07800000000000000000000000
07800000000000000000000000
07800000000000000000000000
07800000000000000000000000
07800000000000000000000000
07800000000000000000000000
07800000000000000000000000
07800000000000000000000000
07800000000000000000000000
07800000000000000000000000
07800000000000000000000000
07800000000000000000000000
07800000000000000000000000
07800000000000000000000000
ENDCHAR
STARTCHAR uni093F0930094D.30
ENCODING -1
SWIDTH 228 0
DWIDTH 12 0
BBX 106 49 -1 0
BITMAP
00000000FFFFFFFFFFF000000000
000007FFFFFFFFFFFFFFFE000000
0001FFFFFFFFFFFFFFFFFFF80000
000FFFFFFFFFFFFFFFFFFFFF03C0
003FFE0000000000000FFFFFCFC0
007F800000000000000000FFFFC0
00FC00000000000000000003FFC0
01F0000000000000000000007E00
03E0000000000000000000003C00
03C0000000000000000000003800
07C0000000000000000000003800
07C0000000000000000000003800
0780000000000000000000003C00
0780000000000000000000000000
0780000000000000000000000000
FFFC000000000000000000000000
FFFC000000000000000000000000
FFFC000000000000000000000000
FFFC000000000000000000000000
0780000000000000000000000000
0780000000000000000000000000
0780000000000000000000000000
0780000000000000000000000000
0780000000000000000000000000
0780000000000000000000000000
0780000000000000000000000000
0780000000000000000000000000
0780000000000000000000000000
0780000000000000000000000000
0780000000000000000000000000
0780000000000000000000000000
0780000000000000000000000000
0780000000000000000000000000
0780000000000000000000000000
0780000000000000000000000000
0780000000000000000000000000
0780000000000000000000000000
0780000000000000000000000000
0780000000000000000000000000
0780000000000000000000000000
0780000000000000000000000000
0780000000000000000000000000
0780000000000000000000000000
0780000000000000000000000000
0780000000000000000000000000
0780000000000000000000000000
0780000000000000000000000000
0780000000000000000000000000
0780000000000000000000000000
ENDCHAR
STARTCHAR uni093F0930094D0901.01
ENCODING -1
SWIDTH 228 0
DWIDTH 12 0
BBX 47 49 -1 0
BITMAP
0003FFC00000
003FFFF80000
007FFFFE1E00
00FFFFFF3E00
01FC001FFE00
03E00007FE00
03C00003F0E0
07C00003E0E0
07C00001C0E0
07800001DCEE
07800001DE0E
07800001CE1E
07800001E7FC
0780000001F0
078000000000
FFFC00000000
FFFC00000000
FFFC00000000
FFFC00000000
078000000000
078000000000
078000000000
078000000000
078000000000
078000000000
078000000000
078000000000
078000000000
078000000000
078000000000
078000000000
078000000000
078000000000
078000000000
078000000000
078000000000
078000000000
078000000000
078000000000
078000000000
078000000000
078000000000
078000000000
078000000000
078000000000
078000000000
078000000000
078000000000
078000000000
ENDCHAR
STARTCHAR uni093F0930094D0901.02
ENCODING -1
SWIDTH 228 0
DWIDTH 12 0
BBX 50 49 -1 0
BITMAP
0003FFF0000000
001FFFFF000000
007FFFFF838000
00FFFFFFCF8000
01FC0007FF8000
03F00001FF8000
03E00000FE3C00
03C00000783C00
07C000007C3C00
0780000073BDC0
07800000738380
078000007BC380
0780000039FF00
07800000007C00
07800000000000
FFFC0000000000
FFFC0000000000
FFFC0000000000
FFFC0000000000
07800000000000
07800000000000
07800000000000
07800000000000
07800000000000
07800000000000
07800000000000
07800000000000
07800000000000
07800000000000
07800000000000
07800000000000
07800000000000
07800000000000
07800000000000
07800000000000
07800000000000
07800000000000
07800000000000
07800000000000
07800000000000
07800000000000
07800000000000
07800000000000
07800000000000
07800000000000
07800000000000
07800000000000
07800000000000
07800000000000
ENDCHAR
STARTCHAR uni093F0930094D0901.03
ENCODING -1
SWIDTH 228 0
DWIDTH 12 0
BBX 50 49 -1 0
BITMAP
0003FFF0000000
001FFFFF000000
007FFFFF838000
00FFFFFFCF8000
01FC0007FF8000
03F00001FF8000
03E00000FE3C00
03C00000783C00
07C000007C3C00
0780000073BDC0
07800000738380
078000007BC380
0780000039FF00
07800000007C00
07800000000000
FFFC0000000000
FFFC0000000000
FFFC0000000000
FFFC0000000000
07800000000000
07800000000000
07800000000000
07800000000000
07800000000000
07800000000000
07800000000000
07800000000000
07800000000000
07800000000000
07800000000000
07800000000000
07800000000000
07800000000000
07800000000000
07800000000000
07800000000000
07800000000000
07800000000000
07800000000000
07800000000000
07800000000000
07800000000000
07800000000000
07800000000000
07800000000000
07800000000000
07800000000000
07800000000000
07800000000000
ENDCHAR
STARTCHAR uni093F0930094D0901.04
ENCODING -1
SWIDTH 228 0
DWIDTH 12 0
BBX 54 49 -1 0
BITMAP
0001FFFF000000
001FFFFFF00000
007FFFFFFC3C00
00FFFFFFFE7C00
01FE00007FFC00
03F000001FFC00
03E000000FE1C0
03C0000007C1C0
07C000000781C0
0780000003B9DC
0780000003BC1C
07800000039C3C
07800000038FF8
078000000047E0
07800000000000
FFFC0000000000
FFFC0000000000
FFFC0000000000
FFFC0000000000
07800000000000
07800000000000
07800000000000
07800000000000
07800000000000
07800000000000
07800000000000
07800000000000
07800000000000
07800000000000
07800000000000
07800000000000
07800000000000
07800000000000
07800000000000
07800000000000
07800000000000
07800000000000
07800000000000
07800000000000
07800000000000
07800000000000
07800000000000
07800000000000
07800000000000
07800000000000
07800000000000
07800000000000
07800000000000
07800000000000
ENDCHAR
STARTCHAR uni093F0930094D0901.05
ENCODING -1
SWIDTH 228 0
DWIDTH 12 0
BBX 57 49 -1 0
BITMAP
0000FFFFC0000000
001FFFFFFC000000
007FFFFFFF070000
00FFFFFFFF9F0000
01FF00003FFF0000
03F0000007FF0000
03E0000001FC7800
03C0000001F07800
07C0000000F07800
0780000000EF7B80
0780000000E70700
0780000000F78700
0780000000F3FE00
078000000000F800
0780000000000000
FFFC000000000000
FFFC000000000000
FFFC000000000000
FFFC000000000000
0780000000000000
0780000000000000
0780000000000000
0780000000000000
0780000000000000
0780000000000000
0780000000000000
0780000000000000
0780000000000000
0780000000000000
0780000000000000
0780000000000000
0780000000000000
0780000000000000
0780000000000000
0780000000000000
0780000000000000
0780000000000000
0780000000000000
0780000000000000
0780000000000000
0780000000000000
0780000000000000
0780000000000000
0780000000000000
0780000000000000
0780000000000000
0780000000000000
0780000000000000
0780000000000000
ENDCHAR
STARTCHAR uni093F0930094D0901.06
ENCODING -1
SWIDTH 228 0
DWIDTH 12 0
BBX 59 49 -1 0
BITMAP
0000FFFFF0000000
000FFFFFFF000000
003FFFFFFFC1E000
00FFFFFFFFE7E000
01FF00000FFFE000
01F0000000FFE000
03E00000007F1E00
03C00000003C1E00
07C00000003C1E00
07800000003DDEE0
07800000003DC0E0
07800000003CE1C0
07800000001CFF80
0780000000003F00
0780000000000000
FFFC000000000000
FFFC000000000000
FFFC000000000000
FFFC000000000000
0780000000000000
0780000000000000
0780000000000000
0780000000000000
0780000000000000
0780000000000000
0780000000000000
0780000000000000
0780000000000000
0780000000000000
0780000000000000
0780000000000000
0780000000000000
0780000000000000
0780000000000000
0780000000000000
0780000000000000
0780000000000000
0780000000000000
0780000000000000
0780000000000000
0780000000000000
0780000000000000
0780000000000000
0780000000000000
0780000000000000
0780000000000000
0780000000000000
0780000000000000
0780000000000000
ENDCHAR
STARTCHAR uni093F0930094D0901.07
ENCODING -1
SWIDTH 228 0
DWIDTH 12 0
BBX 61 49 -1 0
BITMAP
00007FFFF8000000
000FFFFFFFC00000
003FFFFFFFF07800
00FFFFFFFFF8F800
01FF800003FDF800
01F80000003FF800
03E00000001FC780
03C00000000F8780
07C00000000F0780
07800000000777B8
0780000000077038
0780000000073878
0780000000071FF0
0780000000000FC0
0780000000000000
FFFC000000000000
FFFC000000000000
FFFC000000000000
FFFC000000000000
0780000000000000
0780000000000000
0780000000000000
0780000000000000
0780000000000000
0780000000000000
0780000000000000
0780000000000000
0780000000000000
0780000000000000
0780000000000000
0780000000000000
0780000000000000
0780000000000000
0780000000000000
0780000000000000
0780000000000000
0780000000000000
0780000000000000
0780000000000000
0780000000000000
0780000000000000
0780000000000000
0780000000000000
0780000000000000
0780000000000000
0780000000000000
0780000000000000
0780000000000000
0780000000000000
ENDCHAR
STARTCHAR uni093F0930094D0901.08
ENCODING -1
SWIDTH 228 0
DWIDTH 12 0
BBX 64 49 -1 0
BITMAP
00007FFFFE000000
000FFFFFFFF00000
003FFFFFFFFC0E00
00FFFFFFFFFF3E00
01FF800000FFFE00
01F80000000FFE00
03E000000003F0E0
03C000000003E0E0
07C000000001E0E0
078000000001DEEF
078000000001CE0E
078000000001CE0E
078000000001E7FC
07800000000001F0
0780000000000000
FFFC000000000000
FFFC000000000000
FFFC000000000000
FFFC000000000000
0780000000000000
0780000000000000
0780000000000000
0780000000000000
0780000000000000
0780000000000000
0780000000000000
0780000000000000
0780000000000000
0780000000000000
0780000000000000
0780000000000000
0780000000000000
0780000000000000
0780000000000000
0780000000000000
0780000000000000
0780000000000000
0780000000000000
0780000000000000
0780000000000000
0780000000000000
0780000000000000
0780000000000000
0780000000000000
0780000000000000
0780000000000000
0780000000000000
0780000000000000
0780000000000000
ENDCHAR
STARTCHAR uni093F0930094D0901.09
ENCODING -1
SWIDTH 228 0
DWIDTH 12 0
BBX 66 49 -1 0
BITMAP
00003FFFFF80000000
0007FFFFFFFC000000
003FFFFFFFFF03C000
007FFFFFFFFFCFC000
01FF8000003FFFC000
01F800000003FFC000
03F000000000FE3C00
03C000000000783C00
07C000000000783C00
07C0000000007BBDC0
0780000000007B81C0
0780000000007BC380
07800000000039FF00
078000000000007E00
078000000000000000
FFFC00000000000000
FFFC00000000000000
FFFC00000000000000
FFFC00000000000000
078000000000000000
078000000000000000
078000000000000000
078000000000000000
078000000000000000
078000000000000000
078000000000000000
078000000000000000
078000000000000000
078000000000000000
078000000000000000
078000000000000000
078000000000000000
078000000000000000
078000000000000000
078000000000000000
078000000000000000
078000000000000000
078000000000000000
078000000000000000
078000000000000000
078000000000000000
078000000000000000
078000000000000000
078000000000000000
078000000000000000
078000000000000000
078000000000000000
078000000000000000
078000000000000000
ENDCHAR
STARTCHAR uni093F0930094D0901.10
ENCODING -1
SWIDTH 228 0
DWIDTH 12 0
BBX 68 49 -1 0
BITMAP
00001FFFFFE0000000
0007FFFFFFFF000000
003FFFFFFFFFE0F000
007FFFFFFFFFF1F000
00FFC000001FFBF000
01F800000000FFF000
03F0000000003F8F00
03E0000000001F0F00
07C0000000001E0F00
07C0000000000EEF70
0780000000000EE070
0780000000000E70F0
0780000000000E3FE0
078000000000001F80
078000000000000000
FFFC00000000000000
FFFC00000000000000
FFFC00000000000000
FFFC00000000000000
078000000000000000
078000000000000000
078000000000000000
078000000000000000
078000000000000000
078000000000000000
078000000000000000
078000000000000000
078000000000000000
078000000000000000
078000000000000000
078000000000000000
078000000000000000
078000000000000000
078000000000000000
078000000000000000
078000000000000000
078000000000000000
078000000000000000
078000000000000000
078000000000000000
078000000000000000
078000000000000000
078000000000000000
078000000000000000
078000000000000000
078000000000000000
078000000000000000
078000000000000000
078000000000000000
ENDCHAR
STARTCHAR uni093F0930094D0901.11
ENCODING -1
SWIDTH 228 0
DWIDTH 12 0
BBX 71 49 -1 0
BITMAP
00001FFFFFF8000000
0007FFFFFFFFC00000
001FFFFFFFFFF81C00
007FFFFFFFFFFC7C00
00FFC0000007FEFC00
01FC000000003FFC00
03F0000000000FF1C0
03E00000000007C1C0
07C00000000003C1C0
07C00000000003BDDE
078000000000039C1C
078000000000039C1C
07800000000003CFF8
0780000000000003E0
078000000000000000
FFFC00000000000000
FFFC00000000000000
FFFC00000000000000
FFFC00000000000000
078000000000000000
078000000000000000
078000000000000000
078000000000000000
078000000000000000
078000000000000000
078000000000000000
078000000000000000
078000000000000000
078000000000000000
078000000000000000
078000000000000000
078000000000000000
078000000000000000
078000000000000000
078000000000000000
078000000000000000
078000000000000000
078000000000000000
078000000000000000
078000000000000000
078000000000000000
078000000000000000
078000000000000000
078000000000000000
078000000000000000
078000000000000000
078000000000000000
078000000000000000
078000000000000000
ENDCHAR
STARTCHAR uni093F0930094D0901.12
ENCODING -1
SWIDTH 228 0
DWIDTH 12 0
BBX 73 49 -1 0
BITMAP
00000FFFFFFC00000000
0007FFFFFFFFF0000000
001FFFFFFFFFFE078000
007FFFFFFFFFFF9F8000
00FFE0000001FFFF8000
01FC000000000FFF8000
03F00000000001FC7800
03E00000000001F07800
03C00000000000F07800
07C00000000000F77B80
07800000000000F70380
07800000000000F78700
0780000000000073FE00
0780000000000000FC00
07800000000000000000
FFFC0000000000000000
FFFC0000000000000000
FFFC0000000000000000
FFFC0000000000000000
07800000000000000000
07800000000000000000
07800000000000000000
07800000000000000000
07800000000000000000
07800000000000000000
07800000000000000000
07800000000000000000
07800000000000000000
07800000000000000000
07800000000000000000
07800000000000000000
07800000000000000000
07800000000000000000
07800000000000000000
07800000000000000000
07800000000000000000
07800000000000000000
07800000000000000000
07800000000000000000
07800000000000000000
07800000000000000000
07800000000000000000
07800000000000000000
07800000000000000000
07800000000000000000
07800000000000000000
07800000000000000000
07800000000000000000
07800000000000000000
ENDCHAR
STARTCHAR uni093F0930094D0901.13
ENCODING -1
SWIDTH 228 0
DWIDTH 12 0
BBX 75 49 -1 0
BITMAP
00000FFFFFFF00000000
0003FFFFFFFFFC000000
001FFFFFFFFFFF81E000
007FFFFFFFFFFFE3E000
00FFE00000007FF7E000
01FC0000000001FFE000
03F000000000007F1E00
03E000000000003E1E00
03C000000000003C1E00
07C000000000003DDEE0
078000000000001DC0E0
078000000000001CE1C0
078000000000001C7FC0
07800000000000003F00
07800000000000000000
FFFC0000000000000000
FFFC0000000000000000
FFFC0000000000000000
FFFC0000000000000000
07800000000000000000
07800000000000000000
07800000000000000000
07800000000000000000
07800000000000000000
07800000000000000000
07800000000000000000
07800000000000000000
07800000000000000000
07800000000000000000
07800000000000000000
07800000000000000000
07800000000000000000
07800000000000000000
07800000000000000000
07800000000000000000
07800000000000000000
07800000000000000000
07800000000000000000
07800000000000000000
07800000000000000000
07800000000000000000
07800000000000000000
07800000000000000000
07800000000000000000
07800000000000000000
07800000000000000000
07800000000000000000
07800000000000000000
07800000000000000000
ENDCHAR
STARTCHAR uni093F0930094D0901.14
ENCODING -1
SWIDTH 228 0
DWIDTH 12 0
BBX 78 49 -1 0
BITMAP
000007FFFFFF80000000
0003FFFFFFFFFF000000
001FFFFFFFFFFFE03800
007FFFFFFFFFFFF8F800
00FFF00000001FFDF800
01FE00000000007FF800
03F000000000001FE380
03E000000000000F8380
03C00000000000078380
07C000000000000773BC
07800000000000073838
07800000000000073838
07800000000000079FF0
078000000000000007C0
07800000000000000000
FFFC0000000000000000
FFFC0000000000000000
FFFC0000000000000000
FFFC0000000000000000
07800000000000000000
07800000000000000000
07800000000000000000
07800000000000000000
07800000000000000000
07800000000000000000
07800000000000000000
07800000000000000000
07800000000000000000
07800000000000000000
07800000000000000000
07800000000000000000
07800000000000000000
07800000000000000000
07800000000000000000
07800000000000000000
07800000000000000000
07800000000000000000
07800000000000000000
07800000000000000000
07800000000000000000
07800000000000000000
07800000000000000000
07800000000000000000
07800000000000000000
07800000000000000000
07800000000000000000
07800000000000000000
07800000000000000000
07800000000000000000
ENDCHAR
STARTCHAR uni093F0930094D0901.15
ENCODING -1
SWIDTH 228 0
DWIDTH 12 0
BBX 80 49 -1 0
BITMAP
000003FFFFFFE0000000
0001FFFFFFFFFFC00000
001FFFFFFFFFFFF80F00
007FFFFFFFFFFFFE3F00
00FFF80000000FFF7F00
01FE00000000001FFF00
03F0000000000007F8F0
03E0000000000003E0F0
03C0000000000001E0F0
07C0000000000001EEF7
0780000000000001EE07
0780000000000001EF0E
0780000000000000E7FC
078000000000000001F8
07800000000000000000
FFFC0000000000000000
FFFC0000000000000000
FFFC0000000000000000
FFFC0000000000000000
07800000000000000000
07800000000000000000
07800000000000000000
07800000000000000000
07800000000000000000
07800000000000000000
07800000000000000000
07800000000000000000
07800000000000000000
07800000000000000000
07800000000000000000
07800000000000000000
07800000000000000000
07800000000000000000
07800000000000000000
07800000000000000000
07800000000000000000
07800000000000000000
07800000000000000000
07800000000000000000
07800000000000000000
07800000000000000000
07800000000000000000
07800000000000000000
07800000000000000000
07800000000000000000
07800000000000000000
07800000000000000000
07800000000000000000
07800000000000000000
ENDCHAR
STARTCHAR uni093F0930094D0901.16
ENCODING -1
SWIDTH 228 0
DWIDTH 12 0
BBX 82 49 -1 0
BITMAP
000001FFFFFFF800000000
0001FFFFFFFFFFF0000000
000FFFFFFFFFFFFE03C000
003FFFFFFFFFFFFF87C000
00FFFC00000007FFDFC000
01FE000000000007FFC000
01F8000000000001FE3C00
03E00000000000007C3C00
03C0000000000000783C00
07C00000000000007BBDC0
07800000000000007B81C0
078000000000000039C380
078000000000000038FF80
0780000000000000007E00
0780000000000000000000
FFFC000000000000000000
FFFC000000000000000000
FFFC000000000000000000
FFFC000000000000000000
0780000000000000000000
0780000000000000000000
0780000000000000000000
0780000000000000000000
0780000000000000000000
0780000000000000000000
0780000000000000000000
0780000000000000000000
0780000000000000000000
0780000000000000000000
0780000000000000000000
0780000000000000000000
0780000000000000000000
0780000000000000000000
0780000000000000000000
0780000000000000000000
0780000000000000000000
0780000000000000000000
0780000000000000000000
0780000000000000000000
0780000000000000000000
0780000000000000000000
0780000000000000000000
0780000000000000000000
0780000000000000000000
0780000000000000000000
0780000000000000000000
0780000000000000000000
0780000000000000000000
0780000000000000000000
ENDCHAR
STARTCHAR uni093F0930094D0901.17
ENCODING -1
SWIDTH 228 0
DWIDTH 12 0
BBX 84 49 -1 0
BITMAP
000001FFFFFFFE00000000
0001FFFFFFFFFFFC000000
000FFFFFFFFFFFFF807000
003FFFFFFFFFFFFFE1F000
00FFFC00000001FFFBF000
01FF000000000001FFF000
01F80000000000003F8700
03E00000000000001F0700
03C00000000000001E0700
07C00000000000000EE770
07C00000000000000EF070
07800000000000000E7070
07800000000000000F3FE0
0780000000000000000F80
0780000000000000000000
FFFC000000000000000000
FFFC000000000000000000
FFFC000000000000000000
FFFC000000000000000000
0780000000000000000000
0780000000000000000000
0780000000000000000000
0780000000000000000000
0780000000000000000000
0780000000000000000000
0780000000000000000000
0780000000000000000000
0780000000000000000000
0780000000000000000000
0780000000000000000000
0780000000000000000000
0780000000000000000000
0780000000000000000000
0780000000000000000000
0780000000000000000000
0780000000000000000000
0780000000000000000000
0780000000000000000000
0780000000000000000000
0780000000000000000000
0780000000000000000000
0780000000000000000000
0780000000000000000000
0780000000000000000000
0780000000000000000000
0780000000000000000000
0780000000000000000000
0780000000000000000000
0780000000000000000000
ENDCHAR
STARTCHAR uni093F0930094D0901.18
ENCODING -1
SWIDTH 228 0
DWIDTH 12 0
BBX 87 49 -1 0
BITMAP
000000FFFFFFFF00000000
0000FFFFFFFFFFFF000000
000FFFFFFFFFFFFFF01C00
003FFFFFFFFFFFFFFC7C00
00FFFE000000007FFEFC00
01FF0000000000007FFC00
01F80000000000000FF1E0
03E000000000000007C1E0
03C000000000000003C1E0
07C000000000000003DDEE
07C0000000000000039C1E
078000000000000003DE1C
078000000000000001CFF8
07800000000000000003E0
0780000000000000000000
FFFC000000000000000000
FFFC000000000000000000
FFFC000000000000000000
FFFC000000000000000000
0780000000000000000000
0780000000000000000000
0780000000000000000000
0780000000000000000000
0780000000000000000000
0780000000000000000000
0780000000000000000000
0780000000000000000000
0780000000000000000000
0780000000000000000000
0780000000000000000000
0780000000000000000000
0780000000000000000000
0780000000000000000000
0780000000000000000000
0780000000000000000000
0780000000000000000000
0780000000000000000000
0780000000000000000000
0780000000000000000000
0780000000000000000000
0780000000000000000000
0780000000000000000000
0780000000000000000000
0780000000000000000000
0780000000000000000000
0780000000000000000000
0780000000000000000000
0780000000000000000000
0780000000000000000000
ENDCHAR
STARTCHAR uni093F0930094D0901.19
ENCODING -1
SWIDTH 228 0
DWIDTH 12 0
BBX 89 49 -1 0
BITMAP
000000FFFFFFFFC000000000
0000FFFFFFFFFFFFC0000000
000FFFFFFFFFFFFFFC078000
003FFFFFFFFFFFFFFF0F8000
007FFE000000001FFFBF8000
01FF0000000000001FFF8000
01F800000000000003FC7800
03F000000000000001F87800
03E000000000000000F07800
07C000000000000000F77B80
07C000000000000000F70380
078000000000000000738700
07800000000000000071FE00
07800000000000000000FC00
078000000000000000000000
FFFC00000000000000000000
FFFC00000000000000000000
FFFC00000000000000000000
FFFC00000000000000000000
078000000000000000000000
078000000000000000000000
078000000000000000000000
078000000000000000000000
078000000000000000000000
078000000000000000000000
078000000000000000000000
078000000000000000000000
078000000000000000000000
078000000000000000000000
078000000000000000000000
078000000000000000000000
078000000000000000000000
078000000000000000000000
078000000000000000000000
078000000000000000000000
078000000000000000000000
078000000000000000000000
078000000000000000000000
078000000000000000000000
078000000000000000000000
078000000000000000000000
078000000000000000000000
078000000000000000000000
078000000000000000000000
078000000000000000000000
078000000000000000000000
078000000000000000000000
078000000000000000000000
078000000000000000000000
ENDCHAR
STARTCHAR uni093F0930094D0901.20
ENCODING -1
SWIDTH 228 0
DWIDTH 12 0
BBX 91 49 -1 0
BITMAP
0000007FFFFFFFE000000000
0000FFFFFFFFFFFFF0000000
0007FFFFFFFFFFFFFF00E000
003FFFFFFFFFFFFFFFC3E000
007FFF000000000FFFE7E000
00FF00000000000007FFE000
01F800000000000000FF0E00
03F0000000000000003E0E00
03E0000000000000003C0E00
07C0000000000000001DCEE0
07C0000000000000001DE0E0
0780000000000000001CE1E0
0780000000000000001E7FC0
078000000000000000001F00
078000000000000000000000
FFFC00000000000000000000
FFFC00000000000000000000
FFFC00000000000000000000
FFFC00000000000000000000
078000000000000000000000
078000000000000000000000
078000000000000000000000
078000000000000000000000
078000000000000000000000
078000000000000000000000
078000000000000000000000
078000000000000000000000
078000000000000000000000
078000000000000000000000
078000000000000000000000
078000000000000000000000
078000000000000000000000
078000000000000000000000
078000000000000000000000
078000000000000000000000
078000000000000000000000
078000000000000000000000
078000000000000000000000
078000000000000000000000
078000000000000000000000
078000000000000000000000
078000000000000000000000
078000000000000000000000
078000000000000000000000
078000000000000000000000
078000000000000000000000
078000000000000000000000
078000000000000000000000
078000000000000000000000
ENDCHAR
STARTCHAR uni093F0930094D0901.21
ENCODING -1
SWIDTH 228 0
DWIDTH 12 0
BBX 94 49 -1 0
BITMAP
0000003FFFFFFFF800000000
00007FFFFFFFFFFFFC000000
0007FFFFFFFFFFFFFFC03800
001FFFFFFFFFFFFFFFF0F800
007FFF8000000003FFFDF800
00FF80000000000001FFF800
01FC000000000000003FE3C0
03F0000000000000000F83C0
03E0000000000000000783C0
03C000000000000000073BDC
07C000000000000000073838
07800000000000000007BC38
078000000000000000039FF0
0780000000000000000007C0
078000000000000000000000
FFFC00000000000000000000
FFFC00000000000000000000
FFFC00000000000000000000
FFFC00000000000000000000
078000000000000000000000
078000000000000000000000
078000000000000000000000
078000000000000000000000
078000000000000000000000
078000000000000000000000
078000000000000000000000
078000000000000000000000
078000000000000000000000
078000000000000000000000
078000000000000000000000
078000000000000000000000
078000000000000000000000
078000000000000000000000
078000000000000000000000
078000000000000000000000
078000000000000000000000
078000000000000000000000
078000000000000000000000
078000000000000000000000
078000000000000000000000
078000000000000000000000
078000000000000000000000
078000000000000000000000
078000000000000000000000
078000000000000000000000
078000000000000000000000
078000000000000000000000
078000000000000000000000
078000000000000000000000
ENDCHAR
STARTCHAR uni093F0930094D0901.22
ENCODING -1
SWIDTH 228 0
DWIDTH 12 0
BBX 96 49 -1 0
BITMAP
0000001FFFFFFFFE00000000
00007FFFFFFFFFFFFF000000
0007FFFFFFFFFFFFFFF00F00
001FFFFFFFFFFFFFFFFC3F00
007FF00000000001FFFF7F00
00FE000000000000007FFF00
01F80000000000000007F8F0
03E00000000000000003F0F0
03E00000000000000001E0F0
03C00000000000000001EEF7
07C00000000000000001EE07
07800000000000000000E70E
07800000000000000000E3FC
0780000000000000000001F8
078000000000000000000000
FFFC00000000000000000000
FFFC00000000000000000000
FFFC00000000000000000000
FFFC00000000000000000000
078000000000000000000000
078000000000000000000000
078000000000000000000000
078000000000000000000000
078000000000000000000000
078000000000000000000000
078000000000000000000000
078000000000000000000000
078000000000000000000000
078000000000000000000000
078000000000000000000000
078000000000000000000000
078000000000000000000000
078000000000000000000000
078000000000000000000000
078000000000000000000000
078000000000000000000000
078000000000000000000000
078000000000000000000000
078000000000000000000000
078000000000000000000000
078000000000000000000000
078000000000000000000000
078000000000000000000000
078000000000000000000000
078000000000000000000000
078000000000000000000000
078000000000000000000000
078000000000000000000000
078000000000000000000000
ENDCHAR
STARTCHAR uni093F0930094D0901.23
ENCODING -1
SWIDTH 228 0
DWIDTH 12 0
BBX 98 49 -1 0
BITMAP
0000001FFFFFFFFF8000000000
00003FFFFFFFFFFFFFC0000000
0007FFFFFFFFFFFFFFFC03C000
001FFFFFFFFFFFFFFFFF87C000
007FF000000000007FFFCFC000
00FF000000000000001FFFC000
01F80000000000000001FE1C00
03F000000000000000007C1C00
03E00000000000000000781C00
03C000000000000000003B9DC0
07C000000000000000003BC1C0
0780000000000000000039C3C0
078000000000000000003CFF80
07800000000000000000003E00
07800000000000000000000000
FFFC0000000000000000000000
FFFC0000000000000000000000
FFFC0000000000000000000000
FFFC0000000000000000000000
07800000000000000000000000
07800000000000000000000000
07800000000000000000000000
07800000000000000000000000
07800000000000000000000000
07800000000000000000000000
07800000000000000000000000
07800000000000000000000000
07800000000000000000000000
07800000000000000000000000
07800000000000000000000000
07800000000000000000000000
07800000000000000000000000
07800000000000000000000000
07800000000000000000000000
07800000000000000000000000
07800000000000000000000000
07800000000000000000000000
07800000000000000000000000
07800000000000000000000000
07800000000000000000000000
07800000000000000000000000
07800000000000000000000000
07800000000000000000000000
07800000000000000000000000
07800000000000000000000000
07800000000000000000000000
07800000000000000000000000
07800000000000000000000000
07800000000000000000000000
ENDCHAR
STARTCHAR uni093F0930094D0901.24
ENCODING -1
SWIDTH 228 0
DWIDTH 12 0
BBX 101 49 -1 0
BITMAP
0000000FFFFFFFFFC000000000
00003FFFFFFFFFFFFFE0000000
0003FFFFFFFFFFFFFFFF007000
001FFFFFFFFFFFFFFFFFC1F000
007FFFF0000000001FFFF3F000
00FFC000000000000007FFF000
01FC00000000000000007FC780
03F000000000000000001F0780
03E000000000000000000F0780
03C000000000000000000EF7B8
07C000000000000000000E7070
078000000000000000000F7870
078000000000000000000F3FE0
07800000000000000000000F80
07800000000000000000000000
FFFC0000000000000000000000
FFFC0000000000000000000000
FFFC0000000000000000000000
FFFC0000000000000000000000
07800000000000000000000000
07800000000000000000000000
07800000000000000000000000
07800000000000000000000000
07800000000000000000000000
07800000000000000000000000
07800000000000000000000000
07800000000000000000000000
07800000000000000000000000
07800000000000000000000000
07800000000000000000000000
07800000000000000000000000
07800000000000000000000000
07800000000000000000000000
07800000000000000000000000
07800000000000000000000000
07800000000000000000000000
07800000000000000000000000
07800000000000000000000000
07800000000000000000000000
07800000000000000000000000
07800000000000000000000000
07800000000000000000000000
07800000000000000000000000
07800000000000000000000000
07800000000000000000000000
07800000000000000000000000
07800000000000000000000000
07800000000000000000000000
07800000000000000000000000
ENDCHAR
STARTCHAR uni093F0930094D0901.26
ENCODING -1
SWIDTH 228 0
DWIDTH 12 0
BBX 105 49 -1 0
BITMAP
00000003FFFFFFFFF80000000000
00001FFFFFFFFFFFFFFE00000000
0003FFFFFFFFFFFFFFFFF0078000
001FFFFFFFFFFFFFFFFFFE0F8000
003FFFF00000000003FFFF9F8000
00FFE000000000000000FFFF8000
01FE000000000000000007FC7800
01F8000000000000000001F87800
03E0000000000000000000F07800
03C0000000000000000000777B80
07C0000000000000000000770380
0780000000000000000000738780
078000000000000000000071FF00
078000000000000000000000FC00
0780000000000000000000000000
FFFC000000000000000000000000
FFFC000000000000000000000000
FFFC000000000000000000000000
FFFC000000000000000000000000
0780000000000000000000000000
0780000000000000000000000000
0780000000000000000000000000
0780000000000000000000000000
0780000000000000000000000000
0780000000000000000000000000
0780000000000000000000000000
0780000000000000000000000000
0780000000000000000000000000
0780000000000000000000000000
0780000000000000000000000000
0780000000000000000000000000
0780000000000000000000000000
0780000000000000000000000000
0780000000000000000000000000
0780000000000000000000000000
0780000000000000000000000000
0780000000000000000000000000
0780000000000000000000000000
0780000000000000000000000000
0780000000000000000000000000
0780000000000000000000000000
0780000000000000000000000000
0780000000000000000000000000
0780000000000000000000000000
0780000000000000000000000000
0780000000000000000000000000
0780000000000000000000000000
0780000000000000000000000000
0780000000000000000000000000
ENDCHAR
STARTCHAR uni093F0930094D0901.30
ENCODING -1
SWIDTH 228 0
DWIDTH 12 0
BBX 115 49 -1 0
BITMAP
00000000FFFFFFFFFFF00000000000
000007FFFFFFFFFFFFFFFE00000000
0001FFFFFFFFFFFFFFFFFFF001C000
000FFFFFFFFFFFFFFFFFFFFE07C000
003FFE0000000000000FFFFFCFC000
007F800000000000000000FFFFC000
00FC00000000000000000003FE1C00
01F0000000000000000000007C1C00
03E0000000000000000000003C1C00
03C0000000000000000000003BDDE0
07C00000000000000000000039C1C0
07C00000000000000000000039C1C0
0780000000000000000000003CFF80
078000000000000000000000003E00
078000000000000000000000000000
FFFC00000000000000000000000000
FFFC00000000000000000000000000
FFFC00000000000000000000000000
FFFC00000000000000000000000000
078000000000000000000000000000
078000000000000000000000000000
078000000000000000000000000000
078000000000000000000000000000
078000000000000000000000000000
078000000000000000000000000000
078000000000000000000000000000
078000000000000000000000000000
078000000000000000000000000000
078000000000000000000000000000
078000000000000000000000000000
078000000000000000000000000000
078000000000000000000000000000
078000000000000000000000000000
078000000000000000000000000000
078000000000000000000000000000
078000000000000000000000000000
078000000000000000000000000000
078000000000000000000000000000
078000000000000000000000000000
078000000000000000000000000000
078000000000000000000000000000
078000000000000000000000000000
078000000000000000000000000000
078000000000000000000000000000
078000000000000000000000000000
078000000000000000000000000000
078000000000000000000000000000
078000000000000000000000000000
078000000000000000000000000000
ENDCHAR
STARTCHAR uni093F0930094D0902.01
ENCODING -1
SWIDTH 228 0
DWIDTH 12 0
BBX 41 49 -1 0
BITMAP
0003FFE00000
003FFFFC0000
007FFFFE0000
00FFFFFF1E00
01FC001FFE00
03E00007FE00
03C00003FE00
07C00003F000
07C00001E000
07800001C780
07800001C780
07800001C780
07800001E780
078000000000
078000000000
FFFC00000000
FFFC00000000
FFFC00000000
FFFC00000000
078000000000
078000000000
078000000000
078000000000
078000000000
078000000000
078000000000
078000000000
078000000000
078000000000
078000000000
078000000000
078000000000
078000000000
078000000000
078000000000
078000000000
078000000000
078000000000
078000000000
078000000000
078000000000
078000000000
078000000000
078000000000
078000000000
078000000000
078000000000
078000000000
078000000000
ENDCHAR
STARTCHAR uni093F0930094D0902.02
ENCODING -1
SWIDTH 228 0
DWIDTH 12 0
BBX 43 49 -1 0
BITMAP
0003FFF00000
001FFFFF0000
007FFFFF8000
00FFFFFFC780
01FC0007EF80
03F00001FF80
03E00000FF80
03C000007E00
07C000007800
0780000079E0
0780000071E0
0780000071E0
0780000039E0
078000000000
078000000000
FFFC00000000
FFFC00000000
FFFC00000000
FFFC00000000
078000000000
078000000000
078000000000
078000000000
078000000000
078000000000
078000000000
078000000000
078000000000
078000000000
078000000000
078000000000
078000000000
078000000000
078000000000
078000000000
078000000000
078000000000
078000000000
078000000000
078000000000
078000000000
078000000000
078000000000
078000000000
078000000000
078000000000
078000000000
078000000000
078000000000
ENDCHAR
STARTCHAR uni093F0930094D0902.03
ENCODING -1
SWIDTH 228 0
DWIDTH 12 0
BBX 43 49 -1 0
BITMAP
0003FFF00000
001FFFFF0000
007FFFFF8000
00FFFFFFC780
01FC0007EF80
03F00001FF80
03E00000FF80
03C000007E00
07C000007800
0780000079E0
0780000071E0
0780000071E0
0780000039E0
078000000000
078000000000
FFFC00000000
FFFC00000000
FFFC00000000
FFFC00000000
078000000000
078000000000
078000000000
078000000000
078000000000
078000000000
078000000000
078000000000
078000000000
078000000000
078000000000
078000000000
078000000000
078000000000
078000000000
078000000000
078000000000
078000000000
078000000000
078000000000
078000000000
078000000000
078000000000
078000000000
078000000000
078000000000
078000000000
078000000000
078000000000
078000000000
ENDCHAR
STARTCHAR uni093F0930094D0902.04
ENCODING -1
SWIDTH 228 0
DWIDTH 12 0
BBX 48 49 -1 0
BITMAP
0001FFFF0000
001FFFFFF000
007FFFFFFC00
00FFFFFFFE3C
01FE00007FFC
03F000001FFC
03E000000FFC
03C0000007E0
07C0000007C0
07800000038F
07800000038F
07800000038F
07800000038F
078000000040
078000000000
FFFC00000000
FFFC00000000
FFFC00000000
FFFC00000000
078000000000
078000000000
078000000000
078000000000
078000000000
078000000000
078000000000
078000000000
078000000000
078000000000
078000000000
078000000000
078000000000
078000000000
078000000000
078000000000
078000000000
078000000000
078000000000
078000000000
078000000000
078000000000
078000000000
078000000000
078000000000
078000000000
078000000000
078000000000
078000000000
078000000000
ENDCHAR
STARTCHAR uni093F0930094D0902.05
ENCODING -1
SWIDTH 228 0
DWIDTH 12 0
BBX 50 49 -1 0
BITMAP
0000FFFFC00000
001FFFFFFC0000
007FFFFFFF0000
00FFFFFFFF8F00
01FF00003FDF00
03F0000007FF00
03E0000001FF00
03C0000001F800
07C0000000F000
0780000000F3C0
0780000000E3C0
0780000000E3C0
0780000000F3C0
07800000000000
07800000000000
FFFC0000000000
FFFC0000000000
FFFC0000000000
FFFC0000000000
07800000000000
07800000000000
07800000000000
07800000000000
07800000000000
07800000000000
07800000000000
07800000000000
07800000000000
07800000000000
07800000000000
07800000000000
07800000000000
07800000000000
07800000000000
07800000000000
07800000000000
07800000000000
07800000000000
07800000000000
07800000000000
07800000000000
07800000000000
07800000000000
07800000000000
07800000000000
07800000000000
07800000000000
07800000000000
07800000000000
ENDCHAR
STARTCHAR uni093F0930094D0902.06
ENCODING -1
SWIDTH 228 0
DWIDTH 12 0
BBX 52 49 -1 0
BITMAP
0000FFFFF00000
000FFFFFFF0000
003FFFFFFFC000
00FFFFFFFFE1E0
01FF00000FF7E0
01F0000001FFE0
03E00000007FE0
03C00000003F00
07C00000003C00
07800000003CF0
07800000003CF0
07800000003CF0
07800000001CF0
07800000000000
07800000000000
FFFC0000000000
FFFC0000000000
FFFC0000000000
FFFC0000000000
07800000000000
07800000000000
07800000000000
07800000000000
07800000000000
07800000000000
07800000000000
07800000000000
07800000000000
07800000000000
07800000000000
07800000000000
07800000000000
07800000000000
07800000000000
07800000000000
07800000000000
07800000000000
07800000000000
07800000000000
07800000000000
07800000000000
07800000000000
07800000000000
07800000000000
07800000000000
07800000000000
07800000000000
07800000000000
07800000000000
ENDCHAR
STARTCHAR uni093F0930094D0902.07
ENCODING -1
SWIDTH 228 0
DWIDTH 12 0
BBX 55 49 -1 0
BITMAP
00007FFFF80000
000FFFFFFFC000
003FFFFFFFF000
00FFFFFFFFF878
01FF800003FDF8
01F80000003FF8
03E00000001FF8
03C00000000FC0
07C00000000F80
0780000000071E
0780000000071E
0780000000071E
0780000000071E
07800000000000
07800000000000
FFFC0000000000
FFFC0000000000
FFFC0000000000
FFFC0000000000
07800000000000
07800000000000
07800000000000
07800000000000
07800000000000
07800000000000
07800000000000
07800000000000
07800000000000
07800000000000
07800000000000
07800000000000
07800000000000
07800000000000
07800000000000
07800000000000
07800000000000
07800000000000
07800000000000
07800000000000
07800000000000
07800000000000
07800000000000
07800000000000
07800000000000
07800000000000
07800000000000
07800000000000
07800000000000
07800000000000
ENDCHAR
STARTCHAR uni093F0930094D0902.08
ENCODING -1
SWIDTH 228 0
DWIDTH 12 0
BBX 57 49 -1 0
BITMAP
00007FFFFE000000
000FFFFFFFF00000
003FFFFFFFFC0000
00FFFFFFFFFF1E00
01FF800000FFFE00
01F80000000FFE00
03E000000003FE00
03C000000003F000
07C000000001E000
078000000001C780
078000000001C780
078000000001C780
078000000001E780
0780000000000000
0780000000000000
FFFC000000000000
FFFC000000000000
FFFC000000000000
FFFC000000000000
0780000000000000
0780000000000000
0780000000000000
0780000000000000
0780000000000000
0780000000000000
0780000000000000
0780000000000000
0780000000000000
0780000000000000
0780000000000000
0780000000000000
0780000000000000
0780000000000000
0780000000000000
0780000000000000
0780000000000000
0780000000000000
0780000000000000
0780000000000000
0780000000000000
0780000000000000
0780000000000000
0780000000000000
0780000000000000
0780000000000000
0780000000000000
0780000000000000
0780000000000000
0780000000000000
ENDCHAR
STARTCHAR uni093F0930094D0902.09
ENCODING -1
SWIDTH 228 0
DWIDTH 12 0
BBX 59 49 -1 0
BITMAP
00003FFFFF800000
0007FFFFFFFC0000
003FFFFFFFFF0000
007FFFFFFFFFC3C0
01FF8000003FEFC0
01F800000003FFC0
03F000000000FFC0
03C0000000007E00
07C0000000007800
07C00000000079E0
07800000000079E0
07800000000079E0
07800000000039E0
0780000000000000
0780000000000000
FFFC000000000000
FFFC000000000000
FFFC000000000000
FFFC000000000000
0780000000000000
0780000000000000
0780000000000000
0780000000000000
0780000000000000
0780000000000000
0780000000000000
0780000000000000
0780000000000000
0780000000000000
0780000000000000
0780000000000000
0780000000000000
0780000000000000
0780000000000000
0780000000000000
0780000000000000
0780000000000000
0780000000000000
0780000000000000
0780000000000000
0780000000000000
0780000000000000
0780000000000000
0780000000000000
0780000000000000
0780000000000000
0780000000000000
0780000000000000
0780000000000000
ENDCHAR
STARTCHAR uni093F0930094D0902.10
ENCODING -1
SWIDTH 228 0
DWIDTH 12 0
BBX 62 49 -1 0
BITMAP
00001FFFFFE00000
0007FFFFFFFF0000
003FFFFFFFFFE000
007FFFFFFFFFF0F0
00FFC000001FFBF0
01F800000000FFF0
03F0000000003FF0
03E0000000001F80
07C0000000001F00
07C0000000000E3C
0780000000000E3C
0780000000000E3C
0780000000000E3C
0780000000000000
0780000000000000
FFFC000000000000
FFFC000000000000
FFFC000000000000
FFFC000000000000
0780000000000000
0780000000000000
0780000000000000
0780000000000000
0780000000000000
0780000000000000
0780000000000000
0780000000000000
0780000000000000
0780000000000000
0780000000000000
0780000000000000
0780000000000000
0780000000000000
0780000000000000
0780000000000000
0780000000000000
0780000000000000
0780000000000000
0780000000000000
0780000000000000
0780000000000000
0780000000000000
0780000000000000
0780000000000000
0780000000000000
0780000000000000
0780000000000000
0780000000000000
0780000000000000
ENDCHAR
STARTCHAR uni093F0930094D0902.11
ENCODING -1
SWIDTH 228 0
DWIDTH 12 0
BBX 64 49 -1 0
BITMAP
00001FFFFFF80000
0007FFFFFFFFC000
001FFFFFFFFFF800
007FFFFFFFFFFC3C
00FFC0000007FEFC
01FC000000003FFC
03F0000000000FFC
03E00000000007E0
07C00000000003C0
07C000000000038F
078000000000038F
078000000000038F
07800000000003CF
0780000000000000
0780000000000000
FFFC000000000000
FFFC000000000000
FFFC000000000000
FFFC000000000000
0780000000000000
0780000000000000
0780000000000000
0780000000000000
0780000000000000
0780000000000000
0780000000000000
0780000000000000
0780000000000000
0780000000000000
0780000000000000
0780000000000000
0780000000000000
0780000000000000
0780000000000000
0780000000000000
0780000000000000
0780000000000000
0780000000000000
0780000000000000
0780000000000000
0780000000000000
0780000000000000
0780000000000000
0780000000000000
0780000000000000
0780000000000000
0780000000000000
0780000000000000
0780000000000000
ENDCHAR
STARTCHAR uni093F0930094D0902.12
ENCODING -1
SWIDTH 228 0
DWIDTH 12 0
BBX 66 49 -1 0
BITMAP
00000FFFFFFC000000
0007FFFFFFFFF00000
001FFFFFFFFFFE0000
007FFFFFFFFFFF8780
00FFE0000001FFDF80
01FC000000000FFF80
03F00000000001FF80
03E00000000001FC00
03C00000000000F000
07C00000000000F3C0
07800000000000F3C0
07800000000000F3C0
0780000000000073C0
078000000000000000
078000000000000000
FFFC00000000000000
FFFC00000000000000
FFFC00000000000000
FFFC00000000000000
078000000000000000
078000000000000000
078000000000000000
078000000000000000
078000000000000000
078000000000000000
078000000000000000
078000000000000000
078000000000000000
078000000000000000
078000000000000000
078000000000000000
078000000000000000
078000000000000000
078000000000000000
078000000000000000
078000000000000000
078000000000000000
078000000000000000
078000000000000000
078000000000000000
078000000000000000
078000000000000000
078000000000000000
078000000000000000
078000000000000000
078000000000000000
078000000000000000
078000000000000000
078000000000000000
ENDCHAR
STARTCHAR uni093F0930094D0902.13
ENCODING -1
SWIDTH 228 0
DWIDTH 12 0
BBX 69 49 -1 0
BITMAP
00000FFFFFFF000000
0003FFFFFFFFFC0000
001FFFFFFFFFFF8000
007FFFFFFFFFFFE1E0
00FFE00000007FF7E0
01FC0000000001FFE0
03F000000000007FE0
03E000000000003F00
03C000000000003E00
07C000000000003C78
078000000000001C78
078000000000001C78
078000000000001C78
078000000000000000
078000000000000000
FFFC00000000000000
FFFC00000000000000
FFFC00000000000000
FFFC00000000000000
078000000000000000
078000000000000000
078000000000000000
078000000000000000
078000000000000000
078000000000000000
078000000000000000
078000000000000000
078000000000000000
078000000000000000
078000000000000000
078000000000000000
078000000000000000
078000000000000000
078000000000000000
078000000000000000
078000000000000000
078000000000000000
078000000000000000
078000000000000000
078000000000000000
078000000000000000
078000000000000000
078000000000000000
078000000000000000
078000000000000000
078000000000000000
078000000000000000
078000000000000000
078000000000000000
ENDCHAR
STARTCHAR uni093F0930094D0902.14
ENCODING -1
SWIDTH 228 0
DWIDTH 12 0
BBX 71 49 -1 0
BITMAP
000007FFFFFFC00000
0003FFFFFFFFFF0000
001FFFFFFFFFFFE000
007FFFFFFFFFFFF878
00FFF00000001FFDF8
01FE00000000007FF8
03F000000000001FF8
03E000000000000FC0
03C000000000000780
07C00000000000071E
07800000000000071E
07800000000000071E
07800000000000079E
078000000000000000
078000000000000000
FFFC00000000000000
FFFC00000000000000
FFFC00000000000000
FFFC00000000000000
078000000000000000
078000000000000000
078000000000000000
078000000000000000
078000000000000000
078000000000000000
078000000000000000
078000000000000000
078000000000000000
078000000000000000
078000000000000000
078000000000000000
078000000000000000
078000000000000000
078000000000000000
078000000000000000
078000000000000000
078000000000000000
078000000000000000
078000000000000000
078000000000000000
078000000000000000
078000000000000000
078000000000000000
078000000000000000
078000000000000000
078000000000000000
078000000000000000
078000000000000000
078000000000000000
ENDCHAR
STARTCHAR uni093F0930094D0902.15
ENCODING -1
SWIDTH 228 0
DWIDTH 12 0
BBX 73 49 -1 0
BITMAP
000003FFFFFFE0000000
0001FFFFFFFFFFC00000
001FFFFFFFFFFFF80000
007FFFFFFFFFFFFE1F00
00FFF80000000FFF3F00
01FE00000000001FFF00
03F0000000000007FF00
03E0000000000003F800
03C0000000000001E000
07C0000000000001E780
0780000000000001E780
0780000000000001E780
0780000000000000E780
07800000000000000000
07800000000000000000
FFFC0000000000000000
FFFC0000000000000000
FFFC0000000000000000
FFFC0000000000000000
07800000000000000000
07800000000000000000
07800000000000000000
07800000000000000000
07800000000000000000
07800000000000000000
07800000000000000000
07800000000000000000
07800000000000000000
07800000000000000000
07800000000000000000
07800000000000000000
07800000000000000000
07800000000000000000
07800000000000000000
07800000000000000000
07800000000000000000
07800000000000000000
07800000000000000000
07800000000000000000
07800000000000000000
07800000000000000000
07800000000000000000
07800000000000000000
07800000000000000000
07800000000000000000
07800000000000000000
07800000000000000000
07800000000000000000
07800000000000000000
ENDCHAR
STARTCHAR uni093F0930094D0902.16
ENCODING -1
SWIDTH 228 0
DWIDTH 12 0
BBX 76 49 -1 0
BITMAP
000001FFFFFFF8000000
0001FFFFFFFFFFF00000
000FFFFFFFFFFFFE0000
003FFFFFFFFFFFFF83C0
00FFFC00000007FFEFC0
01FE00000000000FFFC0
01F8000000000001FFC0
03E0000000000000FE00
03C00000000000007C00
07C000000000000079F0
078000000000000079F0
078000000000000039F0
078000000000000039F0
07800000000000000000
07800000000000000000
FFFC0000000000000000
FFFC0000000000000000
FFFC0000000000000000
FFFC0000000000000000
07800000000000000000
07800000000000000000
07800000000000000000
07800000000000000000
07800000000000000000
07800000000000000000
07800000000000000000
07800000000000000000
07800000000000000000
07800000000000000000
07800000000000000000
07800000000000000000
07800000000000000000
07800000000000000000
07800000000000000000
07800000000000000000
07800000000000000000
07800000000000000000
07800000000000000000
07800000000000000000
07800000000000000000
07800000000000000000
07800000000000000000
07800000000000000000
07800000000000000000
07800000000000000000
07800000000000000000
07800000000000000000
07800000000000000000
07800000000000000000
ENDCHAR
STARTCHAR uni093F0930094D0902.17
ENCODING -1
SWIDTH 228 0
DWIDTH 12 0
BBX 78 49 -1 0
BITMAP
000001FFFFFFFE000000
0001FFFFFFFFFFFC0000
000FFFFFFFFFFFFFC000
003FFFFFFFFFFFFFF0F0
00FFFC00000001FFFBF0
01FF000000000003FFF0
01F80000000000007FF0
03E00000000000001F80
03C00000000000001F00
07C00000000000000E3C
07C00000000000000E3C
07800000000000000E3C
07800000000000000F3C
07800000000000000000
07800000000000000000
FFFC0000000000000000
FFFC0000000000000000
FFFC0000000000000000
FFFC0000000000000000
07800000000000000000
07800000000000000000
07800000000000000000
07800000000000000000
07800000000000000000
07800000000000000000
07800000000000000000
07800000000000000000
07800000000000000000
07800000000000000000
07800000000000000000
07800000000000000000
07800000000000000000
07800000000000000000
07800000000000000000
07800000000000000000
07800000000000000000
07800000000000000000
07800000000000000000
07800000000000000000
07800000000000000000
07800000000000000000
07800000000000000000
07800000000000000000
07800000000000000000
07800000000000000000
07800000000000000000
07800000000000000000
07800000000000000000
07800000000000000000
ENDCHAR
STARTCHAR uni093F0930094D0902.18
ENCODING -1
SWIDTH 228 0
DWIDTH 12 0
BBX 80 49 -1 0
BITMAP
000000FFFFFFFF000000
0000FFFFFFFFFFFF0000
000FFFFFFFFFFFFFF000
003FFFFFFFFFFFFFFC1C
00FFFE000000007FFE7C
01FF0000000000007FFC
01F80000000000000FFC
03E000000000000007E0
03C000000000000003C0
07C000000000000003CF
07C0000000000000038F
078000000000000003CF
078000000000000001CF
07800000000000000000
07800000000000000000
FFFC0000000000000000
FFFC0000000000000000
FFFC0000000000000000
FFFC0000000000000000
07800000000000000000
07800000000000000000
07800000000000000000
07800000000000000000
07800000000000000000
07800000000000000000
07800000000000000000
07800000000000000000
07800000000000000000
07800000000000000000
07800000000000000000
07800000000000000000
07800000000000000000
07800000000000000000
07800000000000000000
07800000000000000000
07800000000000000000
07800000000000000000
07800000000000000000
07800000000000000000
07800000000000000000
07800000000000000000
07800000000000000000
07800000000000000000
07800000000000000000
07800000000000000000
07800000000000000000
07800000000000000000
07800000000000000000
07800000000000000000
ENDCHAR
STARTCHAR uni093F0930094D0902.19
ENCODING -1
SWIDTH 228 0
DWIDTH 12 0
BBX 83 49 -1 0
BITMAP
000000FFFFFFFFC0000000
0000FFFFFFFFFFFFC00000
000FFFFFFFFFFFFFFC0000
003FFFFFFFFFFFFFFF0780
007FFE000000001FFF9F80
01FF0000000000001FFF80
01F800000000000003FF80
03F000000000000000FC00
03E000000000000000F000
07C000000000000000F3E0
07C000000000000000F3E0
07800000000000000073E0
07800000000000000073E0
0780000000000000000000
0780000000000000000000
FFFC000000000000000000
FFFC000000000000000000
FFFC000000000000000000
FFFC000000000000000000
0780000000000000000000
0780000000000000000000
0780000000000000000000
0780000000000000000000
0780000000000000000000
0780000000000000000000
0780000000000000000000
0780000000000000000000
0780000000000000000000
0780000000000000000000
0780000000000000000000
0780000000000000000000
0780000000000000000000
0780000000000000000000
0780000000000000000000
0780000000000000000000
0780000000000000000000
0780000000000000000000
0780000000000000000000
0780000000000000000000
0780000000000000000000
0780000000000000000000
0780000000000000000000
0780000000000000000000
0780000000000000000000
0780000000000000000000
0780000000000000000000
0780000000000000000000
0780000000000000000000
0780000000000000000000
ENDCHAR
STARTCHAR uni093F0930094D0902.20
ENCODING -1
SWIDTH 228 0
DWIDTH 12 0
BBX 85 49 -1 0
BITMAP
0000007FFFFFFFF0000000
0000FFFFFFFFFFFFF00000
0007FFFFFFFFFFFFFF0000
003FFFFFFFFFFFFFFFC1E0
007FFF000000000FFFF7E0
00FF00000000000007FFE0
01F800000000000000FFE0
03F0000000000000003F00
03E0000000000000003E00
07C0000000000000001C78
07C0000000000000001C78
0780000000000000001C78
0780000000000000001E78
0780000000000000000000
0780000000000000000000
FFFC000000000000000000
FFFC000000000000000000
FFFC000000000000000000
FFFC000000000000000000
0780000000000000000000
0780000000000000000000
0780000000000000000000
0780000000000000000000
0780000000000000000000
0780000000000000000000
0780000000000000000000
0780000000000000000000
0780000000000000000000
0780000000000000000000
0780000000000000000000
0780000000000000000000
0780000000000000000000
0780000000000000000000
0780000000000000000000
0780000000000000000000
0780000000000000000000
0780000000000000000000
0780000000000000000000
0780000000000000000000
0780000000000000000000
0780000000000000000000
0780000000000000000000
0780000000000000000000
0780000000000000000000
0780000000000000000000
0780000000000000000000
0780000000000000000000
0780000000000000000000
0780000000000000000000
ENDCHAR
STARTCHAR uni093F0930094D0902.21
ENCODING -1
SWIDTH 228 0
DWIDTH 12 0
BBX 87 49 -1 0
BITMAP
0000003FFFFFFFF8000000
00007FFFFFFFFFFFFC0000
0007FFFFFFFFFFFFFFC000
001FFFFFFFFFFFFFFFF078
007FFF8000000003FFFCF8
00FF80000000000001FFF8
01FC000000000000003FF8
03F0000000000000000FE0
03E0000000000000000780
03C000000000000000079E
07C000000000000000071E
078000000000000000079E
078000000000000000039E
0780000000000000000000
0780000000000000000000
FFFC000000000000000000
FFFC000000000000000000
FFFC000000000000000000
FFFC000000000000000000
0780000000000000000000
0780000000000000000000
0780000000000000000000
0780000000000000000000
0780000000000000000000
0780000000000000000000
0780000000000000000000
0780000000000000000000
0780000000000000000000
0780000000000000000000
0780000000000000000000
0780000000000000000000
0780000000000000000000
0780000000000000000000
0780000000000000000000
0780000000000000000000
0780000000000000000000
0780000000000000000000
0780000000000000000000
0780000000000000000000
0780000000000000000000
0780000000000000000000
0780000000000000000000
0780000000000000000000
0780000000000000000000
0780000000000000000000
0780000000000000000000
0780000000000000000000
0780000000000000000000
0780000000000000000000
ENDCHAR
STARTCHAR uni093F0930094D0902.22
ENCODING -1
SWIDTH 228 0
DWIDTH 12 0
BBX 90 49 -1 0
BITMAP
0000001FFFFFFFFE00000000
00007FFFFFFFFFFFFF000000
0007FFFFFFFFFFFFFFF00000
001FFFFFFFFFFFFFFFFE0F00
007FF00000000001FFFF3F00
00FE000000000000007FFF00
01F80000000000000007FF00
03E00000000000000003F800
03E00000000000000001E000
03C00000000000000001E7C0
07C00000000000000001E7C0
07800000000000000000E7C0
07800000000000000000E7C0
078000000000000000000000
078000000000000000000000
FFFC00000000000000000000
FFFC00000000000000000000
FFFC00000000000000000000
FFFC00000000000000000000
078000000000000000000000
078000000000000000000000
078000000000000000000000
078000000000000000000000
078000000000000000000000
078000000000000000000000
078000000000000000000000
078000000000000000000000
078000000000000000000000
078000000000000000000000
078000000000000000000000
078000000000000000000000
078000000000000000000000
078000000000000000000000
078000000000000000000000
078000000000000000000000
078000000000000000000000
078000000000000000000000
078000000000000000000000
078000000000000000000000
078000000000000000000000
078000000000000000000000
078000000000000000000000
078000000000000000000000
078000000000000000000000
078000000000000000000000
078000000000000000000000
078000000000000000000000
078000000000000000000000
078000000000000000000000
ENDCHAR
STARTCHAR uni093F0930094D0902.23
ENCODING -1
SWIDTH 228 0
DWIDTH 12 0
BBX 92 49 -1 0
BITMAP
0000001FFFFFFFFF80000000
00003FFFFFFFFFFFFFC00000
0007FFFFFFFFFFFFFFFC0000
001FFFFFFFFFFFFFFFFF83C0
007FF000000000007FFFEFC0
00FF000000000000001FFFC0
01F80000000000000001FFC0
03F000000000000000007E00
03E000000000000000007C00
03C0000000000000000038F0
07C0000000000000000038F0
0780000000000000000038F0
078000000000000000003CF0
078000000000000000000000
078000000000000000000000
FFFC00000000000000000000
FFFC00000000000000000000
FFFC00000000000000000000
FFFC00000000000000000000
078000000000000000000000
078000000000000000000000
078000000000000000000000
078000000000000000000000
078000000000000000000000
078000000000000000000000
078000000000000000000000
078000000000000000000000
078000000000000000000000
078000000000000000000000
078000000000000000000000
078000000000000000000000
078000000000000000000000
078000000000000000000000
078000000000000000000000
078000000000000000000000
078000000000000000000000
078000000000000000000000
078000000000000000000000
078000000000000000000000
078000000000000000000000
078000000000000000000000
078000000000000000000000
078000000000000000000000
078000000000000000000000
078000000000000000000000
078000000000000000000000
078000000000000000000000
078000000000000000000000
078000000000000000000000
ENDCHAR
STARTCHAR uni093F0930094D0902.24
ENCODING -1
SWIDTH 228 0
DWIDTH 12 0
BBX 94 49 -1 0
BITMAP
0000000FFFFFFFFFC0000000
00003FFFFFFFFFFFFFF00000
0003FFFFFFFFFFFFFFFF0000
001FFFFFFFFFFFFFFFFFE0F0
007FFFF0000000001FFFF1F0
00FFC000000000000007FFF0
01FC00000000000000007FF0
03F000000000000000001F80
03E000000000000000000F00
03C000000000000000000F3C
07C000000000000000000E3C
078000000000000000000E3C
078000000000000000000F3C
078000000000000000000000
078000000000000000000000
FFFC00000000000000000000
FFFC00000000000000000000
FFFC00000000000000000000
FFFC00000000000000000000
078000000000000000000000
078000000000000000000000
078000000000000000000000
078000000000000000000000
078000000000000000000000
078000000000000000000000
078000000000000000000000
078000000000000000000000
078000000000000000000000
078000000000000000000000
078000000000000000000000
078000000000000000000000
078000000000000000000000
078000000000000000000000
078000000000000000000000
078000000000000000000000
078000000000000000000000
078000000000000000000000
078000000000000000000000
078000000000000000000000
078000000000000000000000
078000000000000000000000
078000000000000000000000
078000000000000000000000
078000000000000000000000
078000000000000000000000
078000000000000000000000
078000000000000000000000
078000000000000000000000
078000000000000000000000
ENDCHAR
STARTCHAR uni093F0930094D0902.26
ENCODING -1
SWIDTH 228 0
DWIDTH 12 0
BBX 99 49 -1 0
BITMAP
00000003FFFFFFFFFC00000000
00001FFFFFFFFFFFFFFF000000
0003FFFFFFFFFFFFFFFFF00000
001FFFFFFFFFFFFFFFFFFE0780
003FFFF00000000003FFFF9F80
00FFE000000000000000FFFF80
01FE000000000000000007FF80
01F8000000000000000001FC00
03E0000000000000000000F800
03C000000000000000000071E0
07C000000000000000000071E0
078000000000000000000071E0
078000000000000000000071E0
07800000000000000000000000
07800000000000000000000000
FFFC0000000000000000000000
FFFC0000000000000000000000
FFFC0000000000000000000000
FFFC0000000000000000000000
07800000000000000000000000
07800000000000000000000000
07800000000000000000000000
07800000000000000000000000
07800000000000000000000000
07800000000000000000000000
07800000000000000000000000
07800000000000000000000000
07800000000000000000000000
07800000000000000000000000
07800000000000000000000000
07800000000000000000000000
07800000000000000000000000
07800000000000000000000000
07800000000000000000000000
07800000000000000000000000
07800000000000000000000000
07800000000000000000000000
07800000000000000000000000
07800000000000000000000000
07800000000000000000000000
07800000000000000000000000
07800000000000000000000000
07800000000000000000000000
07800000000000000000000000
07800000000000000000000000
07800000000000000000000000
07800000000000000000000000
07800000000000000000000000
07800000000000000000000000
ENDCHAR
STARTCHAR uni093F0930094D0902.30
ENCODING -1
SWIDTH 228 0
DWIDTH 12 0
BBX 108 49 -1 0
BITMAP
00000000FFFFFFFFFFF000000000
000007FFFFFFFFFFFFFFFE000000
0001FFFFFFFFFFFFFFFFFFF80000
000FFFFFFFFFFFFFFFFFFFFF03C0
003FFE0000000000000FFFFFCFC0
007F800000000000000000FFFFC0
00FC00000000000000000003FFC0
01F0000000000000000000007E00
03E0000000000000000000003C00
03C00000000000000000000038F0
07C00000000000000000000038F0
07C00000000000000000000038F0
0780000000000000000000003CF0
0780000000000000000000000000
0780000000000000000000000000
FFFC000000000000000000000000
FFFC000000000000000000000000
FFFC000000000000000000000000
FFFC000000000000000000000000
0780000000000000000000000000
0780000000000000000000000000
0780000000000000000000000000
0780000000000000000000000000
0780000000000000000000000000
0780000000000000000000000000
0780000000000000000000000000
0780000000000000000000000000
0780000000000000000000000000
0780000000000000000000000000
0780000000000000000000000000
0780000000000000000000000000
0780000000000000000000000000
0780000000000000000000000000
0780000000000000000000000000
0780000000000000000000000000
0780000000000000000000000000
0780000000000000000000000000
0780000000000000000000000000
0780000000000000000000000000
0780000000000000000000000000
0780000000000000000000000000
0780000000000000000000000000
0780000000000000000000000000
0780000000000000000000000000
0780000000000000000000000000
0780000000000000000000000000
0780000000000000000000000000
0780000000000000000000000000
0780000000000000000000000000
ENDCHAR
STARTCHAR uni0932.loclMAR
ENCODING -1
SWIDTH 592 0
DWIDTH 32 0
BBX 34 35 -1 -1
BITMAP
FFFFFFFFC0
FFFFFFFFC0
FFFFFFFFC0
FFFFFFFFC0
000007C000
000007C000
000007C000
000007C000
000007C000
000007C000
00F807C000
03FE1FF000
07FE3FF800
0FFF3FFC00
0F87F87C00
1F03F03C00
1F03F03E00
1E01E01E00
1E01E01E00
1E01E01E00
1E01E01E00
1E01E01E00
1E01E01E00
1E01E01E00
1E00001E00
1E00001E00
1E00001E00
1E00003E00
1F00003E00
0F80007C00
0FC000FC00
07F807F800
07F807F000
03F807E000
00F8078000
ENDCHAR
STARTCHAR uni0936.loclMAR
ENCODING -1
SWIDTH 564 0
DWIDTH 30 0
BBX 32 34 -1 0
BITMAP
FFFFFFFF
FFFFFFFF
FFFFFFFF
FFFFFFFF
003C01E0
003C01E0
003C01E0
007E01E0
01FF81E0
03FFC1E0
03FFC1E0
07C3E1E0
0781E1E0
0781E1E0
0781F1E0
0781F1E0
0001E1E0
0001E1E0
0003E1E0
0003E1E0
0F07C1E0
07BF81E0
07FF01E0
07FE01E0
07F001E0
03C001E0
03C001E0
03C001E0
03C001E0
01E001E0
01E001E0
01E001E0
01E001E0
00F001E0
ENDCHAR
STARTCHAR uni091D.loclNEP
ENCODING -1
SWIDTH 800 0
DWIDTH 43 0
BBX 42 35 2 0
BITMAP
07C000000000
1FF07FFFFFC0
3FF87FFFFFC0
7FF87FFFFFC0
7C7C7FFFFFC0
F83C03C00000
F83C03C00000
F03C03C00000
F03C03C00000
003C03C7C000
003C03DFF000
003C03FFF800
003C03FFFC00
003C03F07C00
003C03E03E00
003C03C03E00
003C03C01E00
07FFFFC01E00
1FFFFFC01E00
3FFFFFC01E00
7FFFFFC01E00
7C3C03C01E00
783C03C01E00
783C03C03E00
783C03C03C00
7C7C03C07C00
7FF803C3F800
3FF803C3F800
1FF003C3F000
07C003C3C000
000003C00000
000003C00000
000003C00000
000003C00000
000003C00000
ENDCHAR
STARTCHAR uni0979.loclNEP
ENCODING -1
SWIDTH 539 0
DWIDTH 29 0
BBX 31 34 -1 0
BITMAP
FFFFFFFE
FFFFFFFE
FFFFFFFE
FFFFFFFE
0001E000
0001E000
0001E000
0001E000
0001E000
0001E000
0001E000
1E01FE00
1E01FF80
1E01FFC0
1E03FFE0
1E03E3F0
1F03E1F0
1F87C0F0
0FFFC0F0
0FFF80F0
07FF00F0
01FC00F0
000000F0
000001F0
0003E3E0
0001EFE0
0001FFC0
0001FF00
0001F800
0000F000
0000F000
0000F000
0000F800
00007800
ENDCHAR
STARTCHAR uni0915094D0915
ENCODING -1
SWIDTH 630 0
DWIDTH 34 0
BBX 36 37 -1 -3
BITMAP
FFFFFFFFF0
FFFFFFFFF0
FFFFFFFFF0
FFFFFFFFF0
0000F00000
0000F00000
0000F00000
0000F00000
01FCF1F800
07FFF7FE00
0FFFFFFF00
0FFFFFFF80
1F83FE0F80
1E00F807C0
1E00F807C0
1E00F003C0
1E00F003C0
1E00F003C0
1E00F00780
1F83F00F80
0FFFF3FF00
0FFFF7FE00
07FFFFFF00
0FFCFFFF80
1F00FC0F80
1E00F807C0
1E00F807C0
1E00F003C0
1E00F003C0
1E00F003C0
1F01F007C0
1F83F00F80
0FFFF03F80
0FFFF03F00
07FFF03E00
01FCF03C00
0000F00000
ENDCHAR
STARTCHAR uni0915094D0924
ENCODING -1
SWIDTH 705 0
DWIDTH 38 0
BBX 40 34 -1 0
BITMAP
FFFFFFFFFF
FFFFFFFFFF
FFFFFFFFFF
FFFFFFFFFF
00000F0000
00000F0000
00000F0000
00000F0000
00000F0000
00000F0000
00000F0000
3FFFFF1F80
3FFFFF3FE0
3FFFFF7FF0
3FFFFFFFF0
01F00FE1F8
03E00F8078
03C00F807C
03C00F807C
03C00F003C
07C00F003C
03C00F003C
03C00F003C
03C00F003C
03C00F007C
03E00F0078
01E00F0078
01E00F01F8
00F00F0FF0
00F00F0FE0
00F80F0FC0
00780F0F00
007C0F0000
003E0F0000
ENDCHAR
STARTCHAR uni0915094D0930
ENCODING -1
SWIDTH 636 0
DWIDTH 34 0
BBX 36 35 -1 -1
BITMAP
FFFFFFFFF0
FFFFFFFFF0
FFFFFFFFF0
FFFFFFFFF0
0000F00000
0000F00000
0000F00000
0000F00000
01F8F1F000
07FEF7FC00
0FFFF7FE00
1FFFFFFF00
1F07FC1F00
1E01F80F80
3E01F00780
3E00F00780
3C00F00780
3C00F00780
3C00F00780
3C00F00780
3E01F00780
1E01F00780
1F03F00780
1FCFF00F80
0FFFF01F00
07FEF0FF00
01FCF0FE00
01F8F0FC00
07E0F0F000
0FC0F00000
1F80F00000
3E00F00000
3C00F00000
3000F00000
2000000000
ENDCHAR
STARTCHAR uni0915094D0932
ENCODING -1
SWIDTH 1123 0
DWIDTH 61 0
BBX 62 35 -1 -1
BITMAP
FFFFFFFFFFFFFFFC
FFFFFFFFFFFFFFFC
FFFFFFFFFFFFFFFC
FFFFFFFFFFFFFFFC
0000F000000007C0
0000F000000007C0
0000F000000007C0
0000F000000007C0
01F8F1F0000007C0
07FCF7F8000007C0
0FFEFFFC3E01F7C0
0FFFFFFEFF83FFC0
1F87FC1FFFC7FFC0
1E01F80FFFEFFFC0
1E01F807E1EE1FC0
3E00F007C0FE0FC0
3E00F007C07C07C0
3C00F007C07C07C0
3C00F007807C07C0
3C00F007807C07C0
3E00F007807C07C0
3E00F007807C07C0
1E01F007807C07C0
1E01F007807C07C0
1F87F007800007C0
0FFFF007C00007C0
0FFEF003C00007C0
07FCF003C00007C0
01F8F003E00007C0
0000F001F00007C0
0000F001FC0007C0
0000F000FFE007C0
0000F0007FE007C0
0000F0001FE007C0
0000F00007E007C0
ENDCHAR
STARTCHAR uni0915094D0935
ENCODING -1
SWIDTH 646 0
DWIDTH 35 0
BBX 36 37 -1 -3
BITMAP
FFFFFFFFF0
FFFFFFFFF0
FFFFFFFFF0
FFFFFFFFF0
0000F00000
0000F00000
0000F00000
0000F00000
01FCF0F800
07FFF3FE00
0FFFF7FF00
0FFFFFFF00
1F83FE1F80
1E00F80780
1E00F80780
1E00F807C0
1E00F003C0
1E00F003C0
1E00F003C0
1F83F003C0
0FFFF003C0
07FFF007C0
07FFF00780
0FFCF00780
1F00F01F80
1E00F0FF00
1E00F0FE00
1E00F0FC00
1E00F0F800
1E00F00000
1F01F00000
1F83F00000
0FFFF00000
0FFFF00000
07FFF00000
01FCF00000
0000F00000
ENDCHAR
STARTCHAR uni0915094D0937
ENCODING -1
SWIDTH 604 0
DWIDTH 33 0
BBX 31 36 2 -1
BITMAP
03F00000
0FF83FFE
1FFC3FFE
3FFE3FFE
3E3E3FFE
3C1E01E0
3C1E01E0
3C1E01E0
3C1E01E0
3C1E01E0
3E3E01E0
1FFC01E0
1FFFFFE0
0FFFFFE0
03FFFFE0
07FFFFE0
0F8001E0
1F0001E0
3E0001E0
3C0001E0
7C0001E0
780001E0
F80001E0
F80001E0
F00781E0
F00781E0
F80781E0
F807C1E0
7E0FC1E0
7FFFC1E0
3FFFC1E0
1FFDE1E0
07F1E1E0
0001E1E0
0001E1E0
0001F1E0
ENDCHAR
STARTCHAR uni0915094D0937094D
ENCODING -1
SWIDTH 376 0
DWIDTH 20 0
BBX 23 35 2 0
BITMAP
03F000
0FF800
1FFC00
3FFE00
3E3E00
3C1E00
3C1E00
3C1E00
3C1E00
3C1E00
3E3E00
1FFC00
1FFFFE
0FFFFE
03FFFE
07FFFE
0F8000
1F0000
3E0000
7C0000
780000
780000
F80000
F00780
F00780
F80780
F807C0
7E0FC0
7FFFC0
3FFFC0
1FFDE0
07F1E0
0001E0
0001E0
0001F0
ENDCHAR
STARTCHAR uni0915094D0937094D0930
ENCODING -1
SWIDTH 729 0
DWIDTH 39 0
BBX 38 36 2 -1
BITMAP
03F0000000
0FF8007FFC
1FFC007FFC
3FFE007FFC
3E3E007FFC
3C1E000780
3C1E000780
3C1E000780
3C1E000780
3C1E000780
3E3E000780
1FFC000780
1FFFFFFF80
0FFFFFFF80
03FFFFFF80
07FFFFFF80
0F80000780
1F00000780
3E00000780
3C00000780
7C00000780
7800000F80
F800001F80
F800003F80
F00780FF80
F00781FF80
F80783F780
F807C3E780
7E0FC3C780
7FFFC38780
3FFFC30780
1FFDE20780
07F1E20780
0001E00780
0001E00780
0001F00780
ENDCHAR
STARTCHAR uni0915094D0937094D0072
ENCODING -1
SWIDTH 493 0
DWIDTH 27 0
BBX 30 35 2 0
BITMAP
00FC0000
03FF0000
07FF8000
0FFFC000
0F87C000
0F03C000
0F03C000
0F03C000
0F03C000
0F03C000
0F87C000
07EF8000
03FFFFFC
01FFFFFC
00FFFFFC
03FFFFFC
07E00000
0FC00000
3F000004
3E00000C
7C00001C
F800003C
F00000FC
F01E01F8
F00F03F0
F00F07E0
F80F07C0
FC3F0780
7FFF8700
7FFF8600
3FF78400
0FE78800
0007C000
0003C000
0003C000
ENDCHAR
STARTCHAR uni0915094D0072
ENCODING -1
SWIDTH 465 0
DWIDTH 25 0
BBX 33 35 -1 -1
BITMAP
FFFFFFFC00
FFFFFFFC00
FFFFFFFC00
FFFFFFFC00
0000F00000
0000F00000
0000F00000
0000F00000
01F8F1F000
07FEF7FC00
0FFFF7FC00
1FFFFFFE00
1F07FC1F00
1E01F80F00
3E01F00700
3E00F00700
3C00F00780
3C00F00780
3C00F00780
3C00F00780
3E01F00000
1E01F00000
1F03F00000
1FCFF00000
0FFFF00000
07FEF00000
01FCF00000
01F8F00000
07E0F00000
0FC0F00000
3F00F00000
3E00F00000
3C00F00000
3000F00000
2000000000
ENDCHAR
STARTCHAR uni0916094D0928
ENCODING -1
SWIDTH 678 0
DWIDTH 37 0
BBX 38 44 -1 -10
BITMAP
FFFFFFFFFC
FFFFFFFFFC
FFFFFFFFFC
FFFFFFFFFC
003C0007C0
003C0007C0
003C0007C0
003C0007C0
003C07E7C0
003C0FF7C0
003C1FFFC0
003C3FFFC0
003C3E0FC0
003C7C07C0
007C7C07C0
00F87807C0
3FF07807C0
3FE07C07C0
1FC07C07C0
1E007C07C0
1E003E0FC0
1F003FFFC0
1F001FFFC0
0F800FFFC0
0F8007E7C0
07C0000FC0
03F0001FC0
01FC007FC0
00FFFFFFC0
007FFFFFC0
001FFFE7C0
000FFF07C0
007FF807C0
03FF8007C0
07FC000000
0FFC000000
0F1E000000
0E1E000000
0E1E000000
0F1E000000
0FFC000000
0FFC000000
07F8000000
01F0000000
ENDCHAR
STARTCHAR uni0916094D0930
ENCODING -1
SWIDTH 678 0
DWIDTH 37 0
BBX 38 38 -1 -4
BITMAP
FFFFFFFFFC
FFFFFFFFFC
FFFFFFFFFC
FFFFFFFFFC
003C0007C0
003C0007C0
003C0007C0
003C0007C0
003C03E7C0
003C0FF7C0
003C1FFFC0
003C3FFFC0
003C3E0FC0
003C3C07C0
007C7C07C0
00F87C07C0
3FF07807C0
3FE07807C0
1FC07C07C0
1E007C07C0
1E003C07C0
1F003E0FC0
1F003FFFC0
0F001FFFC0
0F800FFFC0
07C007E7C0
07E0000FC0
03F0001FC0
01FC007FC0
00FFFFFFC0
003FFFFFC0
000FFFE7C0
003FFE07C0
03FFF007C0
1FFF000000
1FF8000000
1FC0000000
1C00000000
ENDCHAR
STARTCHAR uni0916094D0072
ENCODING -1
SWIDTH 483 0
DWIDTH 26 0
BBX 34 38 -1 -4
BITMAP
FFFFFFF800
FFFFFFF800
FFFFFFF800
FFFFFFF800
003C000000
003C000000
003C000000
003C000000
003C03F800
003C0FFE00
003C1FFF00
003C3FFF00
003C3E0F80
003C3C0780
007C7C0780
00F87C07C0
3FF87807C0
3FF07807C0
3FE07C07C0
1F807C07C0
1E003C07C0
1E003E0FC0
1F003FFFC0
0F001FFF80
0F800FFF80
07C003F780
07E0000F00
03F0001F00
01FE00FE00
00FFFFFC00
003FFFF000
000FFFC000
003FFC0000
03FFE00000
1FFF000000
1FF8000000
1F80000000
1C00000000
ENDCHAR
STARTCHAR uni0917094D0928
ENCODING -1
SWIDTH 568 0
DWIDTH 31 0
BBX 32 40 -1 -6
BITMAP
FFFFFFFF
FFFFFFFF
FFFFFFFF
FFFFFFFF
001E01F0
001E01F0
001E01F0
001E01F0
001E01F0
001E01F0
001E01F0
001E01F0
001E01F0
03FE01F0
0FFE01F0
1FFE01F0
1FFE01F0
1E1E01F0
3E1E01F0
3E1E01F0
1E3E01F0
1FFC01F0
1FFC07F0
0FF80FF0
03E03FF0
0000FFF0
0003FDF0
000FF1F0
003FC1F0
007F01F0
00FF01F0
01FF81F0
03C781F0
03C381F0
03C38000
03C78000
03FF8000
01FF8000
00FF0000
007C0000
ENDCHAR
STARTCHAR uni0917094D0928094D
ENCODING -1
SWIDTH 340 0
DWIDTH 18 0
BBX 26 40 -1 -6
BITMAP
FFFFFF00
FFFFFF00
FFFFFF00
FFFFFF00
001E0000
001E0000
001E0000
001E0000
001E0000
001E0000
001E0000
001E0000
001E0000
03FE0000
0FFE0000
1FFE0000
1FFE0000
1E1E0000
3E1E0000
3E1E0000
1E3E0040
1FFC01C0
1FFC07C0
0FF80FC0
03E03FC0
0000FF00
0003FC00
000FF000
001FC000
007F0000
00FF0000
01FF8000
03C78000
03C38000
03C38000
03C78000
03FF8000
01FF8000
00FF0000
007C0000
ENDCHAR
STARTCHAR uni0917094D0930
ENCODING -1
SWIDTH 564 0
DWIDTH 30 0
BBX 32 35 -1 -1
BITMAP
FFFFFFFF
FFFFFFFF
FFFFFFFF
FFFFFFFF
000F01E0
000F01E0
000F01E0
000F01E0
000F01E0
000F01E0
000F01E0
000F01E0
000F01E0
03FF01E0
0FFF01E0
0FFF01E0
1FFF01E0
3E0F01E0
3C0F01E0
3C0F01E0
3C0F01E0
3C0F01E0
3E1F03E0
1E1E07E0
1FFE0FE0
0FFC1FE0
07FC3FE0
03F07DE0
0000F9E0
0003F1E0
0003E1E0
0003C1E0
000301E0
000201E0
00040000
ENDCHAR
STARTCHAR uni0917094D0072
ENCODING -1
SWIDTH 336 0
DWIDTH 18 0
BBX 26 35 -1 -1
BITMAP
FFFFFF00
FFFFFF00
FFFFFF00
FFFFFF00
000F0000
000F0000
000F0000
000F0000
000F0000
000F0000
000F0000
000F0000
000F0000
03FF0000
0FFF0000
0FFF0000
1FFF0000
3E0F0000
3C0F0000
3C0F0040
3C0F0040
3C0F00C0
3E1F03C0
1E1E07C0
1FFE0F80
0FFC1F00
07FC3E00
03F07C00
0000F800
0001F000
0003E000
0003C000
00038000
00030000
00020000
ENDCHAR
STARTCHAR uni0918094D0928
ENCODING -1
SWIDTH 477 0
DWIDTH 26 0
BBX 27 40 -1 -6
BITMAP
FFFFFFE0
FFFFFFE0
FFFFFFE0
FFFFFFE0
0F001E00
1E001E00
1E001E00
1E001E00
1F001E00
1F001E00
0F801E00
07FC1E00
01FC1E00
03FC1E00
07FC1E00
0F801E00
0F001E00
1E001E00
1E001E00
1E003E00
1E003E00
1F003E00
1F007E00
0FC1FE00
07FFFE00
03FFFE00
01FFDE00
00FF1E00
03FC1E00
07F01E00
0FF01E00
1FF81E00
1C781E00
3C3C1E00
3C3C0000
3E7C0000
1FF80000
1FF80000
0FF00000
07C00000
ENDCHAR
STARTCHAR uni0918094D0928094D
ENCODING -1
SWIDTH 274 0
DWIDTH 15 0
BBX 23 41 -1 -7
BITMAP
FFFFE0
FFFFE0
FFFFE0
FFFFE0
0F0000
0F0000
0F0000
1F0000
1F0000
1F0000
0F0000
0F8000
07C000
03FE00
01FE00
03FE00
07FE00
0F8000
0F001E
1F001E
1F001C
1F001C
1F003C
0F007C
0F80F8
07FFF0
03FFF0
01FFC0
00FF00
03FC00
0FE000
1FE000
3FF000
78F000
787800
787800
78F000
3FF000
3FF000
1FE000
0FC000
ENDCHAR
STARTCHAR uni0918094D0930
ENCODING -1
SWIDTH 484 0
DWIDTH 26 0
BBX 28 35 -1 -1
BITMAP
FFFFFFF0
FFFFFFF0
FFFFFFF0
FFFFFFF0
0F001E00
0F001E00
1F001E00
1F001E00
0F001E00
0F001E00
0FC01E00
07FE1E00
01FE1E00
03FE1E00
07FE1E00
0FC01E00
0F001E00
1F001E00
1F001E00
1F003E00
1F003E00
0F007E00
0FC0FE00
07FFFE00
03FFDE00
01FF9E00
003F1E00
00FC1E00
01F81E00
03F01E00
0FC01E00
0F801E00
0E001E00
0C001E00
08000000
ENDCHAR
STARTCHAR uni0918094D0072
ENCODING -1
SWIDTH 274 0
DWIDTH 15 0
BBX 23 35 -1 -1
BITMAP
FFFFF0
FFFFF0
FFFFF0
FFFFF0
0F0000
0F0000
1F0000
1F0000
0F0000
0F0000
0FC000
07FE00
01FE00
03FE00
07FE00
0F801E
0F001E
1F001C
1F001C
1F003C
1F003C
0F8078
0FC1F8
07FFF0
03FFE0
01FFC0
003F00
007E00
01F800
03F000
0FC000
0F8000
0F0000
0C0000
080000
ENDCHAR
STARTCHAR uni0919094D0915
ENCODING -1
SWIDTH 549 0
DWIDTH 30 0
BBX 31 44 -1 -10
BITMAP
FFFFFFFE
FFFFFFFE
FFFFFFFE
FFFFFFFE
00001E00
00001E00
00001E00
00001E00
00FFFE00
03FFFE3C
07FFFE3C
0FFFFE3C
0F80003C
0F00003C
0F000000
0F800000
0FFFFE00
07FFFF00
07FFFF80
01FFFFC0
000007C0
1E0003C0
1F0007C0
1FC00FC0
0FFFFF80
0FFFFF00
03FFFE00
00FFF000
00078000
03E79F00
07F7BF80
0FFFFFC0
0FFFFFC0
1F0FC3E0
1E07C1E0
1E0781E0
1E0781E0
1E0781E0
1E0781E0
1F0F83E0
0FFF8FC0
0FFF8FC0
07F78F80
03E78E00
ENDCHAR
STARTCHAR uni0919094D0915094D
ENCODING -1
SWIDTH 549 0
DWIDTH 30 0
BBX 31 44 -1 -10
BITMAP
FFFFFFFE
FFFFFFFE
FFFFFFFE
FFFFFFFE
00001E00
00001E00
00001E00
00001E00
00FFFE00
03FFFE3C
07FFFE3C
0FFFFE3C
0F80003C
0F00003C
0F000000
0F800000
0FFFFE00
07FFFF00
07FFFF80
01FFFFC0
000007C0
1E0003C0
1F0007C0
1FC00FC0
0FFFFF80
07FFFF00
03FFFE00
00FFF000
00078000
03E79F00
07F7BF80
0FFFFFC0
0FFFFFC0
1F0FC3E0
1E07C1E0
1E0781E0
1E0781E0
1E078000
1E078000
1F0F8000
0FFF8000
0FFF8000
07F78000
03E78000
ENDCHAR
STARTCHAR uni0919094D0915094D0924
ENCODING -1
SWIDTH 549 0
DWIDTH 30 0
BBX 31 44 -1 -10
BITMAP
FFFFFFFE
FFFFFFFE
FFFFFFFE
FFFFFFFE
00001E00
00001E00
00001E00
00001E00
00FFFE00
03FFFE3C
07FFFE3C
0FFFFE3C
0F80003C
0F00003C
0F000000
0F800000
0FFFFE00
07FFFF00
07FFFF80
01FFFFC0
000007C0
1E0003C0
1F0007C0
1FC00FC0
0FFFFF80
0FFFFF00
03FFFE00
00FFF000
00078000
1FFF9F00
1FFFBF80
1FFFFFC0
1FFFFFC0
07C7C3E0
0F87C1E0
0F8781E0
0F8781E0
0F8781E0
078781E0
078783E0
07C78FC0
03C78FC0
03C78F80
01E78E00
ENDCHAR
STARTCHAR uni0919094D0915094D0924094D092F
ENCODING -1
SWIDTH 859 0
DWIDTH 46 0
BBX 48 44 -1 -10
BITMAP
FFFFFFFFFFFF
FFFFFFFFFFFF
FFFFFFFFFFFF
FFFFFFFFFFFF
00001E0001E0
00001E0001E0
00001E0001E0
00001E0001E0
00FFFE0001E0
03FFFE3C01E0
07FFFE3C01E0
0FFFFE3C01E0
0F80003C01E0
0F00003C01E0
0F00000001E0
0F80000001E0
0FFFFE0001E0
07FFFF0001E0
07FFFF8001E0
01FFFFF801E0
000007FE01E0
1E0003FF01E0
1F0007DF01E0
1FC00FCF81E0
0FFFFF8781E0
0FFFFF0781E0
03FFFE0781E0
00FFF80F81E0
0007801F01E0
1FFF9FFF01E0
1FFFBFFE01E0
1FFFFFFC01E0
1FFFFFF001E0
07C7E1E001E0
0F87C1F003E0
0F8781F807E0
0F8780FC0FE0
0F8780FFFFE0
0787807FFFE0
0787801FFDE0
07C78007F1E0
03C7800001E0
03C7800001E0
01E7800001E0
ENDCHAR
STARTCHAR uni0919094D0915094D092F
ENCODING -1
SWIDTH 856 0
DWIDTH 46 0
BBX 48 44 -1 -10
BITMAP
FFFFFFFFFFFF
FFFFFFFFFFFF
FFFFFFFFFFFF
FFFFFFFFFFFF
00001E0001E0
00001E0001E0
00001E0001E0
00001E0001E0
00FFFE0001E0
03FFFE3C01E0
07FFFE3C01E0
0FFFFE3C01E0
0F80003C01E0
0F00003C01E0
0F00000001E0
0F80000001E0
0FFFFC0001E0
07FFFF0001E0
07FFFF8001E0
01FFFFF001E0
000007FC01E0
1E0003FF01E0
1F0007FF01E0
1FC00FCF81E0
0FFFFF8F81E0
0FFFFF0781E0
03FFFE0F81E0
00FFF80F81E0
0007801F01E0
03E79EFF01E0
07F7BFFE01E0
0FFFFFFC01E0
0FFFFFF001E0
1F0FE1E003E0
1E07C1F003E0
1E0781F007E0
1E0780FC0FE0
1E0780FFFFE0
1E07807FFFE0
1F0F801FFDE0
0FFF8007F1E0
0FFF800001E0
07F7800001E0
03E7800001E0
ENDCHAR
STARTCHAR uni0919094D0915094D0930
ENCODING -1
SWIDTH 549 0
DWIDTH 30 0
BBX 31 48 -1 -14
BITMAP
FFFFFFFE
FFFFFFFE
FFFFFFFE
FFFFFFFE
00001E00
00001E00
00001E00
00001E00
00FFFE00
03FFFE3C
07FFFE3C
0FFFFE3C
0F80003C
0F00003C
0F000000
0F800000
0FFFFE00
07FFFF00
07FFFF80
01FFFFC0
000007C0
1E0003C0
1F0007C0
1FC00FC0
0FFFFF80
0FFFFF00
03FFFE00
00FFF000
00078000
03E79F00
07F7BF80
0FFFFFC0
0FFFFFC0
1F0FC3E0
1E07C1E0
1E0781E0
1E0781E0
1E0781E0
1E0781E0
1F0F83E0
0FFF8FC0
07FF8FC0
0FF78F80
3FC78E00
3F000000
3E000000
38000000
20000000
ENDCHAR
STARTCHAR uni0919094D0915094D0937
ENCODING -1
SWIDTH 549 0
DWIDTH 30 0
BBX 31 46 -1 -12
BITMAP
FFFFFFFE
FFFFFFFE
FFFFFFFE
FFFFFFFE
00001E00
00001E00
00001E00
00001E00
00FFFE00
03FFFE3C
07FFFE3C
0FFFFE3C
0F80003C
0F00003C
0F000000
0F800000
0FFFFE00
07FFFF00
07FFFF80
01FFFFC0
000007C0
1E0003C0
1F0007C0
1FC01F80
0FFFFF80
07FFFF00
07FFFF00
0FFFFF00
0F0F0F00
0F0F0F00
0F0F0F00
0F0F0F00
0FDE0F00
07FFFF00
07FFFF00
0FFFFF00
0F000F00
1E000F00
1E0E0F00
1F1F0F00
1FFF0F00
0FFF0F00
0FF70F00
03E78F00
00078000
00078000
ENDCHAR
STARTCHAR uni0919094D0915094D0937094D092F
ENCODING -1
SWIDTH 880 0
DWIDTH 48 0
BBX 49 46 -1 -12
BITMAP
FFFFFFFFFFFF80
FFFFFFFFFFFF80
FFFFFFFFFFFF80
FFFFFFFFFFFF80
00001E0000F000
00001E0000F000
00001E0000F000
00001E0000F000
00FFFE0000F000
03FFFE3C00F000
07FFFE3C00F000
0FFFFE3C00F000
0F80003C00F000
0F00003C00F000
0F00000000F000
0F80000000F000
0FFFFE0000F000
07FFFF0000F000
07FFFF8000F000
01FFFFFE00F000
000007FF80F000
1E0003FFC0F000
1F0007FFE0F000
1FC01FC3E0F000
0FFFFF81E0F000
03FFFF01E0F000
01FFFE01E0F000
03E3F003E0F000
03C1C01FC0F000
03C1C0FFC0F000
03C1C0FF80F000
03C3C0FE00F000
01F780F800F000
00FFFFF800F000
00FFFFFC01F000
01FFFFFC01F000
03C0003F07F000
0780003FFFF000
0783C01FFFF000
07C3C00FFEF000
07FFC003F8F000
03FFC00000F000
01FFE00000F000
00F9E000000000
0001E000000000
0000E000000000
ENDCHAR
STARTCHAR uni0919094D0915094D0072092F
ENCODING -1
SWIDTH 856 0
DWIDTH 46 0
BBX 48 48 -1 -14
BITMAP
FFFFFFFFFFFF
FFFFFFFFFFFF
FFFFFFFFFFFF
FFFFFFFFFFFF
00001E0001E0
00001E0001E0
00001E0001E0
00001E0001E0
00FFFE0001E0
03FFFE3C01E0
07FFFE3C01E0
0FFFFE3C01E0
0F80003C01E0
0F00003C01E0
0F00000001E0
0F80000001E0
0FFFFC0001E0
07FFFF0001E0
07FFFF8001E0
01FFFFF001E0
000007FC01E0
1E0003FF01E0
1F0007FF01E0
1FC00FCF81E0
0FFFFF8F81E0
0FFFFF0781E0
03FFFE0F81E0
00FFF80F81E0
0007801F01E0
03E79EFF01E0
07F7BFFE01E0
0FFFFFFC01E0
0FFFFFF001E0
1F0FE1E003E0
1E07C1F003E0
1E0781F007E0
1E0780FC0FE0
1E0780FFFFE0
1E07807FFFE0
0F9F801FFDE0
0FFF8007F1E0
07FF800001E0
0FF7800001E0
3FC7800001E0
3F0000000000
3C0000000000
300000000000
200000000000
ENDCHAR
STARTCHAR uni0919094D0916
ENCODING -1
SWIDTH 549 0
DWIDTH 30 0
BBX 31 44 -1 -10
BITMAP
FFFFFFFE
FFFFFFFE
FFFFFFFE
FFFFFFFE
00001E00
00001E00
00001E00
00001E00
00FFFE00
03FFFE3C
07FFFE3C
0FFFFE3C
0F80003C
0F00003C
0F000000
0F800000
0FFFFE00
07FFFF00
07FFFF80
01FFFFC0
000007C0
1E0003C0
1F0007C0
1FC00F80
0FFFFF80
07FFFF00
03FFFF00
03FFF700
03C00700
03C3E700
0FC7FF00
3F8FFF00
3F0FFF00
3E0F0F00
3C0F0700
3C0F0700
3C0F0F00
3C0F0F00
3E0FFF00
1F8FFF00
1FF7F700
0FF3E700
07F00700
00F00700
ENDCHAR
STARTCHAR uni0919094D0916094D092F
ENCODING -1
SWIDTH 846 0
DWIDTH 46 0
BBX 47 44 -1 -10
BITMAP
FFFFFFFFFFFE
FFFFFFFFFFFE
FFFFFFFFFFFE
FFFFFFFFFFFE
00001E0003E0
00001E0003E0
00001E0003E0
00001E0003E0
00FFFE0003E0
03FFFE3C03E0
07FFFE3C03E0
0FFFFE3C03E0
0F80003C03E0
0F00003C03E0
0F00000003E0
0F80000003E0
0FFFFC0003E0
07FFFF0003E0
07FFFF8003E0
01FFFFF003E0
000007FC03E0
1E0003FE03E0
1F0007FF03E0
1FC00FDF03E0
0FFFFF8F03E0
07FFFF0F03E0
01FFFE0F03E0
01FFF01F03E0
01E0003F03E0
01E0FFFE03E0
07E3FFFC03E0
1FC3FFF803E0
1F87FFE003E0
1E07C7E003E0
1E0783E007E0
1E0783F007E0
1E0783FC1FE0
1F07C7FFFFE0
0F07FF7FFFE0
0FC3FF3FFBE0
0FFBFE0FE3E0
07F8FC0003E0
03F8000003E0
0078000003E0
ENDCHAR
STARTCHAR uni0919094D0917
ENCODING -1
SWIDTH 549 0
DWIDTH 30 0
BBX 31 44 -1 -10
BITMAP
FFFFFFFE
FFFFFFFE
FFFFFFFE
FFFFFFFE
00001E00
00001E00
00001E00
00001E00
00FFFE00
03FFFE3C
07FFFE3C
0FFFFE3C
0F80003C
0F00003C
0F000000
0F800000
0FFFFE00
07FFFF00
07FFFF80
01FFFFC0
000007C0
1E0003C0
1F0007C0
1FC00F80
0FFFFF80
07FFFF00
03FFFF00
003FEF00
003C0F00
003C0F00
003C0F00
03FC0F00
0FFC0F00
0FFC0F00
1FFC0F00
1E3C0F00
1C3C0F00
1C3C0F00
1E3C0F00
1FFC0F00
0FF80F00
0FF00F00
03E00F00
00000F00
ENDCHAR
STARTCHAR uni0919094D0917094D092F
ENCODING -1
SWIDTH 850 0
DWIDTH 46 0
BBX 47 44 -1 -10
BITMAP
FFFFFFFFFFFE
FFFFFFFFFFFE
FFFFFFFFFFFE
FFFFFFFFFFFE
00001E0001E0
00001E0001E0
00001E0001E0
00001E0001E0
00FFFE0001E0
03FFFE3C01E0
07FFFE3C01E0
0FFFFE3C01E0
0F80003C01E0
0F00003C01E0
0F00000001E0
0F80000001E0
0FFFFC0001E0
07FFFF0001E0
07FFFF8001E0
01FFFFF001E0
000007FC01E0
1E0003FE01E0
1F0007FF01E0
1FC00FCF01E0
0FFFFF8F01E0
07FFFF0F01E0
03FFFE0F01E0
007FF00F01E0
001E001F01E0
001E01FE01E0
001E03FC01E0
01FE03F801E0
03FE03C003E0
07FE03E003E0
0FFE03E003E0
0F1E01F007E0
0F1E01FC1FE0
0F1E00FFFFE0
0F1E007FFDE0
0FFE003FF9E0
07FC000FE1E0
07F8000001E0
01F0000001E0
0000000001E0
ENDCHAR
STARTCHAR uni0919094D0917094D0930
ENCODING -1
SWIDTH 549 0
DWIDTH 30 0
BBX 31 47 -1 -13
BITMAP
FFFFFFFE
FFFFFFFE
FFFFFFFE
FFFFFFFE
00001E00
00001E00
00001E00
00001E00
00FFFE00
03FFFE3C
07FFFE3C
0FFFFE3C
0F80003C
0F00003C
0F000000
0F800000
0FFFFE00
07FFFF00
07FFFF80
01FFFFC0
000007C0
1E0003C0
1F0007C0
1FC00F80
0FFFFF80
07FFFF00
03FFFF00
003FEF00
003C0F00
003C0F00
03FC0F00
0FFC0F00
0FFC0F00
1FFC0F00
1E3C0F00
1C3C0F00
1C3C0F00
1E3C3F00
1FFC7F00
0FF8FF00
0FF1FF00
03E3EF00
0007CF00
00078F00
00070000
00040000
00040000
ENDCHAR
STARTCHAR uni0919094D0917094D0072092F
ENCODING -1
SWIDTH 850 0
DWIDTH 46 0
BBX 47 47 -1 -13
BITMAP
FFFFFFFFFFFE
FFFFFFFFFFFE
FFFFFFFFFFFE
FFFFFFFFFFFE
00001E0001E0
00001E0001E0
00001E0001E0
00001E0001E0
00FFFE0001E0
03FFFE3C01E0
07FFFE3C01E0
0FFFFE3C01E0
0F80003C01E0
0F00003C01E0
0F00000001E0
0F80000001E0
0FFFFC0001E0
07FFFF0001E0
07FFFF8001E0
01FFFFF001E0
000007FC01E0
1E0003FE01E0
1F0007FF01E0
1FC00FCF01E0
0FFFFF8F01E0
07FFFF0F01E0
03FFFE0F01E0
007FF00F01E0
001E001F01E0
001E01FE01E0
001E03FC01E0
01FE03F801E0
03FE03C003E0
07FE03E003E0
0FFE01E003E0
0F1E01F007E0
0F1E01FC1FE0
0F1E03FFFFE0
0F1E0FFFFDE0
0FFE1F1FF9E0
07FC3E07E1E0
07F87C0001E0
01F0780001E0
0000700001E0
000060000000
000040000000
000040000000
ENDCHAR
STARTCHAR uni0919094D0918
ENCODING -1
SWIDTH 549 0
DWIDTH 30 0
BBX 31 44 -1 -10
BITMAP
FFFFFFFE
FFFFFFFE
FFFFFFFE
FFFFFFFE
00001E00
00001E00
00001E00
00001E00
00FFFE00
03FFFE3C
07FFFE3C
0FFFFE3C
0F80003C
0F00003C
0F000000
0F800000
0FFFFE00
07FFFF00
07FFFF80
01FFFFC0
000007C0
1E0003C0
1F0007C0
1FC00FC0
0FFFFF80
07FFFF00
01FFFF00
03FFFF00
03C00F00
03C00F00
03E00F00
01FE0F00
00FE0F00
007E0F00
00FE0F00
01E00F00
01E00F00
03C01F00
03E01F00
03F03F00
01FFFF00
01FFFF00
007FEF00
001F8F00
ENDCHAR
STARTCHAR uni0919094D0918094D092F
ENCODING -1
SWIDTH 841 0
DWIDTH 45 0
BBX 47 44 -1 -10
BITMAP
FFFFFFFFFFFE
FFFFFFFFFFFE
FFFFFFFFFFFE
FFFFFFFFFFFE
00001E0003C0
00001E0003C0
00001E0003C0
00001E0003C0
00FFFE0003C0
03FFFE3C03C0
07FFFE3C03C0
0FFFFE3C03C0
0F80003C03C0
0F00003C03C0
0F00000003C0
0F80000003C0
0FFFFE0003C0
07FFFF8003C0
07FFFF8003C0
01FFFFF803C0
000007FC03C0
1E0003FE03C0
1F0007FF03C0
1FC00FDF03C0
0FFFFF8F03C0
07FFFF0F03C0
01FFFE0F03C0
03FFF01F03C0
03C0003E03C0
03C007FC03C0
03E007F803C0
01FE07F003C0
00FE03C003C0
007E03C003C0
00FE03E007C0
01E003F00FC0
01E007FC1FC0
03C007FFFFC0
03E00F7FFFC0
03F03F3FFBC0
01FFFE0FE3C0
00FFFC0003C0
007FF80003C0
001FC00003C0
ENDCHAR
STARTCHAR uni0919094D0918094D0930
ENCODING -1
SWIDTH 549 0
DWIDTH 30 0
BBX 31 49 -1 -15
BITMAP
FFFFFFFE
FFFFFFFE
FFFFFFFE
FFFFFFFE
00001E00
00001E00
00001E00
00001E00
00FFFE00
03FFFE3C
07FFFE3C
0FFFFE3C
0F80003C
0F00003C
0F000000
0F800000
0FFFFE00
07FFFF00
07FFFF80
01FFFFC0
000007C0
1E0003C0
1F0007C0
1FC00FC0
0FFFFF80
07FFFF00
01FFFF00
03FFFF00
03C00F00
03C00F00
03E00F00
01FE0F00
00FE0F00
007E0F00
01FE0F00
01E00F00
03C00F00
03C01F00
03E01F00
01F07F00
01FFFF00
00FFFF00
007FEF00
00FF8F00
01FE0000
01F80000
01E00000
01800000
01000000
ENDCHAR
STARTCHAR uni0919094D0918094D0072092F
ENCODING -1
SWIDTH 842 0
DWIDTH 45 0
BBX 47 49 -1 -15
BITMAP
FFFFFFFFFFFE
FFFFFFFFFFFE
FFFFFFFFFFFE
FFFFFFFFFFFE
00001E0003C0
00001E0003C0
00001E0003C0
00001E0003C0
00FFFE0003C0
03FFFE3C03C0
07FFFE3C03C0
0FFFFE3C03C0
0F80003C03C0
0F00003C03C0
0F00000003C0
0F80000003C0
0FFFFE0003C0
07FFFF8003C0
07FFFF8003C0
01FFFFF803C0
000007FC03C0
1E0003FE03C0
1F0007FF03C0
1FC00FDF03C0
0FFFFF8F03C0
07FFFF0F03C0
01FFFE0F03C0
03FFF01F03C0
03C0003E03C0
03C007FC03C0
03E007F803C0
01FE07F003C0
00FE03C003C0
007E03C003C0
01FE03E007C0
01E003F00FC0
03C007FC1FC0
03C007FFFFC0
03E00F7FFFC0
01FC7E3FFBC0
01FFFE0FE3C0
00FFF80003C0
003FF00003C0
00FF800003C0
01FE00000000
01F800000000
01E000000000
018000000000
020000000000
ENDCHAR
STARTCHAR uni0919094D091A
ENCODING -1
SWIDTH 549 0
DWIDTH 30 0
BBX 31 44 -1 -10
BITMAP
FFFFFFFE
FFFFFFFE
FFFFFFFE
FFFFFFFE
00001E00
00001E00
00001E00
00001E00
00FFFE00
03FFFE3C
07FFFE3C
0FFFFE3C
0F80003C
0F00003C
0F000000
0F800000
0FFFFE00
07FFFF00
07FFFF80
01FFFFC0
000007C0
1E0003C0
1F0007C0
1FC00F80
0FFFFF80
07FFFF80
03FFFF80
007FE780
00000780
00000780
0FFF8780
0FFF8780
0FFF8780
0FFF8780
00F80F80
00F00F80
01E00F80
01E01F80
01F01F80
01F87F80
00FFFF80
00FFF780
007FE780
001F8780
ENDCHAR
STARTCHAR uni0919094D0928
ENCODING -1
SWIDTH 549 0
DWIDTH 30 0
BBX 31 44 -1 -10
BITMAP
FFFFFFFE
FFFFFFFE
FFFFFFFE
FFFFFFFE
00001E00
00001E00
00001E00
00001E00
00FFFE00
03FFFE3C
07FFFE3C
0FFFFE3C
0F80003C
0F00003C
0F000000
0F800000
0FFFFE00
07FFFF00
07FFFF80
01FFFFC0
000007C0
1E0003C0
1F0007C0
1FC00FC0
0FFFFF80
07FFFF00
03FFFF00
007FFF00
00000F00
00000F00
00000F00
01FFFF00
03FFFF00
07FFFF00
0FFFFF00
0F1E0F00
0F1E0F00
0F1E0F00
0F1E0F00
0FFE0F00
07FC0F00
07F80F00
01F00F00
00000F00
ENDCHAR
STARTCHAR uni0919094D092E
ENCODING -1
SWIDTH 549 0
DWIDTH 30 0
BBX 31 44 -1 -10
BITMAP
FFFFFFFE
FFFFFFFE
FFFFFFFE
FFFFFFFE
00001E00
00001E00
00001E00
00001E00
00FFFE00
03FFFE3C
07FFFE3C
0FFFFE3C
0F80003C
0F00003C
0F000000
0F800000
0FFFFE00
07FFFF00
07FFFF80
01FFFFC0
000007C0
1E0003C0
1F0007C0
1FC00F80
0FFFFF80
07FFFF00
03FFFF00
003FEF00
003C0F00
003C0F00
003C0F00
003C0F00
03FFFF00
0FFFFF00
0FFFFF00
1FFFFF00
1E3C0F00
1C3C0F00
1C3C0F00
1E3C0F00
1FFC0F00
0FF80F00
0FF00F00
03E00F00
ENDCHAR
STARTCHAR uni0919094D092E094D092F
ENCODING -1
SWIDTH 849 0
DWIDTH 46 0
BBX 47 44 -1 -10
BITMAP
FFFFFFFFFFFE
FFFFFFFFFFFE
FFFFFFFFFFFE
FFFFFFFFFFFE
00001E0001E0
00001E0001E0
00001E0001E0
00001E0001E0
00FFFE0001E0
03FFFE3C01E0
07FFFE3C01E0
0FFFFE3C01E0
0F80003C01E0
0F00003C01E0
0F00000001E0
0F80000001E0
0FFFFC0001E0
07FFFF0001E0
07FFFF8001E0
01FFFFF001E0
000007FC01E0
1E0003FE01E0
1F0007FF01E0
1FC00FCF01E0
0FFFFF8F01E0
07FFFF0F01E0
03FFFE0F01E0
007FF00F01E0
001E001F01E0
001E00FE01E0
001E03FC01E0
001E03F003E0
01FFFFC003E0
03FFFFE003E0
07FFFFE003E0
0FFFFFF007E0
0F1E01FC1FE0
0F1E00FFFFE0
0F1E007FFDE0
0F1E003FF9E0
0FFE000FE1E0
07FC000001E0
03F8000001E0
01F0000001E0
ENDCHAR
STARTCHAR uni0919094D092F
ENCODING -1
SWIDTH 942 0
DWIDTH 51 0
BBX 52 34 -1 0
BITMAP
FFFFFFFFFFFFF0
FFFFFFFFFFFFF0
FFFFFFFFFFFFF0
FFFFFFFFFFFFF0
0000F000000F00
0000F000000F00
0000F000000F00
0000F000000F00
0000F000000F00
00FFFFFF800F00
03FFFFFFE00F00
07FFFFFFF00F00
0FFFFFFFF80F00
0F800000F80F00
0F000780780F00
0F0007807C0F00
0F000780780F00
0F800780780F00
0FFF8780F80F00
07FFE01FF00F00
03FFF01FF00F00
00FFF01FC00F00
0001F80F000F00
0000780F001F00
0000780F801F00
1E00780F801F00
1E007807C03F00
1F007807E0FF00
1F00F803FFFF00
0FC1F801FFEF00
0FFFF000FFCF00
07FFE0003F0F00
03FFC000000F00
00FF0000000F00
ENDCHAR
STARTCHAR uni091A094D091A
ENCODING -1
SWIDTH 733 0
DWIDTH 40 0
BBX 41 34 -1 0
BITMAP
FFFFFFFFFF80
FFFFFFFFFF80
FFFFFFFFFF80
FFFFFFFFFF80
00000000F000
00000000F000
00000000F000
00000000F000
00000000F000
00000000F000
00000000F000
3FFC3FF8F000
3FFC3FF8F000
3FFC3FF8F000
3FFC3FF8F000
03E00F80F000
03C00F00F000
03C01E00F000
07801E00F000
07801E00F000
07801E00F000
07801E00F000
07C01E00F000
07C03F01F000
03E07F83F000
03FFFFFFF000
01FFF7FFF000
00FFE3FEF000
003F80FCF000
00000000F000
00000000F000
00000000F000
00000000F000
00000000F000
ENDCHAR
STARTCHAR uni091A094D091B094D0935
ENCODING -1
SWIDTH 789 0
DWIDTH 43 0
BBX 44 44 -1 -10
BITMAP
FFFFFFFFFFF0
FFFFFFFFFFF0
FFFFFFFFFFF0
FFFFFFFFFFF0
00003C003C00
000078003C00
000078003C00
000078003C00
00007C007E00
00003E00FF80
3FFE1FE1FFC0
3FFE0FE1E3C0
3FFE0FE3C3C0
3FFE1FE1C3C0
03E03E0003C0
03C03C0003C0
07C0780003C0
0780780003C0
078078000780
07807C000F80
07C07E001F00
07C03F00FE00
03E07FFFFC00
03FFFFFFF800
01FFF3FFF800
00FFE0FF3800
003F80003800
0000003E3800
000000FFB800
000001FFF800
000003FFF800
000003E0F800
000003C07800
000007C07800
000007C07800
000007C03800
000007C07800
000007C07800
000003C07800
000003E0F800
000003FFF800
000001FFF800
000000FFB800
0000003E3800
ENDCHAR
STARTCHAR uni091A094D0930
ENCODING -1
SWIDTH 480 0
DWIDTH 26 0
BBX 28 35 -1 -1
BITMAP
FFFFFFF0
FFFFFFF0
FFFFFFF0
FFFFFFF0
00001E00
00001E00
00001E00
00001E00
00001E00
3FFE1E00
3FFE1E00
3FFE1E00
3FFE1E00
03F01E00
03C01E00
03C01E00
07801E00
07801E00
07801E00
07C01E00
07C03E00
03C03E00
03F0FE00
01FFFE00
00FFFE00
007F9E00
003F1E00
007E1E00
01F81E00
03F01E00
07E01E00
0F801E00
0F001E00
0E001E00
08000000
ENDCHAR
STARTCHAR uni091A094D0932
ENCODING -1
SWIDTH 928 0
DWIDTH 50 0
BBX 52 35 -1 -1
BITMAP
FFFFFFFFFFFFF0
FFFFFFFFFFFFF0
FFFFFFFFFFFFF0
FFFFFFFFFFFFF0
00000000001E00
00000000001E00
00000000001E00
00000000001E00
00000000001E00
00000000001E00
000000F8079E00
3FFE03FC1FFE00
3FFE07FE3FFE00
3FFE0FFF3FFE00
3FFE0F87787E00
03E01F03F03E00
03C01E03E03E00
03C01E03E01E00
07801E01E01E00
07801E01E01E00
07803E01E01E00
07803E01E01E00
07C03E01E01E00
07C03E01E01E00
03E0FE00001E00
03FFFE00001E00
01FFFE00001E00
00FFFF00001E00
003F8F80001E00
00000FC0001E00
000007F0001E00
000003FF801E00
000001FF801E00
000000FF801E00
0000001F801E00
ENDCHAR
STARTCHAR uni091A094D0072
ENCODING -1
SWIDTH 280 0
DWIDTH 15 0
BBX 23 35 -1 -1
BITMAP
FFFFE0
FFFFE0
FFFFE0
FFFFE0
000000
000000
000000
000000
000000
3FFE00
3FFE00
3FFE00
3FFE00
03E000
03C000
03C000
07C01E
07801E
07801E
07C01E
07C03E
03C03C
03F0FC
01FFF8
01FFF0
007FC0
001F80
003F00
00FC00
03F800
07E000
07C000
070000
060000
040000
ENDCHAR
STARTCHAR uni091B094D0928
ENCODING -1
SWIDTH 536 0
DWIDTH 29 0
BBX 30 44 -1 -10
BITMAP
FFFFFFFC
FFFFFFFC
FFFFFFFC
FFFFFFFC
0F000780
0F000780
1F000780
1F000780
0F000FC0
0F803FE0
07F87FF0
01F878F0
03F87870
07F87878
0F807878
0F000078
0F0000F0
1F0000F0
1F0001F0
1F0003E0
0F8007E0
0FE03FC0
07FFFF80
03FFFF80
01FFFF80
003FE780
00000780
00000780
00000780
00000780
00FFFF80
03FFFF80
03FFFF80
07FFFF80
078F0780
070F0780
070F0780
078F0780
07FF0780
03FE0780
03FC0780
00F80780
00000780
00000780
ENDCHAR
STARTCHAR uni091B094D092F
ENCODING -1
SWIDTH 1023 0
DWIDTH 55 0
BBX 57 34 -1 0
BITMAP
FFFFFFFFFFFFFF80
FFFFFFFFFFFFFF80
FFFFFFFFFFFFFF80
FFFFFFFFFFFFFF80
0F8000000000F000
0F0000000000F000
0F0000000000F000
1F0000000000F000
1F000FFFFC00F000
1F003FFFFE00F000
0F003FFFFF80F000
0F007FFFFF80F000
0F8078F00FC0F000
07F878F007C0F000
01F8787003C0F000
03F8007803C0F000
07F8007807C0F000
07C000780780F000
0F8000781F80F000
0F000070FF00F000
0F0000F0FE00F000
1F0000F0FC00F000
1F0000F0F000F000
1F0001F0F800F000
1F0003E0F801F000
0F8007C07801F000
0F800FC07C03F000
07E03F803F07F000
07FFFF003FFFF000
03FFFE001FFFF000
00FFF8000FFEF000
003FC00003F8F000
000000000000F000
000000000000F000
ENDCHAR
STARTCHAR uni091B094D0932
ENCODING -1
SWIDTH 1170 0
DWIDTH 63 0
BBX 65 35 -1 -1
BITMAP
FFFFFFFFFFFFFFFF80
FFFFFFFFFFFFFFFF80
FFFFFFFFFFFFFFFF80
FFFFFFFFFFFFFFFF80
0F800000000000F000
0F000000000000F000
0F000000000000F000
1F000000000000F000
1F000F80000000F000
1F003FE0000000F000
0F003FE007C07EF000
0F007FF01FF0FFF000
0F8078F03FF9FFF000
07F878F07C3BC3F000
01F87870781F81F000
03F80078F81F81F000
07F80078F01F00F000
07C00078F00F00F000
0F800078F00F00F000
0F000070F00F00F000
0F0000F0F00F00F000
1F0000F0F00F00F000
1F0000F0F00F00F000
1F0001E0F00F00F000
1F0003E0F00000F000
0F8007C0F00000F000
0F800FC0F80000F000
07E03F80F80000F000
07FFFF007C0000F000
03FFFE007E0000F000
00FFF8003F8000F000
003FC0001FFC00F000
000000000FFC00F000
0000000007FC00F000
0000000000FC00F000
ENDCHAR
STARTCHAR uni091B094D0935
ENCODING -1
SWIDTH 536 0
DWIDTH 29 0
BBX 30 44 -1 -10
BITMAP
FFFFFFFC
FFFFFFFC
FFFFFFFC
FFFFFFFC
0F000780
0F000780
1F000780
1F000780
0F000FC0
0F803FE0
07F87FF0
01F878F0
03F87870
07F87878
0F807878
0F000078
0F0000F0
1F0000F0
1F0001F0
1F0003E0
0F8007E0
0FE03FC0
07FFFF80
03FFFF00
01FFFF00
003FEF00
00000F00
000F8F00
003FEF00
007FFF00
007FFF00
00FC3F00
00F01F00
00F00F00
00F00F00
00F00F00
00F00F00
00F00F00
00F01F00
00FC3F00
007FFF00
007FFF00
003FEF00
000F8F00
ENDCHAR
STARTCHAR uni091C094D091C
ENCODING -1
SWIDTH 581 0
DWIDTH 31 0
BBX 33 39 -1 -5
BITMAP
FFFFFFFF80
FFFFFFFF80
FFFFFFFF80
FFFFFFFF80
000000F000
000000F000
000000F000
000000F000
000000F000
1E07FFF000
1E07FFF000
1E07FFF000
1E07FFF000
1E0780F000
1E0780F000
1E0780F000
1E0780F000
1E0780F000
1E0780F000
1F0F80F000
1FFF80F000
0FFF03F000
07FE0FF000
01F81FF000
00007FF000
0001FEF000
0007F8F000
1E07E0F000
1E0780F000
1E0780F000
1E0780F000
1E0780F000
1E0780F000
1E0780F000
1F0F800000
1FFF800000
0FFF000000
07FE000000
01F8000000
ENDCHAR
STARTCHAR uni091C094D091C094D
ENCODING -1
SWIDTH 353 0
DWIDTH 19 0
BBX 27 39 -1 -5
BITMAP
FFFFFC00
FFFFFC00
FFFFFC00
FFFFFC00
00000000
00000000
00000000
00000000
00000000
1E07FFE0
1E07FFE0
1E07FFE0
1E07FFE0
1E078000
1E078000
1E078000
1E078000
1E078000
1E078000
1F0F8000
1FFF8080
0FFF0380
07FE0F80
01F81F80
00007F80
0001FE00
0007F800
1E07E000
1E078000
1E078000
1E078000
1E078000
1E078000
1E078000
1F0F8000
1FFF8000
0FFF0000
07FE0000
01F80000
ENDCHAR
STARTCHAR uni091C094D091E
ENCODING -1
SWIDTH 583 0
DWIDTH 31 0
BBX 33 34 -1 0
BITMAP
FFFFFFFF80
FFFFFFFF80
FFFFFFFF80
FFFFFFFF80
000000F000
000000F000
000000F000
000000F000
000000F000
000000F000
000000F000
007FFFF000
007FFFF000
007FFFF000
007FFFF000
0003E0F000
0001F0F000
0000F0F000
0000F0F000
1E00F8F000
1E00F8F000
1E00F0F000
1E00F0F000
1F01F0F000
1F83F0F000
1FFFE0F000
1FFFC0F000
1FFF80F000
1E7E00F000
1E0000F000
1E0000F000
1E0000F000
1E0000F000
1E0000F000
ENDCHAR
STARTCHAR uni091C094D091E094D
ENCODING -1
SWIDTH 397 0
DWIDTH 21 0
BBX 28 34 -1 0
BITMAP
FFFFFFC0
FFFFFFC0
FFFFFFC0
FFFFFFC0
00000000
00000000
00000000
00000000
00000000
00000000
00000000
007FFFF0
007FFFF0
007FFFF0
007FFFF0
0003E000
0001F000
0000F000
0000F000
1E00F800
1E00F800
1E00F000
1E00F000
1F01F000
1F83F000
1FFFE000
1FFFC000
1FFF8000
1E7E0000
1E000000
1E000000
1E000000
1E000000
1E000000
ENDCHAR
STARTCHAR uni091C094D091E094D0930
ENCODING -1
SWIDTH 620 0
DWIDTH 33 0
BBX 35 37 -1 -3
BITMAP
FFFFFFFFE0
FFFFFFFFE0
FFFFFFFFE0
FFFFFFFFE0
0000003C00
0000003C00
0000003C00
0000003C00
0000003C00
0000003C00
0000003C00
007FFFFC00
007FFFFC00
007FFFFC00
007FFFFC00
0003E03C00
0001F03C00
0000F03C00
0000F03C00
1E00F83C00
1E00F83C00
1E00F03C00
1E00F03C00
1F01F03C00
1F83F07C00
1FFFE0FC00
1FFFC1FC00
1FFF83FC00
1E7E07FC00
1E001FBC00
1E003F3C00
1E007E3C00
1E00F83C00
1E00F03C00
0000E00000
0000C00000
0000800000
ENDCHAR
STARTCHAR uni091C094D091E094D0072
ENCODING -1
SWIDTH 392 0
DWIDTH 21 0
BBX 29 37 -1 -3
BITMAP
FFFFFFC0
FFFFFFC0
FFFFFFC0
FFFFFFC0
00000000
00000000
00000000
00000000
00000000
00000000
00000000
007FFFF0
007FFFF0
007FFFF0
007FFFF0
0003E000
0001F000
0000F000
0000F000
1E00F800
1E00F800
1E00F008
1E00F008
1F01F038
1F83F078
1FFFE0F8
1FFFC1F0
1FFF83E0
1E7E07C0
1E001F80
1E003E00
1E007C00
1E00F800
1E00F000
0000E000
0000C000
00008000
ENDCHAR
STARTCHAR uni091C094D0930
ENCODING -1
SWIDTH 576 0
DWIDTH 31 0
BBX 33 35 -1 -1
BITMAP
FFFFFFFF80
FFFFFFFF80
FFFFFFFF80
FFFFFFFF80
000000F000
000000F000
000000F000
000000F000
000000F000
3C07FFF000
3C07FFF000
3C07FFF000
3C07FFF000
3C0780F000
3C0780F000
3C0780F000
3C0780F000
3C0780F000
3C0780F000
3C0780F000
3E0F81F000
1F1F03F000
1FFF07F000
0FFE0FF000
0FFC1FF000
03F83EF000
0000FCF000
0001F8F000
0003F0F000
0007C0F000
000F80F000
000F00F000
000E00F000
000C00F000
0008000000
ENDCHAR
STARTCHAR uni091C094D0072
ENCODING -1
SWIDTH 348 0
DWIDTH 19 0
BBX 27 35 -1 -1
BITMAP
FFFFFE00
FFFFFE00
FFFFFE00
FFFFFE00
00000000
00000000
00000000
00000000
00000000
3C07FFE0
3C07FFE0
3C07FFE0
3C07FFE0
3C078000
3C078000
3C078000
3C078000
3C078000
3C078000
3C078080
3E0F8180
1F1F0380
1FFF0780
0FFE0F80
0FFC1F00
03F83E00
0000FC00
0001F800
0003E000
0007C000
000F8000
000F0000
000E0000
000C0000
00080000
ENDCHAR
STARTCHAR uni091D094D0930
ENCODING -1
SWIDTH 679 0
DWIDTH 37 0
BBX 38 38 -1 -4
BITMAP
FFFFFFFFFC
FFFFFFFFFC
FFFFFFFFFC
FFFFFFFFFC
0000F007C0
0000F007C0
0000F007C0
0000F007C0
0000F007C0
00FFF007C0
03FFF007C0
07FFF007C0
0FFFF007C0
0F800007C0
0F000007C0
0F000007C0
0F800007C0
0FFFFFFFC0
07FFFFFFC0
03FFFFFFC0
003FF007C0
0000F807C0
00007807C0
00007807C0
0F007807C0
0F807807C0
0F80F80FC0
0FC1F81FC0
0FFFF87FC0
0FFFF0FFC0
0FFFE1F7C0
0F3F83E7C0
0F0007C7C0
0F000787C0
0F000707C0
0F00060000
0F00040000
0000040000
ENDCHAR
STARTCHAR uni091D094D0072
ENCODING -1
SWIDTH 444 0
DWIDTH 24 0
BBX 33 38 -1 -4
BITMAP
FFFFFFF000
FFFFFFF000
FFFFFFF000
FFFFFFF000
0000F00000
0000F00000
0000F00000
0000F00000
0000F00000
00FFF00000
03FFF00000
07FFF00000
0FFFF00000
0F80000000
0F00000000
0F00000000
0F80000000
0FFFFFFE00
07FFFFFE00
03FFFFFE00
003FF00000
0000F80000
0000780080
0000780180
0F00780380
0F80780780
0F80F80F80
0FC1F83F00
0FFFF87E00
0FFFF0FC00
0FFFE1F800
0F3F83F000
0F0007E000
0F00078000
0F00070000
0F00060000
0F00040000
0000040000
ENDCHAR
STARTCHAR uni091E094D091A
ENCODING -1
SWIDTH 529 0
DWIDTH 29 0
BBX 30 44 -1 -10
BITMAP
FFFFFFFC
FFFFFFFC
FFFFFFFC
FFFFFFFC
000007C0
000007C0
000007C0
03F807C0
0FFE07C0
1FFF07C0
1FFF07C0
3E0F87C0
3E0787C0
0007FFC0
0007FFC0
0007FFC0
0007FFC0
3C0787C0
3E0787C0
3E0F87C0
1FFF07C0
1FFF07C0
0FFE07C0
03F807C0
000007C0
000007C0
000007C0
1FFF07C0
1FFF07C0
1FFF07C0
1FFF07C0
01F007C0
01E007C0
03E007C0
03E00780
03E00780
03E00F80
01F81F80
01FFFF80
00FFFF80
007FF780
000FC780
00000780
00000780
ENDCHAR
STARTCHAR uni091E094D091A094D
ENCODING -1
SWIDTH 321 0
DWIDTH 17 0
BBX 25 43 -1 -9
BITMAP
FFFFF800
FFFFF800
FFFFF800
FFFFF800
00000000
00000000
00000000
00000000
03F80000
0FFE0000
1FFF0000
1FFF0000
3E0F8000
3E078000
0007FE00
0007FE00
0007FE00
0007FE00
3C078000
3E078000
3F0F8000
1FFF0000
1FFF0000
07FE0000
03F80000
00000000
00000000
1FFF0000
1FFF0000
1FFF0000
1FFF0000
01F00000
01E00780
03E00780
03E00780
03E00780
03E00780
03E00F80
01F81F00
01FFFF00
00FFFE00
007FF800
000FE000
ENDCHAR
STARTCHAR uni091E094D091C
ENCODING -1
SWIDTH 529 0
DWIDTH 29 0
BBX 30 41 -1 -7
BITMAP
FFFFFFFC
FFFFFFFC
FFFFFFFC
FFFFFFFC
000007C0
000007C0
000007C0
000007C0
03F807C0
0FFE07C0
1FFF07C0
1FFF07C0
3E0F87C0
3E0787C0
0007FFC0
0007FFC0
0007FFC0
0007FFC0
3C0787C0
3E0787C0
3F0F87C0
1FFF07C0
1FFF07C0
07FE07C0
03F80FC0
00003FC0
0000FFC0
0001FFC0
1E07F7C0
1E07C7C0
1E0787C0
1E0787C0
1E0787C0
1E0787C0
1E078000
1E078000
1F0F8000
1FFF8000
0FFF0000
07FE0000
01F80000
ENDCHAR
STARTCHAR uni091E094D091C094D
ENCODING -1
SWIDTH 311 0
DWIDTH 17 0
BBX 25 41 -1 -7
BITMAP
FFFFFE00
FFFFFE00
FFFFFE00
FFFFFE00
00000000
00000000
00000000
00000000
03F80000
0FFE0000
1FFF0000
1FFF0000
3E0F8000
3E078000
0007FF00
0007FF00
0007FF00
0007FF00
3C078000
3E078000
3F0F8000
1FFF0080
1FFF0180
07FE0780
03F80F80
00003F80
0000FF00
0001FC00
1E07F000
1E07E000
1E078000
1E078000
1E078000
1E078000
1E078000
1E078000
1F0F8000
1FFF8000
0FFF0000
07FE0000
01F80000
ENDCHAR
STARTCHAR uni091E094D0930
ENCODING -1
SWIDTH 529 0
DWIDTH 29 0
BBX 30 35 -1 -1
BITMAP
FFFFFFFC
FFFFFFFC
FFFFFFFC
FFFFFFFC
000007C0
000007C0
000007C0
000007C0
03F807C0
0FFE07C0
1FFF07C0
1FFF07C0
3E1F87C0
3E0F87C0
000787C0
0007FFC0
0007FFC0
0007FFC0
0007FFC0
000787C0
3C0787C0
3E0F87C0
1FFF07C0
1FFF0FC0
0FFE1FC0
03F83FC0
00007FC0
0000FFC0
0001F7C0
0007E7C0
000FC7C0
000F87C0
000E07C0
000C07C0
00080000
ENDCHAR
STARTCHAR uni091E094D0072
ENCODING -1
SWIDTH 332 0
DWIDTH 18 0
BBX 25 35 -1 -1
BITMAP
FFFFFC00
FFFFFC00
FFFFFC00
FFFFFC00
00000000
00000000
00000000
00000000
03F80000
0FFE0000
1FFF0000
1FFF0000
3E1F8000
3E0F8000
00078000
0007FE00
0007FE00
0007FE00
0007FE00
00078000
3C078080
3E0F8180
1FFF0380
1FFF0780
0FFE1F00
03F83E00
00007C00
0000F800
0001F000
0003E000
000FC000
000F8000
000F0000
000E0000
000C0000
ENDCHAR
STARTCHAR uni091F094D091F
ENCODING -1
SWIDTH 408 0
DWIDTH 22 0
BBX 24 44 -1 -10
BITMAP
FFFFFF
FFFFFF
FFFFFF
FFFFFF
0001E0
0001E0
0001E0
0001E0
00FFE0
03FFE0
07FFE0
0FFFE0
0F8000
1F0000
1F0000
1E0000
1E007C
1E007C
1E007C
1F007C
1F0078
0FC1F8
0FFFF8
07FFF0
03FFE0
00FFE0
0001E0
00FFE0
03FFE0
07FFE0
0FFFE0
0FC000
1F0000
1E0000
1E0000
1E007C
1E007C
1E007C
1F0078
0F81F8
0FFFF8
07FFF0
03FFE0
00FF00
ENDCHAR
STARTCHAR uni091F094D091F094D092F
ENCODING -1
SWIDTH 905 0
DWIDTH 49 0
BBX 50 44 -1 -10
BITMAP
FFFFFFFFFFFFC0
FFFFFFFFFFFFC0
FFFFFFFFFFFFC0
FFFFFFFFFFFFC0
0001E000003C00
0001E000003C00
0001E000003C00
0001E000003C00
00FFFFFE003C00
03FFFFFF803C00
07FFFFFFC03C00
0FFFFFFFE03C00
0F800003E03C00
1F000001E03C00
1F000001E03C00
1E000001F03C00
1E007C01E03C00
1E007C01E03C00
1E007C07E03C00
1F007C7FC03C00
1F00787F803C00
0FC1F87F003C00
0FFFF83C003C00
07FFF03C007C00
03FFE03E007C00
00FFE03E007C00
0001E01F00FC00
00FFE01F83FC00
03FFE00FFFFC00
07FFE007FFBC00
0FFFE003FF3C00
0FC00000FC3C00
1F000000003C00
1E000000003C00
1E000000003C00
1E007C00000000
1E007C00000000
1E007C00000000
1F007C00000000
0F81F800000000
0FFFF800000000
07FFF000000000
03FFE000000000
00FF8000000000
ENDCHAR
STARTCHAR uni091F094D0920
ENCODING -1
SWIDTH 408 0
DWIDTH 22 0
BBX 24 44 -1 -10
BITMAP
FFFFFF
FFFFFF
FFFFFF
FFFFFF
0001E0
0001E0
0001E0
0001E0
00FFE0
03FFE0
07FFE0
0FFFE0
0F8000
1F0000
1F0000
1E0000
1E007C
1E007C
1E007C
1F007C
1F0078
0FC1F8
0FFFF8
07FFF0
03FFE0
00FFE0
0001E0
007FE0
03FFE0
07FFF8
0FFFFC
1F807C
1F003C
1E003E
1E001E
1E001E
1E001E
1E003E
1F003E
1FC0FC
0FFFFC
07FFF8
03FFF0
00FF80
ENDCHAR
STARTCHAR uni091F094D0920094D092F
ENCODING -1
SWIDTH 905 0
DWIDTH 49 0
BBX 50 44 -1 -10
BITMAP
FFFFFFFFFFFFC0
FFFFFFFFFFFFC0
FFFFFFFFFFFFC0
FFFFFFFFFFFFC0
0001E000003C00
0001E000003C00
0001E000003C00
0001E000003C00
00FFFFFE003C00
03FFFFFF803C00
07FFFFFFC03C00
0FFFFFFFE03C00
0F800003E03C00
1F000001E03C00
1F000001E03C00
1E000001F03C00
1E007C01E03C00
1E007C01E03C00
1E007C07E03C00
1F007C7FC03C00
1F00787F803C00
0FC1F87F003C00
0FFFF83C003C00
07FFF03C007C00
03FFE03E007C00
00FFE03E007C00
0001E01F00FC00
007FE01F83FC00
03FFE00FFFFC00
07FFF007FFBC00
0FFFF803FF3C00
1F807C00FC3C00
1F003C00003C00
1E003E00003C00
1E001E00003C00
1E001E00000000
1E001E00000000
1E003E00000000
1F003E00000000
1FC0FC00000000
0FFFFC00000000
07FFF800000000
03FFF000000000
00FF8000000000
ENDCHAR
STARTCHAR uni091F094D0922
ENCODING -1
SWIDTH 408 0
DWIDTH 22 0
BBX 24 42 -1 -8
BITMAP
FFFFFF
FFFFFF
FFFFFF
FFFFFF
0001E0
0001E0
0001E0
0001E0
0001E0
00FFE0
03FFE0
07FFE0
0FFFE0
0FC000
1F0000
1F0000
1E0000
1E007C
1E007C
1E007C
1F0078
0F81F8
0FFFF8
07FFF0
07FFE0
0FFF00
0FC000
1F0000
1F0FC0
1E1FF0
1E3FF8
1E7FF8
1E787C
1E703C
1E703C
1F703C
0F703C
0FF878
07FFF8
03FFF0
01FFE0
007F80
ENDCHAR
STARTCHAR uni091F094D0922094D092F
ENCODING -1
SWIDTH 894 0
DWIDTH 48 0
BBX 50 42 -1 -8
BITMAP
FFFFFFFFFFFFC0
FFFFFFFFFFFFC0
FFFFFFFFFFFFC0
FFFFFFFFFFFFC0
0001E000007800
0001E000007800
0001E000007800
0001E000007800
0001E000007800
00FFFFFE007800
03FFFFFF807800
07FFFFFFC07800
0FFFFFFFC07800
0FC00007E07800
1F000003E07800
1F000001E07800
1E000001E07800
1E007C03E07800
1E007C07C07800
1E007C7FC07800
1F00787F807800
0F81F87F007800
0FFFF878007800
07FFF07C007800
07FFE07C007800
0FFF003C00F800
0FC0003E01F800
1F00001F83F800
1F0FC01FFFF800
1E1FF00FFF7800
1E3FF807FE7800
1E7FF801FC7800
1E787C00007800
1E703C00007800
1E703C00000000
1F703C00000000
0F703C00000000
0FF87800000000
07FFF800000000
03FFF000000000
01FFE000000000
007F8000000000
ENDCHAR
STARTCHAR uni091F094D0924094D0930
ENCODING -1
SWIDTH 408 0
DWIDTH 22 0
BBX 24 44 -1 -10
BITMAP
FFFFFF
FFFFFF
FFFFFF
FFFFFF
0001E0
0001E0
0001E0
0001E0
00FFE0
03FFE0
07FFE0
0FFFE0
0FC000
1F0000
1F0000
1E0000
1E007C
1E007C
1E007C
1F0078
0F81F8
0FFFF8
07FFF0
03FFE0
00FFE0
0001E0
0001E0
03E1E0
07F1E0
07F9E0
07FDE0
083FE0
001FE0
000FE0
0007E0
0003E0
000FE0
003FE0
00FFE0
03F9E0
07E1E0
0781E0
0601E0
0001E0
ENDCHAR
STARTCHAR uni091F094D0928
ENCODING -1
SWIDTH 428 0
DWIDTH 23 0
BBX 25 44 -1 -10
BITMAP
FFFFFF80
FFFFFF80
FFFFFF80
FFFFFF80
0000F000
0000F000
0000F000
0000F000
007FF000
01FFF000
03FFF000
07FFF000
07E00000
0F800000
0F800000
0F000000
0F003E00
0F003E00
0F803E00
0F803E00
07E0FC00
07FFFC00
03FFF800
01FFF800
003FF800
00007800
00007800
00007800
00007800
00007800
03FFF800
07FFF800
0FFFF800
0FFFF800
1F1E7800
1E1E7800
1E1C7800
1E3C7800
0FFC7800
0FFC7800
07F87800
03E07800
00007800
00007800
ENDCHAR
STARTCHAR uni091F094D092F
ENCODING -1
SWIDTH 905 0
DWIDTH 49 0
BBX 50 34 -1 0
BITMAP
FFFFFFFFFFFFC0
FFFFFFFFFFFFC0
FFFFFFFFFFFFC0
FFFFFFFFFFFFC0
0001E000003C00
0001E000003C00
0001E000003C00
0001E000003C00
0001E000003C00
007FFFFE003C00
01FFFFFF803C00
03FFFFFFC03C00
07FFFFFFE03C00
0FC00003E03C00
0F800001E03C00
0F000001F03C00
1F000001E03C00
1E000001E03C00
1E000003E03C00
1E00000FE03C00
1E00007FC03C00
1E007C7F803C00
1E007C7E003C00
1E007C3C007C00
1F007C3C007C00
1F00783E007C00
0F80F83F00FC00
0FC1F81F83FC00
07FFF00FFFFC00
03FFF007FFBC00
01FFC003FF3C00
007F0000FC3C00
00000000003C00
00000000003C00
ENDCHAR
STARTCHAR uni091F094D0935
ENCODING -1
SWIDTH 408 0
DWIDTH 22 0
BBX 24 44 -1 -10
BITMAP
FFFFFF
FFFFFF
FFFFFF
FFFFFF
0001E0
0001E0
0001E0
0001E0
00FFE0
03FFE0
07FFE0
0FFFE0
0FC000
1F0000
1F0000
1E0000
1E007C
1E007C
1E007C
1F0078
0F81F8
0FFFF8
07FFF0
03FFE0
00FFE0
0001E0
0001E0
01F1E0
07FDE0
0FFFE0
1FFFE0
1F07E0
1E03E0
1E03E0
3E01E0
3E01E0
3E01E0
1E03E0
1E03E0
1F07E0
1FFFE0
0FFFE0
07FDE0
01F1E0
ENDCHAR
STARTCHAR uni0920094D0920
ENCODING -1
SWIDTH 436 0
DWIDTH 24 0
BBX 25 44 -1 -10
BITMAP
FFFFFF80
FFFFFF80
FFFFFF80
FFFFFF80
0001E000
0001E000
0001E000
0001E000
007FE000
03FFE000
07FFF000
0FFFF800
0FC07C00
1F003C00
1E003E00
1E001E00
1E001E00
1E001E00
1E001E00
1E003E00
1F003C00
0FC0FC00
0FFFF800
07FFF800
03FFE000
007FE000
0001E000
007FE000
03FFE000
07FFF800
0FFFFC00
1F807C00
1F003C00
1E003E00
1E001E00
1E001E00
1E001E00
1E003E00
1F003E00
1FC0FC00
0FFFFC00
07FFF800
03FFF000
00FF8000
ENDCHAR
STARTCHAR uni0920094D0920094D092F
ENCODING -1
SWIDTH 922 0
DWIDTH 50 0
BBX 51 44 -1 -10
BITMAP
FFFFFFFFFFFFE0
FFFFFFFFFFFFE0
FFFFFFFFFFFFE0
FFFFFFFFFFFFE0
0001E000001E00
0001E000001E00
0001E000001E00
0001E000001E00
007FFFFF001E00
03FFFFFFC01E00
07FFFFFFE01E00
0FFFFFFFF01E00
0FC07C01F01E00
1F003C00F01E00
1E003E00F01E00
1E001E00F01E00
1E001E00F01E00
1E001E01F01E00
1E001E03F01E00
1E003E3FE01E00
1F003C3FC01E00
0FC0FC3F801E00
0FFFFC1E001E00
07FFF81E003E00
03FFE01E003E00
007FE01F003E00
0001E00F807E00
007FE00FC1FE00
03FFE007FFFE00
07FFF003FFDE00
0FFFF801FF9E00
1F807C007E1E00
1F003C00001E00
1E003E00001E00
1E001E00001E00
1E001E00000000
1E001E00000000
1E003E00000000
1F003E00000000
1FC0FC00000000
0FFFFC00000000
07FFF800000000
03FFF000000000
00FF8000000000
ENDCHAR
STARTCHAR uni0920094D0928
ENCODING -1
SWIDTH 436 0
DWIDTH 24 0
BBX 25 44 -1 -10
BITMAP
FFFFFF80
FFFFFF80
FFFFFF80
FFFFFF80
0001E000
0001E000
0001E000
0001E000
007FE000
03FFE000
07FFF800
0FFFFC00
1F807C00
1F003E00
1E003E00
1E001E00
1E001E00
1E001E00
1E003E00
1F003C00
1FC0FC00
0FFFF800
07FFF800
03FFF800
00FFF800
00007800
00007800
00007800
00007800
00007800
03FFF800
0FFFF800
0FFFF800
1FFFF800
1E3C7800
1C3C7800
1C3C7800
1E3C7800
1FFC7800
0FF87800
0FF07800
03E07800
00007800
00007800
ENDCHAR
STARTCHAR uni0920094D092F
ENCODING -1
SWIDTH 943 0
DWIDTH 51 0
BBX 53 34 -1 0
BITMAP
FFFFFFFFFFFFF8
FFFFFFFFFFFFF8
FFFFFFFFFFFFF8
FFFFFFFFFFFFF8
0001E000000F00
0001E000000F00
0001E000000F00
0001E000000F00
0001E000000F00
007FFFFF800F00
01FFFFFFE00F00
03FFFFFFF00F00
07FFFFFFF80F00
0FC07800F80F00
0F807C00780F00
1F003C007C0F00
1E003C007C0F00
1E003E00780F00
1E001E00F80F00
1E001E03F80F00
1E001E1FF00F00
1E001E1FE00F00
1E001E0F800F00
1E003E0F001F00
1E003E0F801F00
1F003C0F801F00
0F807C07C03F00
0FC0FC07E07F00
07FFF803FFFF00
03FFF001FFEF00
01FFE000FFCF00
007F80003F0F00
00000000000F00
00000000000F00
ENDCHAR
STARTCHAR uni0920094D0935
ENCODING -1
SWIDTH 436 0
DWIDTH 24 0
BBX 25 44 -1 -10
BITMAP
FFFFFF80
FFFFFF80
FFFFFF80
FFFFFF80
0001E000
0001E000
0001E000
0001E000
007FE000
03FFE000
07FFF800
0FFFFC00
1F807C00
1F003C00
1E003E00
1E001E00
1E001E00
1E001E00
1E003E00
1F003E00
1FC0FC00
0FFFFC00
07FFF800
03FFF000
00FFF000
0000F000
0000F000
00FCF000
01FEF000
03FFF000
07FFF000
07C3F000
0F80F000
0F00F000
0F00F000
0F00F000
0F00F000
0F00F000
0F80F000
07C3F000
07FFF000
03FFF000
01FEF000
00FCF000
ENDCHAR
STARTCHAR uni0921094D0918
ENCODING -1
SWIDTH 528 0
DWIDTH 29 0
BBX 30 44 -1 -10
BITMAP
FFFFFFFC
FFFFFFFC
FFFFFFFC
FFFFFFFC
00001E00
00001E00
00001E00
00001E00
00FFFE00
03FFFE00
07FFFE00
0FFFFE00
0F800000
0F000000
0F000000
0F800000
0FFFFE00
07FFFF00
07FFFF80
01FFFFC0
000007C0
1E0003C0
1F0007C0
1FC00FC0
0FFFFF80
07FFFF00
01FFFF00
03FFFF00
03C00F00
03C00F00
03E00F00
01FE0F00
00FE0F00
007E0F00
00FE0F00
01E00F00
01E00F00
03C01F00
03E01F00
03F03F00
01FFFF00
01FFFF00
007FEF00
001F8F00
ENDCHAR
STARTCHAR uni0921094D091F
ENCODING -1
SWIDTH 508 0
DWIDTH 27 0
BBX 29 44 -1 -10
BITMAP
FFFFFFF8
FFFFFFF8
FFFFFFF8
FFFFFFF8
00001E00
00001E00
00001E00
00001E00
00FFFE00
03FFFE00
07FFFE00
0FFFFE00
0F800000
0F000000
0F800000
0FFFFE00
07FFFF00
07FFFF80
01FFFFC0
000007C0
1E0003C0
1F0007C0
1FC00FC0
0FFFFF80
07FFFF00
03FFFC00
007FF800
00007800
003FF800
00FFF800
01FFF800
03FFF800
03E00000
07C00000
07800000
07800000
07801F00
07801F00
07C01F00
07E03E00
03FFFE00
01FFFC00
00FFF800
003FE000
ENDCHAR
STARTCHAR uni0921094D091F094D092F
ENCODING -1
SWIDTH 984 0
DWIDTH 53 0
BBX 55 44 -1 -10
BITMAP
FFFFFFFFFFFFFE
FFFFFFFFFFFFFE
FFFFFFFFFFFFFE
FFFFFFFFFFFFFE
00001E000003C0
00001E000003C0
00001E000003C0
00001E000003C0
00FFFFFFE003C0
03FFFFFFF803C0
07FFFFFFFC03C0
0FFFFFFFFE03C0
0F8000003E03C0
0F0000001F03C0
0F8000001F03C0
0FFFFE001F03C0
07FFFF001F03C0
07FFFF801E03C0
01FFFFC03E03C0
000007C3FC03C0
1E0003C3F803C0
1F0007C3F003C0
1FC00FC3C003C0
0FFFFF83E007C0
07FFFF03E007C0
03FFFC01F00FC0
007FF801F81FC0
00007800FFFFC0
003FF8007FFFC0
00FFF8003FFBC0
01FFF8000FE3C0
03FFF8000003C0
03E000000003C0
07C000000003C0
07800000000000
07800000000000
07801F00000000
07801F00000000
07C01F00000000
07E03E00000000
03FFFE00000000
01FFFC00000000
00FFF800000000
003FE000000000
ENDCHAR
STARTCHAR uni0921094D0921
ENCODING -1
SWIDTH 508 0
DWIDTH 27 0
BBX 29 44 -1 -10
BITMAP
FFFFFFF8
FFFFFFF8
FFFFFFF8
FFFFFFF8
00001E00
00001E00
00001E00
00001E00
00FFFE00
03FFFE00
07FFFE00
0FFFFE00
0F800000
0F000000
0F800000
0FFFFE00
07FFFF00
07FFFF80
01FFFFC0
000007C0
1E0003C0
1E0003C0
1F0007C0
1FE01F80
0FFFFF80
07FFFF00
03FFFC00
03FFE000
07C00000
07800000
07C00000
07FFFE00
03FFFF00
03FFFF80
00FFFFC0
000007C0
1E0003C0
1E0003C0
1F0007C0
1FE01F80
0FFFFF80
07FFFF00
01FFFC00
003FE000
ENDCHAR
STARTCHAR uni0921094D0921094D092F
ENCODING -1
SWIDTH 994 0
DWIDTH 54 0
BBX 55 44 -1 -10
BITMAP
FFFFFFFFFFFFFE
FFFFFFFFFFFFFE
FFFFFFFFFFFFFE
FFFFFFFFFFFFFE
00001E000003E0
00001E000003E0
00001E000003E0
00001E000003E0
00FFFFFFF003E0
03FFFFFFFC03E0
07FFFFFFFE03E0
0FFFFFFFFF03E0
0F8000001F03E0
0F0000000F03E0
0F8000000F03E0
0FFFFE000F03E0
07FFFF000F03E0
07FFFF801F03E0
01FFFFC07E03E0
000007C3FE03E0
1E0003C3FC03E0
1E0003C3F003E0
1F0007C3E003E0
0FE01F81E003E0
0FFFFF81F003E0
03FFFF01F807E0
03FFFC00FC1FE0
07FFE000FFFFE0
07C000007FFFE0
078000001FFBE0
07C0000007E3E0
07FFFE000003E0
03FFFF000003E0
01FFFF800003E0
00FFFFC0000000
000007C0000000
1E0003C0000000
1E0003C0000000
1F0007C0000000
1FE01F80000000
0FFFFF80000000
07FFFF00000000
01FFFC00000000
003FE000000000
ENDCHAR
STARTCHAR uni0921094D0922
ENCODING -1
SWIDTH 508 0
DWIDTH 27 0
BBX 29 44 -1 -10
BITMAP
FFFFFFF8
FFFFFFF8
FFFFFFF8
FFFFFFF8
00001E00
00001E00
00001E00
00001E00
00001E00
007FFE00
01FFFE00
03FFFE00
07FFFE00
07C00000
07800000
07C00000
07FFFE00
03FFFF00
03FFFF80
00FFFFC0
000007C0
1E0003C0
1E0003C0
1F0007C0
1FE01F80
0FFFFF80
07FFFF00
01FFFC00
01FFE000
03F00000
03C1F800
07C7FC00
078FFE00
078FFF00
079E1F00
079E0F00
07DC0F00
03DC0F00
03FE0F00
03FE1F00
01FFFE00
00FFFC00
007FF800
000FE000
ENDCHAR
STARTCHAR uni0921094D0922094D092F
ENCODING -1
SWIDTH 994 0
DWIDTH 54 0
BBX 55 44 -1 -10
BITMAP
FFFFFFFFFFFFFE
FFFFFFFFFFFFFE
FFFFFFFFFFFFFE
FFFFFFFFFFFFFE
00001E000003E0
00001E000003E0
00001E000003E0
00001E000003E0
00001E000003E0
007FFFFFF003E0
01FFFFFFFC03E0
03FFFFFFFE03E0
07FFFFFFFF03E0
07C000001F03E0
078000000F03E0
07C000000F03E0
07FFFE000F03E0
03FFFF000F03E0
03FFFF801F03E0
00FFFFC07E03E0
000007C3FE03E0
1E0003C3FC03E0
1E0003C3F003E0
1F0007C3E003E0
0FE01F81E003E0
0FFFFF81F007E0
03FFFF01F807E0
01FFFC00FC1FE0
03FFE000FFFFE0
03F000007FFFE0
03C000001FFBE0
07C3F80007E3E0
0787FC000003E0
078FFE000003E0
079FFF000003E0
079E1F00000000
07DC0F00000000
03DC0F00000000
03FC0F00000000
03FE1F00000000
01FFFE00000000
00FFFE00000000
007FF800000000
000FE000000000
ENDCHAR
STARTCHAR uni0921094D0928
ENCODING -1
SWIDTH 528 0
DWIDTH 29 0
BBX 30 44 -1 -10
BITMAP
FFFFFFFC
FFFFFFFC
FFFFFFFC
FFFFFFFC
00001E00
00001E00
00001E00
00001E00
00FFFE00
03FFFE00
07FFFE00
0FFFFE00
0F800000
0F000000
0F000000
0F800000
0FFFFE00
07FFFF00
07FFFF80
01FFFFC0
000007C0
1E0003C0
1F0007C0
1FC00FC0
0FFFFF80
07FFFF00
03FFFF00
007FFF00
00000F00
00000F00
00000F00
01FFFF00
03FFFF00
07FFFF00
0FFFFF00
0F1E0F00
0F1E0F00
0F1E0F00
0F1E0F00
0FFE0F00
07FC0F00
07F80F00
01F00F00
00000F00
ENDCHAR
STARTCHAR uni0921094D092D
ENCODING -1
SWIDTH 528 0
DWIDTH 29 0
BBX 30 45 -1 -11
BITMAP
FFFFFFFC
FFFFFFFC
FFFFFFFC
FFFFFFFC
00001E00
00001E00
00001E00
00001E00
00FFFE00
03FFFE00
07FFFE00
0FFFFE00
0F800000
0F000000
0F000000
0F800000
0FFFFE00
07FFFF00
07FFFF80
01FFFFC0
000007C0
1E0003C0
1F0007C0
1FC00FC0
0FFFFF80
07FFFF00
01FFFF00
03FFFF00
07F80F00
0FFC0F00
0F3C0F00
0F1C0F00
001C0F00
001C0F00
001C0F00
03FFFF00
07FFFF00
0FFFFF00
0F1C0F00
0E1C0F00
0E1C0F00
0F3C0F00
0FFC0F00
07F80F00
03E00000
ENDCHAR
STARTCHAR uni0921094D092E
ENCODING -1
SWIDTH 973 0
DWIDTH 53 0
BBX 54 34 -1 0
BITMAP
FFFFFFFFFFFFFC
FFFFFFFFFFFFFC
FFFFFFFFFFFFFC
FFFFFFFFFFFFFC
0000F000000780
0000F000000780
0000F000000780
0000F000000780
0000F000000780
00FFFFFFC00780
03FFFFFFE00780
07FFFFFFF00780
0FFFFFFFF80780
0F800000F80780
0F000000780780
0F000000780780
0F000000780780
0F800000780780
0FFF800FFFFF80
07FFE03FFFFF80
03FFF07FFFFF80
00FFF07FFFFF80
0001F8F8780780
000078F0780780
000078F0780780
1E0078F0780780
1E0078F8F80780
1F00787FF80780
1F00F87FF00780
0FC1F83FE00780
0FFFF00FC00780
07FFE000000780
03FFC000000780
00FF0000000780
ENDCHAR
STARTCHAR uni0921094D092F
ENCODING -1
SWIDTH 888 0
DWIDTH 48 0
BBX 49 34 -1 0
BITMAP
FFFFFFFFFFFF80
FFFFFFFFFFFF80
FFFFFFFFFFFF80
FFFFFFFFFFFF80
0000F000007800
0000F000007800
0000F000007800
0000F000007800
0000F000007800
00FFFFFC007800
03FFFFFF007800
07FFFFFF807800
0FFFFFFFC07800
0F800007C07800
0F000003E07800
0F000003E07800
0F000003E07800
0F800003C07800
0FFF800FC07800
07FFE0FFC07800
03FFF0FF807800
00FFF07E007800
0001F878007800
0000787800F800
0000787C00F800
1E00787C00F800
1E00783E01F800
1F00783F03F800
1F00F81FFFF800
0FC1F80FFF7800
0FFFF007FE7800
07FFE001F87800
03FFC000007800
00FF0000007800
ENDCHAR
STARTCHAR uni0921094D0935
ENCODING -1
SWIDTH 528 0
DWIDTH 29 0
BBX 30 44 -1 -10
BITMAP
FFFFFFFC
FFFFFFFC
FFFFFFFC
FFFFFFFC
00001E00
00001E00
00001E00
00001E00
00FFFE00
03FFFE00
07FFFE00
0FFFFE00
0F800000
0F000000
0F000000
0F800000
0FFFFE00
07FFFF00
07FFFF80
01FFFFC0
000007C0
1E0003C0
1F0007C0
1FC00FC0
0FFFFF80
07FFFF00
03FFFE00
007FFE00
00001E00
001F1E00
007FDE00
00FFFE00
01FFFE00
01F07E00
01E03E00
03E01E00
03E01E00
03E01E00
01E03E00
01F07E00
01FFFE00
00FFFE00
007FDE00
001F1E00
ENDCHAR
STARTCHAR uni0922094D0922
ENCODING -1
SWIDTH 470 0
DWIDTH 25 0
BBX 27 44 -1 -10
BITMAP
FFFFFFE0
FFFFFFE0
FFFFFFE0
FFFFFFE0
0001E000
0001E000
0001E000
0001E000
007FE000
03FFE000
07FFE000
07FFE000
0FC00000
0F000000
1F000000
1E0FE000
1E1FF000
1E3FF800
1E7FFC00
1E787C00
1E703C00
0F703C00
0F703C00
0FF87C00
07FFF800
03FFF000
03FFE000
07FF8000
0FC00000
0F000000
1F000000
1E0FE000
1E1FF000
1E3FF800
1E7FFC00
1E787C00
1E703C00
1F703C00
0F703C00
0FF87C00
07FFF800
03FFF000
01FFE000
007F8000
ENDCHAR
STARTCHAR uni0922094D0922094D092F
ENCODING -1
SWIDTH 926 0
DWIDTH 50 0
BBX 52 44 -1 -10
BITMAP
FFFFFFFFFFFFF0
FFFFFFFFFFFFF0
FFFFFFFFFFFFF0
FFFFFFFFFFFFF0
0001E000001E00
0001E000001E00
0001E000001E00
0001E000001E00
007FFFFF001E00
03FFFFFFC01E00
07FFFFFFE01E00
07FFFFFFF01E00
0FC00001F01E00
0F000000F01E00
1F000000F81E00
1E0FE000F81E00
1E1FF000F01E00
1E3FF800F01E00
1E7FFC01F01E00
1E787C1FE01E00
1E703C3FC01E00
1F703C1F801E00
0F703C1E001E00
0FF87C1E001E00
07FFF81F003E00
03FFF01F003E00
03FFE00F807E00
07FF800FE0FE00
0FC00007FFFE00
0F000003FFDE00
1F000001FF9E00
1E0FE0007E1E00
1E1FF000001E00
1E3FF800001E00
1E7FFC00001E00
1E787C00000000
1E703C00000000
1F703C00000000
0F703C00000000
0FF87C00000000
07FFF800000000
03FFF000000000
01FFE000000000
007F8000000000
ENDCHAR
STARTCHAR uni0922094D0928
ENCODING -1
SWIDTH 470 0
DWIDTH 25 0
BBX 27 44 -1 -10
BITMAP
FFFFFFE0
FFFFFFE0
FFFFFFE0
FFFFFFE0
0001E000
0001E000
0001E000
0001E000
007FE000
03FFE000
07FFE000
07FFE000
0FC00000
0F000000
1F0FC000
1E1FF000
1E3FF800
1E7FFC00
1E787C00
1E703C00
1E703C00
1F703C00
0FF03C00
0FF87C00
07FFF800
03FFF800
01FFF800
007FF800
00007800
00007800
00007800
07FFF800
0FFFF800
1FFFF800
3FFFF800
3C387800
3C387800
3C387800
3C787800
3FF87800
1FF07800
0FF07800
07C07800
00007800
ENDCHAR
STARTCHAR uni0922094D092F
ENCODING -1
SWIDTH 911 0
DWIDTH 49 0
BBX 51 34 -1 0
BITMAP
FFFFFFFFFFFFE0
FFFFFFFFFFFFE0
FFFFFFFFFFFFE0
FFFFFFFFFFFFE0
0001E000003C00
0001E000003C00
0001E000003C00
0001E000003C00
0001E000003C00
007FFFFE003C00
01FFFFFF803C00
03FFFFFFC03C00
07FFFFFFE03C00
0FC00003E03C00
0F800001F03C00
1F000001F03C00
1F000000F03C00
1E000001F03C00
1E0FC001E03C00
1E1FF007E03C00
1E3FF83FC03C00
1E7FFC3F803C00
1E787C3F003C00
1E703C3C003C00
1F703C3E007C00
0F703C3E007C00
0FF03C1F00FC00
07F87C1FC1FC00
07FFF80FFFFC00
03FFF007FFFC00
00FFE003FFBC00
003F8000FE3C00
00000000003C00
00000000003C00
ENDCHAR
STARTCHAR uni0922094D0935
ENCODING -1
SWIDTH 470 0
DWIDTH 25 0
BBX 27 44 -1 -10
BITMAP
FFFFFFE0
FFFFFFE0
FFFFFFE0
FFFFFFE0
0001E000
0001E000
0001E000
0001E000
007FE000
03FFE000
07FFE000
07FFE000
0FC00000
0F000000
1F0FC000
1E1FF000
1E3FF800
1E7FFC00
1E787C00
1E703C00
1E703C00
1F703C00
0FF03C00
0FF87C00
07FFF800
03FFF000
01FFF000
007FF000
0000F000
00FCF000
03FEF000
07FFF000
07FFF000
0FC1F000
0F80F000
0F00F000
0F00F000
0F00F000
0F80F000
0FC1F000
07FFF000
07FFF000
03FEF000
00FCF000
ENDCHAR
STARTCHAR uni0923094D0930
ENCODING -1
SWIDTH 660 0
DWIDTH 36 0
BBX 37 35 -1 -1
BITMAP
FFFFFFFFF8
FFFFFFFFF8
FFFFFFFFF8
FFFFFFFFF8
0F00F80F80
0F00F80F80
0F00F80F80
0F00F80F80
0F00F80F80
0F00F80F80
0F00F80F80
0F00F80F80
0F00F80F80
0F00F80F80
0F00F80F80
0F00F80F80
0F00F80F80
0F00F80F80
0F00F80F80
0F00F80F80
0F00F00F80
0F80F00F80
07C3F01F80
07FFE03F80
03FFE07F80
01FFC0FF80
007F01FF80
000007EF80
00000FCF80
00001F0F80
00003E0F80
00003C0F80
0000380F80
0000300F80
0000200000
ENDCHAR
STARTCHAR uni0923094D0072
ENCODING -1
SWIDTH 449 0
DWIDTH 24 0
BBX 31 35 -1 -1
BITMAP
FFFFFFF0
FFFFFFF0
FFFFFFF0
FFFFFFF0
0F00F800
0F00F800
0F00F800
0F00F800
0F00F800
0F00F800
0F00F800
0F00F800
0F00F800
0F00F800
0F00F800
0F00F800
0F00F800
0F00F800
0F00F800
0F00F802
0F00F002
0F80F00E
07C3F01E
07FFE03E
03FFE07C
01FFC0F8
007F01F0
000007E0
00000FC0
00001F80
00003E00
00003C00
00003800
00003000
00002000
ENDCHAR
STARTCHAR uni0924094D0924
ENCODING -1
SWIDTH 509 0
DWIDTH 27 0
BBX 29 34 -1 0
BITMAP
FFFFFFF8
FFFFFFF8
FFFFFFF8
FFFFFFF8
00000F00
00000F00
00000F00
00000F00
00000F00
00000F00
00000F00
3FFFFF00
3FFFFF00
3FFFFF00
3FFFFF00
01F00F00
03E00F00
03C00F00
03C00F00
03C00F00
07C00F00
03C00F00
03C00F00
03C00F00
03C00F00
03E00F00
01E00F00
01E00F00
00F00F00
00F00F00
00F80F00
00780F00
007C0F00
003E0F00
ENDCHAR
STARTCHAR uni0924094D0924094D
ENCODING -1
SWIDTH 320 0
DWIDTH 17 0
BBX 24 34 -1 0
BITMAP
FFFFFC
FFFFFC
FFFFFC
FFFFFC
000000
000000
000000
000000
000000
000000
000000
3FFFFF
3FFFFF
3FFFFF
3FFFFF
01F000
03E000
03C000
03C000
03C000
07C000
03C000
03C000
03C000
03C000
03E000
01E000
01E000
00F000
00F000
00F800
007800
007C00
003E00
ENDCHAR
STARTCHAR uni0924094D0930
ENCODING -1
SWIDTH 444 0
DWIDTH 24 0
BBX 26 34 -1 0
BITMAP
FFFFFFC0
FFFFFFC0
FFFFFFC0
FFFFFFC0
00007800
00007800
00007800
00007800
00007800
00007800
07F07800
0FF87800
0FFE7800
0FFE7800
083F7800
000FF800
0007F800
0003F800
0003F800
0001F800
0000F800
0003F800
0007F800
001FF800
007FF800
01FE7800
03F87800
07F07800
07C07800
07007800
04007800
00007800
00007800
00007800
ENDCHAR
STARTCHAR uni0924094D0072
ENCODING -1
SWIDTH 219 0
DWIDTH 12 0
BBX 19 31 -1 3
BITMAP
FFFF80
FFFF80
FFFF80
FFFF80
000000
000000
000000
000000
000000
000000
07F000
0FFC00
0FFE00
0FFF00
083F00
000F80
0007C0
0003C0
0003E0
0001E0
0000E0
0003E0
000FE0
001FC0
007F00
01FE00
07F800
07E000
078000
070000
040000
ENDCHAR
STARTCHAR uni0925094D0930
ENCODING -1
SWIDTH 547 0
DWIDTH 30 0
BBX 28 36 2 -1
BITMAP
0FC00000
1FF1FFF0
3FF9FFF0
7FFDFFF0
7C7DFFF0
783E1E00
F83E1E00
F81E1E00
F81E1E00
001E1E00
001E1E00
003C1E00
003C1E00
007C1E00
00F81E00
03F01E00
3FF01E00
3FC01E00
3F801E00
1E001E00
1F003E00
1F007E00
0FC0FE00
07FFFE00
03FFFE00
01FFDE00
001F9E00
003F1E00
00FC1E00
01F81E00
07E01E00
0FC01E00
0F801E00
0E001E00
0C001E00
08000000
ENDCHAR
STARTCHAR uni0925094D0072
ENCODING -1
SWIDTH 339 0
DWIDTH 18 0
BBX 23 35 2 0
BITMAP
0FC000
1FF000
3FF800
7FFC00
7C7C00
783E00
F83E00
F81E00
781E00
001E00
003E00
003C00
003C00
007C00
01F800
0FF000
3FE01E
3F801E
3E001C
1E001C
1F003C
0F807C
0FFFF8
07FFF0
03FFE0
007FC0
003F00
007E00
01FC00
03F000
07E000
0F8000
0F0000
0E0000
080000
ENDCHAR
STARTCHAR uni0926094D0917
ENCODING -1
SWIDTH 508 0
DWIDTH 27 0
BBX 29 40 -1 -6
BITMAP
FFFFFFF8
FFFFFFF8
FFFFFFF8
FFFFFFF8
00001E00
00001E00
00001E00
00001E00
00001E00
000FFE00
003FFE00
007FFE00
00FFFE00
01F80000
01F00000
01E00000
03E00000
03E00000
03E00000
03E00F00
03E00F00
01E00780
01F00780
01F81F80
00FFFF80
007FFFC0
003FFFC0
003FE3C0
003C03C0
03FC03E0
0FFC01E0
0FFC01E0
1FFC01E0
1E3C00F0
1E3C00F0
1E3C00F0
1FFC00F0
0FF80078
0FF00078
03E00000
ENDCHAR
STARTCHAR uni0926094D09170941
ENCODING -1
SWIDTH 508 0
DWIDTH 27 0
BBX 33 51 -1 -17
BITMAP
FFFFFFF800
FFFFFFF800
FFFFFFF800
FFFFFFF800
00001E0000
00001E0000
00001E0000
00001E0000
00001E0000
000FFE0000
003FFE0000
007FFE0000
00FFFE0000
01F8000000
01F0000000
01E0000000
03E0000000
03E0000000
03E0000000
03E00F0000
03E00F0000
01E0078000
01F0078000
01F81F8000
00FFFF8000
007FFFC000
003FFFC000
003FE3C000
003C03C000
03FC03E000
0FFC01E000
0FFC01E000
1FFC01E000
1E3C00F000
1E3C00F000
1E3C00F000
1FFC00F000
0FF801F800
0FF003FC00
03E003FE00
000003FF00
0000021F00
0000000F80
0000100780
0000180780
00001C0F80
00001F0F00
00001FFF00
00000FFE00
000003FC00
000000F800
ENDCHAR
STARTCHAR uni0926094D09170942
ENCODING -1
SWIDTH 508 0
DWIDTH 27 0
BBX 34 51 -1 -17
BITMAP
FFFFFFF800
FFFFFFF800
FFFFFFF800
FFFFFFF800
00001E0000
00001E0000
00001E0000
00001E0000
00001E0000
000FFE0000
003FFE0000
007FFE0000
00FFFE0000
01F8000000
01F0000000
01E0000000
03E0000000
03E0000000
03E0000000
03E00F0000
03E00F0000
01E0078000
01F0078000
01F81F8000
00FFFF8000
007FFFC000
003FFFC000
003FE3C000
003C03C000
03FC03E000
0FFC01E000
0FFC01E000
1FFC01E000
1E3C00F000
1E3C00F000
1E3C00F000
1FFC00F000
0FF801F800
0FF007FC00
03E00FFE00
00000FFF00
00001F0F80
00001E0780
00001E0780
00001E07C0
00001E07C0
00001F03C0
00000FE3C0
00000FE3C0
000007E3C0
000001E3C0
ENDCHAR
STARTCHAR uni0926094D0917094D0930
ENCODING -1
SWIDTH 508 0
DWIDTH 27 0
BBX 29 45 -1 -11
BITMAP
FFFFFFF8
FFFFFFF8
FFFFFFF8
FFFFFFF8
00001E00
00001E00
00001E00
00001E00
00001E00
000FFE00
003FFE00
007FFE00
00FFFE00
01F80000
01F00000
01E00000
03E00000
03E00000
03E00000
03E00F00
03E00F00
01E00780
01F00780
01F81F80
00FFFF80
007FFFC0
003FFFC0
003FE3C0
003C03C0
03FC01E0
0FFC03E0
0FFC03E0
1FFC07E0
1E3C0FF0
1E3C1EF0
1E3C3EF0
1FFC7CF0
0FF8F878
0FF1F078
03E1E000
0001C000
00018000
00018000
00010000
00020000
ENDCHAR
STARTCHAR uni0926094D0918
ENCODING -1
SWIDTH 540 0
DWIDTH 29 0
BBX 31 36 -1 -2
BITMAP
FFFFFFFE
FFFFFFFE
FFFFFFFE
FFFFFFFE
00000780
00000780
00000780
00000780
00000780
0001FF80
000FFF80
001FFF80
001FFF80
003F0000
003C0000
007C0000
0FFC0000
1FF80000
3FF80000
3FFC01E0
7C7C01E0
787C01E0
383F03F0
3C3FFFF0
3FDFFFF0
1FCFFFF0
1FC1FE78
1FC1E078
3E01E078
3C01E078
3C03C03C
3E07C03C
3FFF803C
1FFF803C
0FFE001E
03F80000
ENDCHAR
STARTCHAR uni0926094D09180941
ENCODING -1
SWIDTH 540 0
DWIDTH 29 0
BBX 36 47 -1 -13
BITMAP
FFFFFFFE00
FFFFFFFE00
FFFFFFFE00
FFFFFFFE00
0000078000
0000078000
0000078000
0000078000
0000078000
0001FF8000
000FFF8000
001FFF8000
001FFF8000
003F000000
003C000000
007C000000
0FFC000000
1FF8000000
3FF8000000
3FFC01E000
7C7C01E000
787C01E000
383F03F000
3C3FFFF000
3FDFFFF000
1FCFFFF000
1FC1FE7800
1FC1E07800
3E01E07800
3C01E07800
3C03C03C00
3E07C03C00
3FFF803C00
1FFF803C00
0FFE007F80
03F8007FC0
0000007FE0
00000043E0
00000001E0
00000201E0
00000201F0
00000381E0
000003E3E0
000003FFE0
000001FFC0
000000FF80
0000003F00
ENDCHAR
STARTCHAR uni0926094D09180942
ENCODING -1
SWIDTH 540 0
DWIDTH 29 0
BBX 37 47 -1 -13
BITMAP
FFFFFFFE00
FFFFFFFE00
FFFFFFFE00
FFFFFFFE00
0000078000
0000078000
0000078000
0000078000
0000078000
0001FF8000
000FFF8000
001FFF8000
001FFF8000
003F000000
003C000000
007C000000
0FFC000000
1FF8000000
3FF8000000
3FFC01E000
7C7C01E000
787C01E000
383F03F000
3C3FFFF000
3FDFFFF000
1FCFFFF000
1FC1FE7800
1FC1E07800
3E01E07800
3C01E07800
3C03C03C00
3E07C03C00
3FFF803C00
1FFF803C00
0FFE00FF80
03F801FFC0
000003FFE0
000003E1E0
000003C1F0
000003C0F0
000003C0F0
000003C0F8
000003E0F8
000001FCF8
000001FCF8
000000FCF8
0000003CF8
ENDCHAR
STARTCHAR uni0926094D0918094D092F
ENCODING -1
SWIDTH 1009 0
DWIDTH 54 0
BBX 56 36 -1 -2
BITMAP
FFFFFFFFFFFFFF
FFFFFFFFFFFFFF
FFFFFFFFFFFFFF
FFFFFFFFFFFFFF
000007800001E0
000007800001E0
000007800001E0
000007800001E0
000007800001E0
0001FFFFF801E0
000FFFFFFE01E0
001FFFFFFF01E0
001FFFFFFF81E0
003F00000F81E0
003C00000781E0
007C00000781E0
0FFC00000781E0
1FF800000F81E0
3FF801E01F01E0
3C7C01E1FF01E0
787C01E1FE01E0
783C01F1F801E0
3C3F03F1F001E0
3C1FFFF1F001E0
3FDFFFF0F001E0
1FC7FFF8F803E0
1FC1FE78FC03E0
1FC1E0787E0FE0
3E01E0787FFFE0
3C01E0783FFFE0
3C03C03C1FFDE0
3E07C03C07F1E0
3FFF803C0001E0
1FFF803C0001E0
0FFE001E0001E0
03F80000000000
ENDCHAR
STARTCHAR uni0926094D0918094D0930
ENCODING -1
SWIDTH 540 0
DWIDTH 29 0
BBX 31 45 -1 -11
BITMAP
FFFFFFFE
FFFFFFFE
FFFFFFFE
FFFFFFFE
00000780
00000780
00000780
00000780
00000780
0001FF80
000FFF80
001FFF80
001FFF80
003F0000
003C0000
007C0000
0FFC0000
1FF80000
3FF80000
3FFC01E0
7C7C01E0
787C01E0
383F03F0
3C3FFFF0
3FDFFFF0
1FCFFFF0
0FC1FE78
1FC1E078
3E01E078
3C01E078
3C03C03C
3E07C03C
3FFF803C
1FFF803C
0FFE001E
07FC0000
00F80000
01F00000
03E00000
07C00000
0F800000
0F000000
0E000000
0C000000
08000000
ENDCHAR
STARTCHAR uni0926094D0918094D0072092F
ENCODING -1
SWIDTH 1009 0
DWIDTH 54 0
BBX 56 45 -1 -11
BITMAP
FFFFFFFFFFFFFF
FFFFFFFFFFFFFF
FFFFFFFFFFFFFF
FFFFFFFFFFFFFF
000007800001E0
000007800001E0
000007800001E0
000007800001E0
000007800001E0
0001FFFFF801E0
000FFFFFFE01E0
001FFFFFFF01E0
001FFFFFFF81E0
003F00000F81E0
003C00000781E0
007C00000781E0
0FFC00000781E0
1FF800000F81E0
3FF801E01F01E0
3C7C01E1FF01E0
787C01E1FE01E0
783C01F1F801E0
3C3F03F1F001E0
3C1FFFF1F001E0
3FDFFFF0F001E0
1FC7FFF8F803E0
0FC1FE78FC03E0
1FC1E0787E0FE0
3E01E0787FFFE0
3C01E0783FFFE0
3C03C03C1FFDE0
3E07C03C07F1E0
3FFF803C0001E0
1FFF803C0001E0
0FFE001E0001E0
07FC0000000000
00F80000000000
01F00000000000
03E00000000000
07C00000000000
0F800000000000
0F000000000000
0E000000000000
0C000000000000
08000000000000
ENDCHAR
STARTCHAR uni0926094D0926
ENCODING -1
SWIDTH 412 0
DWIDTH 22 0
BBX 24 38 -1 -4
BITMAP
FFFFFF
FFFFFF
FFFFFF
FFFFFF
0003C0
0003C0
0003C0
0003C0
0003C0
01FFC0
07FFC0
0FFFC0
0FFFC0
0F8000
1F0000
1F0000
0F0000
0F8000
07FC00
03FC00
07FC00
0F8000
0F0000
1F0000
1E0000
1E0000
1E00F8
1E0078
1F0078
1F0078
0FC0FC
0FFFFC
07FFFC
03FFFC
007F1E
00001E
00001E
00001F
ENDCHAR
STARTCHAR uni0926094D0926094D092F
ENCODING -1
SWIDTH 816 0
DWIDTH 44 0
BBX 46 38 -1 -4
BITMAP
FFFFFFFFFFFC
FFFFFFFFFFFC
FFFFFFFFFFFC
FFFFFFFFFFFC
0003C0000780
0003C0000780
0003C0000780
0003C0000780
0003FFC00780
01FFFFF00780
07FFFFF80780
0FFFFFFC0780
0FFFC07C0780
0F80003E0780
1F00003E0780
1F00003E0780
0F00003C0780
0F80003C0780
07FC00FC0780
03FC07F80780
07FC07F00780
0F8007E00780
0F0007800780
1F0007800780
1E0007C00F80
1E0007C00F80
1E00FBE01F80
1E007BF83F80
1F0079FFFF80
1F0078FFF780
0FC0FC7FE780
0FFFFC1F8780
07FFFC000780
03FFFC000780
007FBE000780
00001E000000
00001E000000
00001F000000
ENDCHAR
STARTCHAR uni0926094D0926094D0935
ENCODING -1
SWIDTH 412 0
DWIDTH 22 0
BBX 25 44 -1 -10
BITMAP
FFFFFF00
FFFFFF00
FFFFFF00
FFFFFF00
0003C000
0003C000
0003C000
0003C000
0003C000
01FFC000
07FFC000
0FFFC000
0FFFC000
0F800000
1F000000
1F000000
0F000000
0F800000
07FC0000
03FC0000
07FC0000
0F800000
0F000000
1F000000
1E000000
1E008000
1E007800
1E007800
1F007800
1F007800
0FC0FC00
0FFFFC00
07FFFC00
03FFFC00
07FF1E00
0F801E00
0F001E00
0F003E00
0F003F00
0FC0FF00
0FFFFF00
07FFEF00
03FFC780
00FE0000
ENDCHAR
STARTCHAR uni0926094D0927
ENCODING -1
SWIDTH 571 0
DWIDTH 31 0
BBX 32 36 -1 -2
BITMAP
FFFFFFFF
FFFFFFFF
FFFFFFFF
FFFFFFFF
000001E0
000001E0
000001E0
000001E0
000001E0
0000FFE0
0003FFE0
0007FFE0
000FFFE0
000F8000
001F0000
001F0000
071E0000
1F1E0000
3F1E0080
3F1E0078
3C1E0078
3C1F0078
3C0FC0F8
3C0FFFFC
1FE7FFFC
0FE3FFFC
07E07F3C
0FE0701E
1F00F01E
1E00F01E
1E01F01E
1F03E00F
0FFFE00F
0FFFC00F
07FF800F
01FC0000
ENDCHAR
STARTCHAR uni0926094D09270941
ENCODING -1
SWIDTH 571 0
DWIDTH 31 0
BBX 37 47 -1 -13
BITMAP
FFFFFFFF00
FFFFFFFF00
FFFFFFFF00
FFFFFFFF00
000001E000
000001E000
000001E000
000001E000
000001E000
0000FFE000
0003FFE000
0007FFE000
000FFFE000
000F800000
001F000000
001F000000
071E000000
1F1E000000
3F1E008000
3F1E007800
3C1E007800
3C1F007800
3C0FC0F800
3C0FFFFC00
1FE7FFFC00
0FE3FFFC00
07E07F3C00
0FE0701E00
1F00F01E00
1E00F01E00
1E01F01E00
1F03E00F00
0FFFE00F00
0FFFC01F00
07FF801FC0
01FC001FF0
0000001FF0
00000020F8
0000000078
0000010078
0000008078
000000C078
000000F0F8
000000FFF0
0000007FF0
0000003FE0
0000000F80
ENDCHAR
STARTCHAR uni0926094D09270942
ENCODING -1
SWIDTH 571 0
DWIDTH 31 0
BBX 38 47 -1 -13
BITMAP
FFFFFFFF00
FFFFFFFF00
FFFFFFFF00
FFFFFFFF00
000001E000
000001E000
000001E000
000001E000
000001E000
0000FFE000
0003FFE000
0007FFE000
000FFFE000
000F800000
001F000000
001F000000
071E000000
1F1E000000
3F1E008000
3F1E007800
3C1E007800
3C1F007800
3C0FC0F800
3C0FFFFC00
1FE7FFFC00
0FE3FFFC00
07E07F3C00
0FE0701E00
1F00F01E00
1E00F01E00
1E01F01E00
1F03E00F00
0FFFE00F00
0FFFC01F00
07FF803FC0
01FC007FF0
000000FFF8
000000F0F8
000001F07C
000001E03C
000001E03C
000001F03C
000000F83C
000000FE3C
0000007E3C
0000003E3C
0000001E3C
ENDCHAR
STARTCHAR uni0926094D0927094D092F
ENCODING -1
SWIDTH 1030 0
DWIDTH 56 0
BBX 57 36 -1 -2
BITMAP
FFFFFFFFFFFFFF80
FFFFFFFFFFFFFF80
FFFFFFFFFFFFFF80
FFFFFFFFFFFFFF80
000001E00000F800
000001E00000F800
000001E00000F800
000001E00000F800
000001E00000F800
0000FFFFFC00F800
0003FFFFFF00F800
0007FFFFFF80F800
000FFFFFFFC0F800
000F800007C0F800
001F000003C0F800
001F000003C0F800
071E000003C0F800
1F1E000007C0F800
3F1E00F80FC0F800
3C1E0078FF80F800
3C1E0078FF00F800
3C1F0078FE00F800
3C0FC0FCF800F800
3C0FFFFCF800F800
1FE7FFFC7800F800
0FE3FFFC7C01F800
07E07F3E7E01F800
0FE0701E3F07F800
1F00F01E1FFFF800
1E00F01E1FFFF800
1E01F01F07FEF800
1F03E00F01F8F800
0FFFE00F0000F800
0FFFC00F0000F800
07FF800000000000
01FC000000000000
ENDCHAR
STARTCHAR uni0926094D0927094D0930
ENCODING -1
SWIDTH 571 0
DWIDTH 31 0
BBX 32 45 -1 -11
BITMAP
FFFFFFFF
FFFFFFFF
FFFFFFFF
FFFFFFFF
000001E0
000001E0
000001E0
000001E0
000001E0
0000FFE0
0003FFE0
0007FFE0
000FFFE0
000F8000
001F0000
001F0000
071E0000
1F1E0000
3F1E0080
3F1E0078
3C1E0078
3C1F0078
3C0FC0F8
3C0FFFFC
1FE7FFFC
0FE3FFFC
07E07F3C
0FE0701E
1F00F01E
1E00F01E
1E01F01E
1F03E00F
0FFFE00F
0FFFC00F
07FF800F
01FF0000
007E0000
00FC0000
01F00000
03E00000
07C00000
07800000
07000000
06000000
04000000
ENDCHAR
STARTCHAR uni0926094D0927094D0072092F
ENCODING -1
SWIDTH 1030 0
DWIDTH 56 0
BBX 57 45 -1 -11
BITMAP
FFFFFFFFFFFFFF80
FFFFFFFFFFFFFF80
FFFFFFFFFFFFFF80
FFFFFFFFFFFFFF80
000001E00000F800
000001E00000F800
000001E00000F800
000001E00000F800
000001E00000F800
0000FFFFFC00F800
0003FFFFFF00F800
0007FFFFFF80F800
000FFFFFFFC0F800
000F800007C0F800
001F000003C0F800
001F000003C0F800
071E000003C0F800
1F1E000007C0F800
3F1E00F80FC0F800
3C1E0078FF80F800
3C1E0078FF00F800
3C1F0078FE00F800
3C0FC0FCF800F800
3C0FFFFCF800F800
1FE7FFFC7800F800
0FE3FFFC7C01F800
07E07F3E7E01F800
0FE0701E3F07F800
1F00F01E1FFFF800
1E00F01E1FFFF800
1E01F01F07FEF800
1F03E00F01F8F800
0FFFE00F0000F800
0FFFC00F0000F800
07FF800000000000
01FF000000000000
007E000000000000
00FC000000000000
01F0000000000000
03E0000000000000
07C0000000000000
0780000000000000
0700000000000000
0600000000000000
0400000000000000
ENDCHAR
STARTCHAR uni0926094D0928
ENCODING -1
SWIDTH 425 0
DWIDTH 23 0
BBX 25 43 -1 -9
BITMAP
FFFFFF80
FFFFFF80
FFFFFF80
FFFFFF80
0001E000
0001E000
0001E000
0001E000
0001E000
00FFE000
03FFE000
07FFE000
0FFFE000
0FC00000
1F000000
1F000000
1E000000
1E000000
1E00F800
1E007800
1F007800
1F007800
0FC0FC00
0FFFFC00
07FFFC00
03FFFC00
007F1E00
00003E00
0000FE00
0007FE00
003FFF00
01FF8F00
03FC0F00
07F80F00
0FFC0080
0E3C0000
1E1E0000
1E1E0000
1F3C0000
0FFC0000
0FFC0000
07F80000
03E00000
ENDCHAR
STARTCHAR uni0926094D09280941
ENCODING -1
SWIDTH 425 0
DWIDTH 23 0
BBX 29 47 -1 -13
BITMAP
FFFFFF80
FFFFFF80
FFFFFF80
FFFFFF80
0001E000
0001E000
0001E000
0001E000
0001E000
00FFE000
03FFE000
07FFE000
0FFFE000
0FC00000
1F000000
1F000000
1E000000
1E000000
1E00F800
1E007800
1F007800
1F007800
0FC0FC00
0FFFFC00
07FFFC00
03FFFC00
007F1E00
00003E00
0000FE00
0007FE00
003FFF00
01FF8F00
03FC0F00
07F80F80
0FFC1FE0
0E3C1FF0
1E1E1FF0
1E1E00F8
1F3C0078
0FFD0078
0FFC8078
07F8E078
03E0F0F8
0000FFF8
00007FF0
00003FE0
00000F80
ENDCHAR
STARTCHAR uni0926094D09280942
ENCODING -1
SWIDTH 425 0
DWIDTH 23 0
BBX 30 47 -1 -13
BITMAP
FFFFFF80
FFFFFF80
FFFFFF80
FFFFFF80
0001E000
0001E000
0001E000
0001E000
0001E000
00FFE000
03FFE000
07FFE000
0FFFE000
0FC00000
1F000000
1F000000
1E000000
1E000000
1E00F800
1E007800
1F007800
1F007800
0FC0FC00
0FFFFC00
07FFFC00
03FFFC00
007F1E00
00003E00
0000FE00
0007FE00
003FFF00
01FF8F00
03FC0F00
07F81F80
0FFC3FE0
0E3C7FF0
1E1EFFF8
1E1EF078
1F3CF07C
0FFDF03C
0FFDF03C
07F8F03C
03E0F83C
0000FF3C
00007F3C
00003F3C
00000F3C
ENDCHAR
STARTCHAR uni0926094D092C
ENCODING -1
SWIDTH 433 0
DWIDTH 23 0
BBX 25 35 -1 -1
BITMAP
FFFFFF80
FFFFFF80
FFFFFF80
FFFFFF80
0001E000
0001E000
0001E000
0001E000
0001E000
00FFE000
03FFE000
07FFE000
0FFFE000
0F800000
1F000000
1E000000
1E000000
1E00F800
1E007800
1F007800
1F007800
0FC0FC00
0FFFFC00
07FFFC00
03FFFC00
07FF1E00
0FF81E00
0F1C1E00
0F0F3E00
0F07BF00
0FC1FF00
0FFFEF00
07FFEF00
03FF8780
00FE0000
ENDCHAR
STARTCHAR uni0926094D092C0941
ENCODING -1
SWIDTH 433 0
DWIDTH 23 0
BBX 30 47 -1 -13
BITMAP
FFFFFF80
FFFFFF80
FFFFFF80
FFFFFF80
0001E000
0001E000
0001E000
0001E000
0001E000
00FFE000
03FFE000
07FFE000
0FFFE000
0F800000
1F000000
1E000000
1E000000
1E00F800
1E007800
1F007800
1F007800
0FC0FC00
0FFFFC00
07FFFC00
03FFFC00
07FF1E00
0FF81E00
0F1C1E00
0F0F3E00
0F07BF00
0FC1FF00
0FFFEF00
07FFEF00
03FF8F80
00FE1FE0
00001FF0
00001FF8
00000078
0000007C
0000803C
0000C03C
0000E07C
0000F878
0000FFF8
00007FF0
00001FE0
000007C0
ENDCHAR
STARTCHAR uni0926094D092C0942
ENCODING -1
SWIDTH 433 0
DWIDTH 23 0
BBX 31 47 -1 -13
BITMAP
FFFFFF80
FFFFFF80
FFFFFF80
FFFFFF80
0001E000
0001E000
0001E000
0001E000
0001E000
00FFE000
03FFE000
07FFE000
0FFFE000
0F800000
1F000000
1E000000
1E000000
1E00F800
1E007800
1F007800
1F007800
0FC0FC00
0FFFFC00
07FFFC00
03FFFC00
07FF1E00
0FF81E00
0F1C1E00
0F0F3E00
0F07BF00
0FC1FF00
0FFFEF00
07FFEF00
03FF9F80
00FE3FE0
00007FF0
00007FF8
0000F87C
0000F03C
0000F03C
0000F03E
0000F01E
0000F81E
00007F1E
00007F1E
00003F1E
00000F1E
ENDCHAR
STARTCHAR uni0926094D092C094D0930
ENCODING -1
SWIDTH 433 0
DWIDTH 23 0
BBX 25 42 -1 -8
BITMAP
FFFFFF80
FFFFFF80
FFFFFF80
FFFFFF80
0001E000
0001E000
0001E000
0001E000
0001E000
00FFE000
03FFE000
07FFE000
0FFFE000
0F800000
1F000000
1E000000
1E000000
1E00F800
1E007800
1F007800
1F007800
0FC0FC00
0FFFFC00
07FFFC00
03FFFC00
07FF1E00
0FF01E00
0F381E00
0F1C3E00
0F0E3F00
0F877F00
0FFFFF00
07FFEF00
03FFC780
00FF8000
003E0000
00FC0000
01F80000
01E00000
01C00000
01800000
01000000
ENDCHAR
STARTCHAR uni0926094D092D
ENCODING -1
SWIDTH 658 0
DWIDTH 36 0
BBX 37 38 -1 -4
BITMAP
FFFFFFFFF8
FFFFFFFFF8
FFFFFFFFF8
FFFFFFFFF8
0000000F00
0000000F00
0000000F00
0000000F00
0000000F00
000007FF00
00001FFF00
00003FFF00
00007FFF00
00007E0000
0000780000
0000F80000
03C0F00000
0FF0F00000
1FF0F00000
1FF8F00000
1E78F00000
1E78F00000
0078F00000
0078F00780
0078F803C0
00787803C0
00787E07C0
00783FFFC0
07FFFFFFE0
0FFFFFFFE0
1FFFFFF9E0
1E380001E0
3C380000F0
3E780000F0
1FF8000000
1FF0000000
0FF0000000
07C0000000
ENDCHAR
STARTCHAR uni0926094D092E
ENCODING -1
SWIDTH 607 0
DWIDTH 33 0
BBX 34 37 -1 -3
BITMAP
FFFFFFFFC0
FFFFFFFFC0
FFFFFFFFC0
FFFFFFFFC0
0007803C00
0007803C00
0007803C00
0007803C00
0007803C00
01FF803C00
07FF803C00
0FFF803C00
1FFF803C00
1F00003C00
1E00003C00
1E00003C00
1E00003C00
1F00003C00
1FFFE03C00
0FFFE03C00
07FFE03C00
01FFE03C00
0001E03C00
0001E03C00
0001E03C00
001FFFFC00
003FFFFC00
007FFFFC00
00FFFFFC00
00F0E03C00
00F0E03C00
00F0E03C00
00F1E03C00
00FFE03C00
007FC03C00
003F803C00
000E003C00
ENDCHAR
STARTCHAR uni0926094D092E094D
ENCODING -1
SWIDTH 379 0
DWIDTH 20 0
BBX 32 36 -1 -2
BITMAP
FFFFFFE0
FFFFFFE0
FFFFFFE0
FFFFFFE0
00078000
00078000
00078000
00078000
00078000
01FF8000
07FF8000
0FFF8000
1FFF8000
1F000000
1E000000
1E000000
1E000000
1F000000
1FFFE000
0FFFE000
07FFE000
01FFE000
0001E000
0001E000
001FFFFF
003FFFFF
007FFFFF
00FFFFFF
00F0E000
00F0E000
00F0E000
00F1E000
00FFE000
007FC000
003FC000
001F0000
ENDCHAR
STARTCHAR uni0926094D092F
ENCODING -1
SWIDTH 587 0
DWIDTH 32 0
BBX 33 34 -1 0
BITMAP
FFFFFFFF80
FFFFFFFF80
FFFFFFFF80
FFFFFFFF80
0003C0F800
0003C0F800
0003C0F800
0003C0F800
00FFC0F800
03FFC0F800
07FFC0F800
0FFFC0F800
0F8000F800
1F0000F800
1F0000F800
1F0000F800
0F0000F800
0FC000F800
07FF00F800
03FF00F800
03FF00F800
03E000F800
07C000F800
078000F800
0F8000F800
0F8001F800
0F8003F800
07C007F800
07E01FF800
03FFFFF800
03FFFEF800
00FFF8F800
003FE0F800
000000F800
ENDCHAR
STARTCHAR uni0926094D092F094D
ENCODING -1
SWIDTH 368 0
DWIDTH 20 0
BBX 28 33 -1 1
BITMAP
FFFFFE00
FFFFFE00
FFFFFE00
FFFFFE00
0003C000
0003C000
0003C000
0003C000
00FFC000
03FFC000
07FFC000
0FFFC000
0F800000
1F000000
1F000000
1F000000
0F000000
0FC00000
07FF0000
03FF0000
03FF0000
03E000F0
07C000F0
078000F0
0F8000F0
0F8001F0
0F8003E0
07C007E0
07E01FC0
03FFFF80
03FFFF00
00FFFC00
003FE000
ENDCHAR
STARTCHAR uni0926094D0930
ENCODING -1
SWIDTH 422 0
DWIDTH 23 0
BBX 24 35 -1 -1
BITMAP
FFFFFF
FFFFFF
FFFFFF
FFFFFF
0001E0
0001E0
0001E0
0001E0
0001E0
00FFE0
03FFE0
07FFE0
0FFFE0
0FC000
1F0000
1F0000
1E0000
1E0000
1E0000
1E00F8
1E0078
1F0078
0F0078
0FC0FC
07FFFC
03FFFC
00FFBC
003F1E
00FC1E
01F81E
07E01E
0FC01F
0F000F
0E000F
080000
ENDCHAR
STARTCHAR uni0926094D09300941
ENCODING -1
SWIDTH 422 0
DWIDTH 23 0
BBX 28 47 -1 -13
BITMAP
FFFFFF00
FFFFFF00
FFFFFF00
FFFFFF00
0001E000
0001E000
0001E000
0001E000
0001E000
00FFE000
03FFE000
07FFE000
0FFFE000
0FC00000
1F000000
1F000000
1E000000
1E000000
1E000000
1E00F800
1E007800
1F007800
0F007800
0FC0FC00
07FFFC00
03FFFC00
00FFBC00
003F1E00
00FC1E00
03F81E00
07E01E00
0FC00E00
0F000F00
0E003F00
08003FC0
00003FE0
000043E0
000001F0
000000F0
000200F0
000300F0
0003C0F0
0003E1F0
0003FFE0
0001FFE0
00007FC0
00001F00
ENDCHAR
STARTCHAR uni0926094D09300942
ENCODING -1
SWIDTH 422 0
DWIDTH 23 0
BBX 29 47 -1 -13
BITMAP
FFFFFF00
FFFFFF00
FFFFFF00
FFFFFF00
0001E000
0001E000
0001E000
0001E000
0001E000
00FFE000
03FFE000
07FFE000
0FFFE000
0FC00000
1F000000
1F000000
1E000000
1E000000
1E000000
1E00F800
1E007800
1F007800
0F007800
0FC0FC00
07FFFC00
03FFFC00
00FFBC00
003F1E00
00FC1E00
03F81E00
07E01E00
0FC00E00
0F000F00
0E007F00
0800FFC0
0001FFE0
0001F1F0
0003E0F0
0003C0F0
0003C078
0003C078
0003E078
0001F078
0001FC78
0000FC78
00007C78
00003C78
ENDCHAR
STARTCHAR uni0926094D0935
ENCODING -1
SWIDTH 433 0
DWIDTH 23 0
BBX 25 35 -1 -1
BITMAP
FFFFFF80
FFFFFF80
FFFFFF80
FFFFFF80
0001E000
0001E000
0001E000
0001E000
0001E000
00FFE000
03FFE000
07FFE000
0FFFE000
0F800000
1F000000
1E000000
1E000000
1E00F800
1E007800
1F007800
1F007800
0FC0FC00
0FFFFC00
07FFFC00
03FFFC00
07FF1E00
0F801E00
0F001E00
0F003E00
0F003F00
0FC0FF00
0FFFEF00
07FFEF00
03FF8780
00FE0000
ENDCHAR
STARTCHAR uni0926094D09350941
ENCODING -1
SWIDTH 433 0
DWIDTH 23 0
BBX 30 47 -1 -13
BITMAP
FFFFFF80
FFFFFF80
FFFFFF80
FFFFFF80
0001E000
0001E000
0001E000
0001E000
0001E000
00FFE000
03FFE000
07FFE000
0FFFE000
0F800000
1F000000
1E000000
1E000000
1E00F800
1E007800
1F007800
1F007800
0FC0FC00
0FFFFC00
07FFFC00
03FFFC00
07FF1E00
0F801E00
0F001E00
0F003E00
0F003F00
0FC0FF00
0FFFEF00
07FFEF00
03FF8F80
00FE1FE0
00001FF0
00001FF8
00000078
00000078
0000803C
0000C03C
0000E07C
0000F8F8
0000FFF8
00007FF0
00003FE0
00000FC0
ENDCHAR
STARTCHAR uni0926094D09350942
ENCODING -1
SWIDTH 433 0
DWIDTH 23 0
BBX 31 47 -1 -13
BITMAP
FFFFFF80
FFFFFF80
FFFFFF80
FFFFFF80
0001E000
0001E000
0001E000
0001E000
0001E000
00FFE000
03FFE000
07FFE000
0FFFE000
0F800000
1F000000
1E000000
1E000000
1E00F800
1E007800
1F007800
1F007800
0FC0FC00
0FFFFC00
07FFFC00
03FFFC00
07FF1E00
0F801E00
0F001E00
0F003E00
0F003F00
0FC0FF00
0FFFEF00
07FFEF00
03FF9F80
00FE3FE0
00007FF0
0000FFF8
0000F87C
0000F03C
0000F03C
0000F03E
0000F03E
0000F83E
00007F3E
00007F3E
00003F3E
00000F3E
ENDCHAR
STARTCHAR uni0926094D0935094D0930
ENCODING -1
SWIDTH 433 0
DWIDTH 23 0
BBX 25 42 -1 -8
BITMAP
FFFFFF80
FFFFFF80
FFFFFF80
FFFFFF80
0001E000
0001E000
0001E000
0001E000
0001E000
00FFE000
03FFE000
07FFE000
0FFFE000
0F800000
1F000000
1E000000
1E000000
1E00F800
1E007800
1F007800
1F007800
0FC0FC00
0FFFFC00
07FFFC00
03FFFC00
07FF1E00
0F801E00
0F001E00
0F003E00
0F003F00
0F807F00
0FFFFF00
07FFEF00
03FFC780
00FF8000
003E0000
00FC0000
01F80000
01E00000
01C00000
01800000
01000000
ENDCHAR
STARTCHAR uni0926094D0943
ENCODING -1
SWIDTH 433 0
DWIDTH 23 0
BBX 25 44 -1 -10
BITMAP
FFFFFF80
FFFFFF80
FFFFFF80
FFFFFF80
0001E000
0001E000
0001E000
0001E000
00FFE000
03FFE000
07FFE000
0FFFE000
0FC00000
1F000000
1F000000
1E000000
1E008000
1E007800
1E007800
1F007800
1F007800
0FC0FC00
0FFFFC00
07FFFC00
03FFFC00
007F1E00
00001E00
00001E00
00001E00
00000F00
0000FF00
0001FF00
0003FF00
0007FF80
000F8000
000F0000
000F0000
000F0000
000F0000
000FC100
0007FF00
0003FF00
0001FF00
0000FC00
ENDCHAR
STARTCHAR uni0927094D0930
ENCODING -1
SWIDTH 504 0
DWIDTH 27 0
BBX 26 36 2 -1
BITMAP
0F800000
3FC3FFC0
3FE3FFC0
7FF3FFC0
78F3FFC0
78F07800
F8F07800
F8007800
78007800
78007800
7C007800
3E007800
1FF07800
0FF07800
1FF07800
3FF07800
7E007800
78007800
78007800
F8007800
F800F800
F800F800
7801F800
7E03F800
3FFFF800
1FFFF800
0FFE7800
00FC7800
01F07800
07E07800
0FC07800
3F007800
3E007800
38007800
30007800
20000000
ENDCHAR
STARTCHAR uni0927094D0072
ENCODING -1
SWIDTH 315 0
DWIDTH 17 0
BBX 22 36 2 -1
BITMAP
0F8000
3FC000
3FE000
7FF000
78F000
78F000
F8F000
F80000
780000
780000
7C0000
3E0000
1FF000
07F000
1FF000
3FF000
7C003C
78003C
F8003C
F8003C
F80078
780078
7C01F0
7FFFF0
3FFFE0
0FFF80
03FF00
00FC00
03F800
07E000
1FC000
3F0000
3E0000
380000
300000
200000
ENDCHAR
STARTCHAR uni0928094D0928
ENCODING -1
SWIDTH 538 0
DWIDTH 29 0
BBX 31 38 -1 -4
BITMAP
FFFFFFFE
FFFFFFFE
FFFFFFFE
FFFFFFFE
000003C0
000003C0
000003C0
000003C0
000003C0
07C003C0
0FF003C0
1FFC03C0
3FFF03C0
3C3FC3C0
3C3FE3C0
3C7BFBC0
3FF9FFC0
1FF07FC0
0FF03FC0
07C00FC0
00000FC0
00003FC0
00007FC0
0001FFC0
0007F3C0
001FC3C0
007F03C0
01FC03C0
03FC03C0
07FE03C0
079E03C0
0F0F03C0
0F0F03C0
0F9F03C0
07FE0000
07FE0000
03FC0000
01F80000
ENDCHAR
STARTCHAR uni0928094D0928094D
ENCODING -1
SWIDTH 310 0
DWIDTH 17 0
BBX 23 38 -1 -4
BITMAP
FFFFFE
FFFFFE
FFFFFE
FFFFFE
000000
000000
000000
000000
000000
07C000
0FF000
1FFC00
3FFF00
3C3F80
3C3FE0
3C7BF8
3FF9FC
1FF07E
0FF03E
07C00E
00000E
00003E
0000FE
0001FC
0007F0
001FC0
007F00
01FC00
03FC00
07FE00
079E00
0F0F00
0F0F00
0F9F00
07FE00
07FE00
03FC00
01F800
ENDCHAR
STARTCHAR uni0928094D0930
ENCODING -1
SWIDTH 506 0
DWIDTH 27 0
BBX 29 35 -1 -1
BITMAP
FFFFFFF8
FFFFFFF8
FFFFFFF8
FFFFFFF8
00000F00
00000F00
00000F00
00000F00
00000F00
00000F00
00000F00
00000F00
07FFFF00
1FFFFF00
3FFFFF00
3FFFFF00
7C3E0F00
783E0F00
783E0F00
783C0F00
7C3C0F00
7C7C0F00
3FFC1F00
1FF83F00
0FF07F00
07E0FF00
0001FF00
0003EF00
000FCF00
001F8F00
003F0F00
003C0F00
00380F00
00300F00
00200000
ENDCHAR
STARTCHAR uni0928094D0072
ENCODING -1
SWIDTH 289 0
DWIDTH 16 0
BBX 23 35 -1 -1
BITMAP
FFFFF8
FFFFF8
FFFFF8
FFFFF8
000000
000000
000000
000000
000000
000000
000000
000000
07FFFC
1FFFFC
3FFFFC
3FFFFC
7C3E00
783E00
783E00
783C02
7C3C02
7C7C0E
3FFC1E
1FF83E
0FF07C
07E0F8
0001F0
0003E0
000FC0
001F80
003F00
003E00
003C00
003000
002000
ENDCHAR
STARTCHAR uni092A094D0924
ENCODING -1
SWIDTH 475 0
DWIDTH 26 0
BBX 27 34 -1 0
BITMAP
FFFFFFE0
FFFFFFE0
FFFFFFE0
FFFFFFE0
07803C00
07803C00
07803C00
07803C00
07803C00
07803C00
07803C00
07803C00
07803C00
07803C00
07803C00
07C03C00
03E03C00
03FFFC00
01FFFC00
03FFFC00
03FFFC00
07E03C00
07C03C00
07803C00
07803C00
07803C00
07803C00
03C03C00
03C03C00
03E03C00
01E03C00
01E03C00
00F03C00
00F83C00
ENDCHAR
STARTCHAR uni092A094D0928
ENCODING -1
SWIDTH 460 0
DWIDTH 25 0
BBX 26 38 -1 -4
BITMAP
FFFFFFC0
FFFFFFC0
FFFFFFC0
FFFFFFC0
07803C00
07803C00
07803C00
07803C00
07803C00
07803C00
07803C00
07803C00
07803C00
07803C00
07803C00
07803C00
07803C00
07803C00
07C07C00
07C07C00
03E0FC00
03FFFC00
01FFFC00
00FFBC00
00FE3C00
03F83C00
07F03C00
1FC03C00
3FC03C00
7FE03C00
78F03C00
70F03C00
F0F03C00
79F03C00
7FE00000
7FE00000
3FC00000
0F800000
ENDCHAR
STARTCHAR uni092A094D0928094D
ENCODING -1
SWIDTH 259 0
DWIDTH 14 0
BBX 22 39 -1 -5
BITMAP
FFFFF0
FFFFF0
FFFFF0
FFFFF0
078000
078000
078000
078000
078000
078000
078000
078000
078000
078000
07803C
07803C
07803C
07803C
07803C
07C078
03E0F8
03FFF0
01FFF0
00FFC0
001F80
003E00
00FC00
01F800
03E000
0FF800
1FF800
1E3C00
1C3C00
1C3C00
1E3C00
1FFC00
1FF800
0FF000
03E000
ENDCHAR
STARTCHAR uni092A094D0930
ENCODING -1
SWIDTH 439 0
DWIDTH 24 0
BBX 25 35 -1 -1
BITMAP
FFFFFF80
FFFFFF80
FFFFFF80
FFFFFF80
0F00F800
0F00F800
0F00F800
0F00F800
0F00F800
0F00F800
0F00F800
0F00F800
0F00F800
0F00F800
0F00F800
0F00F800
0F00F800
0F00F800
0F00F800
0F80F800
0F81F800
07FFF800
07FFF800
03FFF800
00FEF800
007CF800
00F8F800
01F0F800
03E0F800
07C0F800
0F80F800
0F00F800
0E00F800
0C00F800
08000000
ENDCHAR
STARTCHAR uni092A094D0932
ENCODING -1
SWIDTH 894 0
DWIDTH 48 0
BBX 50 35 -1 -1
BITMAP
FFFFFFFFFFFFC0
FFFFFFFFFFFFC0
FFFFFFFFFFFFC0
FFFFFFFFFFFFC0
0F000000007800
0F000000007800
0F000000007800
0F000000007800
0F000000007800
0F000000007800
0F0003E01F7800
0F000FF87FF800
0F001FFCFFF800
0F003FFCFFF800
0F003E1FE1F800
0F007C0FC0F800
0F007C0FC07800
0F007807807800
0F007807807800
0F007807807800
0F007807807800
0F80F807807800
07C1F807807800
07FFF807807800
03FFF800007800
01FFF800007800
007F7C00007800
00007C00007800
00003E00007800
00003F00007800
00001FC0007800
00000FFE007800
000007FE007800
000003FE007800
0000007E007800
ENDCHAR
STARTCHAR uni092A094D0072
ENCODING -1
SWIDTH 241 0
DWIDTH 13 0
BBX 21 35 -1 -1
BITMAP
FFFFC0
FFFFC0
FFFFC0
FFFFC0
0F0000
0F0000
0F0000
0F0000
0F0000
0F0000
0F0000
0F0000
0F0000
0F0000
0F0000
0F0078
0F0078
0F0078
0F0078
0F80F0
07C1F0
07FFF0
03FFE0
01FFC0
003F00
003E00
007C00
01F800
03F000
07E000
07C000
070000
060000
040000
080000
ENDCHAR
STARTCHAR uni092B094D0930
ENCODING -1
SWIDTH 652 0
DWIDTH 35 0
BBX 37 35 -1 -1
BITMAP
FFFFFFFFF8
FFFFFFFFF8
FFFFFFFFF8
FFFFFFFFF8
0F00F80000
0F00F80000
0F00F80000
0F00F80000
0F00F8F800
0F00FBFE00
0F00FFFF00
0F00FFFF80
0F00FE0F80
0F00FC07C0
0F00F807C0
0F00F803C0
0F00F803C0
0F00F803C0
0F00F803C0
0F80F803C0
0FC1F803C0
07FFF803C0
07FFF807C0
03FFF80780
00FEF80F80
007CF87F00
00F8F87F00
01F0F87E00
03E0F87800
07C0F80000
0F80F80000
0F00F80000
0E00F80000
0C00F80000
0800000000
ENDCHAR
STARTCHAR uni092B094D0932
ENCODING -1
SWIDTH 1137 0
DWIDTH 61 0
BBX 63 35 -1 -1
BITMAP
FFFFFFFFFFFFFFFE
FFFFFFFFFFFFFFFE
FFFFFFFFFFFFFFFE
FFFFFFFFFFFFFFFE
0F007800000003C0
0F007800000003C0
0F007800000003C0
0F007800000003C0
0F0078F8000003C0
0F007BFC000003C0
0F007FFE1F00FBC0
0F007FFF7FC3FFC0
0F007E0FFFE3FFC0
0F007C07FFE7FFC0
0F007807F0F70FC0
0F007803E07E07C0
0F007803E07E03C0
0F007803C03C03C0
0F007803C03C03C0
0F007803C03C03C0
0F00F803C03C03C0
0F80F803C03C03C0
0FC1F803C03C03C0
07FFF803C03C03C0
03FFF803C00003C0
03FF7803C00003C0
00FC7803E00003C0
00007801E00003C0
00007801F00003C0
00007801F80003C0
00007800FE0003C0
000078007FF003C0
000078003FF003C0
000078001FF003C0
0000780003F003C0
ENDCHAR
STARTCHAR uni092B094D0072
ENCODING -1
SWIDTH 479 0
DWIDTH 26 0
BBX 34 35 -1 -1
BITMAP
FFFFFFFC00
FFFFFFFC00
FFFFFFFC00
FFFFFFFC00
0F00F80000
0F00F80000
0F00F80000
0F00F80000
0F00F8F800
0F00FBFC00
0F00FFFE00
0F00FFFF00
0F00FE0F00
0F00FC0780
0F00F80780
0F00F80380
0F00F80380
0F00F80380
0F00F803C0
0F80F803C0
0FC1F80000
07FFF80000
07FFF80000
03FFF80000
00FEF80000
007CF80000
00F8F80000
01F0F80000
03E0F80000
07C0F80000
0F80F80000
0F00F80000
0E00F80000
0C00F80000
0800000000
ENDCHAR
STARTCHAR uni092C094D0930
ENCODING -1
SWIDTH 445 0
DWIDTH 24 0
BBX 26 35 -1 -1
BITMAP
FFFFFFC0
FFFFFFC0
FFFFFFC0
FFFFFFC0
00007800
00007800
00007800
00007800
01FC7800
07FF7800
0FFFF800
0FFFF800
1FC3F800
1EE0F800
3E60F800
3E707800
3C307800
3C387800
3C1C7800
3C1C7800
3E0E7800
1E0EF800
1F07F800
1FC3F800
0FFFF800
07FFF800
03FE7800
00FC7800
03F07800
07E07800
0FC07800
1F007800
1E007800
1C007800
10000000
ENDCHAR
STARTCHAR uni092C094D0072
ENCODING -1
SWIDTH 230 0
DWIDTH 12 0
BBX 19 35 -2 -1
BITMAP
FFFFE0
FFFFE0
FFFFE0
FFFFE0
000000
000000
000000
000000
00FE00
03FFC0
07FFE0
0FFFE0
0FE0E0
0F7060
1F3020
1E3800
1E1800
1E1C00
1E0E00
1E0E00
1F0700
1F0720
0F83E0
0FFFE0
07FFE0
03FFC0
00FF80
007E00
01FC00
03F000
0FE000
0F8000
0F0000
0C0000
080000
ENDCHAR
STARTCHAR uni092D094D0930
ENCODING -1
SWIDTH 589 0
DWIDTH 32 0
BBX 30 36 2 -1
BITMAP
07C00000
1FF07FFC
3FF87FFC
7FF87FFC
7C7C7FFC
783C03C0
F83C03C0
F03C03C0
F03C03C0
003C03C0
003C03C0
003C03C0
003C03C0
003C03C0
003C03C0
07FFFFC0
1FFFFFC0
3FFFFFC0
7FFFFFC0
7C3C03C0
783C03C0
783C03C0
783C03C0
783C07C0
7C7C0FC0
7FF83FC0
3FF87FC0
1FF0FFC0
07C1F3C0
0003E3C0
0007C3C0
000F83C0
000F03C0
000E03C0
000C03C0
00080000
ENDCHAR
STARTCHAR uni092D094D0072
ENCODING -1
SWIDTH 361 0
DWIDTH 20 0
BBX 24 35 2 0
BITMAP
07C000
1FF000
3FF800
7FF800
7C7C00
F83C00
F83C00
F03C00
F03C00
003C00
003C00
003C00
003C00
003C00
003C00
07FFFE
1FFFFE
3FFFFE
7FFFFE
7C3C00
783C01
783C01
783C07
7C7C0F
7FF81F
3FF83E
1FF078
07C1F0
0003E0
0007C0
000F80
000F00
000E00
000C00
000800
ENDCHAR
STARTCHAR uni092E094D0930
ENCODING -1
SWIDTH 562 0
DWIDTH 30 0
BBX 32 35 -1 -1
BITMAP
FFFFFFFF
FFFFFFFF
FFFFFFFF
FFFFFFFF
001E01E0
001E01E0
001E01E0
001E01E0
001E01E0
001E01E0
001E01E0
001E01E0
001E01E0
001E01E0
03FFFFE0
0FFFFFE0
1FFFFFE0
1FFFFFE0
3E1E01E0
3C1E01E0
3C1E01E0
3C1E01E0
3C1E03E0
3E3E07E0
1FFC0FE0
1FFC1FE0
0FF83FE0
03E07DE0
0001F9E0
0003F1E0
0007E1E0
000781E0
000701E0
000601E0
00040000
ENDCHAR
STARTCHAR uni092E094D0072
ENCODING -1
SWIDTH 364 0
DWIDTH 20 0
BBX 26 35 -1 -1
BITMAP
FFFFFF00
FFFFFF00
FFFFFF00
FFFFFF00
001E0000
001E0000
001E0000
001E0000
001E0000
001E0000
001E0000
001E0000
001E0000
001E0000
03FFFFC0
0FFFFFC0
1FFFFFC0
1FFFFFC0
3E1E0000
3C1E0040
3C1E0040
3C1E01C0
3C1E03C0
3E3E07C0
1FFC0F80
1FFC1F00
0FF83E00
03E07C00
0000F800
0003F000
0007E000
0007C000
00078000
00060000
00040000
ENDCHAR
STARTCHAR uni092F094D0930
ENCODING -1
SWIDTH 491 0
DWIDTH 27 0
BBX 28 35 -1 -1
BITMAP
FFFFFFF0
FFFFFFF0
FFFFFFF0
FFFFFFF0
01F01E00
00F81E00
00781E00
00781E00
007C1E00
007C1E00
007C1E00
00781E00
00F81E00
01F81E00
1FF01E00
1FE01E00
1F801E00
1F001E00
1F001E00
0F001E00
0F803E00
07807E00
07E0FE00
03FFFE00
01FFDE00
007F9E00
003F1E00
00FC1E00
01F81E00
07E01E00
0FC01E00
0F801E00
0E001E00
0C001E00
08000000
ENDCHAR
STARTCHAR uni092F094D0072
ENCODING -1
SWIDTH 263 0
DWIDTH 14 0
BBX 23 35 -1 -1
BITMAP
FFFFF0
FFFFF0
FFFFF0
FFFFF0
01F000
00F800
007800
007800
007C00
007C00
007C00
007800
00F800
01F800
1FF000
1FE000
1FC01E
1F001E
1F001E
0F001E
0F801E
07803C
07E0FC
03FFF8
00FFE0
003FC0
003F00
007E00
01FC00
03F000
0FE000
0F8000
0F0000
0C0000
080000
ENDCHAR
STARTCHAR uni09300941
ENCODING -1
SWIDTH 531 0
DWIDTH 29 0
BBX 30 34 -1 0
BITMAP
FFFFFFFC
FFFFFFFC
FFFFFFFC
FFFFFFFC
001E0000
001E0000
001E0000
001E0000
001E3F00
001EFFC0
001FFFE0
001FFFE0
001FC3F0
001F01F0
003E00F0
003E00F0
00FC00F8
1FF800F8
1FF000F8
1FE000F8
0F0000F0
0F0000F0
078001F0
078003F0
07C01FE0
03C01FC0
03E01F80
01E01E00
01E00000
00F00000
00F00000
00780000
00780000
007C0000
ENDCHAR
STARTCHAR uni09300942
ENCODING -1
SWIDTH 539 0
DWIDTH 29 0
BBX 31 34 -1 0
BITMAP
FFFFFFFE
FFFFFFFE
FFFFFFFE
FFFFFFFE
001E0000
001E0000
001E0000
001E0000
001EFE00
001FFF80
001FFFC0
001FFFE0
001F83F0
001E01F8
003E00F8
003E0078
00FE007C
1FFF043C
1FFFF83C
1FC7F83C
0F03F83E
0F01F81E
07800000
07800000
07C00000
03C00000
03E00000
01E00000
01E00000
00F00000
00F00000
00780000
00780000
007C0000
ENDCHAR
STARTCHAR uni0932094D0930
ENCODING -1
SWIDTH 634 0
DWIDTH 34 0
BBX 36 36 -1 -2
BITMAP
FFFFFFFFF0
FFFFFFFFF0
FFFFFFFFF0
FFFFFFFFF0
0000001E00
0000001E00
0000001E00
0000001E00
0000001E00
0000001E00
00F807DE00
03FE1FFE00
07FE3FFE00
0FFF3FFE00
0F87F87E00
0F03F03E00
1F03F01E00
1E01E01E00
1E01E01E00
1E01E01E00
1E01E01E00
1E01E01E00
1E01E01E00
1E00007E00
1E0000FE00
1E0001FE00
1E0003FE00
1F0007DE00
1F001F9E00
0F803F1E00
0FC07E1E00
07F07C1E00
07F0781E00
03F0701E00
00F0401E00
0000400000
ENDCHAR
STARTCHAR uni0932094D0932
ENCODING -1
SWIDTH 1081 0
DWIDTH 58 0
BBX 60 35 -1 -1
BITMAP
FFFFFFFFFFFFFFF0
FFFFFFFFFFFFFFF0
FFFFFFFFFFFFFFF0
FFFFFFFFFFFFFFF0
0000000000001E00
0000000000001E00
0000000000001E00
0000000000001E00
0000000000001E00
0000000000001E00
00F807C0F807DE00
03FE1FE3FE1FFE00
07FE3FF7FF3FFE00
0FFF3FFFFF3FFE00
0F87F87F87F87E00
1F03F03F03F03E00
1F03F01F03F01E00
1E01E01E01E01E00
1E01E01E01E01E00
1E01E01E01E01E00
1E01E01E01E01E00
1E01E01E01E01E00
1E01E01E01E01E00
1E01E01E01E01E00
1E00001E00001E00
1E00001E00001E00
1F00001F00001E00
1F00000F00001E00
0F80000F80001E00
0FC0000FC0001E00
07F00007F0001E00
03FF8003FF801E00
01FF8001FF801E00
00FF8000FF801E00
001F80001F801E00
ENDCHAR
STARTCHAR uni0932094D0072
ENCODING -1
SWIDTH 426 0
DWIDTH 23 0
BBX 30 36 -1 -2
BITMAP
FFFFFFF0
FFFFFFF0
FFFFFFF0
FFFFFFF0
00000000
00000000
00000000
00000000
00000000
00000000
00F807C0
03FE1FE0
07FE3FF0
0FFF3FF8
0F87F878
0F03F03C
1F03F01C
1E01E01C
1E01E01C
1E01E01C
1E01E004
1E01E00C
1E01E01C
1E00007C
1E0000F8
1E0001F0
1E0003E0
1F0007C0
1F001F80
0F803F00
0FC07E00
07F07C00
07F07800
03F07000
00F06000
00004000
ENDCHAR
STARTCHAR uni0933094D092F
ENCODING -1
SWIDTH 1145 0
DWIDTH 62 0
BBX 63 34 -1 0
BITMAP
FFFFFFFFFFFFFFFE
FFFFFFFFFFFFFFFE
FFFFFFFFFFFFFFFE
FFFFFFFFFFFFFFFE
00000000000001E0
00000000000001E0
00000000000001E0
00000000000001E0
00000000000001E0
00FC01FFFFF001E0
01FF03FFFFFC01E0
03FF87FFFFFE01E0
07FF8FFFFFFF01E0
0FC7DF0F801F01E0
0F81DE07C00F01E0
1F01FC03C00F01E0
1E00FC03E00F01E0
1E00FC01E07F01E0
1E00F801E3FE01E0
1E007801E3FC01E0
1E007801E1F001E0
1E007801E1E003E0
1E00F801E1E003E0
1E00FC03E1F003E0
1E00FC03E1F807E0
1F01FE03C0FC1FE0
0F03FE07C07FFFE0
0F87CF0F803FFDE0
07FFCFFF801FF9E0
07FF87FF0007E1E0
01FF03FE000001E0
00FC00F8000001E0
00000000000001E0
00000000000001E0
ENDCHAR
STARTCHAR uni0935094D0930
ENCODING -1
SWIDTH 424 0
DWIDTH 23 0
BBX 24 35 -1 -1
BITMAP
FFFFFF
FFFFFF
FFFFFF
FFFFFF
0000F0
0000F0
0000F0
0000F0
01F8F0
07FEF0
0FFFF0
1FFFF0
1F87F0
1E01F0
3E01F0
3E01F0
3C00F0
3C00F0
3C00F0
3C00F0
3E01F0
1E01F0
1F03F0
1F87F0
0FFFF0
07FEF0
01FCF0
01F8F0
07E0F0
0FC0F0
1F80F0
3E00F0
3C00F0
3000F0
200000
ENDCHAR
STARTCHAR uni0935094D0072
ENCODING -1
SWIDTH 206 0
DWIDTH 11 0
BBX 16 35 -1 -1
BITMAP
FFFF
FFFF
FFFF
FFFF
0000
0000
0000
0000
01FC
07FF
0FFF
1FFF
1F83
1E01
3E00
3C00
3C00
3C00
3C00
3C00
3E00
1E00
1F01
1FFF
0FFF
07FF
01FE
01F8
07F0
0FC0
3F80
3E00
3C00
3000
2000
ENDCHAR
STARTCHAR uni0936094D090B
ENCODING -1
SWIDTH 545 0
DWIDTH 29 0
BBX 30 45 0 -10
BITMAP
03F00000
0FFC3FFC
1FFC3FFC
1FFE3FFC
3F1F3FFC
3E0F0780
3C0F0780
3C0F0780
3C0F0780
3C0F0780
3C0F0780
1E0F0780
1F1F0780
1F1E0780
0FFE0780
07FC0780
03FE0780
07FFFF80
FFFFFF80
FFCFFF80
FF00FF80
F8000780
00000780
00000780
00000780
00000780
00000780
00000780
00000780
00000780
00000780
00000780
00001F80
00003F80
00007F80
0000F800
0000F000
0000F000
0000F000
0000F000
0000FC10
00007FF0
00007FF0
00001FF0
00000FE0
ENDCHAR
STARTCHAR uni0936094D091A
ENCODING -1
SWIDTH 579 0
DWIDTH 31 0
BBX 29 37 3 -2
BITMAP
07E00000
1FF07FF8
3FF87FF8
3FFC7FF8
7C7C7FF8
783E0F00
781E0F00
781E0F00
781E0F00
781E0F00
7C1E0F00
3C1E0F00
3E1C0F00
1FFC0F00
0FFFFF00
07FFFF00
03FFFF00
FFFFFF00
FFE00F00
FF800F00
FC000F00
00000F00
00000F00
FFFC0F00
FFFC0F00
FFFC0F00
FFFC1F00
0FC01F00
0F001F00
0F003F00
0F007F00
0F00FF00
0F81FF00
0FFFEF00
07FFCF00
03FF8F00
00FC0F00
ENDCHAR
STARTCHAR uni0936094D091A094D
ENCODING -1
SWIDTH 363 0
DWIDTH 20 0
BBX 23 37 3 -2
BITMAP
07E000
1FF000
3FF800
3FFC00
7C7C00
783E00
781E00
781E00
781E00
781E00
7C1E00
3C1E00
3E1C00
1FFC06
0FFFFE
07FFFE
03FFFE
FFFFF0
FFE000
FF8000
FC0000
00000E
00000E
FFFC0E
FFFC0E
FFFC0E
FFFC1E
0FC01E
0F001C
0F003C
0F007C
0F00F8
0F81F0
0FFFE0
07FFC0
03FF80
00FE00
ENDCHAR
STARTCHAR uni0936094D0928
ENCODING -1
SWIDTH 545 0
DWIDTH 29 0
BBX 30 41 0 -6
BITMAP
03F00000
07FC3FFC
1FFC3FFC
1FFE3FFC
3F1F3FFC
3E0F0780
3C0F0780
3C0F0780
3C0F0780
3C0F0780
3C0F0780
3E0F0780
1F1F0780
1F1E0780
0FFE0780
07FC0780
03FE0780
03FFFF80
0FFFFF80
FFFFFF80
FFC3FF80
FF000780
F8000780
00000780
00001F80
00003F80
0000FF80
0003FF80
000FE780
003F8780
00FE0780
01FE0780
03FF0780
078F0780
07870780
07870000
078F0000
07FF0000
03FF0000
01FE0000
00F80000
ENDCHAR
STARTCHAR uni0936094D0928094D
ENCODING -1
SWIDTH 337 0
DWIDTH 18 0
BBX 25 40 0 -5
BITMAP
03F00000
0FFC0000
1FFC0000
1FFE0000
3F1F0000
3E0F0000
3C0F0000
3C0F0000
3C0F0000
3C0F0000
3C0F0000
1E0F0000
1F1F0000
1F9E0000
0FFE0000
07FC0000
03FE0000
07FFFF80
FFFFFF80
FFCFFF80
FF00FF80
F8000080
00000380
00000F80
00003F80
0000FE00
0003F800
000FE000
001F8000
007E0000
01FE0000
03FF0000
038F0000
07870000
07870000
078F0000
07FF0000
03FF0000
01FE0000
00F80000
ENDCHAR
STARTCHAR uni0936094D0930
ENCODING -1
SWIDTH 545 0
DWIDTH 29 0
BBX 30 36 0 -1
BITMAP
03F00000
07FC3FFC
1FFC3FFC
1FFE3FFC
3F1F3FFC
3E0F0780
3C0F0780
3C0F0780
3C0F0780
3C0F0780
3C0F0780
3E0F0780
1F1F0780
1F1E0780
0FFE0780
07FC0780
03FE0780
03FFFF80
0FFFFF80
FFFFFF80
FFC3FF80
FF000780
F8000780
00000780
00001F80
00007F80
0001FF80
0007FF80
001FE780
007F8780
01FE0780
07F80780
07E00780
07800780
07000780
04000000
ENDCHAR
STARTCHAR uni0936094D0932
ENCODING -1
SWIDTH 597 0
DWIDTH 32 0
BBX 31 41 2 -6
BITMAP
07E00000
1FF83FFE
3FFC3FFE
3FFC3FFE
7C3E3FFE
783E03C0
781E03C0
781E03C0
781E03C0
781E03C0
7C1E03C0
3C1E03C0
3E1E03C0
1FFC03C0
0FFFFFC0
03FFFFC0
03FFFFC0
FFFFF3C0
FFE003C0
FF8003C0
FC0003C0
000003C0
000003C0
0F807FC0
3FE1FFC0
7FF3FFC0
7FF3FFC0
F87F8FC0
F03F07C0
F01E03C0
F01E03C0
F01E03C0
F01E03C0
F00003C0
F00003C0
F80003C0
FC000000
7F800000
3F800000
1F800000
07800000
ENDCHAR
STARTCHAR uni0936094D0932094D
ENCODING -1
SWIDTH 358 0
DWIDTH 19 0
BBX 24 40 2 -5
BITMAP
07E000
1FF800
3FFC00
3FFC00
7C3E00
783E00
781E00
781E00
781E00
781E00
7C1E00
3C1E00
3E1E00
1FFC06
0FFFFE
03FFFF
03FFFF
FFFFF0
FFE000
FF8000
FC0000
000000
0F80FF
3FE1FF
7FF3FF
7FF7FF
F87F80
F03F00
F01E00
F01E00
F01E00
F01E00
F00000
F00000
F80000
FC0000
7F8000
3F8000
1F8000
078000
ENDCHAR
STARTCHAR uni0936094D0935
ENCODING -1
SWIDTH 545 0
DWIDTH 29 0
BBX 30 35 0 0
BITMAP
03F00000
0FFC3FFC
1FFE3FFC
1FFE3FFC
3E1F3FFC
3C0F0780
3C0F0780
3C0F0780
3C0F0780
3E0F0780
1E0F0780
1F1F0780
0FDE0780
07FE0780
03FFFF80
00FFFF80
07FFFF80
FFE0FF80
FFC00780
FF07E780
F80FF780
001FFF80
003FFF80
007E0F80
007C0780
00780780
00780780
00780780
00780780
007C0780
007E0F80
003FFF80
001FFF80
001FF780
0007E780
ENDCHAR
STARTCHAR uni0936094D0935094D
ENCODING -1
SWIDTH 327 0
DWIDTH 18 0
BBX 23 34 0 1
BITMAP
03F000
0FFC00
1FFE00
1FFE00
3E1F00
3C0F00
3C0F00
3C0F00
3C0F00
3E0F00
1F0F00
1FDE00
0FFE00
03FFFE
01FFFE
01FFFE
0FF3FE
FFE000
FFC000
FF07F8
F81FFE
003FFE
003FFE
007E06
007C00
007800
007800
007800
007C00
007E06
003FFE
003FFE
001FFE
0007F8
ENDCHAR
STARTCHAR uni0936094D0072
ENCODING -1
SWIDTH 317 0
DWIDTH 17 0
BBX 24 36 0 -1
BITMAP
03F000
0FFC00
1FFC00
1FFE00
3E1F00
3E0F00
3C0F00
3C0F00
3C0F00
3C0F00
3C0F00
1E0F00
1F1F00
0F9E00
0FFE00
07FC00
03FE00
07FFFE
FFFFFE
FFCFFE
FF01FE
F80001
000003
00000F
00003F
0000FE
0003F8
000FE0
003F80
01FF00
07FC00
07F000
07C000
078000
060000
080000
ENDCHAR
STARTCHAR uni0937094D091F
ENCODING -1
SWIDTH 475 0
DWIDTH 26 0
BBX 27 35 -1 -1
BITMAP
FFFFFFE0
FFFFFFE0
FFFFFFE0
FFFFFFE0
07C03C00
07E03C00
07F03C00
07B83C00
07983C00
079C3C00
078E3C00
07873C00
0783BC00
0781BC00
0781FC00
0780FC00
07C07C00
03E03C00
03FFFC00
01FFFC00
03FFFC00
03FFFC00
07E00000
07800000
07800000
0F800000
0F800780
0F800780
07800780
07C00F80
07F03F00
03FFFF00
01FFFE00
00FFF800
001FE000
ENDCHAR
STARTCHAR uni0937094D091F094D092F
ENCODING -1
SWIDTH 941 0
DWIDTH 51 0
BBX 52 35 -1 -1
BITMAP
FFFFFFFFFFFFF0
FFFFFFFFFFFFF0
FFFFFFFFFFFFF0
FFFFFFFFFFFFF0
07C03C00000F00
07E03C00000F00
07F03C00000F00
07B83C00000F00
07983FFF800F00
078C3FFFE00F00
078E3FFFF00F00
07873FFFF80F00
07833C00F80F00
0781BC00780F00
0781FC00780F00
0780FC00780F00
07C07C00780F00
03E03C00780F00
03FFFC01F80F00
01FFFC1FF00F00
03FFFC1FF00F00
03FFFC1FE00F00
07E0000F800F00
0780000F001F00
0780000F001F00
0F80000F801F00
0F800787C03F00
0F800787E0FF00
07800783FFFF00
07C00F81FFEF00
07F03F00FFCF00
03FFFF003F0F00
01FFFE00000F00
00FFF800000F00
001FE000000F00
ENDCHAR
STARTCHAR uni0937094D091F094D0935
ENCODING -1
SWIDTH 475 0
DWIDTH 26 0
BBX 27 42 -1 -8
BITMAP
FFFFFFE0
FFFFFFE0
FFFFFFE0
FFFFFFE0
07F03C00
07F03C00
07B83C00
079C3C00
078E3C00
07863C00
07873C00
0783BC00
0781FC00
07C0FC00
03E07C00
03FFFC00
01FFFC00
03FFFC00
03FFFC00
07C00000
07800000
0F800000
0F800780
0F800780
0F800780
07C00F80
07F03F00
03FFFF00
01FFFE00
01FFFE00
01FFFE00
03F01E00
03C01E00
03C01E00
07C01E00
07C01E00
03C01E00
03E07E00
03FFFE00
01FFFE00
00FFDE00
003F9E00
ENDCHAR
STARTCHAR uni0937094D0920
ENCODING -1
SWIDTH 475 0
DWIDTH 26 0
BBX 27 35 -1 -1
BITMAP
FFFFFFE0
FFFFFFE0
FFFFFFE0
FFFFFFE0
07C03C00
07E03C00
07F03C00
07B83C00
07983C00
079C3C00
078E3C00
07873C00
0783BC00
0781BC00
0781FC00
0780FC00
07C07C00
03E03C00
03FFFC00
01FFFC00
01FFFE00
03FFFF00
07E01F00
07C00F80
0F800780
0F800780
0F000780
0F800780
0F800780
07C00F80
07E03F00
03FFFF00
01FFFE00
00FFFC00
003FE000
ENDCHAR
STARTCHAR uni0937094D0920094D092F
ENCODING -1
SWIDTH 941 0
DWIDTH 51 0
BBX 52 35 -1 -1
BITMAP
FFFFFFFFFFFFF0
FFFFFFFFFFFFF0
FFFFFFFFFFFFF0
FFFFFFFFFFFFF0
07C03C00000F00
07E03C00000F00
07F03C00000F00
07B83C00000F00
07983FFF800F00
078C3FFFE00F00
078E3FFFF00F00
07873FFFF80F00
07833C00F80F00
0781BC00780F00
0781FC00780F00
0780FC00780F00
07C07C00780F00
03E03C00780F00
03FFFC01F80F00
01FFFC1FF00F00
01FFFE1FF00F00
03FFFF1FE00F00
07E01F0F800F00
07C00F8F001F00
0F80078F001F00
0F80078F801F00
0F000787C03F00
0F800787E0FF00
0F800783FFFF00
07C00F81FFEF00
07E03F00FFCF00
03FFFF003F0F00
01FFFE00000F00
00FFFC00000F00
003FE000000F00
ENDCHAR
STARTCHAR uni0937094D0920094D0935
ENCODING -1
SWIDTH 475 0
DWIDTH 26 0
BBX 27 42 -1 -8
BITMAP
FFFFFFE0
FFFFFFE0
FFFFFFE0
FFFFFFE0
07E03C00
07F03C00
07B83C00
07983C00
079C3C00
078E3C00
07873C00
07833C00
0781BC00
07C1FC00
03E0FC00
03FFFC00
01FFFC00
01FFFE00
03FFFF00
07E01F00
07800F80
0F800780
0F000780
0F000780
0F800780
07C00F80
07E03F00
03FFFF00
01FFFE00
01FFFE00
03FFFE00
07E01E00
07C01E00
07801E00
07801E00
07801E00
07C03E00
07E07E00
03FFFE00
03FFFE00
00FFDE00
007F1E00
ENDCHAR
STARTCHAR uni0937094D0930
ENCODING -1
SWIDTH 439 0
DWIDTH 24 0
BBX 24 35 0 -1
BITMAP
FFFFFF
FFFFFF
FFFFFF
FFFFFF
1E00F0
1F00F0
1F80F0
1FC0F0
1FC0F0
1EE0F0
1E70F0
1E70F0
1E38F0
1E1CF0
1E0EF0
1E0EF0
1E07F0
1E03F0
1E01F0
1F01F0
1F83F0
0FFFF0
0FFFF0
07FEF0
01FCF0
00F8F0
01F0F0
03E0F0
07C0F0
0F80F0
1F00F0
1E00F0
1C00F0
1800F0
100000
ENDCHAR
STARTCHAR uni0937094D0072
ENCODING -1
SWIDTH 240 0
DWIDTH 13 0
BBX 19 35 0 -1
BITMAP
FFFF80
FFFF80
FFFF80
FFFF80
1E0000
1F0000
1F8000
1FC000
1FC000
1EE000
1E7000
1E3800
1E3800
1E1C00
1E0E00
1E0600
1E0700
1E0380
1E01C0
1F01C0
0F83E0
0FFFE0
07FFC0
03FF80
007F00
007C00
00F800
01F000
07E000
0FC000
0F8000
0E0000
0C0000
080000
100000
ENDCHAR
STARTCHAR uni0938094D0924094D0930
ENCODING -1
SWIDTH 742 0
DWIDTH 40 0
BBX 42 34 -1 0
BITMAP
FFFFFFFFFFC0
FFFFFFFFFFC0
FFFFFFFFFFC0
FFFFFFFFFFC0
001E00007800
001E00007800
001E00007800
001E00007800
001E00007800
001E00007800
001E03F07800
001E0FFC7800
001E1FFE7800
001E3FFF7800
003E7E1FF800
003C7807F800
00FC7803F800
1FFFF001F800
1FFFF001F800
1FFFF000F800
0F000001F800
0F000003F800
0780000FF800
0780003FF800
07C0007F7800
03C001FE7800
03E007F87800
01E00FE07800
01E01FC07800
00F01F007800
00F01C007800
007818007800
007820007800
007C00007800
ENDCHAR
STARTCHAR uni0938094D0924094D0072
ENCODING -1
SWIDTH 524 0
DWIDTH 28 0
BBX 35 34 -1 0
BITMAP
FFFFFFFF80
FFFFFFFF80
FFFFFFFF80
FFFFFFFF80
001E000000
001E000000
001E000000
001E000000
001E000000
001E000000
001E03F000
001E0FFC00
001E1FFE00
001E3FFF00
003E7E1F80
003C7807C0
00FC7803C0
1FFFF001E0
1FFFF001E0
1FFFF000E0
0F000001E0
0F000003E0
0780000FE0
0780003FC0
07C0007F00
03C001FE00
03E007F800
01E00FE000
01E01FC000
00F01F0000
00F01C0000
0078180000
0078200000
007C000000
ENDCHAR
STARTCHAR uni0938094D0930
ENCODING -1
SWIDTH 599 0
DWIDTH 32 0
BBX 34 34 -1 0
BITMAP
FFFFFFFFC0
FFFFFFFFC0
FFFFFFFFC0
FFFFFFFFC0
001E007800
001E007800
001E007800
001E007800
001E007800
001E007800
001E007800
001E007800
001E007800
001FC07800
003FF07800
003FFC7800
00FFFF7800
1FF87FF800
1FF00FF800
1FE003F800
0F000FF800
0F001FF800
07803F7800
07807E7800
07C0FC7800
03C0F07800
03E0E07800
01E0C07800
01E0807800
00F0807800
00F0007800
0078007800
0078007800
007C007800
ENDCHAR
STARTCHAR uni0938094D0072
ENCODING -1
SWIDTH 382 0
DWIDTH 21 0
BBX 28 34 -1 0
BITMAP
FFFFFFC0
FFFFFFC0
FFFFFFC0
FFFFFFC0
001E0000
001E0000
001E0000
001E0000
001E0000
001E0000
001E0000
001E0000
001E0000
001FC000
003FF800
003FFC00
00FFFF00
1FF87FC0
1FF00FF0
1FE003E0
0F000FC0
0F001F80
07803F00
07807E00
07C0FC00
03C0F000
03E0E000
01E0C000
01E08000
00F08000
00F00000
00780000
00780000
007C0000
ENDCHAR
STARTCHAR uni09390941
ENCODING -1
SWIDTH 444 0
DWIDTH 24 0
BBX 26 45 -1 -11
BITMAP
FFFFFFC0
FFFFFFC0
FFFFFFC0
FFFFFFC0
0000F000
0000F000
0000F000
0000F000
0000F000
00FFF000
03FFF000
07FFF000
07FFF000
07C00000
0F800000
07800000
07C00000
07FF8000
03FFF000
01FFF800
03FFFC00
07E0FC00
07C03E00
07803E00
0F801E00
0F801E00
0F801E00
07801E00
07800000
07E00000
03F00000
01FE0000
00FFE000
001FF800
0003FC00
04007C00
06003E00
07001E00
07801E00
07E03E00
03F87E00
01FFFC00
00FFF800
003FF000
000FE000
ENDCHAR
STARTCHAR uni09390942
ENCODING -1
SWIDTH 444 0
DWIDTH 24 0
BBX 26 45 -1 -11
BITMAP
FFFFFFC0
FFFFFFC0
FFFFFFC0
FFFFFFC0
0000F000
0000F000
0000F000
0000F000
0000F000
007FF000
01FFF000
03FFF000
07FFF000
07C00000
0F800000
0F800000
07800000
07C00000
07FFC000
03FFF000
01FFF800
03FFFC00
07E07E00
07C03E00
07801E00
0F801E00
0F801E00
0F801E00
07800000
07C00000
07E00000
03FF8000
01FFE000
00FFF000
01FFF800
01F0F800
03E07C00
03C03C00
03C03E00
03E01E00
01F09E00
01FF9E00
00FF9F00
007F8F00
001F0F00
ENDCHAR
STARTCHAR uni09390943
ENCODING -1
SWIDTH 453 0
DWIDTH 24 0
BBX 26 42 -1 -8
BITMAP
FFFFFFC0
FFFFFFC0
FFFFFFC0
FFFFFFC0
00003C00
00003C00
00003C00
00003C00
00003C00
007FFC00
03FFFC00
07FFFC00
07FFFC00
07C00000
0F800000
0F800000
07C00000
07FFC000
03FFF000
01FFFC00
01FFFC00
03F07E00
03E03E00
07C03E00
0780FE00
0F81FE00
0F03FE00
0F03C000
0F07C000
0F078000
0F87C000
0F83E080
0F83FF80
07C1FF80
07C0FF80
03E03F00
03F80000
01FF0000
00FFFF80
003FFF80
000FFF80
0001FF80
ENDCHAR
STARTCHAR uni09390944
ENCODING -1
SWIDTH 453 0
DWIDTH 24 0
BBX 26 44 -1 -10
BITMAP
FFFFFFC0
FFFFFFC0
FFFFFFC0
FFFFFFC0
00003C00
00003C00
00003C00
00003C00
007FFC00
01FFFC00
07FFFC00
07FFFC00
07C00000
0F800000
0F800000
07C00000
07FFC000
03FFF000
01FFF800
00FFFC00
01F07C00
03E03E00
07C03E00
0780FE00
0781FE00
0F83FE00
0F07C000
0F07C000
0F07C000
0F03C000
0F03FE00
0F81FE00
0F83FE00
0783C000
07878000
07C7C000
03E3FF80
03F1FF80
01FC7F00
00FF8000
007FFF80
003FFF80
000FFF80
0001FF80
ENDCHAR
STARTCHAR uni0939094D0923
ENCODING -1
SWIDTH 519 0
DWIDTH 28 0
BBX 30 40 -1 -6
BITMAP
FFFFFFFC
FFFFFFFC
FFFFFFFC
FFFFFFFC
00003C00
00003C00
00003C00
00003C00
007FFC00
01FFFC00
03FFFC00
07FFFC00
07C00000
0F800000
0F800000
07800000
07C00000
07FFF800
03FFFE00
01FFFF80
01FFFFC0
03FE7FC0
07DE7BE0
079E79E0
0F9E79F0
0F1E78F0
0F1E78F0
0F1E78F0
0F1E78F0
0F1FF8F0
0F0FF0F0
0F8FF0F0
0F87C0F0
07C00000
07F00000
03FC0000
01FFF800
00FFF800
003FF800
000FF800
ENDCHAR
STARTCHAR uni0939094D0928
ENCODING -1
SWIDTH 519 0
DWIDTH 28 0
BBX 30 44 -1 -10
BITMAP
FFFFFFFC
FFFFFFFC
FFFFFFFC
FFFFFFFC
00003C00
00003C00
00003C00
00003C00
00003C00
007FFC00
01FFFC00
03FFFC00
07FFFC00
07C00000
07800000
0F800000
0F800000
07C00000
07FFF000
03FFFE00
01FFFF00
01FFFF80
03F80FC0
03E003C0
07C001E0
0787FFE0
0F0FFFE0
0F1FFFF0
0F1FFFF0
0F3C3CF0
0F3C3CF0
0F3C3CF0
0F3C7CF0
0F1FF8F0
0F9FF8F0
0F8FF0F0
07C7C000
07E00000
03F80000
01FF0000
00FFFF80
007FFF80
001FFF80
0001FF00
ENDCHAR
STARTCHAR uni0939094D092E
ENCODING -1
SWIDTH 662 0
DWIDTH 36 0
BBX 37 40 -1 -6
BITMAP
FFFFFFFFF8
FFFFFFFFF8
FFFFFFFFF8
FFFFFFFFF8
00003C0780
00003C0780
00003C0780
00003C0780
00003C0780
007FFC0780
03FFFC0780
07FFFC0780
07FFFC0780
07C0000780
0F80000780
0F80000780
07C0000780
07FFC00780
03FFF80780
01FFFC0780
03FFFC0780
07F03E0780
07C01E0780
0F81FFFF80
0F03FFFF80
0F07FFFF80
0F0FFFFF80
0F0F0E0780
0F0F0E0780
0F0F0E0780
0F0F1E0780
0F8FFE0780
0F87FC0780
07C3F80780
07E1F00780
03FC000000
01FFF80000
00FFF80000
007FF80000
000FF80000
ENDCHAR
STARTCHAR uni0939094D092F
ENCODING -1
SWIDTH 662 0
DWIDTH 36 0
BBX 37 39 -1 -5
BITMAP
FFFFFFFFF8
FFFFFFFFF8
FFFFFFFFF8
FFFFFFFFF8
00003C0780
00003C0780
00003C0780
00003C0780
007FFC0780
01FFFC0780
03FFFC0780
07FFFC0780
07C0000780
0F80000780
0F80000780
0780000780
07C0000780
07FFC00780
03FFF00780
01FFFC0780
01FFFC0780
03F07E0780
07C03E0780
07C03E0780
07803C0F80
0783FC0F80
0F83F00F80
0F83E01F80
0F83F07F80
0F81FFFF80
0780FFF780
07C07FE780
07C01F8780
03F0000780
03FC000000
01FFF80000
00FFF80000
003FF80000
0007F80000
ENDCHAR
STARTCHAR uni0939094D0930
ENCODING -1
SWIDTH 453 0
DWIDTH 24 0
BBX 26 37 -1 -3
BITMAP
FFFFFFC0
FFFFFFC0
FFFFFFC0
FFFFFFC0
00003C00
00003C00
00003C00
00003C00
00003C00
007FFC00
01FFFC00
03FFFC00
07FFFC00
07C00000
0F800000
0F800000
07800000
07C00000
07FFC000
03FFF000
01FFF800
03FFFC00
03E07E00
07C0FE00
0783FE00
0F87DE00
0F8F9E00
0F8F1E00
0F8E0000
078C0000
07880000
07C00000
03F00000
03FFE000
01FFE000
007FE000
001FE000
ENDCHAR
STARTCHAR uni0939094D0932
ENCODING -1
SWIDTH 519 0
DWIDTH 28 0
BBX 30 44 -1 -10
BITMAP
FFFFFFFC
FFFFFFFC
FFFFFFFC
FFFFFFFC
00007800
00007800
00007800
00007800
007FF800
01FFF800
03FFF800
07FFF800
07C00000
07800000
0F800000
0F800000
07C00000
07FFF000
03FFFE00
01FFFF00
01FFFF80
03F80FC0
03E007C0
07C003E0
0787CFE0
0F8FFFE0
0F1FFFF0
0F1E79F0
0F1E78F0
0F1C78F0
0F1C78F0
0F1E00F0
0F1E00F0
0F1E0000
0F9F8000
078F8000
07C38000
07E00000
03F80000
01FF0000
00FFFF80
003FFF80
000FFF80
0001FF80
ENDCHAR
STARTCHAR uni0939094D0935
ENCODING -1
SWIDTH 509 0
DWIDTH 27 0
BBX 29 44 -1 -10
BITMAP
FFFFFFF8
FFFFFFF8
FFFFFFF8
FFFFFFF8
00007800
00007800
00007800
00007800
00007800
007FF800
01FFF800
03FFF800
07FFF800
07C00000
07800000
0F800000
0F800000
07C00000
07FFF800
03FFFE00
01FFFF00
01FFFF80
03F80FC0
03E003C0
07C1F9E0
0783FDE0
0F87FFE0
0F0FFFE0
0F0F83E0
0F0F01E0
0F0F01E0
0F0F01E0
0F0F83E0
0F0FFFE0
0F87FFE0
0F83FDE0
07C1F1E0
07E00000
03F00000
01FE0000
00FFFF80
007FFF80
001FFF80
0001FF80
ENDCHAR
STARTCHAR uni095E094D0930
ENCODING -1
SWIDTH 691 0
DWIDTH 37 0
BBX 39 35 -1 -1
BITMAP
FFFFFFFFFE
FFFFFFFFFE
FFFFFFFFFE
FFFFFFFFFE
03C01E0000
03C01E0000
03C01E0000
03C01E0000
03C01E3E00
03C01EFF80
03C01FFFC0
03C01FFFE0
03C01F83E0
03C01F01F0
03C01E00F0
03C01E00F0
03C01E00F0
03C01E00F0
03C03E00F0
03E03E00F0
03E07E00F0
01FDFE00F0
01FFFE00F0
F8FFDE01F0
F83F9E03E0
F81F1E1FE0
F83E1E1FC0
F87C1E1F80
00F81E1E00
01F01E0000
01E01E0000
01C01E0000
01801E0000
01001E0000
0200000000
ENDCHAR
STARTCHAR uni0915094D0937094D.01
ENCODING -1
SWIDTH 376 0
DWIDTH 20 0
BBX 23 35 2 0
BITMAP
03F000
0FF800
1FFC00
3FFE00
3E3E00
7C1E00
781E00
781E00
781E00
781E00
7C3E00
3C3C00
3C7C00
1EF800
1FF000
0FE000
0FF000
1FFE00
3FFFFE
7E7FFE
7C0FFE
7801FE
F80000
F00780
F00780
F80780
F807C0
7C1FC0
7FFFC0
3FFFC0
1FFDE0
07F1E0
0001E0
0001E0
0001F0
ENDCHAR
STARTCHAR uni0915094D0937094D0072.01
ENCODING -1
SWIDTH 493 0
DWIDTH 27 0
BBX 30 35 2 0
BITMAP
00FC0000
03FF0000
07FF8000
07FFC000
0F87C000
0F03C000
1F03E000
1F03E000
1F03C000
1F03C000
0F07C000
0F078000
0F8F8000
07BF0000
07FE0000
03FC0000
03FC0000
0FFF8000
1FFFFFFC
3F1FFFFC
7E03FFFC
7C007FFC
F800007C
F01E00F8
F00F01F0
F00F07E0
F80F07C0
FC3F0780
7FFF8700
7FFF8600
3FF78400
0FE78400
0007C000
0003C000
0003C000
ENDCHAR
STARTCHAR uni0915094D0072.01
ENCODING -1
SWIDTH 465 0
DWIDTH 25 0
BBX 32 35 -1 -1
BITMAP
FFFFFFFC
FFFFFFFC
FFFFFFFC
FFFFFFFC
0000F000
0000F000
0000F000
0000F000
01F8F000
07FEF000
0FFFF000
1FFFF1FF
1F87F7FF
1E01FFFF
3E01FFFF
3E01FC00
3C00F800
3C00F000
3C00F000
3C00F000
3E00F000
1E01F000
1E01F000
1F87F000
0FFFF000
07FFF000
03FCF000
01F8F000
07E0F000
0FC0F000
1F80F000
3E00F000
3C00F000
3000F000
20000000
ENDCHAR
STARTCHAR uni0924094D0924094D.01
ENCODING -1
SWIDTH 322 0
DWIDTH 17 0
BBX 23 34 -1 0
BITMAP
FFFFFC
FFFFFC
FFFFFC
FFFFFC
000000
000000
000000
000000
000000
000000
000000
000000
000000
000000
000000
000000
000000
3FFFFE
3FFFFE
3FFFFE
3FFFFE
03E000
03C000
03C000
07C000
03C000
03C000
03E000
01E000
01F000
00F000
00F800
007C00
003E00
ENDCHAR
STARTCHAR uni092B094D0072.01
ENCODING -1
SWIDTH 479 0
DWIDTH 26 0
BBX 33 35 -1 -1
BITMAP
FFFFFFFC00
FFFFFFFC00
FFFFFFFC00
FFFFFFFC00
0F00F80000
0F00F80000
0F00F80000
0F00F80000
0F00F80000
0F00F80000
0F00F80000
0F00F8FF80
0F00FBFF80
0F00FFFF80
0F00FFFF80
0F00FE0000
0F00FC0000
0F00F80000
0F00F80000
0F80F80000
0F81F80000
07E3F80000
07FFF80000
03FFF80000
01FEF80000
007CF80000
00F8F80000
01F0F80000
03E0F80000
07C0F80000
0F80F80000
0F00F80000
0E00F80000
0C00F80000
0800000000
ENDCHAR
STARTCHAR uni0915094D0932.loclMAR
ENCODING -1
SWIDTH 630 0
DWIDTH 34 0
BBX 36 44 -1 -10
BITMAP
FFFFFFFFF0
FFFFFFFFF0
FFFFFFFFF0
FFFFFFFFF0
0000F00000
0000F00000
0000F00000
01FCF1F800
07FFF7FE00
0FFFFFFF00
0FFFFFFF80
1F83FC0F80
1E00F807C0
1E00F807C0
1E00F003C0
1E00F003C0
1E00F003C0
1E00F007C0
1F83F00F80
0FFFF03F80
0FFFF03F00
03FFF03E00
00FCF03C00
0000F00000
0000F00000
0000F00000
007CF3E000
01FFF7F800
03FFFFFC00
03FFFFFC00
07E1FC3E00
07C0F83E00
0780F01E00
0780F01E00
0780F01E00
0780F01E00
0780001E00
0780001E00
07C0003E00
03E0007E00
03FC03FC00
01FC03F800
00FC03F000
007C03E000
ENDCHAR
STARTCHAR uni091A094D0932.loclMAR
ENCODING -1
SWIDTH 480 0
DWIDTH 26 0
BBX 28 44 -1 -10
BITMAP
FFFFFFF0
FFFFFFF0
FFFFFFF0
FFFFFFF0
00001E00
00001E00
00001E00
00001E00
3FFE1E00
3FFE1E00
3FFE1E00
3FFE1E00
03E01E00
03C01E00
07C01E00
07801E00
07801E00
07801E00
07C03E00
07C03E00
03F0FE00
03FFFE00
01FFFE00
00FFDE00
003F1E00
00001E00
00001E00
03E03E00
07F8FF00
0FFDFF80
0FFDFF80
1F1DC780
1E0F87C0
1E0F83C0
1E0F83C0
1E0F83C0
1E0003C0
1E0003C0
1E0007C0
1F000F80
0FE03F80
07E03F00
07E03E00
01E03C00
ENDCHAR
STARTCHAR uni091B094D0932.loclMAR
ENCODING -1
SWIDTH 536 0
DWIDTH 29 0
BBX 30 44 -1 -10
BITMAP
FFFFFFFC
FFFFFFFC
FFFFFFFC
FFFFFFFC
0F000780
0F000780
1F000780
1F000780
0F000FC0
0F803FE0
07F87FF0
01F878F0
03F87870
07F87878
0F807878
0F000078
0F0000F0
1F0000F0
1F0001F0
1F0003E0
0F8007E0
0FE03FC0
07FFFF80
03FFFF80
01FFFF80
003FE780
00000780
00FC07C0
03FF1FF0
07FFBFF8
07FFFFF8
0FC3F87C
0F81F03C
0F01E03C
0F01E03C
0F01E03C
0F01E03C
0F00003C
0F80007C
07C000FC
07F807F8
03F807F0
01F807E0
007807C0
ENDCHAR
STARTCHAR uni092A094D0932.loclMAR
ENCODING -1
SWIDTH 473 0
DWIDTH 26 0
BBX 27 44 -1 -10
BITMAP
FFFFFFE0
FFFFFFE0
FFFFFFE0
FFFFFFE0
07803C00
07803C00
07803C00
07803C00
07803C00
07803C00
07803C00
07803C00
07803C00
07803C00
07803C00
07803C00
07C03C00
07C07C00
03E0FC00
03FFFC00
01FFFC00
00FFBC00
007E3C00
00003C00
00003C00
00003C00
01E03C00
07F8FF00
0FFDFF00
0FFDFF80
1F1DC780
1E0F87C0
1E0F83C0
1E0F83C0
1E0F83C0
1E0F83C0
1E0003C0
1E0003C0
1E000780
0F000F80
0FE03F80
07E03F00
07E03E00
01E03C00
ENDCHAR
STARTCHAR uni092B094D0932.loclMAR
ENCODING -1
SWIDTH 638 0
DWIDTH 34 0
BBX 36 44 -1 -10
BITMAP
FFFFFFFFF0
FFFFFFFFF0
FFFFFFFFF0
FFFFFFFFF0
0F00780000
0F00780000
0F00780000
0F0079F800
0F007FFE00
0F007FFF80
0F007FFF80
0F007E0FC0
0F007C07C0
0F007803C0
0F007803C0
0F007803C0
0F00F803C0
0F80F803C0
0FC1F807C0
07FFF83F80
07FFF83F80
03FF783F00
00FC783C00
0000780000
0000780000
0000780000
007E7BF000
00FF7FF800
01FFFFFC00
03FFFFFE00
03E1FC3E00
07C0F81E00
07C0F81F00
0780781F00
0780780F00
0780780F00
07C0001F00
07C0001F00
03C0001E00
03E0003E00
03FC01FC00
01FC01FC00
00FC01F800
003C01E000
ENDCHAR
STARTCHAR uni0932094D0932.loclMAR
ENCODING -1
SWIDTH 592 0
DWIDTH 32 0
BBX 34 44 -1 -10
BITMAP
FFFFFFFFC0
FFFFFFFFC0
FFFFFFFFC0
FFFFFFFFC0
000007C000
000007C000
000007C000
000007C000
01F807E000
03FE1FF000
07FE3FF800
0FFF3FFC00
1F87F87E00
1F03F03E00
1E03F01E00
1E01E01E00
1E01E01E00
1E01E01E00
1E01E01E00
1E01E01E00
1E00001E00
1E00001E00
1F00003E00
0F00003C00
0FC000F800
07FC0FF000
07FE1FF800
0FFF3FFC00
0F87787C00
1F03F03E00
1E03F01E00
1E01E01E00
1E01E01E00
1E01E01E00
1E01E01E00
1E01E01E00
1E00001E00
1E00003E00
1F00003E00
0F80007C00
0FF807FC00
07F807F800
03F807F000
00F807C000
ENDCHAR
STARTCHAR uni0936094D0932.loclMAR
ENCODING -1
SWIDTH 927 0
DWIDTH 50 0
BBX 51 36 0 -1
BITMAP
03F00000000000
07F83FFFFFFFE0
0FFC3FFFFFFFE0
1FFE3FFFFFFFE0
3E1F3FFFFFFFE0
3E0F000001E000
3C0F000001E000
3C0F000001E000
3C0F000001E000
3C0F000001E000
3C0F000001E000
3E0F007C03E000
1E1F01FF0FF800
1F1E03FF8FFC00
0F9E03FF9FFE00
07FE07C3FC3E00
03FC0781F81F00
01FFCF81F81F00
07FFFF00F00F00
FFFFFF00F00F00
FFC7FF00F00F00
FF000F00F00F00
F8000F00F00F00
00000F00F00F00
00000F00F00F00
00000F00000F00
00000F00000F00
00000F00000F00
00000F80000F00
00000F80001F00
000007C0001E00
000007E0007E00
000003FC03FC00
000003FC03FC00
000000FC03F000
0000007C03E000
ENDCHAR
STARTCHAR uni0915094D0930.loclNEP
ENCODING -1
SWIDTH 636 0
DWIDTH 34 0
BBX 37 34 -1 0
BITMAP
FFFFFFFFF8
FFFFFFFFF8
FFFFFFFFF8
FFFFFFFFF8
0000780000
0000780000
0000780000
0000780000
000078FC00
00007BFE00
03F07FFF00
0FF87FFF80
0FFE7E0F80
0FFE7C07C0
083F7803C0
000FF803C0
0007F803C0
0007F803C0
0003F803C0
0001F803C0
0000F803C0
0001F803C0
0007F803C0
001FF807C0
003FF80F80
00FE787F80
03FC787F00
07F0787E00
07C0787800
0700780000
0600780000
0800780000
0000780000
0000780000
ENDCHAR
STARTCHAR uni0915094D
ENCODING -1
SWIDTH 466 0
DWIDTH 25 0
BBX 33 34 -1 0
BITMAP
FFFFFFFC00
FFFFFFFC00
FFFFFFFC00
FFFFFFFC00
0000F00000
0000F00000
0000F00000
0000F00000
01F8F1F000
07FCF7FC00
0FFEFFFC00
0FFFFFFE00
1F87FC1F00
1E01F80F00
1E01F00700
3E00F00700
3E00F00780
3C00F00780
3C00F00780
3C00F00780
3E00F00000
3E00F00000
1E01F00000
1E01F00000
1F87F00000
0FFFF00000
0FFEF00000
07FCF00000
01F8F00000
0000F00000
0000F00000
0000F00000
0000F00000
0000F00000
ENDCHAR
STARTCHAR uni0916094D
ENCODING -1
SWIDTH 483 0
DWIDTH 26 0
BBX 34 33 -1 1
BITMAP
FFFFFFF800
FFFFFFF800
FFFFFFF800
FFFFFFF800
003C000000
003C000000
003C000000
003C000000
003C03F800
003C0FFE00
003C1FFF00
003C3FFF00
003C3E0F80
003C3C0780
007C7C0780
00F87C07C0
3FF87807C0
3FF07807C0
1FE07C07C0
1F807C07C0
1E003C07C0
1E003E0FC0
1F003FFFC0
0F001FFF80
0F800FFF80
0FC003F780
07E0000F80
03F0001F00
01FE00FE00
00FFFFFC00
007FFFF800
001FFFE000
0003FF0000
ENDCHAR
STARTCHAR uni0917094D
ENCODING -1
SWIDTH 355 0
DWIDTH 19 0
BBX 23 27 -1 7
BITMAP
FFFFFE
FFFFFE
FFFFFE
FFFFFE
000F00
000F00
000F00
000F00
000F00
000F00
000F00
000F00
03FF00
0FFF00
0FFF00
1FFF00
3E0F00
3C0F00
3C0F00
3C0F00
3C0F00
3E1F00
1E1E00
1FFE00
0FFC00
07FC00
03F000
ENDCHAR
STARTCHAR uni0918094D
ENCODING -1
SWIDTH 274 0
DWIDTH 15 0
BBX 23 29 -1 5
BITMAP
FFFFE0
FFFFE0
FFFFE0
FFFFE0
0F0000
0F0000
0F0000
1F0000
1F0000
1F0000
0F0000
0F8000
07C000
03FE00
01FE00
03FE00
07FE00
0F8000
0F001E
0F001E
1F001C
1F003C
1F003C
0F007C
0FC0F8
07FFF8
07FFF0
01FFC0
007F00
ENDCHAR
STARTCHAR uni0919094D
ENCODING -1
SWIDTH 476 0
DWIDTH 26 0
BBX 27 46 -1 -12
BITMAP
FFFFFFE0
FFFFFFE0
FFFFFFE0
FFFFFFE0
0000F000
0000F000
0000F000
0000F000
0000F000
00FFF000
03FFF000
07FFF000
0FFFF000
0F8003C0
0F0003C0
0F0003C0
0F0003C0
0F8003C0
0FFF8000
07FFE000
03FFF000
00FFF000
0001F800
00007800
00007800
1E007800
1E007800
1F007800
1F00F800
0FC1F800
0FFFF000
07FFE000
03FFC000
00FF0000
00000000
00000000
00000000
02000000
03800000
03E00000
03FC0000
03FF0000
007FE000
000FE000
0003E000
00006000
ENDCHAR
STARTCHAR uni091A094D
ENCODING -1
SWIDTH 280 0
DWIDTH 15 0
BBX 23 29 -1 5
BITMAP
FFFFE0
FFFFE0
FFFFE0
FFFFE0
000000
000000
000000
000000
000000
000000
000000
3FFE00
3FFE00
3FFE00
3FFE00
03E000
03C000
03C000
07801E
07801E
07801E
07801E
07C03E
07C03C
03E0FC
03FFF8
01FFF0
00FFE0
003F80
ENDCHAR
STARTCHAR uni091B094D
ENCODING -1
SWIDTH 536 0
DWIDTH 29 0
BBX 30 32 -1 2
BITMAP
FFFFFFFC
FFFFFFFC
FFFFFFFC
FFFFFFFC
0F800000
0F000000
0F000000
1F000000
1F000F80
1F003FE0
0F003FE0
0F007FF0
0F8078F0
07F878F0
01F87870
03F80078
07F80078
07C00078
0F800078
0F000070
0F0000F0
1F0000F0
1F0000F0
1F0001E0
1F0003E0
0F8007C0
0F800FC0
07E03F80
07FFFF00
03FFFE00
00FFF800
003FC000
ENDCHAR
STARTCHAR uni091C094D
ENCODING -1
SWIDTH 343 0
DWIDTH 19 0
BBX 24 29 -1 5
BITMAP
FFFFFF
FFFFFF
FFFFFF
FFFFFF
000000
000000
000000
000000
000000
000000
000000
1E07FF
1E07FF
1E07FF
1E07FF
1E0780
1E0780
1E0780
1E0780
1E0780
1E0780
1E0780
1E0780
1E0780
1F0F80
1FFF80
0FFF00
07FE00
01F800
ENDCHAR
STARTCHAR uni091D094D
ENCODING -1
SWIDTH 431 0
DWIDTH 23 0
BBX 29 37 -1 -3
BITMAP
FFFFFF80
FFFFFF80
FFFFFF80
FFFFFF80
0000F000
0000F000
0000F000
0000F000
0000F000
00FFF000
03FFF000
07FFF000
0FFFF000
0F800000
0F000000
0F000000
0F800000
0FFFFFF8
07FFFFF8
03FFFFF8
003FF000
0000F800
00007800
00007800
0F007800
0F807800
0F80F800
0FC1F800
0FFFF800
0FFFF000
0FFFE000
0F3F8000
0F000000
0F000000
0F000000
0F000000
0F000000
ENDCHAR
STARTCHAR uni091E094D
ENCODING -1
SWIDTH 333 0
DWIDTH 18 0
BBX 24 30 -1 4
BITMAP
FFFFFE
FFFFFE
FFFFFE
FFFFFE
000000
000000
000000
000000
000000
03F800
0FFE00
1FFE00
1FFF00
3E1F80
3E0F80
000780
000780
0007FF
0007FF
0007FF
0007FF
000780
000780
3C0780
3C0F80
3E1F00
1FFF00
1FFE00
0FFC00
03F000
ENDCHAR
STARTCHAR uni091F094D
ENCODING -1
SWIDTH 408 0
DWIDTH 22 0
BBX 24 44 -1 -10
BITMAP
FFFFFF
FFFFFF
FFFFFF
FFFFFF
0001E0
0001E0
0001E0
0001E0
0001E0
007FE0
01FFE0
03FFE0
07FFE0
0FC000
0F8000
0F0000
1F0000
1E0000
1E0000
1E0000
1E0000
1E007C
1E007C
1E007C
1F007C
1F0078
0F80F8
0FC1F8
07FFF0
03FFF0
01FFC0
007F00
000000
000000
000000
020000
038000
03E000
03FC00
03FF00
007FE0
000FE0
0003E0
000060
ENDCHAR
STARTCHAR uni0920094D
ENCODING -1
SWIDTH 436 0
DWIDTH 24 0
BBX 25 44 -1 -10
BITMAP
FFFFFF80
FFFFFF80
FFFFFF80
FFFFFF80
0001E000
0001E000
0001E000
0001E000
0001E000
007FE000
01FFE000
03FFF000
07FFF800
0FC07800
0F807C00
1F003C00
1E003E00
1E003E00
1E001E00
1E001E00
1E001E00
1E001E00
1E001E00
1E003E00
1E003E00
1F003C00
0F807C00
0FC0FC00
07FFF800
03FFF000
01FFE000
007F8000
00000000
00000000
00000000
02000000
01800000
01F00000
01FC0000
01FF0000
007FE000
000FE000
0001E000
00006000
ENDCHAR
STARTCHAR uni0921094D
ENCODING -1
SWIDTH 422 0
DWIDTH 23 0
BBX 24 46 -1 -12
BITMAP
FFFFFF
FFFFFF
FFFFFF
FFFFFF
0000F0
0000F0
0000F0
0000F0
0000F0
00FFF0
03FFF0
07FFF0
0FFFF0
0F8000
0F0000
0F0000
0F0000
0F8000
0FFF80
07FFE0
03FFF0
00FFF0
0001F8
000078
000078
1E0078
1E0078
1F0078
1F00F8
0FC1F8
0FFFF0
07FFE0
03FFC0
00FF00
000000
000000
000000
020000
038000
03E000
03F800
03FF00
007FC0
001FE0
0003E0
000060
ENDCHAR
STARTCHAR uni0922094D
ENCODING -1
SWIDTH 435 0
DWIDTH 23 0
BBX 25 44 -1 -10
BITMAP
FFFFFF80
FFFFFF80
FFFFFF80
FFFFFF80
0001E000
0001E000
0001E000
0001E000
0001E000
007FE000
01FFE000
03FFE000
07FFE000
0FC00000
0F800000
1F000000
1F000000
1E000000
1E0FC000
1E1FF000
1E3FF800
1E7FFC00
1E787C00
1E703C00
1F703C00
0F703C00
0FF03C00
07F87C00
07FFF800
03FFF000
00FFE000
003F8000
00000000
00000000
00000000
01000000
01C00000
01F00000
01FE0000
00FF8000
003FF000
0007F000
0001F000
00003000
ENDCHAR
STARTCHAR uni0923094D
ENCODING -1
SWIDTH 454 0
DWIDTH 25 0
BBX 28 29 -1 5
BITMAP
FFFFFFF0
FFFFFFF0
FFFFFFF0
FFFFFFF0
0F007800
0F007800
0F007800
0F007800
0F007800
0F007800
0F007800
0F007800
0F007800
0F007800
0F007800
0F007800
0F007800
0F007800
0F007800
0F007800
0F007800
0F00F800
0F00F800
0F80F000
07C1F000
07FFE000
03FFE000
01FFC000
007F0000
ENDCHAR
STARTCHAR uni0924094D
ENCODING -1
SWIDTH 281 0
DWIDTH 15 0
BBX 22 34 -1 0
BITMAP
FFFFF0
FFFFF0
FFFFF0
FFFFF0
000000
000000
000000
000000
000000
000000
000000
00FFFC
03FFFC
07FFFC
0FFFFC
0FC000
0F0000
1F0000
1F0000
1F0000
1F0000
1F0000
0F0000
0F0000
0F0000
0F8000
078000
078000
07C000
03C000
03E000
01E000
01F000
00F800
ENDCHAR
STARTCHAR uni0925094D
ENCODING -1
SWIDTH 340 0
DWIDTH 18 0
BBX 21 26 2 9
BITMAP
0FC000
1FF000
3FF800
7FFC00
7C7C00
F83E00
F83E00
F81E00
781E00
001E00
003E00
003C00
007C00
00F800
01F800
3FF000
3FC000
3F8000
1E0000
1E0008
1F0018
0FC078
0FFFF8
07FFF8
01FFF0
007F80
ENDCHAR
STARTCHAR uni0926094D
ENCODING -1
SWIDTH 422 0
DWIDTH 23 0
BBX 25 47 -1 -13
BITMAP
FFFFFF00
FFFFFF00
FFFFFF00
FFFFFF00
0001E000
0001E000
0001E000
0001E000
0001E000
007FE000
01FFE000
03FFE000
07FFE000
0FC00000
0F800000
0F000000
1F000000
1E000000
1E000000
1E000000
1E000000
1E000000
1E000000
1E00F800
1F007800
0F007800
0F807800
0FC0FC00
07FFFC00
03FFFC00
01FFFC00
007F3E00
00001E00
00001E00
00001E00
00000000
00000000
00000000
00080000
00060000
0007C000
0007F000
0007FE00
0000FF80
00003F80
00000780
00000180
ENDCHAR
STARTCHAR uni0927094D
ENCODING -1
SWIDTH 315 0
DWIDTH 17 0
BBX 22 30 2 5
BITMAP
0F8000
3FC000
3FE000
7FF000
78F000
78F000
F8F000
F80000
F80000
780000
780000
7C0000
3E0000
1FF000
0FF000
1FF000
3FF000
7E0000
78003C
78003C
F8003C
F8003C
F80078
F80078
7C00F8
7E03F0
3FFFE0
1FFFC0
0FFF80
03FC00
ENDCHAR
STARTCHAR uni0928094D
ENCODING -1
SWIDTH 331 0
DWIDTH 18 0
BBX 24 27 -1 7
BITMAP
FFFFFC
FFFFFC
FFFFFC
FFFFFC
000000
000000
000000
000000
000000
000000
000000
000000
000000
000000
07FFFF
1FFFFF
3FFFFF
3FFFFF
7C3E00
783E00
783E00
783C00
7C7C00
3FFC00
3FF800
1FF000
07E000
ENDCHAR
STARTCHAR uni0929094D
ENCODING -1
SWIDTH 331 0
DWIDTH 18 0
BBX 24 35 -1 -1
BITMAP
FFFFFC
FFFFFC
FFFFFC
FFFFFC
000000
000000
000000
000000
000000
000000
000000
000000
000000
000000
07FFFF
1FFFFF
3FFFFF
3FFFFF
7C3E00
783E00
783E00
783C00
7C7C00
3FFC00
3FF800
1FF000
07E000
000000
000000
000000
07C000
07C000
07C000
07C000
07C000
ENDCHAR
STARTCHAR uni092A094D
ENCODING -1
SWIDTH 243 0
DWIDTH 13 0
BBX 21 27 -1 7
BITMAP
FFFFF0
FFFFF0
FFFFF0
FFFFF0
0F0000
0F0000
0F0000
0F0000
0F0000
0F0000
0F0000
0F0000
0F0000
0F0000
0F0000
0F0000
0F0078
0F0078
0F0078
0F0078
0F0078
0F80F8
07C1F8
07FFF0
03FFE0
01FFC0
007F00
ENDCHAR
STARTCHAR uni092B094D
ENCODING -1
SWIDTH 480 0
DWIDTH 26 0
BBX 34 34 -1 0
BITMAP
FFFFFFFE00
FFFFFFFE00
FFFFFFFE00
FFFFFFFE00
0F00780000
0F00780000
0F00780000
0F00780000
0F0078F800
0F007BFC00
0F007FFE00
0F007FFF00
0F007E0F00
0F007C0780
0F00780780
0F00780380
0F00780380
0F007803C0
0F007803C0
0F007803C0
0F00F80000
0F80F80000
0FC1F80000
07FFF80000
03FFF80000
03FF780000
00FC780000
0000780000
0000780000
0000780000
0000780000
0000780000
0000780000
0000780000
ENDCHAR
STARTCHAR uni092C094D
ENCODING -1
SWIDTH 220 0
DWIDTH 12 0
BBX 18 29 -1 5
BITMAP
FFFF80
FFFF80
FFFF80
FFFF80
000000
000000
000000
000000
00FE00
03FF80
07FFC0
0FFFC0
0FE1C0
1FE040
1F7000
1E3800
1E3800
1E1C00
1E0E00
1E0E00
1E0700
1E0780
1E0380
1F01C0
0F81C0
0FFFC0
07FFC0
03FF80
00FE00
ENDCHAR
STARTCHAR uni092D094D
ENCODING -1
SWIDTH 392 0
DWIDTH 21 0
BBX 24 30 2 5
BITMAP
07C000
1FF000
3FF800
7FF800
7C7C00
F83C00
F83C00
F03C00
F03C00
003C00
003C00
003C00
003C00
003C00
003C00
003C00
003C00
07FFFF
1FFFFF
3FFFFF
7FFFFF
7C3C00
783C00
783C00
783C00
7C7C00
7FF800
3FF800
1FF000
07C000
ENDCHAR
STARTCHAR uni092E094D
ENCODING -1
SWIDTH 373 0
DWIDTH 20 0
BBX 27 29 -1 5
BITMAP
FFFFFFE0
FFFFFFE0
FFFFFFE0
FFFFFFE0
001E0000
001E0000
001E0000
001E0000
001E0000
001E0000
001E0000
001E0000
001E0000
001E0000
001E0000
001E0000
03FFFFC0
0FFFFFC0
1FFFFFC0
1FFFFFC0
3E1E0000
3C1E0000
3C1E0000
3C1E0000
3E3E0000
1FFE0000
1FFC0000
0FF80000
03F00000
ENDCHAR
STARTCHAR uni092F094D
ENCODING -1
SWIDTH 283 0
DWIDTH 15 0
BBX 23 27 -1 7
BITMAP
FFFFE0
FFFFE0
FFFFE0
FFFFE0
01F000
00F800
007800
007800
007C00
007C00
007C00
007800
00F800
01F800
1FF000
1FE000
1F801E
1F001E
1F001E
0F001E
0F801E
0FC03E
07E0FC
03FFF8
01FFF8
00FFE0
003F80
ENDCHAR
STARTCHAR uni0931094D
ENCODING -1
SWIDTH 250 0
DWIDTH 14 0
BBX 22 21 -1 13
BITMAP
FFFFFC
FFFFFC
FFFFFC
FFFFFC
000000
000000
000000
000000
000000
000000
000000
000000
000000
000000
1E0000
1F0000
1F8000
0FFFF8
0FFFF8
07FFF8
01FFF8
ENDCHAR
STARTCHAR uni0932094D
ENCODING -1
SWIDTH 426 0
DWIDTH 23 0
BBX 31 35 -1 -1
BITMAP
FFFFFFE0
FFFFFFE0
FFFFFFE0
FFFFFFE0
00000000
00000000
00000000
00000000
00000000
00000000
00F807C0
03FE1FF0
07FE3FF8
0FFF3FF8
0F87F87C
1F03F03C
1F03F01C
1E01E01E
1E01E01E
1E01E01E
1E01E000
1E01E000
1E01E000
1E01E000
1E000000
1E000000
1F000000
1F000000
0F800000
0FC00000
07F00000
03FF8000
01FF8000
00FF8000
001F8000
ENDCHAR
STARTCHAR uni0933094D
ENCODING -1
SWIDTH 658 0
DWIDTH 36 0
BBX 37 32 -1 2
BITMAP
FFFFFFFFF8
FFFFFFFFF8
FFFFFFFFF8
FFFFFFFFF8
0000000000
0000000000
0000000000
0000000000
0000000000
00FC01F800
01FF03FE00
03FF87FF00
07FF8FFF80
0FC7DF0FC0
0F81DE07C0
1F01FC03C0
1E00FC03E0
1E00FC01E0
1E00F801E0
1E007801E0
1E007801E0
1E007801E0
1E00F801E0
1E00FC03E0
1E00FC03E0
1F01FE03C0
0F03FE07C0
0F87EF0F80
07FFCFFF80
07FF87FF00
01FF03FE00
00FC01F800
ENDCHAR
STARTCHAR uni0934094D
ENCODING -1
SWIDTH 658 0
DWIDTH 36 0
BBX 37 38 -1 -4
BITMAP
FFFFFFFFF8
FFFFFFFFF8
FFFFFFFFF8
FFFFFFFFF8
0000000000
0000000000
0000000000
0000000000
0000000000
00FC01F800
01FF03FE00
03FF87FF00
07FF8FFF80
0FC7DF0FC0
0F01DE07C0
1F01FC03C0
1E00FC03E0
1E00FC01E0
1E00F801E0
1E007801E0
1E007801E0
1E007801E0
1E00F801E0
1E00FC03E0
1E00FC03E0
1F01FE03C0
0F03FE07C0
0F87EF0F80
07FFCFFF80
07FF87FF00
01FF03FE00
00FC01F800
0000000000
0000F80000
0000F80000
0000F80000
0000F80000
0000F80000
ENDCHAR
STARTCHAR uni0935094D
ENCODING -1
SWIDTH 206 0
DWIDTH 11 0
BBX 17 29 -1 5
BITMAP
FFFF00
FFFF00
FFFF00
FFFF00
000000
000000
000000
000000
00FC00
03FF80
07FF80
0FFF80
0F8180
1F0080
1E0000
1E0000
1E0000
1E0000
1E0000
1E0000
1E0000
1E0000
1E0000
1F0080
0F8180
0FFF80
07FF80
03FF80
00FC00
ENDCHAR
STARTCHAR uni0936094D
ENCODING -1
SWIDTH 336 0
DWIDTH 18 0
BBX 15 35 2 0
BITMAP
0FC0
1FF0
3FF8
7FFC
7C7C
783C
F83E
F81E
781E
001E
001E
003E
003C
003C
007C
0078
01F0
07F0
7FE0
7F80
7E00
3C00
3E00
1E00
0F00
0F80
0780
07C0
03C0
01E0
01F0
00F0
0078
007C
003E
ENDCHAR
STARTCHAR uni0937094D
ENCODING -1
SWIDTH 243 0
DWIDTH 13 0
BBX 21 27 -1 7
BITMAP
FFFFF0
FFFFF0
FFFFF0
FFFFF0
0F0000
0F8000
0F8000
0FC000
0FC000
0FE000
0F7000
0F7000
0F3800
0F3800
0F1C00
0F0C00
0F0E78
0F0678
0F0778
0F0378
0F03F8
0F81F8
07C1F8
07FFF0
03FFE0
01FFC0
007F00
ENDCHAR
STARTCHAR uni0938094D
ENCODING -1
SWIDTH 349 0
DWIDTH 19 0
BBX 25 34 -1 0
BITMAP
FFFFFF00
FFFFFF00
FFFFFF00
FFFFFF00
001E0000
001E0000
001E0000
001E0000
001E0000
001E0000
001E0000
001E0000
001E0000
001E0000
003E0000
003C0000
00FC0000
1FFFFF80
1FFFFF80
1FFFFF80
0F000000
0F000000
07800000
07800000
07C00000
03C00000
03E00000
01E00000
01E00000
00F00000
00F00000
00780000
00780000
007C0000
ENDCHAR
STARTCHAR uni0939094D
ENCODING -1
SWIDTH 391 0
DWIDTH 21 0
BBX 27 37 -1 -3
BITMAP
FFFFFE00
FFFFFE00
FFFFFE00
FFFFFE00
0003C000
0003C000
0003C000
0003C000
0003C000
00FFC000
03FFC000
0FFFC000
0FFFC000
0F800000
1F000000
1F000000
1F000000
0F800000
0FFFFFE0
07FFFFE0
03FFFFE0
07FFFFE0
0FC00000
0F800000
0F000000
1F000000
1F000000
1F000000
1F000000
1F000000
0F000000
0F800000
0FE00000
07FFC000
03FFC000
01FFC000
003FC000
ENDCHAR
STARTCHAR uni0958094D
ENCODING -1
SWIDTH 466 0
DWIDTH 25 0
BBX 33 36 -1 -2
BITMAP
FFFFFFFC00
FFFFFFFC00
FFFFFFFC00
FFFFFFFC00
0000F00000
0000F00000
0000F00000
0000F00000
01F8F1F000
07FCF7FC00
0FFEFFFC00
0FFFFFFE00
1F87FC1F00
1E01F80F00
1E01F00700
3E00F00700
3E00F00780
3C00F00780
3C00F00780
3C00F00780
3E00F00000
3E00F00000
1E01F00000
1E01F00000
1F87F00000
0FFFF00000
0FFEF00000
07FCF00000
01F8F00000
0000F00000
0000F00000
01F0F00000
01F0F00000
01F0F00000
01F0F00000
01F0000000
ENDCHAR
STARTCHAR uni0959094D
ENCODING -1
SWIDTH 483 0
DWIDTH 26 0
BBX 34 35 -1 -1
BITMAP
FFFFFFF800
FFFFFFF800
FFFFFFF800
FFFFFFF800
003C000000
003C000000
003C000000
003C000000
003C03F800
003C0FFE00
003C1FFF00
003C3FFF00
003C3E0F80
003C3C0780
007C7C0780
00F87C07C0
3FF87807C0
3FF07807C0
1FE07C07C0
1F807C07C0
1E003C07C0
1E003E0FC0
1F003FFFC0
0F001FFF80
0F800FFF80
0FC003F780
07E0000F80
03F0001F00
01FE00FE00
00FFFFFC00
1F7FFFF800
1F1FFFE000
1F03FF0000
1F00000000
1F00000000
ENDCHAR
STARTCHAR uni095A094D
ENCODING -1
SWIDTH 355 0
DWIDTH 19 0
BBX 23 35 -1 -1
BITMAP
FFFFFE
FFFFFE
FFFFFE
FFFFFE
000F00
000F00
000F00
000F00
000F00
000F00
000F00
000F00
03FF00
0FFF00
0FFF00
1FFF00
3E0F00
3C0F00
3C0F00
3C0F00
3C0F00
3E1F00
1E1E00
1FFE00
0FFC00
07FC00
03F000
000000
000000
000000
01E000
01E000
01E000
01E000
01E000
ENDCHAR
STARTCHAR uni095B094D
ENCODING -1
SWIDTH 343 0
DWIDTH 19 0
BBX 24 38 -1 -4
BITMAP
FFFFFF
FFFFFF
FFFFFF
FFFFFF
000000
000000
000000
000000
000000
000000
000000
1E07FF
1E07FF
1E07FF
1E07FF
1E0780
1E0780
1E0780
1E0780
1E0780
1E0780
1E0780
1E0780
1E0780
1F0F80
1FFF80
0FFF00
07FE00
01F800
000000
000000
000000
000000
00F000
00F000
00F000
00F000
00F000
ENDCHAR
STARTCHAR uni095E094D
ENCODING -1
SWIDTH 480 0
DWIDTH 26 0
BBX 34 35 -1 -1
BITMAP
FFFFFFFE00
FFFFFFFE00
FFFFFFFE00
FFFFFFFE00
0F00780000
0F00780000
0F00780000
0F00780000
0F0078F800
0F007BFC00
0F007FFE00
0F007FFF00
0F007E0F00
0F007C0780
0F00780780
0F00780380
0F00780380
0F007803C0
0F007803C0
0F007803C0
0F00F80000
0F80F80000
0FC1F80000
07FFF80000
03FFF80000
03FF780000
00FC780000
0000780000
0000780000
0000780000
03E0780000
03E0780000
03E0780000
03E0780000
03E0000000
ENDCHAR
STARTCHAR uni091D094D.loclNEP.01
ENCODING -1
SWIDTH 628 0
DWIDTH 34 0
BBX 38 35 2 0
BITMAP
07C0000000
1FF07FFFF0
3FF87FFFF0
7FF87FFFF0
7C7C7FFFF0
783C03C000
F83C03C000
F03C03C000
F03C03C000
F03C03C000
003C03C000
003C03C000
003C03C7FC
003C03DFFC
003C03FFFC
003C03FFFC
003C03F000
07FFFFE000
1FFFFFC000
3FFFFFC000
7FFFFFC000
7C3C03C000
783C03C000
783C03C000
783C03C000
7C7C03C000
7FF803C000
3FF803C000
1FF003C000
07C003C000
000003C000
000003C000
000003C000
000003C000
000003C000
ENDCHAR
STARTCHAR uni0915094D.01
ENCODING -1
SWIDTH 466 0
DWIDTH 25 0
BBX 33 34 -1 0
BITMAP
FFFFFFFC00
FFFFFFFC00
FFFFFFFC00
FFFFFFFC00
0000F00000
0000F00000
0000F00000
0000F00000
01F8F00000
07FCF00000
0FFEF00000
0FFFF1FF80
1F87F7FF80
1E01FFFF80
1E01FFFF80
3E00FC0000
3E00F80000
3C00F00000
3C00F00000
3C00F00000
3E00F00000
3E00F00000
1E01F00000
1E01F00000
1F87F00000
0FFFF00000
0FFEF00000
07FCF00000
01F8F00000
0000F00000
0000F00000
0000F00000
0000F00000
0000F00000
ENDCHAR
STARTCHAR uni091C094D.01
ENCODING -1
SWIDTH 343 0
DWIDTH 19 0
BBX 24 32 -1 2
BITMAP
FFFFFF
FFFFFF
FFFFFF
FFFFFF
000000
000000
000000
000000
000000
000000
000000
000000
000000
000000
000000
000000
000000
1E07FF
1E07FF
1E07FF
1E07FF
1E0780
1E0780
1E0780
1E0780
1E0780
1E0780
1F0F80
1FFF80
0FFF00
07FE00
01F800
ENDCHAR
STARTCHAR uni0924094D.01
ENCODING -1
SWIDTH 281 0
DWIDTH 15 0
BBX 21 34 -1 0
BITMAP
FFFFF0
FFFFF0
FFFFF0
FFFFF0
000000
000000
000000
000000
000000
000000
000000
000000
000000
000000
000000
000000
000000
00FFF8
03FFF8
07FFF8
0FFFF8
0F8000
1F0000
1F0000
1F0000
1F0000
0F0000
0F0000
0F8000
078000
07C000
03E000
01E000
01F800
ENDCHAR
STARTCHAR uni0928094D.01
ENCODING -1
SWIDTH 331 0
DWIDTH 18 0
BBX 24 31 -1 3
BITMAP
FFFFFC
FFFFFC
FFFFFC
FFFFFC
000000
000000
000000
000000
000000
000000
000000
000000
000000
000000
000000
000000
000000
07FFFF
1FFFFF
3FFFFF
3FFFFF
7C3E00
783E00
783E00
783C00
7C3C00
7C7C00
3FFC00
1FF800
0FF000
07E000
ENDCHAR
STARTCHAR uni0929094D.01
ENCODING -1
SWIDTH 331 0
DWIDTH 18 0
BBX 24 38 -1 -4
BITMAP
FFFFFC
FFFFFC
FFFFFC
FFFFFC
000000
000000
000000
000000
000000
000000
000000
000000
000000
000000
000000
000000
000000
07FFFF
1FFFFF
3FFFFF
3FFFFF
7C3E00
783E00
783E00
783C00
783C00
7C7C00
3FFC00
1FF800
0FF000
07E000
000000
000000
07C000
07C000
07C000
07C000
07C000
ENDCHAR
STARTCHAR uni092B094D.01
ENCODING -1
SWIDTH 480 0
DWIDTH 26 0
BBX 33 34 -1 0
BITMAP
FFFFFFFE00
FFFFFFFE00
FFFFFFFE00
FFFFFFFE00
0F00780000
0F00780000
0F00780000
0F00780000
0F00780000
0F00780000
0F00780000
0F0078FF80
0F007BFF80
0F007FFF80
0F007FFF80
0F007E0000
0F007C0000
0F00780000
0F00780000
0F00780000
0F00F80000
0F80F80000
0FC1F80000
07FFF80000
03FFF80000
03FF780000
00FC780000
0000780000
0000780000
0000780000
0000780000
0000780000
0000780000
0000780000
ENDCHAR
STARTCHAR uni0958094D.01
ENCODING -1
SWIDTH 466 0
DWIDTH 25 0
BBX 33 36 -1 -2
BITMAP
FFFFFFFC00
FFFFFFFC00
FFFFFFFC00
FFFFFFFC00
0000F00000
0000F00000
0000F00000
0000F00000
01F8F00000
07FCF00000
0FFEF00000
0FFFF1FF80
1F87F7FF80
1E01FFFF80
1E01FFFF80
3E00FC0000
3E00F80000
3C00F00000
3C00F00000
3C00F00000
3E00F00000
3E00F00000
1E01F00000
1E01F00000
1F87F00000
0FFFF00000
0FFEF00000
07FCF00000
01F8F00000
0000F00000
0000F00000
01F0F00000
01F0F00000
01F0F00000
01F0F00000
01F0000000
ENDCHAR
STARTCHAR uni095E094D.01
ENCODING -1
SWIDTH 480 0
DWIDTH 26 0
BBX 33 35 -1 -1
BITMAP
FFFFFFFE00
FFFFFFFE00
FFFFFFFE00
FFFFFFFE00
0F00780000
0F00780000
0F00780000
0F00780000
0F00780000
0F00780000
0F00780000
0F0078FF80
0F007BFF80
0F007FFF80
0F007FFF80
0F007E0000
0F007C0000
0F00780000
0F00780000
0F00780000
0F00F80000
0F80F80000
0FC1F80000
07FFF80000
03FFF80000
03FF780000
00FC780000
0000780000
0000780000
0000780000
03E0780000
03E0780000
03E0780000
03E0780000
03E0000000
ENDCHAR
STARTCHAR uni0936094D.loclMAR
ENCODING -1
SWIDTH 336 0
DWIDTH 18 0
BBX 20 34 -1 0
BITMAP
FFFFF0
FFFFF0
FFFFF0
FFFFF0
003C00
003C00
003C00
007E00
01FF80
03FFC0
03FFC0
07C3E0
0781E0
0781E0
0781F0
0781F0
0001E0
0001E0
0003E0
0003E0
0F07C0
07BF80
07FF00
07FE00
07F000
03C000
03C000
03C000
03C000
01E000
01E000
01E000
01E000
00F000
ENDCHAR
STARTCHAR uni091D094D.loclNEP
ENCODING -1
SWIDTH 628 0
DWIDTH 34 0
BBX 39 35 2 0
BITMAP
07C0000000
1FF07FFFF0
3FF87FFFF0
7FF87FFFF0
7C7C7FFFF0
F83C03C000
F83C03C000
F03C03C000
F03C03C000
003C03C7C0
003C03DFE0
003C03FFF0
003C03FFF8
003C03F078
003C03E03C
003C03C03C
003C03C01C
07FFFFC01C
1FFFFFC01E
3FFFFFC01E
7FFFFFC01E
783C03C000
783C03C000
783C03C000
783C03C000
7C7C03C000
7FF803C000
3FF803C000
1FF003C000
07C003C000
000003C000
000003C000
000003C000
000003C000
000003C000
ENDCHAR
STARTCHAR uni0936094D.ss02
ENCODING -1
SWIDTH 335 0
DWIDTH 18 0
BBX 24 22 0 13
BITMAP
03F000
0FFC00
1FFC00
1FFE00
3F1F00
3E0F00
3C0F00
3C0F00
3C0F00
3C0F00
3C0F00
1E0F00
1F1F00
0F1E00
0FFE00
07FC00
03FE00
07FFFF
FFFFFF
FFCFFF
FF01FF
F80000
ENDCHAR
STARTCHAR uni096B.loclNEP
ENCODING -1
SWIDTH 427 0
DWIDTH 23 0
BBX 17 37 3 -2
BITMAP
1E0000
3E0000
3C0000
3C0000
780000
780000
780000
F00780
F00780
F00780
F00780
F00780
F00780
F00780
F00780
F00780
F00780
F80F80
780F80
7C1F80
7FFF80
3FFF80
1FFF80
07E780
000780
000780
000780
000780
F00780
F00F80
F00F80
FC1F00
FFFF00
FFFE00
FFFC00
F7F000
F00000
ENDCHAR
STARTCHAR uni096E.loclNEP
ENCODING -1
SWIDTH 469 0
DWIDTH 25 0
BBX 21 29 2 -1
BITMAP
7FFFF8
7FFFF8
7FFFF8
7FFFF8
00FE00
01F800
03E000
07C000
0F8000
1F0000
1E0000
3E0000
3C0000
7C0000
780000
780000
F80000
F80000
F801F0
F801F0
F801F0
F801F0
7C01F0
7C03E0
7F0FE0
3FFFC0
1FFF80
0FFF00
01FC00
ENDCHAR
STARTCHAR uni09450930094D
ENCODING -1
SWIDTH 0 0
DWIDTH 0 0
BBX 18 16 -10 31
BITMAP
0F8000
3F8000
7F8000
FF8000
FC0000
F00000
F781C0
F783C0
F7C3C0
F3FFC0
F1FF80
F07E00
780000
380000
3C0000
180000
ENDCHAR
STARTCHAR uni09460901
ENCODING -1
SWIDTH 0 0
DWIDTH 0 0
BBX 34 18 -27 32
BITMAP
000001F000
000001F000
000001F000
000001F000
F00079F3C0
F0007803C0
F800780780
7FFFFC0780
7FFFFE0F00
3FFFFFFF00
1FFFFFFC00
00003FF000
00001E0000
00001E0000
00001E0000
00001E0000
00001E0000
00001E0000
ENDCHAR
STARTCHAR uni09460902
ENCODING -1
SWIDTH 0 0
DWIDTH 0 0
BBX 23 16 -27 33
BITMAP
00003E
00003E
F0003E
F0003E
F8003E
FFFFF0
7FFFF8
3FFFFC
1FFFFE
00003E
00001E
00001E
00001E
00001E
00001E
00001E
ENDCHAR
STARTCHAR uni09460930094D
ENCODING -1
SWIDTH 0 0
DWIDTH 0 0
BBX 26 15 -27 31
BITMAP
F00007C0
F0000FC0
F8003FC0
7FFF3FC0
7FFFFE00
3FFFF800
1FFFF800
0000F800
00007800
00007800
00007800
00003C00
00003C00
00001E00
00000E00
ENDCHAR
STARTCHAR uni09460930094D0901
ENCODING -1
SWIDTH 0 0
DWIDTH 0 0
BBX 34 17 -27 31
BITMAP
000003C000
F0000FC000
F0001FC000
F0003FC000
F8007E0000
7FFFFC3C00
7FFFF83C00
3FFFF83C00
1FFFFBBDC0
0000FB81C0
000079C380
000078FF80
0000787E00
00003C0000
00003C0000
00001E0000
00000C0000
ENDCHAR
STARTCHAR uni09460930094D0902
ENCODING -1
SWIDTH 0 0
DWIDTH 0 0
BBX 29 15 -27 31
BITMAP
F00007C0
F0000FC0
F8003FC0
7FFF3FC0
7FFFFE00
3FFFF800
1FFFF878
0000F878
00007878
00007878
00007800
00003C00
00003C00
00001E00
00000E00
ENDCHAR
STARTCHAR uni09470901
ENCODING -1
SWIDTH 0 0
DWIDTH 0 0
BBX 19 19 -13 30
BITMAP
F00000
780000
78F800
78F800
3CF9E0
3CF9E0
3CF9E0
1E03C0
1F07C0
1FFF80
1FFF00
0FFC00
0F0000
0F0000
070000
0F8000
0F8000
0F8000
0F8000
ENDCHAR
STARTCHAR uni09470902
ENCODING -1
SWIDTH 0 0
DWIDTH 0 0
BBX 14 19 -13 30
BITMAP
F800
7800
7800
7800
3C7C
3C7C
3C7C
1C7C
1E7C
1E00
1E00
0F00
0F00
0F00
0700
0F80
0F80
0F80
0F80
ENDCHAR
STARTCHAR uni09470930094D
ENCODING -1
SWIDTH 0 0
DWIDTH 0 0
BBX 13 19 -14 30
BITMAP
F000
F000
7800
7878
38F8
39F8
3DF8
1DC0
1D80
0F00
0F00
0F00
0700
0780
0380
07C0
07C0
07C0
07C0
ENDCHAR
STARTCHAR uni09470930094D0901
ENCODING -1
SWIDTH 0 0
DWIDTH 0 0
BBX 21 19 -14 30
BITMAP
F00000
F03800
70F800
78F800
79F800
39E000
3D8780
1F8780
1F0780
0F77B8
0F7038
0F3870
071FF0
078FC0
038000
07C000
07C000
07C000
07C000
ENDCHAR
STARTCHAR uni09470930094D0902
ENCODING -1
SWIDTH 0 0
DWIDTH 0 0
BBX 15 19 -14 30
BITMAP
F000
F000
7000
7878
78F8
39F8
3DF8
1DC0
1F80
0F1E
0F1E
0F1E
071E
0780
0380
07C0
07C0
07C0
07C0
ENDCHAR
STARTCHAR uni09480901
ENCODING -1
SWIDTH 0 0
DWIDTH 0 0
BBX 27 19 -21 30
BITMAP
F8F80000
78780000
3C78F800
3C3CF800
1E3CF9E0
1E3CF9E0
0F3CF9E0
0F1E03E0
079F07C0
039FFF80
03CFFF00
01CFFC00
01EF0000
00E70000
00F78000
00FF8000
00FF8000
00FF8000
00FF8000
ENDCHAR
STARTCHAR uni09480902
ENCODING -1
SWIDTH 0 0
DWIDTH 0 0
BBX 22 19 -21 30
BITMAP
F8F800
787800
3C7800
3C3C00
1E3C7C
1E3C7C
0F3C7C
0F1E7C
079E7C
039E00
03CE00
01CF00
01EF00
00E700
00F780
00FF80
00FF80
00FF80
00FF80
ENDCHAR
STARTCHAR uni09480930094D
ENCODING -1
SWIDTH 0 0
DWIDTH 0 0
BBX 22 19 -21 30
BITMAP
F0F000
787800
787800
3C783C
1C387C
1E3CFC
0F3DFC
0F3DE0
079D80
079F00
03DF00
03CF00
01EF00
00EF00
00F700
00FF80
00FF80
00FF80
00FF80
ENDCHAR
STARTCHAR uni09480930094D0901
ENCODING -1
SWIDTH 0 0
DWIDTH 0 0
BBX 30 19 -22 30
BITMAP
F0F00000
78703800
78787800
3C78F800
1E39F800
1E3DE000
0F1D83C0
071D83C0
039F03C0
03CF7BDC
01CF3838
00E7BC38
00F79FF0
007387C0
003B8000
007FC000
007FC000
007FC000
007FC000
ENDCHAR
STARTCHAR uni09480930094D0902
ENCODING -1
SWIDTH 0 0
DWIDTH 0 0
BBX 24 19 -22 30
BITMAP
F0F000
787000
787800
3C7838
1E38F8
1E3CF8
0F1DF8
071DC0
039F80
03CF0F
01CF0F
00E70F
00F78F
007380
003B80
007FC0
007FC0
007FC0
007FC0
ENDCHAR
STARTCHAR uni093C094D
ENCODING -1
SWIDTH 0 0
DWIDTH 0 0
BBX 21 11 -8 -13
BITMAP
F00000
F00000
F08000
F0F000
F0FC00
00FF80
003FE0
000FF8
0001F8
000078
000008
ENDCHAR
STARTCHAR uni093C094D0930
ENCODING -1
SWIDTH 0 0
DWIDTH 0 0
BBX 20 16 -16 -19
BITMAP
00F000
00F000
00F000
00F000
00F000
000000
000000
00F000
01F800
03FC00
07FE00
0F9E00
1F0F00
3E0780
7C07C0
F803F0
ENDCHAR
STARTCHAR uni093C094D09300941
ENCODING -1
SWIDTH 0 0
DWIDTH 0 0
BBX 20 26 -16 -29
BITMAP
00F000
00F000
00F000
00F000
00F000
000000
000000
00F000
01F800
07FE00
0F9F00
1F0F80
7C07E0
F801F0
000000
01F800
03FE00
03FF00
83FF80
E00780
F007C0
FE0780
7FFF80
1FFF00
0FFE00
01FC00
ENDCHAR
STARTCHAR uni093C094D09300942
ENCODING -1
SWIDTH 0 0
DWIDTH 0 0
BBX 20 26 -16 -29
BITMAP
00F000
00F000
00F000
00F000
00F000
000000
000000
00F000
03FC00
07FE00
1F0F80
3E07C0
FC03F0
000000
03F800
0FFE00
1FFF00
3FFF80
3E0FC0
3C07C0
3C03E0
3E09E0
3FF1E0
1FF1F0
0FF0F0
03E0F0
ENDCHAR
STARTCHAR uni093C094D09300943
ENCODING -1
SWIDTH 0 0
DWIDTH 0 0
BBX 20 26 -16 -29
BITMAP
00F000
00F000
00F000
00F000
00F000
000000
000000
00F000
01F800
07FE00
0F9F00
3E07C0
FC03F0
00F800
03F800
07F800
0FF800
0F8000
0F0000
0F0000
0F0000
0F8100
0FFE00
07FE00
03FE00
00FC00
ENDCHAR
STARTCHAR uni093C094D09300944
ENCODING -1
SWIDTH 0 0
DWIDTH 0 0
BBX 20 26 -16 -29
BITMAP
00F000
00F000
00F000
00F000
00F000
000000
00F000
03FC00
07FE00
1F9F00
3E07C0
FC03F0
01F800
07F800
0FF800
0F0000
0F0000
0FF800
07F800
07F800
0FF800
0F0000
0FFC00
0FFC00
07FC00
01F800
ENDCHAR
STARTCHAR uni093C094D09300962
ENCODING -1
SWIDTH 0 0
DWIDTH 0 0
BBX 20 26 -16 -29
BITMAP
00F000
00F000
00F000
00F000
00F000
000000
00F000
03FC00
07FE00
1F1F80
3E07C0
FC03F0
000000
0F0F00
1F9FC0
3FBFC0
3FFFC0
3CF3C0
78F1C0
78F3C0
78F380
380700
3C0790
3F07F0
1F07F0
0F03F0
ENDCHAR
STARTCHAR uni093C094D09300963
ENCODING -1
SWIDTH 0 0
DWIDTH 0 0
BBX 20 26 -16 -29
BITMAP
00F000
00F000
00F000
00F000
00F000
000000
00F000
03FC00
07FE00
1F1F80
3E07C0
FC03F0
000000
0F0F80
1F9FC0
3FFFC0
3FF3C0
3CF380
78F790
7807F0
3807F0
3C07E0
3F0790
1F07F0
0F07F0
0003E0
ENDCHAR
STARTCHAR uni0930094D
ENCODING -1
SWIDTH 0 0
DWIDTH 0 0
BBX 9 16 -10 31
BITMAP
0F80
3F80
7F80
FF80
FC00
F000
F000
F000
F000
F000
F000
7000
7800
3C00
3C00
1000
ENDCHAR
STARTCHAR uni0930094D0901
ENCODING -1
SWIDTH 0 0
DWIDTH 0 0
BBX 17 17 -10 31
BITMAP
078000
1F8000
3F8000
7F8000
FC0000
F87800
F07800
F07800
F77B80
F70380
F38700
F1FF00
F0FC00
780000
380000
3C0000
180000
ENDCHAR
STARTCHAR uni0930094D0902
ENCODING -1
SWIDTH 0 0
DWIDTH 0 0
BBX 12 15 -10 31
BITMAP
0F80
3F80
7F80
FF80
FC00
F000
F0F0
F0F0
F0F0
F0F0
F000
7800
7800
3C00
1C00
ENDCHAR
STARTCHAR uni094D0930
ENCODING -1
SWIDTH 0 0
DWIDTH 0 0
BBX 20 9 -16 -9
BITMAP
00F000
01F800
03FC00
07BE00
0F1F00
1E0F80
3E07C0
7C03E0
F801F0
ENDCHAR
STARTCHAR uni094D09300941
ENCODING -1
SWIDTH 0 0
DWIDTH 0 0
BBX 20 23 -16 -23
BITMAP
00F000
03FC00
07FE00
0F9F00
1F0F80
3E07C0
F803F0
000000
000000
000000
01F800
03FE00
03FF00
83FF80
C20F80
E00780
F007C0
F80780
7F0F80
3FFF80
0FFF00
07FE00
01F800
ENDCHAR
STARTCHAR uni094D09300942
ENCODING -1
SWIDTH 0 0
DWIDTH 0 0
BBX 20 23 -16 -23
BITMAP
01F000
03F800
07FE00
0F9F00
1F0F80
7C07C0
F803F0
000000
000000
000000
03F800
0FFE00
1FFF00
3FFF80
3E0F80
3C07C0
3C03C0
3C03E0
3E01E0
3FF1E0
1FF1F0
0FF0F0
03E0F0
ENDCHAR
STARTCHAR uni094D09300943
ENCODING -1
SWIDTH 0 0
DWIDTH 0 0
BBX 20 23 -16 -23
BITMAP
01F000
03F800
07FE00
0F9F00
1F0F80
7C07C0
F803F0
000000
000000
00F800
03F800
07F800
07F800
0F8000
0F0000
0F0000
0F0000
0F0000
0F8100
07FE00
07FE00
03FE00
00FC00
ENDCHAR
STARTCHAR uni094D09300944
ENCODING -1
SWIDTH 0 0
DWIDTH 0 0
BBX 20 27 -16 -26
BITMAP
01F000
03F800
07FC00
0F9F00
1F0F80
3E07C0
7C03E0
F801F0
00F800
03F800
07F800
0FF800
0F0000
0F0000
0F8000
0FF800
07F800
07F800
0FF800
0F8000
0F0000
0F0000
0F8100
0FFE00
07FE00
03FE00
00FC00
ENDCHAR
STARTCHAR uni094D09300962
ENCODING -1
SWIDTH 0 0
DWIDTH 0 0
BBX 20 23 -16 -23
BITMAP
01F000
03F800
07FE00
0F9F00
1F0F80
7C07C0
F803F0
000000
0F0F00
1F9FC0
3FBFC0
3FFFC0
3CF3C0
78F1C0
78F3C0
78F380
380780
3C0700
3F0780
1F07F0
0F07F0
0007F0
0003E0
ENDCHAR
STARTCHAR uni094D09300963
ENCODING -1
SWIDTH 0 0
DWIDTH 0 0
BBX 20 28 -16 -27
BITMAP
00F000
01F800
03FC00
07FE00
0F1F00
3E0F80
7C07C0
F803F0
000000
0F0F00
1F9FC0
3FFFC0
3FFFC0
3CF3C0
38F3C0
78F380
78F780
380700
3C0790
3C07F0
3F07F0
1F07F0
070FE0
000F00
000FF0
000FF0
0007F0
0003E0
ENDCHAR
STARTCHAR uni0930094D.loclMAR
ENCODING -1
SWIDTH 0 0
DWIDTH 0 0
BBX 21 21 -14 13
BITMAP
FFFFF8
FFFFF8
FFFFF8
FFFFF8
000000
000000
000000
000000
000000
000000
000000
000000
000000
000000
1E0000
1E0000
1F0000
1FFFF0
0FFFF0
07FFF0
01FFF0
ENDCHAR
STARTCHAR rupeeIndiandeva
ENCODING -1
SWIDTH 478 0
DWIDTH 26 0
BBX 19 34 3 0
BITMAP
FFFFE0
FFFFE0
FFFFE0
FFFFE0
001E00
001E00
001E00
001E00
FFFFE0
FFFFE0
FFFFE0
001E00
001E00
001E00
003E00
003C00
00FC00
1FF800
1FF000
1FE000
0F0000
0F0000
078000
078000
07C000
03C000
03C000
01E000
01E000
00F000
00F000
007800
007800
007C00
ENDCHAR
STARTCHAR onehalfdeva
ENCODING -1
SWIDTH 764 0
DWIDTH 41 0
BBX 30 38 6 0
BITMAP
3C000000
7E000000
E7000000
C3000780
C3000700
C3000E00
E3000E00
7F001C00
3E001C00
0E003800
0C007000
38007000
7800E000
E000E000
F001C000
7803C000
1C038000
0E0703E0
060707F0
070E0E38
060E0C38
001C0C18
003C0C18
00380018
0070001C
0070001C
00E00018
01E01C18
01C01C18
03801C38
03801E38
07001FF0
07001FE0
0E001C00
1E001C00
1C001C00
38001C00
78001C00
ENDCHAR
STARTCHAR onethirddeva
ENCODING -1
SWIDTH 764 0
DWIDTH 41 0
BBX 30 38 6 0
BITMAP
3C000000
7E000000
E7000000
C3000380
C3000700
C3000F00
E3000E00
7F001C00
3F001C00
0E003800
0C003800
38007000
7000E000
E000E000
F001C000
7801C000
3C038000
1C0783E0
0E0707F0
070E0E38
060E0C38
061C1C18
001C1C18
00380038
00780030
007003E0
00E003F0
00E00038
01C00018
03C0181C
03801C1C
07001C18
07001E38
0E001FF0
0E001BE0
1C001800
3C001800
78001800
ENDCHAR
STARTCHAR twothirdsdeva
ENCODING -1
SWIDTH 764 0
DWIDTH 41 0
BBX 29 38 6 0
BITMAP
3E000000
7F000000
E3800000
E1800780
C1C00700
C1C00E00
01C00E00
01C01C00
01C03800
01C03800
C1C07000
C1C07000
E180E000
E381E000
FF01C000
DE038000
C0038000
C00703C0
C0070FF0
C00E0C30
C01E1C38
001C1C38
00380038
00380038
00700070
00F003E0
00E003F0
01C00038
01C00038
03801818
03801818
07001C18
0F001C38
0E001FF0
1C001BE0
1C001800
38001800
78001800
ENDCHAR
STARTCHAR onequarterdeva
ENCODING -1
SWIDTH 764 0
DWIDTH 41 0
BBX 32 38 5 0
BITMAP
3C000000
FE000000
E7000000
C30003C0
C3000380
C3000700
E3000E00
7F000E00
3E001C00
0E001C00
1C003800
38007800
F0007000
E000E000
F000E000
7801C000
3C01C000
1E038607
0E078607
06070607
060E0607
000E0607
001C0607
003C0607
00380606
00700706
0070070E
00E003FC
00E001FC
01C0038C
03C0070E
03800606
07000606
07000606
0E00070E
1E00038C
1C0003FC
380000F0
ENDCHAR
STARTCHAR threequartersdeva
ENCODING -1
SWIDTH 764 0
DWIDTH 41 0
BBX 33 38 4 0
BITMAP
1F00000000
3F80000000
71C0000000
60C001E000
60E001C000
60C0038000
00C0038000
01C0070000
0F800F0000
0F800E0000
01C01C0000
00E01C0000
E0E0380000
E0E0380000
E0E0700000
F1C0E00000
FFC0E00000
FF01C30380
E001C30380
E003830380
E007830380
0007030380
000E030380
000E030380
001C030380
001C038380
003801C700
007001FE00
007000FE00
00E001C700
00E0038300
01C0038300
03C0038300
0380038300
0700038300
070001C700
0E0000FE00
1E00007C00
ENDCHAR
STARTCHAR oneeighthdeva
ENCODING -1
SWIDTH 764 0
DWIDTH 41 0
BBX 28 38 7 0
BITMAP
3C000000
7F000000
E7000000
C3000E00
C3801C00
E3001C00
E3003800
7F003800
3F007000
0600F000
0C00E000
1C01C000
7801C000
60038000
70038000
38070000
1C0F0000
0E0E01E0
071C01C0
071C0380
07380700
00780E00
00700E00
00E01C00
00E03800
01C03800
01C07000
03807000
07806000
0700E000
0E00E000
0E00E000
1C00E070
3C00E070
3800E060
700070E0
70003FC0
E0001F80
ENDCHAR
STARTCHAR oneeighthdeva.loclNEP
ENCODING -1
SWIDTH 764 0
DWIDTH 41 0
BBX 33 38 4 0
BITMAP
3C00000000
7F00000000
E700000000
C30003C000
C300038000
C300070000
E300070000
7F000E0000
3F001C0000
06001C0000
0C00380000
3800380000
7000700000
E000F00000
7000E00000
3801C00000
1C01C00000
0E03800000
0703800000
0707000000
060E000000
000E07FF80
001C07FF80
001C007800
003800F000
007801E000
007001C000
00E0038000
00E0030000
01C0070000
01C0070000
0380070300
0780070380
0700070380
0E00070300
0E00038700
1C0001FE00
3C0000FC00
ENDCHAR
STARTCHAR braceleftdeva
ENCODING -1
SWIDTH 276 0
DWIDTH 15 0
BBX 12 51 1 -8
BITMAP
00F0
03F0
07F0
0F80
0F00
0F00
0F00
0F00
0F00
0F00
0F00
0F00
0F00
0F00
0E00
0E00
0E00
0E00
0E00
0E00
0E00
1E00
3E00
FC00
F800
F800
FC00
3E00
1E00
0E00
0E00
0E00
0E00
0E00
0F00
0F00
0F00
0F00
0F00
0F00
0F00
0F00
0F00
0F00
0F00
0F00
0F00
0F80
07F0
03F0
00F0
ENDCHAR
STARTCHAR bracerightdeva
ENCODING -1
SWIDTH 276 0
DWIDTH 15 0
BBX 12 51 2 -8
BITMAP
F000
FC00
FE00
1F00
0F00
0F00
0F00
0F00
0F00
0F00
0F00
0F00
0F00
0F00
0F00
0F00
0F00
0F00
0F00
0700
0700
0700
07C0
03F0
01F0
01F0
03F0
07C0
0700
0700
0700
0F00
0F00
0F00
0F00
0F00
0F00
0F00
0F00
0F00
0F00
0F00
0F00
0F00
0F00
0F00
0F00
1E00
FE00
FC00
F000
ENDCHAR
STARTCHAR bracketleftdeva
ENCODING -1
SWIDTH 233 0
DWIDTH 13 0
BBX 8 52 2 -8
BITMAP
FF
FF
FF
FF
F0
F0
F0
F0
F0
F0
F0
F0
F0
F0
F0
F0
F0
F0
F0
F0
F0
F0
F0
F0
F0
F0
F0
F0
F0
F0
F0
F0
F0
F0
F0
F0
F0
F0
F0
F0
F0
F0
F0
F0
F0
F0
F0
F0
F0
FF
FF
FF
ENDCHAR
STARTCHAR bracketrightdeva
ENCODING -1
SWIDTH 233 0
DWIDTH 13 0
BBX 8 52 2 -8
BITMAP
FF
FF
FF
FF
0F
0F
0F
0F
0F
0F
0F
0F
0F
0F
0F
0F
0F
0F
0F
0F
0F
0F
0F
0F
0F
0F
0F
0F
0F
0F
0F
0F
0F
0F
0F
0F
0F
0F
0F
0F
0F
0F
0F
0F
0F
0F
0F
0F
0F
FF
FF
FF
ENDCHAR
STARTCHAR parenleftdeva
ENCODING -1
SWIDTH 258 0
DWIDTH 14 0
BBX 11 52 2 -8
BITMAP
00E0
01C0
01C0
0380
0380
0700
0F00
0F00
0E00
1E00
1E00
3C00
3C00
3C00
7C00
7800
7800
7800
7800
F800
F000
F000
F000
F000
F000
F000
F000
F000
F000
F000
F000
F000
F800
F800
7800
7800
7800
7800
3C00
3C00
3C00
1E00
1E00
1E00
0F00
0F00
0700
0780
0380
03C0
01C0
00E0
ENDCHAR
STARTCHAR parenrightdeva
ENCODING -1
SWIDTH 258 0
DWIDTH 14 0
BBX 11 52 1 -8
BITMAP
E000
7000
7000
3800
3800
3C00
1C00
1E00
1E00
0F00
0F00
0F80
0780
0780
0780
07C0
03C0
03C0
03C0
03C0
03E0
03E0
01E0
01E0
01E0
01E0
01E0
01E0
01E0
01E0
01E0
03E0
03E0
03C0
03C0
03C0
03C0
07C0
0780
0780
0780
0F00
0F00
0F00
1E00
1E00
1C00
3C00
3800
7000
7000
E000
ENDCHAR
STARTCHAR endashdeva
ENCODING -1
SWIDTH 419 0
DWIDTH 23 0
BBX 23 4 0 15
BITMAP
FFFFFE
FFFFFE
FFFFFE
FFFFFE
ENDCHAR
STARTCHAR hyphendeva
ENCODING -1
SWIDTH 251 0
DWIDTH 14 0
BBX 13 5 0 14
BITMAP
FFF8
FFF8
FFF8
FFF8
FFF8
ENDCHAR
STARTCHAR guilsinglleftdeva
ENCODING -1
SWIDTH 271 0
DWIDTH 15 0
BBX 11 20 1 6
BITMAP
01E0
03C0
03C0
0780
0F00
0F00
1E00
3E00
7C00
7C00
FC00
7C00
3E00
1E00
0F00
0F00
0780
03C0
03C0
01E0
ENDCHAR
STARTCHAR guilsinglrightdeva
ENCODING -1
SWIDTH 271 0
DWIDTH 15 0
BBX 10 20 3 6
BITMAP
F000
7000
7800
3C00
3C00
1E00
1F00
0F80
0F80
07C0
07C0
0F80
0F80
1F00
1E00
3C00
3C00
7800
7000
F000
ENDCHAR
STARTCHAR quotedblleftdeva
ENCODING -1
SWIDTH 344 0
DWIDTH 19 0
BBX 11 12 4 29
BITMAP
3860
38E0
30E0
70C0
71C0
61C0
E180
FBE0
FBE0
FBE0
FBE0
FBE0
ENDCHAR
STARTCHAR quotedblrightdeva
ENCODING -1
SWIDTH 334 0
DWIDTH 18 0
BBX 12 11 3 23
BITMAP
F9F0
F9F0
F9F0
F9F0
F9F0
3860
38E0
30E0
70C0
71C0
E1C0
ENDCHAR
STARTCHAR quoteleftdeva
ENCODING -1
SWIDTH 240 0
DWIDTH 13 0
BBX 5 12 4 29
BITMAP
38
30
70
70
60
E0
E0
F8
F8
F8
F8
F8
ENDCHAR
STARTCHAR quoterightdeva
ENCODING -1
SWIDTH 240 0
DWIDTH 13 0
BBX 5 11 4 23
BITMAP
F8
F8
F8
F8
F8
38
38
70
70
60
E0
ENDCHAR
STARTCHAR quotesinglbasedeva
ENCODING -1
SWIDTH 167 0
DWIDTH 9 0
BBX 5 11 2 -6
BITMAP
F8
F8
F8
F8
F8
30
70
70
60
E0
E0
ENDCHAR
STARTCHAR quotedbldeva
ENCODING -1
SWIDTH 333 0
DWIDTH 18 0
BBX 10 14 4 20
BITMAP
F3C0
F3C0
F3C0
F3C0
F3C0
F3C0
F3C0
F3C0
F3C0
E1C0
E1C0
E1C0
E180
6180
ENDCHAR
STARTCHAR quotesingledeva
ENCODING -1
SWIDTH 205 0
DWIDTH 11 0
BBX 4 14 3 20
BITMAP
F0
F0
F0
F0
F0
F0
F0
F0
70
70
70
70
70
60
ENDCHAR
STARTCHAR .ttfautohint
ENCODING -1
SWIDTH 205 0
DWIDTH 11 0
BBX 1 1 0 0
BITMAP
00
ENDCHAR
ENDFONT
