STARTFONT 2.1
FONT -FontForge-Pragati Narrow-Book-R-Normal--22-170-96-96-P-86-ISO10646-1
SIZE 17 96 96
FONTBOUNDINGBOX 57 37 -11 -12
COMMENT "Generated by fontforge, http://fontforge.sourceforge.net"
COMMENT "Copyright (c) 2012-2015, Omnibus-Type (www.omnibus-type.com omnibus.type@gmail.com)"
STARTPROPERTIES 40
FOUNDRY "FontForge"
FAMILY_NAME "Pragati Narrow"
WEIGHT_NAME "Book"
SLANT "R"
SETWIDTH_NAME "Normal"
ADD_STYLE_NAME ""
PIXEL_SIZE 22
POINT_SIZE 170
RESOLUTION_X 96
RESOLUTION_Y 96
SPACING "P"
AVERAGE_WIDTH 86
CHARSET_REGISTRY "ISO10646"
CHARSET_ENCODING "1"
FONTNAME_REGISTRY ""
CHARSET_COLLECTIONS "ISO8859-2 ISO8859-9 ISO8859-4 ISO10646-1"
FONT_NAME "PragatiNarrow-Regular"
FACE_NAME "Pragati Narrow"
COPYRIGHT "Copyright (c) 2012-2015, Omnibus-Type (www.omnibus-type.com omnibus.type@gmail.com)"
FONT_VERSION "1.010; ttfautohint (v1.3)"
FONT_ASCENT 18
FONT_DESCENT 4
UNDERLINE_POSITION -2
UNDERLINE_THICKNESS 2
X_HEIGHT 10
CAP_HEIGHT 13
RAW_ASCENT 800
RAW_DESCENT 200
NORM_SPACE 5
RELATIVE_WEIGHT 40
RELATIVE_SETWIDTH 50
SUPERSCRIPT_X 0
SUPERSCRIPT_Y 7
SUPERSCRIPT_SIZE 13
SUBSCRIPT_X 0
SUBSCRIPT_Y 1
SUBSCRIPT_SIZE 13
FIGURE_WIDTH 9
AVG_LOWERCASE_WIDTH 82
AVG_UPPERCASE_WIDTH 112
ENDPROPERTIES
CHARS 1148
STARTCHAR uni000C
ENCODING 12
SWIDTH 0 0
DWIDTH 0 0
BBX 1 1 0 0
BITMAP
00
ENDCHAR
STARTCHAR nonmarkingreturn
ENCODING 13
SWIDTH 0 0
DWIDTH 0 0
BBX 1 1 0 0
BITMAP
00
ENDCHAR
STARTCHAR space
ENCODING 32
SWIDTH 210 0
DWIDTH 5 0
BBX 1 1 0 0
BITMAP
00
ENDCHAR
STARTCHAR exclam
ENCODING 33
SWIDTH 210 0
DWIDTH 5 0
BBX 3 14 1 0
BITMAP
E0
C0
C0
C0
C0
C0
40
40
40
40
40
00
C0
C0
ENDCHAR
STARTCHAR quotedbl
ENCODING 34
SWIDTH 267 0
DWIDTH 6 0
BBX 4 6 1 8
BITMAP
B0
B0
B0
B0
90
90
ENDCHAR
STARTCHAR numbersign
ENCODING 35
SWIDTH 419 0
DWIDTH 9 0
BBX 9 14 0 0
BITMAP
0980
1900
1900
1B00
7F80
3200
3200
3600
2600
FF00
6400
6400
6C00
4C00
ENDCHAR
STARTCHAR dollar
ENCODING 36
SWIDTH 419 0
DWIDTH 9 0
BBX 7 15 1 0
BITMAP
10
10
7C
56
D6
D0
70
3C
16
D6
D6
F6
7C
10
10
ENDCHAR
STARTCHAR percent
ENCODING 37
SWIDTH 670 0
DWIDTH 15 0
BBX 13 14 1 0
BITMAP
7020
D860
88C0
8880
8980
D900
7200
0670
04D8
0C88
0888
1088
30D8
2070
ENDCHAR
STARTCHAR ampersand
ENCODING 38
SWIDTH 503 0
DWIDTH 11 0
BBX 10 14 1 0
BITMAP
3E00
6300
C100
C100
C000
4000
39C0
C100
C100
8100
C100
C100
4300
3C00
ENDCHAR
STARTCHAR quotesingle
ENCODING 39
SWIDTH 145 0
DWIDTH 3 0
BBX 1 6 1 8
BITMAP
80
80
80
80
80
80
ENDCHAR
STARTCHAR parenleft
ENCODING 40
SWIDTH 251 0
DWIDTH 6 0
BBX 4 19 1 -4
BITMAP
10
20
60
60
40
C0
C0
C0
C0
C0
C0
C0
C0
C0
40
60
20
20
10
ENDCHAR
STARTCHAR parenright
ENCODING 41
SWIDTH 251 0
DWIDTH 6 0
BBX 5 19 0 -4
BITMAP
C0
40
20
20
30
30
10
18
18
18
18
18
10
30
30
20
20
40
C0
ENDCHAR
STARTCHAR asterisk
ENCODING 42
SWIDTH 293 0
DWIDTH 6 0
BBX 5 5 1 9
BITMAP
20
B8
60
B8
20
ENDCHAR
STARTCHAR plus
ENCODING 43
SWIDTH 440 0
DWIDTH 10 0
BBX 8 11 1 0
BITMAP
18
18
18
18
18
FF
18
18
18
18
18
ENDCHAR
STARTCHAR comma
ENCODING 44
SWIDTH 210 0
DWIDTH 5 0
BBX 2 4 1 -2
BITMAP
C0
C0
40
C0
ENDCHAR
STARTCHAR hyphen
ENCODING 45
SWIDTH 251 0
DWIDTH 6 0
BBX 5 2 0 5
BITMAP
F8
F8
ENDCHAR
STARTCHAR period
ENCODING 46
SWIDTH 210 0
DWIDTH 5 0
BBX 2 2 1 0
BITMAP
C0
C0
ENDCHAR
STARTCHAR slash
ENCODING 47
SWIDTH 210 0
DWIDTH 5 0
BBX 5 16 0 -1
BITMAP
18
10
10
10
30
30
20
20
20
60
60
40
40
40
C0
C0
ENDCHAR
STARTCHAR zero
ENCODING 48
SWIDTH 419 0
DWIDTH 9 0
BBX 7 14 1 0
BITMAP
38
44
C6
C6
C6
C6
C6
C6
C6
C6
C6
C6
44
38
ENDCHAR
STARTCHAR one
ENCODING 49
SWIDTH 419 0
DWIDTH 9 0
BBX 8 14 1 0
BITMAP
18
F8
F8
18
18
18
18
18
18
18
18
18
18
FF
ENDCHAR
STARTCHAR two
ENCODING 50
SWIDTH 419 0
DWIDTH 9 0
BBX 7 14 1 0
BITMAP
3C
46
C6
C6
C6
06
0E
1C
38
30
70
E0
C0
FE
ENDCHAR
STARTCHAR three
ENCODING 51
SWIDTH 419 0
DWIDTH 9 0
BBX 7 14 1 0
BITMAP
7C
C6
C6
86
06
06
38
06
06
06
86
C6
C6
7C
ENDCHAR
STARTCHAR four
ENCODING 52
SWIDTH 419 0
DWIDTH 9 0
BBX 9 14 0 0
BITMAP
0C00
0800
1A00
1A00
1200
3200
2200
6200
4200
FF80
0200
0200
0200
0200
ENDCHAR
STARTCHAR five
ENCODING 53
SWIDTH 419 0
DWIDTH 9 0
BBX 8 14 1 0
BITMAP
7E
C0
C0
C0
C0
FC
E6
C2
03
03
83
C3
46
3C
ENDCHAR
STARTCHAR six
ENCODING 54
SWIDTH 419 0
DWIDTH 9 0
BBX 8 14 1 0
BITMAP
3C
46
C2
C2
C0
FC
E6
C2
C3
C3
C3
C2
66
3C
ENDCHAR
STARTCHAR seven
ENCODING 55
SWIDTH 419 0
DWIDTH 9 0
BBX 8 14 1 0
BITMAP
FF
06
04
0C
08
18
18
30
30
30
20
60
60
60
ENDCHAR
STARTCHAR eight
ENCODING 56
SWIDTH 419 0
DWIDTH 9 0
BBX 7 14 1 0
BITMAP
38
44
C6
C6
C6
44
38
C6
C6
C6
C6
C6
C6
38
ENDCHAR
STARTCHAR nine
ENCODING 57
SWIDTH 419 0
DWIDTH 9 0
BBX 7 14 1 0
BITMAP
7C
C6
C6
C6
C6
C6
C6
7E
06
06
86
C6
6C
38
ENDCHAR
STARTCHAR colon
ENCODING 58
SWIDTH 210 0
DWIDTH 5 0
BBX 2 11 1 0
BITMAP
C0
C0
00
00
00
00
00
00
00
C0
C0
ENDCHAR
STARTCHAR semicolon
ENCODING 59
SWIDTH 210 0
DWIDTH 5 0
BBX 2 13 1 -2
BITMAP
C0
C0
00
00
00
00
00
00
00
C0
C0
40
C0
ENDCHAR
STARTCHAR less
ENCODING 60
SWIDTH 440 0
DWIDTH 10 0
BBX 8 10 1 0
BITMAP
03
0F
3C
F0
C0
E0
78
1E
07
01
ENDCHAR
STARTCHAR equal
ENCODING 61
SWIDTH 440 0
DWIDTH 10 0
BBX 8 6 1 3
BITMAP
FF
00
00
00
00
FF
ENDCHAR
STARTCHAR greater
ENCODING 62
SWIDTH 440 0
DWIDTH 10 0
BBX 8 10 1 0
BITMAP
80
E0
38
0E
03
07
1E
78
E0
80
ENDCHAR
STARTCHAR question
ENCODING 63
SWIDTH 419 0
DWIDTH 9 0
BBX 7 14 1 0
BITMAP
3C
46
C6
C6
06
06
0C
1C
18
18
00
00
18
18
ENDCHAR
STARTCHAR at
ENCODING 64
SWIDTH 764 0
DWIDTH 17 0
BBX 15 18 1 -4
BITMAP
07E0
1830
2008
43C4
4644
C466
8462
8062
8062
83E2
8462
8C64
8C64
C7B8
4000
6000
3040
0FC0
ENDCHAR
STARTCHAR A
ENCODING 65
SWIDTH 503 0
DWIDTH 11 0
BBX 11 14 0 0
BITMAP
0E00
0E00
0A00
1B00
1B00
1B00
3180
3180
3180
60C0
7FC0
60C0
C060
C060
ENDCHAR
STARTCHAR B
ENCODING 66
SWIDTH 503 0
DWIDTH 11 0
BBX 9 14 1 0
BITMAP
FF00
C180
C180
C180
C180
C300
FE00
C180
C180
C080
C080
C180
C180
FF00
ENDCHAR
STARTCHAR C
ENCODING 67
SWIDTH 544 0
DWIDTH 12 0
BBX 10 14 1 0
BITMAP
1F00
6180
60C0
C0C0
C0C0
C000
C000
C000
C000
C0C0
C0C0
60C0
6180
1F00
ENDCHAR
STARTCHAR D
ENCODING 68
SWIDTH 544 0
DWIDTH 12 0
BBX 10 14 1 0
BITMAP
FE00
C300
C180
C0C0
C0C0
C0C0
C0C0
C0C0
C0C0
C0C0
C080
C180
C300
FE00
ENDCHAR
STARTCHAR E
ENCODING 69
SWIDTH 503 0
DWIDTH 11 0
BBX 9 14 1 0
BITMAP
FF80
C000
C000
C000
C000
C000
FF00
C000
C000
C000
C000
C000
C000
FF80
ENDCHAR
STARTCHAR F
ENCODING 70
SWIDTH 461 0
DWIDTH 10 0
BBX 8 14 1 0
BITMAP
FF
C0
C0
C0
C0
C0
FF
C0
C0
C0
C0
C0
C0
C0
ENDCHAR
STARTCHAR G
ENCODING 71
SWIDTH 587 0
DWIDTH 13 0
BBX 11 14 1 0
BITMAP
1F00
3180
60C0
C040
C060
C000
C000
C7E0
C060
C060
C060
60E0
31E0
1F60
ENDCHAR
STARTCHAR H
ENCODING 72
SWIDTH 544 0
DWIDTH 12 0
BBX 10 14 1 0
BITMAP
C0C0
C0C0
C0C0
C0C0
C0C0
C0C0
FFC0
C0C0
C0C0
C0C0
C0C0
C0C0
C0C0
C0C0
ENDCHAR
STARTCHAR I
ENCODING 73
SWIDTH 210 0
DWIDTH 5 0
BBX 2 14 1 0
BITMAP
C0
C0
C0
C0
C0
C0
C0
C0
C0
C0
C0
C0
C0
C0
ENDCHAR
STARTCHAR J
ENCODING 74
SWIDTH 376 0
DWIDTH 8 0
BBX 7 14 0 0
BITMAP
06
06
06
06
06
06
06
06
06
06
C6
C6
46
3C
ENDCHAR
STARTCHAR K
ENCODING 75
SWIDTH 503 0
DWIDTH 11 0
BBX 10 14 1 0
BITMAP
C1C0
C180
C300
C600
CC00
CC00
DC00
F400
E600
C300
C300
C180
C180
C0C0
ENDCHAR
STARTCHAR L
ENCODING 76
SWIDTH 419 0
DWIDTH 9 0
BBX 8 14 1 0
BITMAP
C0
C0
C0
C0
C0
C0
C0
C0
C0
C0
C0
C0
C0
FF
ENDCHAR
STARTCHAR M
ENCODING 77
SWIDTH 628 0
DWIDTH 14 0
BBX 12 14 1 0
BITMAP
E070
E0F0
F0F0
F0B0
F0B0
D1B0
D9B0
D930
C930
CB30
CF30
CE30
C630
C630
ENDCHAR
STARTCHAR N
ENCODING 78
SWIDTH 544 0
DWIDTH 12 0
BBX 10 14 1 0
BITMAP
C0C0
E0C0
E0C0
F0C0
D8C0
D8C0
CCC0
CCC0
C6C0
C6C0
C3C0
C1C0
C1C0
C0C0
ENDCHAR
STARTCHAR O
ENCODING 79
SWIDTH 587 0
DWIDTH 13 0
BBX 11 14 1 0
BITMAP
1F00
3180
60C0
C040
C060
C060
C060
C060
C060
C060
C040
60C0
3180
1F00
ENDCHAR
STARTCHAR P
ENCODING 80
SWIDTH 503 0
DWIDTH 11 0
BBX 10 14 1 0
BITMAP
FF00
C180
C180
C0C0
C080
C180
C180
FF00
C000
C000
C000
C000
C000
C000
ENDCHAR
STARTCHAR Q
ENCODING 81
SWIDTH 587 0
DWIDTH 13 0
BBX 11 16 1 -2
BITMAP
1F00
3180
60C0
C040
C060
C060
C060
C060
C060
C060
C040
60C0
3180
1F00
0300
01C0
ENDCHAR
STARTCHAR R
ENCODING 82
SWIDTH 544 0
DWIDTH 12 0
BBX 10 14 1 0
BITMAP
FF00
C0C0
C0C0
C0C0
C0C0
C1C0
FF00
C300
C300
C180
C180
C080
C0C0
C0C0
ENDCHAR
STARTCHAR S
ENCODING 83
SWIDTH 503 0
DWIDTH 11 0
BBX 9 14 1 0
BITMAP
3E00
6300
C180
C180
E000
F800
7E00
1F80
0380
0180
C180
C180
6300
3E00
ENDCHAR
STARTCHAR T
ENCODING 84
SWIDTH 461 0
DWIDTH 10 0
BBX 10 14 0 0
BITMAP
FFC0
0C00
0C00
0C00
0C00
0C00
0C00
0C00
0C00
0C00
0C00
0C00
0C00
0C00
ENDCHAR
STARTCHAR U
ENCODING 85
SWIDTH 544 0
DWIDTH 12 0
BBX 10 14 1 0
BITMAP
C0C0
C0C0
C0C0
C0C0
C0C0
C0C0
C0C0
C0C0
C0C0
C0C0
4080
6180
6180
1E00
ENDCHAR
STARTCHAR V
ENCODING 86
SWIDTH 503 0
DWIDTH 11 0
BBX 11 14 0 0
BITMAP
C060
6040
60C0
60C0
20C0
3080
3180
3180
1900
1B00
1B00
0A00
0E00
0E00
ENDCHAR
STARTCHAR W
ENCODING 87
SWIDTH 711 0
DWIDTH 16 0
BBX 15 14 0 0
BITMAP
C182
4382
63C6
63C6
62C4
62C4
324C
364C
3668
3668
1468
1C78
1C38
1C30
ENDCHAR
STARTCHAR X
ENCODING 88
SWIDTH 503 0
DWIDTH 11 0
BBX 11 14 0 0
BITMAP
E0E0
60C0
3180
1900
1B00
0E00
0E00
0E00
1B00
1B00
3180
3180
60C0
C060
ENDCHAR
STARTCHAR Y
ENCODING 89
SWIDTH 503 0
DWIDTH 11 0
BBX 11 14 0 0
BITMAP
C060
60C0
20C0
3180
1900
1B00
0E00
0E00
0400
0400
0400
0400
0400
0400
ENDCHAR
STARTCHAR Z
ENCODING 90
SWIDTH 461 0
DWIDTH 10 0
BBX 10 14 0 0
BITMAP
7FC0
0180
0300
0300
0600
0600
0C00
0C00
1800
1800
3000
7000
6000
FFC0
ENDCHAR
STARTCHAR bracketleft
ENCODING 91
SWIDTH 210 0
DWIDTH 5 0
BBX 3 19 1 -4
BITMAP
E0
C0
C0
C0
C0
C0
C0
C0
C0
C0
C0
C0
C0
C0
C0
C0
C0
C0
E0
ENDCHAR
STARTCHAR backslash
ENCODING 92
SWIDTH 210 0
DWIDTH 5 0
BBX 5 16 0 -1
BITMAP
C0
C0
40
40
40
60
60
20
20
20
30
30
30
10
10
18
ENDCHAR
STARTCHAR bracketright
ENCODING 93
SWIDTH 210 0
DWIDTH 5 0
BBX 4 19 0 -4
BITMAP
F0
30
30
30
30
30
30
30
30
30
30
30
30
30
30
30
30
30
F0
ENDCHAR
STARTCHAR asciicircum
ENCODING 94
SWIDTH 354 0
DWIDTH 8 0
BBX 8 8 0 6
BITMAP
18
3C
3C
24
66
66
46
C3
ENDCHAR
STARTCHAR underscore
ENCODING 95
SWIDTH 419 0
DWIDTH 9 0
BBX 9 1 0 -2
BITMAP
FF80
ENDCHAR
STARTCHAR grave
ENCODING 96
SWIDTH 251 0
DWIDTH 6 0
BBX 3 2 1 13
BITMAP
C0
60
ENDCHAR
STARTCHAR a
ENCODING 97
SWIDTH 419 0
DWIDTH 9 0
BBX 8 11 1 0
BITMAP
7C
C4
C6
C6
06
3E
C6
C6
86
CE
7F
ENDCHAR
STARTCHAR b
ENCODING 98
SWIDTH 419 0
DWIDTH 9 0
BBX 7 15 1 0
BITMAP
C0
C0
C0
C0
FC
CE
C6
C6
C6
C6
C6
C6
C6
CE
FC
ENDCHAR
STARTCHAR c
ENCODING 99
SWIDTH 376 0
DWIDTH 8 0
BBX 7 11 1 0
BITMAP
7C
E6
C2
C2
C0
C0
C0
C2
C2
E6
7C
ENDCHAR
STARTCHAR d
ENCODING 100
SWIDTH 419 0
DWIDTH 9 0
BBX 7 15 1 0
BITMAP
06
06
06
06
7E
46
C6
C6
C6
C6
C6
C6
C6
46
7A
ENDCHAR
STARTCHAR e
ENCODING 101
SWIDTH 419 0
DWIDTH 9 0
BBX 7 11 1 0
BITMAP
3C
66
C2
C2
C2
FE
C0
C2
C2
66
3C
ENDCHAR
STARTCHAR f
ENCODING 102
SWIDTH 210 0
DWIDTH 5 0
BBX 5 15 0 0
BITMAP
38
60
60
60
F8
60
60
60
60
60
60
60
60
60
60
ENDCHAR
STARTCHAR g
ENCODING 103
SWIDTH 419 0
DWIDTH 9 0
BBX 9 16 0 -4
BITMAP
0180
1F00
2300
6300
6300
6300
6200
3E00
6000
6000
6000
3F00
C180
C180
C180
7F00
ENDCHAR
STARTCHAR h
ENCODING 104
SWIDTH 419 0
DWIDTH 9 0
BBX 7 15 1 0
BITMAP
C0
C0
C0
C0
FC
E6
C6
C6
C6
C6
C6
C6
C6
C6
C6
ENDCHAR
STARTCHAR i
ENCODING 105
SWIDTH 167 0
DWIDTH 4 0
BBX 2 15 1 0
BITMAP
C0
C0
00
00
C0
C0
C0
C0
C0
C0
C0
C0
C0
C0
C0
ENDCHAR
STARTCHAR j
ENCODING 106
SWIDTH 167 0
DWIDTH 4 0
BBX 4 19 -1 -4
BITMAP
30
30
00
00
30
30
30
30
30
30
30
30
30
30
30
30
30
30
E0
ENDCHAR
STARTCHAR k
ENCODING 107
SWIDTH 376 0
DWIDTH 8 0
BBX 7 15 1 0
BITMAP
C0
C0
C0
C0
C6
CC
C8
D8
F0
F0
F8
CC
CC
C6
C6
ENDCHAR
STARTCHAR l
ENCODING 108
SWIDTH 167 0
DWIDTH 4 0
BBX 2 15 1 0
BITMAP
C0
C0
C0
C0
C0
C0
C0
C0
C0
C0
C0
C0
C0
C0
C0
ENDCHAR
STARTCHAR m
ENCODING 109
SWIDTH 628 0
DWIDTH 14 0
BBX 12 11 1 0
BITMAP
FDE0
E720
C630
C630
C630
C630
C630
C630
C630
C630
C630
ENDCHAR
STARTCHAR n
ENCODING 110
SWIDTH 419 0
DWIDTH 9 0
BBX 7 11 1 0
BITMAP
FC
E6
C6
C6
C6
C6
C6
C6
C6
C6
C6
ENDCHAR
STARTCHAR o
ENCODING 111
SWIDTH 419 0
DWIDTH 9 0
BBX 7 11 1 0
BITMAP
38
44
C6
C6
C6
C6
C6
C6
C6
44
38
ENDCHAR
STARTCHAR p
ENCODING 112
SWIDTH 419 0
DWIDTH 9 0
BBX 7 15 1 -4
BITMAP
F8
CC
C6
C6
C6
C6
C6
C6
C6
CC
F8
C0
C0
C0
C0
ENDCHAR
STARTCHAR q
ENCODING 113
SWIDTH 419 0
DWIDTH 9 0
BBX 7 15 1 -4
BITMAP
7A
46
C6
C6
C6
C6
C6
C6
C6
46
7E
06
06
06
06
ENDCHAR
STARTCHAR r
ENCODING 114
SWIDTH 251 0
DWIDTH 6 0
BBX 4 11 1 0
BITMAP
F0
F0
E0
C0
C0
C0
C0
C0
C0
C0
C0
ENDCHAR
STARTCHAR s
ENCODING 115
SWIDTH 376 0
DWIDTH 8 0
BBX 6 11 1 0
BITMAP
78
CC
C4
C0
F0
7C
1C
04
84
CC
78
ENDCHAR
STARTCHAR t
ENCODING 116
SWIDTH 210 0
DWIDTH 5 0
BBX 4 14 0 0
BITMAP
60
60
60
F0
60
60
60
60
60
60
60
60
60
30
ENDCHAR
STARTCHAR u
ENCODING 117
SWIDTH 419 0
DWIDTH 9 0
BBX 7 11 1 0
BITMAP
C6
C6
C6
C6
C6
C6
C6
C6
C6
CE
7A
ENDCHAR
STARTCHAR v
ENCODING 118
SWIDTH 376 0
DWIDTH 8 0
BBX 8 11 0 0
BITMAP
C3
43
62
62
66
26
34
3C
1C
18
18
ENDCHAR
STARTCHAR w
ENCODING 119
SWIDTH 544 0
DWIDTH 12 0
BBX 12 11 0 0
BITMAP
C630
C630
4620
6F20
6F60
6F60
2940
2940
3940
39C0
1980
ENDCHAR
STARTCHAR x
ENCODING 120
SWIDTH 376 0
DWIDTH 8 0
BBX 8 11 0 0
BITMAP
E3
66
36
3C
1C
18
1C
3C
26
66
C3
ENDCHAR
STARTCHAR y
ENCODING 121
SWIDTH 376 0
DWIDTH 8 0
BBX 8 15 0 -4
BITMAP
C3
43
62
62
66
26
34
34
14
1C
18
18
18
10
60
ENDCHAR
STARTCHAR z
ENCODING 122
SWIDTH 376 0
DWIDTH 8 0
BBX 7 11 1 0
BITMAP
FC
0C
1C
18
38
30
70
60
60
C0
FE
ENDCHAR
STARTCHAR braceleft
ENCODING 123
SWIDTH 252 0
DWIDTH 6 0
BBX 5 19 0 -4
BITMAP
18
30
30
30
30
30
30
30
30
C0
30
30
30
30
30
30
30
30
18
ENDCHAR
STARTCHAR bar
ENCODING 124
SWIDTH 196 0
DWIDTH 4 0
BBX 2 19 1 -4
BITMAP
C0
C0
C0
C0
C0
C0
C0
C0
C0
C0
C0
C0
C0
C0
C0
C0
C0
C0
C0
ENDCHAR
STARTCHAR braceright
ENCODING 125
SWIDTH 252 0
DWIDTH 6 0
BBX 5 19 0 -4
BITMAP
C0
20
30
30
30
30
30
30
30
08
30
30
30
30
30
30
30
20
C0
ENDCHAR
STARTCHAR asciitilde
ENCODING 126
SWIDTH 440 0
DWIDTH 10 0
BBX 8 4 1 5
BITMAP
01
71
FF
8E
ENDCHAR
STARTCHAR uni00A0
ENCODING 160
SWIDTH 210 0
DWIDTH 5 0
BBX 1 1 0 0
BITMAP
00
ENDCHAR
STARTCHAR exclamdown
ENCODING 161
SWIDTH 251 0
DWIDTH 6 0
BBX 2 15 2 -4
BITMAP
C0
C0
00
00
C0
C0
C0
C0
C0
C0
C0
C0
C0
C0
C0
ENDCHAR
STARTCHAR cent
ENCODING 162
SWIDTH 419 0
DWIDTH 9 0
BBX 7 15 1 0
BITMAP
10
10
38
7E
D6
D6
D0
D0
D0
D2
D6
76
3C
10
10
ENDCHAR
STARTCHAR sterling
ENCODING 163
SWIDTH 419 0
DWIDTH 9 0
BBX 8 14 0 0
BITMAP
1E
33
31
31
30
30
30
FC
20
20
20
20
20
7F
ENDCHAR
STARTCHAR currency
ENCODING 164
SWIDTH 419 0
DWIDTH 9 0
BBX 9 10 0 2
BITMAP
BE80
E380
4100
C180
C080
C080
C180
4180
6380
BE80
ENDCHAR
STARTCHAR yen
ENCODING 165
SWIDTH 419 0
DWIDTH 9 0
BBX 9 14 0 0
BITMAP
C180
6180
6300
2300
3200
3600
1C00
FF80
0C00
FF80
0C00
0C00
0C00
0C00
ENDCHAR
STARTCHAR brokenbar
ENCODING 166
SWIDTH 196 0
DWIDTH 4 0
BBX 2 19 1 -4
BITMAP
C0
C0
C0
C0
C0
C0
C0
C0
00
00
00
C0
C0
C0
C0
C0
C0
C0
C0
ENDCHAR
STARTCHAR section
ENCODING 167
SWIDTH 419 0
DWIDTH 9 0
BBX 7 18 1 -4
BITMAP
3C
66
46
40
60
38
7C
4E
C6
C2
66
7E
1C
0E
06
46
66
3C
ENDCHAR
STARTCHAR dieresis
ENCODING 168
SWIDTH 251 0
DWIDTH 6 0
BBX 5 2 0 13
BITMAP
D8
D8
ENDCHAR
STARTCHAR copyright
ENCODING 169
SWIDTH 555 0
DWIDTH 12 0
BBX 12 14 0 0
BITMAP
0F80
30C0
2060
4F20
5990
9090
9010
9010
9090
5990
4F20
2060
30C0
0F80
ENDCHAR
STARTCHAR ordfeminine
ENCODING 170
SWIDTH 279 0
DWIDTH 6 0
BBX 6 7 0 8
BITMAP
78
48
08
78
48
C8
7C
ENDCHAR
STARTCHAR guillemotleft
ENCODING 171
SWIDTH 419 0
DWIDTH 9 0
BBX 7 8 1 3
BITMAP
12
36
6C
C8
D8
6C
36
12
ENDCHAR
STARTCHAR logicalnot
ENCODING 172
SWIDTH 440 0
DWIDTH 10 0
BBX 8 5 1 4
BITMAP
FF
FF
03
03
03
ENDCHAR
STARTCHAR uni00AD
ENCODING 173
SWIDTH 251 0
DWIDTH 6 0
BBX 5 2 0 5
BITMAP
F8
F8
ENDCHAR
STARTCHAR registered
ENCODING 174
SWIDTH 555 0
DWIDTH 12 0
BBX 12 14 0 0
BITMAP
0F80
30C0
2060
4F20
4890
8890
8F10
8990
8890
4890
48A0
2060
30C0
0F80
ENDCHAR
STARTCHAR macron
ENCODING 175
SWIDTH 251 0
DWIDTH 6 0
BBX 5 1 0 13
BITMAP
F8
ENDCHAR
STARTCHAR degree
ENCODING 176
SWIDTH 368 0
DWIDTH 8 0
BBX 6 5 1 9
BITMAP
78
CC
84
CC
78
ENDCHAR
STARTCHAR plusminus
ENCODING 177
SWIDTH 504 0
DWIDTH 11 0
BBX 8 12 2 0
BITMAP
10
10
10
10
FF
10
10
10
10
00
00
FF
ENDCHAR
STARTCHAR uni00B2
ENCODING 178
SWIDTH 251 0
DWIDTH 6 0
BBX 5 8 0 7
BITMAP
70
48
48
18
30
60
40
F8
ENDCHAR
STARTCHAR uni00B3
ENCODING 179
SWIDTH 251 0
DWIDTH 6 0
BBX 5 9 0 6
BITMAP
70
48
48
08
30
08
C8
48
70
ENDCHAR
STARTCHAR acute
ENCODING 180
SWIDTH 251 0
DWIDTH 6 0
BBX 4 2 1 13
BITMAP
30
E0
ENDCHAR
STARTCHAR uni00B5
ENCODING 181
SWIDTH 419 0
DWIDTH 9 0
BBX 7 15 1 -4
BITMAP
C6
C6
C6
C6
C6
C6
C6
C6
C6
CE
FA
C0
C0
C0
C0
ENDCHAR
STARTCHAR paragraph
ENCODING 182
SWIDTH 405 0
DWIDTH 9 0
BBX 8 18 0 -4
BITMAP
3F
7B
7B
FB
FB
FB
7B
7B
3B
0B
0B
0B
0B
0B
0B
0B
0B
0B
ENDCHAR
STARTCHAR periodcentered
ENCODING 183
SWIDTH 210 0
DWIDTH 5 0
BBX 2 2 1 6
BITMAP
C0
C0
ENDCHAR
STARTCHAR cedilla
ENCODING 184
SWIDTH 251 0
DWIDTH 6 0
BBX 4 4 1 -4
BITMAP
40
60
30
E0
ENDCHAR
STARTCHAR uni00B9
ENCODING 185
SWIDTH 251 0
DWIDTH 6 0
BBX 4 8 1 7
BITMAP
60
E0
60
60
60
60
60
F0
ENDCHAR
STARTCHAR ordmasculine
ENCODING 186
SWIDTH 275 0
DWIDTH 6 0
BBX 6 8 0 7
BITMAP
38
48
48
CC
CC
48
48
38
ENDCHAR
STARTCHAR guillemotright
ENCODING 187
SWIDTH 419 0
DWIDTH 9 0
BBX 7 8 1 3
BITMAP
D8
48
6C
36
36
6C
48
D8
ENDCHAR
STARTCHAR onequarter
ENCODING 188
SWIDTH 629 0
DWIDTH 14 0
BBX 12 14 1 0
BITMAP
6060
E040
6080
6080
6100
6300
6240
F4E0
04A0
08A0
1920
11F0
2020
6020
ENDCHAR
STARTCHAR onehalf
ENCODING 189
SWIDTH 629 0
DWIDTH 14 0
BBX 12 14 1 0
BITMAP
6060
E040
6080
6180
6100
62E0
62B0
F590
0DB0
0820
1060
10C0
2080
61F0
ENDCHAR
STARTCHAR threequarters
ENCODING 190
SWIDTH 629 0
DWIDTH 14 0
BBX 12 14 1 0
BITMAP
F060
9040
1080
6180
1100
9340
9240
E4E0
0CA0
08A0
1920
11F0
2020
6020
ENDCHAR
STARTCHAR questiondown
ENCODING 191
SWIDTH 461 0
DWIDTH 10 0
BBX 8 15 1 -4
BITMAP
18
18
00
00
18
18
38
30
60
60
C3
C3
43
66
3C
ENDCHAR
STARTCHAR Agrave
ENCODING 192
SWIDTH 503 0
DWIDTH 11 0
BBX 11 18 0 0
BITMAP
1800
0C00
0600
0000
0E00
0E00
0A00
1B00
1B00
1B00
3180
3180
3180
60C0
7FC0
60C0
C060
C060
ENDCHAR
STARTCHAR Aacute
ENCODING 193
SWIDTH 503 0
DWIDTH 11 0
BBX 11 18 0 0
BITMAP
0300
0600
0C00
0000
0E00
0E00
0A00
1B00
1B00
1B00
3180
3180
3180
60C0
7FC0
60C0
C060
C060
ENDCHAR
STARTCHAR Acircumflex
ENCODING 194
SWIDTH 503 0
DWIDTH 11 0
BBX 11 18 0 0
BITMAP
0E00
0A00
1B00
0000
0E00
0E00
0A00
1B00
1B00
1B00
3180
3180
3180
60C0
7FC0
60C0
C060
C060
ENDCHAR
STARTCHAR Atilde
ENCODING 195
SWIDTH 503 0
DWIDTH 11 0
BBX 11 18 0 0
BITMAP
1900
1700
0000
0000
0E00
0E00
0A00
1B00
1B00
1B00
3180
3180
3180
60C0
7FC0
60C0
C060
C060
ENDCHAR
STARTCHAR Adieresis
ENCODING 196
SWIDTH 503 0
DWIDTH 11 0
BBX 11 18 0 0
BITMAP
1B00
1B00
0000
0000
0E00
0E00
0A00
1B00
1B00
1B00
3180
3180
3180
60C0
7FC0
60C0
C060
C060
ENDCHAR
STARTCHAR Aring
ENCODING 197
SWIDTH 503 0
DWIDTH 11 0
BBX 11 19 0 0
BITMAP
0E00
0A00
0A00
0E00
0000
0E00
0E00
0A00
1B00
1B00
1B00
3180
3180
3180
60C0
7FC0
60C0
C060
C060
ENDCHAR
STARTCHAR AE
ENCODING 198
SWIDTH 754 0
DWIDTH 17 0
BBX 16 14 0 0
BITMAP
07FF
0500
0580
0D80
0980
1980
19FE
10C0
30C0
30C0
7FC0
6040
4060
C07F
ENDCHAR
STARTCHAR Ccedilla
ENCODING 199
SWIDTH 544 0
DWIDTH 12 0
BBX 10 18 1 -4
BITMAP
1F00
6180
60C0
C0C0
C0C0
C000
C000
C000
C000
C0C0
C0C0
60C0
6180
3F00
0800
0E00
0600
1C00
ENDCHAR
STARTCHAR Egrave
ENCODING 200
SWIDTH 503 0
DWIDTH 11 0
BBX 9 18 1 0
BITMAP
3000
1800
0C00
0000
FF80
C000
C000
C000
C000
C000
FF00
C000
C000
C000
C000
C000
C000
FF80
ENDCHAR
STARTCHAR Eacute
ENCODING 201
SWIDTH 503 0
DWIDTH 11 0
BBX 9 18 1 0
BITMAP
0600
0C00
1800
0000
FF80
C000
C000
C000
C000
C000
FF00
C000
C000
C000
C000
C000
C000
FF80
ENDCHAR
STARTCHAR Ecircumflex
ENCODING 202
SWIDTH 503 0
DWIDTH 11 0
BBX 9 18 1 0
BITMAP
1C00
1400
3600
0000
FF80
C000
C000
C000
C000
C000
FF00
C000
C000
C000
C000
C000
C000
FF80
ENDCHAR
STARTCHAR Edieresis
ENCODING 203
SWIDTH 503 0
DWIDTH 11 0
BBX 9 18 1 0
BITMAP
3600
3600
0000
0000
FF80
C000
C000
C000
C000
C000
FF00
C000
C000
C000
C000
C000
C000
FF80
ENDCHAR
STARTCHAR Igrave
ENCODING 204
SWIDTH 210 0
DWIDTH 5 0
BBX 4 18 0 0
BITMAP
C0
60
30
00
60
60
60
60
60
60
60
60
60
60
60
60
60
60
ENDCHAR
STARTCHAR Iacute
ENCODING 205
SWIDTH 210 0
DWIDTH 5 0
BBX 4 18 1 0
BITMAP
30
40
C0
00
C0
C0
C0
C0
C0
C0
C0
C0
C0
C0
C0
C0
C0
C0
ENDCHAR
STARTCHAR Icircumflex
ENCODING 206
SWIDTH 210 0
DWIDTH 5 0
BBX 5 18 0 0
BITMAP
60
70
D8
00
60
60
60
60
60
60
60
60
60
60
60
60
60
60
ENDCHAR
STARTCHAR Idieresis
ENCODING 207
SWIDTH 210 0
DWIDTH 5 0
BBX 5 18 0 0
BITMAP
D8
D8
00
00
60
60
60
60
60
60
60
60
60
60
60
60
60
60
ENDCHAR
STARTCHAR Eth
ENCODING 208
SWIDTH 544 0
DWIDTH 12 0
BBX 11 14 0 0
BITMAP
7F00
6180
60C0
6060
6060
6060
FC60
6060
6060
6060
6040
60C0
6180
7F00
ENDCHAR
STARTCHAR Ntilde
ENCODING 209
SWIDTH 544 0
DWIDTH 12 0
BBX 10 18 1 0
BITMAP
1900
2600
0000
0000
C0C0
E0C0
E0C0
F0C0
D8C0
D8C0
CCC0
CCC0
C6C0
C6C0
C3C0
C1C0
C1C0
C0C0
ENDCHAR
STARTCHAR Ograve
ENCODING 210
SWIDTH 587 0
DWIDTH 13 0
BBX 11 18 1 0
BITMAP
1800
0C00
0600
0000
1F00
3180
60C0
C040
C060
C060
C060
C060
C060
C060
C040
60C0
3180
1F00
ENDCHAR
STARTCHAR Oacute
ENCODING 211
SWIDTH 587 0
DWIDTH 13 0
BBX 11 19 1 0
BITMAP
0300
0600
0400
0C00
0000
1F00
3180
60C0
C040
C060
C060
C060
C060
C060
C060
C040
60C0
3180
1F00
ENDCHAR
STARTCHAR Ocircumflex
ENCODING 212
SWIDTH 587 0
DWIDTH 13 0
BBX 11 18 1 0
BITMAP
0E00
0A00
1B00
0000
1F00
3180
60C0
C040
C060
C060
C060
C060
C060
C060
C040
60C0
3180
1F00
ENDCHAR
STARTCHAR Otilde
ENCODING 213
SWIDTH 587 0
DWIDTH 13 0
BBX 11 18 1 0
BITMAP
1900
1700
2000
0000
1F00
3180
60C0
C040
C060
C060
C060
C060
C060
C060
C040
60C0
3180
1F00
ENDCHAR
STARTCHAR Odieresis
ENCODING 214
SWIDTH 587 0
DWIDTH 13 0
BBX 11 18 1 0
BITMAP
1B00
1B00
0000
0000
1F00
3180
60C0
C040
C060
C060
C060
C060
C060
C060
C040
60C0
3180
1F00
ENDCHAR
STARTCHAR multiply
ENCODING 215
SWIDTH 440 0
DWIDTH 10 0
BBX 8 9 1 1
BITMAP
81
C3
66
3C
18
3C
7E
C7
81
ENDCHAR
STARTCHAR Oslash
ENCODING 216
SWIDTH 587 0
DWIDTH 13 0
BBX 11 15 1 0
BITMAP
0060
1F40
31C0
61C0
4160
C360
C260
C460
C460
C860
D860
D040
60C0
7180
FF00
ENDCHAR
STARTCHAR Ugrave
ENCODING 217
SWIDTH 544 0
DWIDTH 12 0
BBX 10 18 1 0
BITMAP
1800
0C00
0400
0000
C0C0
C0C0
C0C0
C0C0
C0C0
C0C0
C0C0
C0C0
C0C0
C0C0
4080
6180
6180
1E00
ENDCHAR
STARTCHAR Uacute
ENCODING 218
SWIDTH 544 0
DWIDTH 12 0
BBX 10 19 1 0
BITMAP
0200
0600
0C00
0800
0000
C0C0
C0C0
C0C0
C0C0
C0C0
C0C0
C0C0
C0C0
C0C0
C0C0
4080
6180
6180
1E00
ENDCHAR
STARTCHAR Ucircumflex
ENCODING 219
SWIDTH 544 0
DWIDTH 12 0
BBX 10 18 1 0
BITMAP
0C00
1E00
3300
0000
C0C0
C0C0
C0C0
C0C0
C0C0
C0C0
C0C0
C0C0
C0C0
C0C0
4080
6180
6180
1E00
ENDCHAR
STARTCHAR Udieresis
ENCODING 220
SWIDTH 544 0
DWIDTH 12 0
BBX 10 18 1 0
BITMAP
1200
1200
0000
0000
C0C0
C0C0
C0C0
C0C0
C0C0
C0C0
C0C0
C0C0
C0C0
C0C0
4080
6180
6180
1E00
ENDCHAR
STARTCHAR Yacute
ENCODING 221
SWIDTH 503 0
DWIDTH 11 0
BBX 11 18 0 0
BITMAP
0300
0600
0C00
0000
C060
60C0
20C0
3180
1900
1B00
0E00
0E00
0400
0400
0400
0400
0400
0400
ENDCHAR
STARTCHAR Thorn
ENCODING 222
SWIDTH 503 0
DWIDTH 11 0
BBX 10 14 1 0
BITMAP
C000
C000
C000
FF00
C180
C180
C0C0
C080
C180
C180
FF00
C000
C000
C000
ENDCHAR
STARTCHAR germandbls
ENCODING 223
SWIDTH 461 0
DWIDTH 10 0
BBX 8 15 1 0
BITMAP
3C
66
C3
C3
C3
C3
C6
DC
C2
C3
C1
C1
C3
C2
DC
ENDCHAR
STARTCHAR agrave
ENCODING 224
SWIDTH 419 0
DWIDTH 9 0
BBX 8 15 1 0
BITMAP
60
30
18
00
7C
C4
C6
C6
06
3E
C6
C6
86
CE
7F
ENDCHAR
STARTCHAR aacute
ENCODING 225
SWIDTH 419 0
DWIDTH 9 0
BBX 8 15 1 0
BITMAP
0C
18
30
00
7C
C4
C6
C6
06
3E
C6
C6
86
CE
7F
ENDCHAR
STARTCHAR acircumflex
ENCODING 226
SWIDTH 419 0
DWIDTH 9 0
BBX 8 15 1 0
BITMAP
18
38
6C
00
7C
C4
C6
C6
06
3E
C6
C6
86
CE
7F
ENDCHAR
STARTCHAR atilde
ENCODING 227
SWIDTH 419 0
DWIDTH 9 0
BBX 8 15 1 0
BITMAP
76
4C
00
00
7C
C4
C6
C6
06
3E
C6
C6
86
CE
7F
ENDCHAR
STARTCHAR adieresis
ENCODING 228
SWIDTH 419 0
DWIDTH 9 0
BBX 8 15 1 0
BITMAP
6C
6C
00
00
7C
C4
C6
C6
06
3E
C6
C6
86
CE
7F
ENDCHAR
STARTCHAR aring
ENCODING 229
SWIDTH 419 0
DWIDTH 9 0
BBX 8 15 1 0
BITMAP
38
24
38
00
7C
C4
C6
C6
06
3E
C6
C6
86
CE
7F
ENDCHAR
STARTCHAR ae
ENCODING 230
SWIDTH 670 0
DWIDTH 15 0
BBX 13 11 1 0
BITMAP
3DE0
4730
C610
C618
0618
3FF8
C600
C618
C618
CF30
79E0
ENDCHAR
STARTCHAR ccedilla
ENCODING 231
SWIDTH 376 0
DWIDTH 8 0
BBX 7 15 1 -4
BITMAP
78
4C
C4
C6
80
80
80
C6
C4
CC
78
20
38
08
78
ENDCHAR
STARTCHAR egrave
ENCODING 232
SWIDTH 419 0
DWIDTH 9 0
BBX 7 15 1 0
BITMAP
70
10
18
00
3C
66
C6
C2
C2
FE
C0
C2
C2
66
3C
ENDCHAR
STARTCHAR eacute
ENCODING 233
SWIDTH 419 0
DWIDTH 9 0
BBX 7 15 1 0
BITMAP
0C
18
10
00
3C
66
C6
C2
C2
FE
C0
C2
C2
66
3C
ENDCHAR
STARTCHAR ecircumflex
ENCODING 234
SWIDTH 419 0
DWIDTH 9 0
BBX 7 15 1 0
BITMAP
18
38
6C
00
3C
66
C6
C2
C2
FE
C0
C2
C2
66
3C
ENDCHAR
STARTCHAR edieresis
ENCODING 235
SWIDTH 419 0
DWIDTH 9 0
BBX 7 15 1 0
BITMAP
6C
6C
00
00
3C
66
C6
C2
C2
FE
C0
C2
C2
66
3C
ENDCHAR
STARTCHAR igrave
ENCODING 236
SWIDTH 210 0
DWIDTH 5 0
BBX 4 15 0 0
BITMAP
C0
60
30
00
60
60
60
60
60
60
60
60
60
60
60
ENDCHAR
STARTCHAR iacute
ENCODING 237
SWIDTH 210 0
DWIDTH 5 0
BBX 4 15 1 0
BITMAP
30
40
C0
00
C0
C0
C0
C0
C0
C0
C0
C0
C0
C0
C0
ENDCHAR
STARTCHAR icircumflex
ENCODING 238
SWIDTH 210 0
DWIDTH 5 0
BBX 5 15 0 0
BITMAP
60
50
D8
00
60
60
60
60
60
60
60
60
60
60
60
ENDCHAR
STARTCHAR idieresis
ENCODING 239
SWIDTH 210 0
DWIDTH 5 0
BBX 5 15 0 0
BITMAP
D8
D8
00
00
60
60
60
60
60
60
60
60
60
60
60
ENDCHAR
STARTCHAR eth
ENCODING 240
SWIDTH 419 0
DWIDTH 9 0
BBX 7 15 1 0
BITMAP
70
7C
78
0C
3C
46
C6
C2
C2
C2
C2
C2
C6
46
3C
ENDCHAR
STARTCHAR ntilde
ENCODING 241
SWIDTH 419 0
DWIDTH 9 0
BBX 7 15 1 0
BITMAP
76
4C
00
00
FC
E6
C6
C6
C6
C6
C6
C6
C6
C6
C6
ENDCHAR
STARTCHAR ograve
ENCODING 242
SWIDTH 419 0
DWIDTH 9 0
BBX 7 15 1 0
BITMAP
60
30
18
00
3C
46
C6
C2
C2
C2
C2
C2
C6
46
3C
ENDCHAR
STARTCHAR oacute
ENCODING 243
SWIDTH 419 0
DWIDTH 9 0
BBX 7 15 1 0
BITMAP
0C
18
30
00
3C
46
C6
C2
C2
C2
C2
C2
C6
46
3C
ENDCHAR
STARTCHAR ocircumflex
ENCODING 244
SWIDTH 419 0
DWIDTH 9 0
BBX 7 15 1 0
BITMAP
18
38
6C
00
3C
46
C6
C2
C2
C2
C2
C2
C6
46
3C
ENDCHAR
STARTCHAR otilde
ENCODING 245
SWIDTH 419 0
DWIDTH 9 0
BBX 7 15 1 0
BITMAP
76
4C
00
00
3C
46
C6
C2
C2
C2
C2
C2
C6
46
3C
ENDCHAR
STARTCHAR odieresis
ENCODING 246
SWIDTH 419 0
DWIDTH 9 0
BBX 7 15 1 0
BITMAP
6C
6C
00
00
3C
46
C6
C2
C2
C2
C2
C2
C6
46
3C
ENDCHAR
STARTCHAR divide
ENCODING 247
SWIDTH 504 0
DWIDTH 11 0
BBX 9 8 1 1
BITMAP
0800
0800
0000
FF80
0000
0000
0800
0800
ENDCHAR
STARTCHAR oslash
ENCODING 248
SWIDTH 461 0
DWIDTH 10 0
BBX 8 12 1 0
BITMAP
01
3E
66
47
C7
CB
CB
D3
D3
62
66
FC
ENDCHAR
STARTCHAR ugrave
ENCODING 249
SWIDTH 419 0
DWIDTH 9 0
BBX 7 15 1 0
BITMAP
60
30
18
00
C6
C6
C6
C6
C6
C6
C6
C6
C6
CE
7A
ENDCHAR
STARTCHAR uacute
ENCODING 250
SWIDTH 419 0
DWIDTH 9 0
BBX 7 15 1 0
BITMAP
0C
18
30
00
C6
C6
C6
C6
C6
C6
C6
C6
C6
CE
7A
ENDCHAR
STARTCHAR ucircumflex
ENCODING 251
SWIDTH 419 0
DWIDTH 9 0
BBX 7 15 1 0
BITMAP
18
28
6C
00
C6
C6
C6
C6
C6
C6
C6
C6
C6
CE
7A
ENDCHAR
STARTCHAR udieresis
ENCODING 252
SWIDTH 419 0
DWIDTH 9 0
BBX 7 15 1 0
BITMAP
6C
6C
00
00
C6
C6
C6
C6
C6
C6
C6
C6
C6
CE
7A
ENDCHAR
STARTCHAR yacute
ENCODING 253
SWIDTH 376 0
DWIDTH 8 0
BBX 8 19 0 -4
BITMAP
0E
08
18
00
C3
43
62
62
66
26
34
34
14
1C
18
18
18
10
60
ENDCHAR
STARTCHAR thorn
ENCODING 254
SWIDTH 419 0
DWIDTH 9 0
BBX 7 19 1 -4
BITMAP
C0
C0
C0
C0
FC
E6
C6
C2
C2
C2
C2
C2
C6
E6
FC
C0
C0
C0
C0
ENDCHAR
STARTCHAR ydieresis
ENCODING 255
SWIDTH 376 0
DWIDTH 8 0
BBX 8 19 0 -4
BITMAP
36
36
00
00
C3
43
62
62
66
26
34
34
14
1C
18
18
18
10
60
ENDCHAR
STARTCHAR Amacron
ENCODING 256
SWIDTH 503 0
DWIDTH 11 0
BBX 11 17 0 0
BITMAP
1F00
0000
0000
0E00
0E00
0A00
1B00
1B00
1B00
3180
3180
3180
60C0
7FC0
60C0
C060
C060
ENDCHAR
STARTCHAR amacron
ENCODING 257
SWIDTH 419 0
DWIDTH 9 0
BBX 8 14 1 0
BITMAP
7C
00
00
7C
C4
C6
C6
06
3E
C6
C6
86
CE
7F
ENDCHAR
STARTCHAR Abreve
ENCODING 258
SWIDTH 503 0
DWIDTH 11 0
BBX 11 18 0 0
BITMAP
1900
0E00
0000
0000
0E00
0E00
0A00
1B00
1B00
1B00
3180
3180
3180
60C0
7FC0
60C0
C060
C060
ENDCHAR
STARTCHAR abreve
ENCODING 259
SWIDTH 419 0
DWIDTH 9 0
BBX 8 15 1 0
BITMAP
64
38
00
00
7C
C4
C6
06
06
3E
C6
C6
86
CE
7F
ENDCHAR
STARTCHAR Aogonek
ENCODING 260
SWIDTH 503 0
DWIDTH 11 0
BBX 12 18 0 -4
BITMAP
0E00
0E00
0A00
1B00
1B00
1300
3180
3180
3180
60C0
7FC0
60C0
C040
C060
0060
0060
0060
0030
ENDCHAR
STARTCHAR aogonek
ENCODING 261
SWIDTH 419 0
DWIDTH 9 0
BBX 9 15 1 -4
BITMAP
7C00
C400
C600
C600
0600
3E00
C600
C600
8600
CE00
7F00
0300
0200
0300
0380
ENDCHAR
STARTCHAR Cacute
ENCODING 262
SWIDTH 544 0
DWIDTH 12 0
BBX 10 19 1 0
BITMAP
0300
0600
0400
0800
0000
1F00
6180
60C0
C0C0
C0C0
C000
C000
C000
C000
C0C0
C0C0
60C0
6180
1F00
ENDCHAR
STARTCHAR cacute
ENCODING 263
SWIDTH 376 0
DWIDTH 8 0
BBX 7 15 1 0
BITMAP
0C
18
30
00
78
CC
C4
C6
80
80
80
C6
C4
CC
78
ENDCHAR
STARTCHAR Ccircumflex
ENCODING 264
SWIDTH 544 0
DWIDTH 12 0
BBX 10 18 1 0
BITMAP
0C00
1E00
3300
0000
1F00
6180
60C0
C0C0
C0C0
C000
C000
C000
C000
C0C0
C0C0
60C0
6180
1F00
ENDCHAR
STARTCHAR ccircumflex
ENCODING 265
SWIDTH 376 0
DWIDTH 8 0
BBX 7 15 1 0
BITMAP
30
38
6C
00
78
CC
C4
C6
80
80
80
C6
C4
CC
78
ENDCHAR
STARTCHAR Cdotaccent
ENCODING 266
SWIDTH 544 0
DWIDTH 12 0
BBX 10 18 1 0
BITMAP
0C00
0C00
0000
0000
1F00
6180
60C0
C0C0
C0C0
C000
C000
C000
C000
C0C0
C0C0
60C0
6180
1F00
ENDCHAR
STARTCHAR cdotaccent
ENCODING 267
SWIDTH 376 0
DWIDTH 8 0
BBX 7 15 1 0
BITMAP
30
30
00
00
78
CC
C4
C6
80
80
80
C6
C4
CC
78
ENDCHAR
STARTCHAR Ccaron
ENCODING 268
SWIDTH 544 0
DWIDTH 12 0
BBX 10 19 1 0
BITMAP
3300
1E00
0C00
0C00
0000
1F00
6180
60C0
C0C0
C0C0
C000
C000
C000
C000
C0C0
C0C0
60C0
6180
1F00
ENDCHAR
STARTCHAR ccaron
ENCODING 269
SWIDTH 376 0
DWIDTH 8 0
BBX 7 15 1 0
BITMAP
6C
38
30
00
78
CC
C4
C6
80
80
80
C6
C4
CC
78
ENDCHAR
STARTCHAR Dcaron
ENCODING 270
SWIDTH 544 0
DWIDTH 12 0
BBX 10 18 1 0
BITMAP
3300
1C00
0C00
0000
FE00
C300
C180
C0C0
C0C0
C0C0
C0C0
C0C0
C0C0
C0C0
C080
C180
C300
FE00
ENDCHAR
STARTCHAR dcaron
ENCODING 271
SWIDTH 464 0
DWIDTH 10 0
BBX 10 15 1 0
BITMAP
0600
06C0
06C0
06C0
7E80
4600
C600
C600
C600
C600
C600
C600
C600
4600
7A00
ENDCHAR
STARTCHAR Dcroat
ENCODING 272
SWIDTH 544 0
DWIDTH 12 0
BBX 11 14 0 0
BITMAP
7F00
6180
60C0
6060
6060
6060
FC60
6060
6060
6060
6040
60C0
6180
7F00
ENDCHAR
STARTCHAR dcroat
ENCODING 273
SWIDTH 416 0
DWIDTH 9 0
BBX 8 15 1 0
BITMAP
06
06
1F
06
7E
46
C6
C6
C6
C6
C6
C6
C6
46
7A
ENDCHAR
STARTCHAR Emacron
ENCODING 274
SWIDTH 503 0
DWIDTH 11 0
BBX 9 17 1 0
BITMAP
3E00
0000
0000
FF80
C000
C000
C000
C000
C000
FF00
C000
C000
C000
C000
C000
C000
FF80
ENDCHAR
STARTCHAR emacron
ENCODING 275
SWIDTH 419 0
DWIDTH 9 0
BBX 7 14 1 0
BITMAP
7C
00
00
3C
66
C6
C2
C2
FE
C0
C2
C2
66
3C
ENDCHAR
STARTCHAR Ebreve
ENCODING 276
SWIDTH 503 0
DWIDTH 11 0
BBX 9 18 1 0
BITMAP
3200
1C00
0000
0000
FF80
C000
C000
C000
C000
C000
FF00
C000
C000
C000
C000
C000
C000
FF80
ENDCHAR
STARTCHAR ebreve
ENCODING 277
SWIDTH 419 0
DWIDTH 9 0
BBX 7 15 1 0
BITMAP
64
38
00
00
3C
66
C6
C2
C2
FE
C0
C2
C2
66
3C
ENDCHAR
STARTCHAR Edotaccent
ENCODING 278
SWIDTH 503 0
DWIDTH 11 0
BBX 9 18 1 0
BITMAP
0800
0800
0000
0000
FF80
C000
C000
C000
C000
C000
FF00
C000
C000
C000
C000
C000
C000
FF80
ENDCHAR
STARTCHAR edotaccent
ENCODING 279
SWIDTH 419 0
DWIDTH 9 0
BBX 7 15 1 0
BITMAP
18
18
00
00
3C
66
C6
C2
C2
FE
C0
C2
C2
66
3C
ENDCHAR
STARTCHAR Eogonek
ENCODING 280
SWIDTH 503 0
DWIDTH 11 0
BBX 10 18 1 -4
BITMAP
FF80
C000
C000
C000
C000
C000
C000
FF00
C000
C000
C000
C000
C000
FF80
0180
0180
0180
00C0
ENDCHAR
STARTCHAR eogonek
ENCODING 281
SWIDTH 419 0
DWIDTH 9 0
BBX 7 15 1 -4
BITMAP
3C
66
C6
C2
C2
FE
C0
C2
C2
66
3C
08
18
18
0E
ENDCHAR
STARTCHAR Ecaron
ENCODING 282
SWIDTH 503 0
DWIDTH 11 0
BBX 9 18 1 0
BITMAP
3600
1C00
0800
0000
FF80
C000
C000
C000
C000
C000
FF00
C000
C000
C000
C000
C000
C000
FF80
ENDCHAR
STARTCHAR ecaron
ENCODING 283
SWIDTH 419 0
DWIDTH 9 0
BBX 7 15 1 0
BITMAP
6C
38
18
00
3C
66
C6
C2
C2
FE
C0
C2
C2
66
3C
ENDCHAR
STARTCHAR Gcircumflex
ENCODING 284
SWIDTH 587 0
DWIDTH 13 0
BBX 11 18 1 0
BITMAP
0E00
0A00
1B00
0000
1F00
3180
60C0
C040
C060
C000
C000
C7E0
C060
C060
C060
60E0
31E0
1F60
ENDCHAR
STARTCHAR gcircumflex
ENCODING 285
SWIDTH 419 0
DWIDTH 9 0
BBX 9 19 0 -4
BITMAP
0C00
1C00
3780
0180
1F00
2300
6300
6300
6300
6200
3E00
6000
6000
6000
3F00
C180
C180
C180
7F00
ENDCHAR
STARTCHAR Gbreve
ENCODING 286
SWIDTH 587 0
DWIDTH 13 0
BBX 11 19 1 0
BITMAP
1100
1B00
0E00
0000
0000
1F00
3180
60C0
C040
C060
C000
C000
C7E0
C060
C060
C060
60E0
31E0
1F60
ENDCHAR
STARTCHAR gbreve
ENCODING 287
SWIDTH 419 0
DWIDTH 9 0
BBX 9 19 0 -4
BITMAP
3200
1C00
0180
0180
1F00
2300
6300
6300
6300
6200
3E00
6000
6000
6000
3F00
C180
C180
C180
7F00
ENDCHAR
STARTCHAR Gdotaccent
ENCODING 288
SWIDTH 587 0
DWIDTH 13 0
BBX 11 18 1 0
BITMAP
0400
0400
0000
0000
1F00
3180
60C0
C040
C060
C000
C000
C7E0
C060
C060
C060
60E0
31E0
1F60
ENDCHAR
STARTCHAR gdotaccent
ENCODING 289
SWIDTH 419 0
DWIDTH 9 0
BBX 9 19 0 -4
BITMAP
0C00
0C00
0180
0180
1F00
2300
6300
6300
6300
6200
3E00
6000
6000
6000
3F00
C180
C180
C180
7F00
ENDCHAR
STARTCHAR Gcommaaccent
ENCODING 290
SWIDTH 587 0
DWIDTH 13 0
BBX 11 19 1 -5
BITMAP
1F00
3180
60C0
C040
C060
C000
C000
C000
C7E0
C060
C060
60E0
31E0
1F60
0000
0000
0400
0400
0400
ENDCHAR
STARTCHAR gcommaaccent
ENCODING 291
SWIDTH 419 0
DWIDTH 9 0
BBX 9 19 0 -4
BITMAP
0800
1800
1800
0180
1F00
2300
6300
6300
6300
6200
3E00
6000
6000
6000
3F00
C180
C180
C180
7F00
ENDCHAR
STARTCHAR Hcircumflex
ENCODING 292
SWIDTH 544 0
DWIDTH 12 0
BBX 10 18 1 0
BITMAP
0C00
1E00
3300
0000
C0C0
C0C0
C0C0
C0C0
C0C0
C0C0
FFC0
C0C0
C0C0
C0C0
C0C0
C0C0
C0C0
C0C0
ENDCHAR
STARTCHAR hcircumflex
ENCODING 293
SWIDTH 419 0
DWIDTH 9 0
BBX 8 18 0 0
BITMAP
60
F0
98
60
60
60
60
7E
73
63
63
63
63
63
63
63
63
63
ENDCHAR
STARTCHAR Hbar
ENCODING 294
SWIDTH 544 0
DWIDTH 12 0
BBX 12 14 0 0
BITMAP
6060
6060
6060
FFF0
6060
6060
7FE0
6060
6060
6060
6060
6060
6060
6060
ENDCHAR
STARTCHAR hbar
ENCODING 295
SWIDTH 419 0
DWIDTH 9 0
BBX 8 15 0 0
BITMAP
60
60
F8
60
7E
73
63
63
63
63
63
63
63
63
63
ENDCHAR
STARTCHAR Itilde
ENCODING 296
SWIDTH 210 0
DWIDTH 5 0
BBX 6 18 -1 0
BITMAP
64
DC
00
00
30
30
30
30
30
30
30
30
30
30
30
30
30
30
ENDCHAR
STARTCHAR itilde
ENCODING 297
SWIDTH 210 0
DWIDTH 5 0
BBX 6 15 -1 0
BITMAP
64
DC
00
00
30
30
30
30
30
30
30
30
30
30
30
ENDCHAR
STARTCHAR Imacron
ENCODING 298
SWIDTH 210 0
DWIDTH 5 0
BBX 5 17 0 0
BITMAP
F8
00
00
60
60
60
60
60
60
60
60
60
60
60
60
60
60
ENDCHAR
STARTCHAR imacron
ENCODING 299
SWIDTH 210 0
DWIDTH 5 0
BBX 5 14 0 0
BITMAP
F8
00
00
60
60
60
60
60
60
60
60
60
60
60
ENDCHAR
STARTCHAR Ibreve
ENCODING 300
SWIDTH 210 0
DWIDTH 5 0
BBX 5 18 0 0
BITMAP
98
70
00
00
60
60
60
60
60
60
60
60
60
60
60
60
60
60
ENDCHAR
STARTCHAR ibreve
ENCODING 301
SWIDTH 210 0
DWIDTH 5 0
BBX 5 15 0 0
BITMAP
98
70
00
00
60
60
60
60
60
60
60
60
60
60
60
ENDCHAR
STARTCHAR Iogonek
ENCODING 302
SWIDTH 210 0
DWIDTH 5 0
BBX 3 18 1 -4
BITMAP
C0
C0
C0
C0
C0
C0
C0
C0
C0
C0
C0
C0
C0
C0
40
C0
C0
60
ENDCHAR
STARTCHAR iogonek
ENCODING 303
SWIDTH 167 0
DWIDTH 4 0
BBX 3 19 1 -4
BITMAP
C0
C0
00
00
C0
C0
C0
C0
C0
C0
C0
C0
C0
C0
C0
80
80
80
E0
ENDCHAR
STARTCHAR Idotaccent
ENCODING 304
SWIDTH 210 0
DWIDTH 5 0
BBX 2 18 1 0
BITMAP
C0
C0
00
00
C0
C0
C0
C0
C0
C0
C0
C0
C0
C0
C0
C0
C0
C0
ENDCHAR
STARTCHAR dotlessi
ENCODING 305
SWIDTH 210 0
DWIDTH 5 0
BBX 2 11 1 0
BITMAP
C0
C0
C0
C0
C0
C0
C0
C0
C0
C0
C0
ENDCHAR
STARTCHAR IJ
ENCODING 306
SWIDTH 587 0
DWIDTH 13 0
BBX 11 14 1 0
BITMAP
C060
C060
C060
C060
C060
C060
C060
C060
C060
C060
CC60
CC60
CCC0
C780
ENDCHAR
STARTCHAR ij
ENCODING 307
SWIDTH 335 0
DWIDTH 7 0
BBX 5 19 1 -4
BITMAP
C8
C8
00
00
C8
C8
C8
C8
C8
C8
C8
C8
C8
C8
C8
08
08
08
38
ENDCHAR
STARTCHAR Jcircumflex
ENCODING 308
SWIDTH 376 0
DWIDTH 8 0
BBX 9 18 0 0
BITMAP
0600
0F00
0980
0000
0600
0600
0600
0600
0600
0600
0600
0600
0600
0600
C600
C600
4600
3C00
ENDCHAR
STARTCHAR jcircumflex
ENCODING 309
SWIDTH 167 0
DWIDTH 4 0
BBX 5 19 -1 -4
BITMAP
30
78
C8
00
30
30
30
30
30
30
30
30
30
30
30
30
30
30
E0
ENDCHAR
STARTCHAR Kcommaaccent
ENCODING 310
SWIDTH 503 0
DWIDTH 11 0
BBX 10 19 1 -5
BITMAP
C1C0
C180
C300
C600
CC00
CC00
DC00
F400
E600
C300
C300
C180
C180
C0C0
0000
0000
0800
0800
0800
ENDCHAR
STARTCHAR kcommaaccent
ENCODING 311
SWIDTH 376 0
DWIDTH 8 0
BBX 7 20 1 -5
BITMAP
C0
C0
C0
C0
C6
CC
C8
D8
F0
F0
F8
CC
CC
C6
C6
00
00
30
30
10
ENDCHAR
STARTCHAR kgreenlandic
ENCODING 312
SWIDTH 375 0
DWIDTH 8 0
BBX 7 11 1 0
BITMAP
C6
CC
C8
D8
F0
F0
F8
CC
CC
C6
C6
ENDCHAR
STARTCHAR Lacute
ENCODING 313
SWIDTH 419 0
DWIDTH 9 0
BBX 8 18 1 0
BITMAP
70
40
80
00
C0
C0
C0
C0
C0
C0
C0
C0
C0
C0
C0
C0
C0
FF
ENDCHAR
STARTCHAR lacute
ENCODING 314
SWIDTH 167 0
DWIDTH 4 0
BBX 3 18 1 0
BITMAP
60
C0
80
C0
C0
C0
C0
C0
C0
C0
C0
C0
C0
C0
C0
C0
C0
C0
ENDCHAR
STARTCHAR Lcommaaccent
ENCODING 315
SWIDTH 419 0
DWIDTH 9 0
BBX 8 19 1 -5
BITMAP
C0
C0
C0
C0
C0
C0
C0
C0
C0
C0
C0
C0
C0
FF
00
00
18
18
10
ENDCHAR
STARTCHAR lcommaaccent
ENCODING 316
SWIDTH 167 0
DWIDTH 4 0
BBX 2 20 1 -5
BITMAP
C0
C0
C0
C0
C0
C0
C0
C0
C0
C0
C0
C0
C0
C0
C0
00
00
C0
C0
80
ENDCHAR
STARTCHAR Lcaron
ENCODING 317
SWIDTH 419 0
DWIDTH 9 0
BBX 8 14 1 0
BITMAP
C6
C6
C2
C2
C6
C0
C0
C0
C0
C0
C0
C0
C0
FF
ENDCHAR
STARTCHAR lcaron
ENCODING 318
SWIDTH 219 0
DWIDTH 5 0
BBX 5 15 1 0
BITMAP
C0
F8
F8
D0
D0
F0
C0
C0
C0
C0
C0
C0
C0
C0
C0
ENDCHAR
STARTCHAR Ldot
ENCODING 319
SWIDTH 419 0
DWIDTH 9 0
BBX 8 14 1 0
BITMAP
C0
C0
C0
C6
C6
C0
C0
C0
C0
C0
C0
C0
C0
FF
ENDCHAR
STARTCHAR ldot
ENCODING 320
SWIDTH 297 0
DWIDTH 7 0
BBX 5 15 1 0
BITMAP
C0
C0
C0
C0
C0
C0
C0
F8
F8
C0
C0
C0
C0
C0
C0
ENDCHAR
STARTCHAR Lslash
ENCODING 321
SWIDTH 419 0
DWIDTH 9 0
BBX 9 14 0 0
BITMAP
6000
6000
6000
6000
6400
6C00
7800
7000
6000
E000
E000
6000
6000
7F80
ENDCHAR
STARTCHAR lslash
ENCODING 322
SWIDTH 167 0
DWIDTH 4 0
BBX 4 15 0 0
BITMAP
60
60
60
60
60
70
70
70
60
E0
E0
60
60
60
60
ENDCHAR
STARTCHAR Nacute
ENCODING 323
SWIDTH 544 0
DWIDTH 12 0
BBX 10 18 1 0
BITMAP
0600
0C00
0800
0000
C0C0
E0C0
E0C0
F0C0
D8C0
D8C0
CCC0
CCC0
C6C0
C6C0
C3C0
C1C0
C1C0
C0C0
ENDCHAR
STARTCHAR nacute
ENCODING 324
SWIDTH 419 0
DWIDTH 9 0
BBX 7 15 1 0
BITMAP
0C
18
30
00
FC
E6
C6
C6
C6
C6
C6
C6
C6
C6
C6
ENDCHAR
STARTCHAR Ncommaaccent
ENCODING 325
SWIDTH 544 0
DWIDTH 12 0
BBX 10 19 1 -5
BITMAP
C0C0
E0C0
E0C0
F0C0
D8C0
D8C0
CCC0
CCC0
C6C0
C6C0
C3C0
C1C0
C1C0
C0C0
0000
0000
0C00
0C00
0C00
ENDCHAR
STARTCHAR ncommaaccent
ENCODING 326
SWIDTH 419 0
DWIDTH 9 0
BBX 7 16 1 -5
BITMAP
FC
E6
C6
C6
C6
C6
C6
C6
C6
C6
C6
00
00
18
18
10
ENDCHAR
STARTCHAR Ncaron
ENCODING 327
SWIDTH 544 0
DWIDTH 12 0
BBX 10 18 1 0
BITMAP
3300
1C00
0C00
0000
C0C0
E0C0
E0C0
F0C0
D8C0
D8C0
CCC0
CCC0
C6C0
C6C0
C3C0
C1C0
C1C0
C0C0
ENDCHAR
STARTCHAR ncaron
ENCODING 328
SWIDTH 419 0
DWIDTH 9 0
BBX 7 15 1 0
BITMAP
6C
38
18
00
FC
E6
C6
C6
C6
C6
C6
C6
C6
C6
C6
ENDCHAR
STARTCHAR napostrophe
ENCODING 329
SWIDTH 527 0
DWIDTH 12 0
BBX 9 14 1 0
BITMAP
C000
C000
8000
1700
1980
1080
1080
1080
1080
1080
1080
1080
1080
1080
ENDCHAR
STARTCHAR Eng
ENCODING 330
SWIDTH 544 0
DWIDTH 12 0
BBX 10 18 1 -4
BITMAP
C0C0
E0C0
E0C0
F0C0
D8C0
D8C0
CCC0
CCC0
C6C0
C6C0
C3C0
C1C0
C1C0
C0C0
00C0
00C0
0080
0380
ENDCHAR
STARTCHAR eng
ENCODING 331
SWIDTH 419 0
DWIDTH 9 0
BBX 7 15 1 -4
BITMAP
FC
E6
C6
C6
C6
C6
C6
C6
C6
C6
C6
06
06
06
0C
ENDCHAR
STARTCHAR Omacron
ENCODING 332
SWIDTH 587 0
DWIDTH 13 0
BBX 11 17 1 0
BITMAP
1F00
0000
0000
1F00
3180
60C0
C040
C060
C060
C060
C060
C060
C060
C040
60C0
3180
1F00
ENDCHAR
STARTCHAR omacron
ENCODING 333
SWIDTH 419 0
DWIDTH 9 0
BBX 7 14 1 0
BITMAP
7C
00
00
3C
46
C6
C2
C2
C2
C2
C2
C6
46
3C
ENDCHAR
STARTCHAR Obreve
ENCODING 334
SWIDTH 587 0
DWIDTH 13 0
BBX 11 19 1 0
BITMAP
1100
1B00
0E00
0000
0000
1F00
3180
60C0
C040
C060
C060
C060
C060
C060
C060
C040
60C0
3180
1F00
ENDCHAR
STARTCHAR obreve
ENCODING 335
SWIDTH 419 0
DWIDTH 9 0
BBX 7 15 1 0
BITMAP
64
38
00
00
3C
46
C6
C2
C2
C2
C2
C2
C6
46
3C
ENDCHAR
STARTCHAR Ohungarumlaut
ENCODING 336
SWIDTH 587 0
DWIDTH 13 0
BBX 11 18 1 0
BITMAP
0780
0D00
0B00
0000
1F00
3180
60C0
C040
C060
C060
C060
C060
C060
C060
C040
60C0
3180
1F00
ENDCHAR
STARTCHAR ohungarumlaut
ENCODING 337
SWIDTH 419 0
DWIDTH 9 0
BBX 7 15 1 0
BITMAP
1E
36
2C
00
3C
46
C6
C2
C2
C2
C2
C2
C6
46
3C
ENDCHAR
STARTCHAR OE
ENCODING 338
SWIDTH 754 0
DWIDTH 17 0
BBX 15 14 1 0
BITMAP
3CFE
7EFE
6380
C180
C180
C080
C0FC
C080
C080
C080
C180
4180
6380
3EFE
ENDCHAR
STARTCHAR oe
ENCODING 339
SWIDTH 711 0
DWIDTH 16 0
BBX 13 11 1 0
BITMAP
3CF0
6798
C318
C308
C308
C3F8
C300
C308
C308
6798
3CF0
ENDCHAR
STARTCHAR Racute
ENCODING 340
SWIDTH 544 0
DWIDTH 12 0
BBX 10 18 1 0
BITMAP
0600
0C00
1800
0000
FF00
C0C0
C0C0
C0C0
C0C0
C1C0
FF00
C300
C300
C180
C180
C080
C0C0
C0C0
ENDCHAR
STARTCHAR racute
ENCODING 341
SWIDTH 251 0
DWIDTH 6 0
BBX 4 15 1 0
BITMAP
60
C0
80
00
F0
F0
E0
C0
C0
C0
C0
C0
C0
C0
C0
ENDCHAR
STARTCHAR Rcommaaccent
ENCODING 342
SWIDTH 544 0
DWIDTH 12 0
BBX 10 19 1 -5
BITMAP
FF00
C180
C0C0
C0C0
C0C0
C0C0
C180
FF00
C300
C100
C180
C180
C0C0
C0C0
0000
0000
0C00
0C00
0C00
ENDCHAR
STARTCHAR rcommaaccent
ENCODING 343
SWIDTH 251 0
DWIDTH 6 0
BBX 4 16 1 -5
BITMAP
F0
F0
E0
C0
C0
C0
C0
C0
C0
C0
C0
00
00
C0
C0
40
ENDCHAR
STARTCHAR Rcaron
ENCODING 344
SWIDTH 544 0
DWIDTH 12 0
BBX 10 18 1 0
BITMAP
3300
1C00
0C00
0000
FF00
C0C0
C0C0
C0C0
C0C0
C1C0
FF00
C300
C300
C180
C180
C080
C0C0
C0C0
ENDCHAR
STARTCHAR rcaron
ENCODING 345
SWIDTH 251 0
DWIDTH 6 0
BBX 5 15 0 0
BITMAP
D8
50
70
00
78
78
70
60
60
60
60
60
60
60
60
ENDCHAR
STARTCHAR Sacute
ENCODING 346
SWIDTH 503 0
DWIDTH 11 0
BBX 9 19 1 0
BITMAP
0600
0C00
0800
1800
0000
3E00
6300
C180
C180
E000
F800
7E00
1F80
0380
0180
C180
C180
6300
3E00
ENDCHAR
STARTCHAR sacute
ENCODING 347
SWIDTH 376 0
DWIDTH 8 0
BBX 6 15 1 0
BITMAP
1C
10
30
00
78
CC
C4
C0
F0
7C
1C
04
84
CC
78
ENDCHAR
STARTCHAR Scircumflex
ENCODING 348
SWIDTH 503 0
DWIDTH 11 0
BBX 9 18 1 0
BITMAP
1C00
1400
3600
0000
3E00
6300
C180
C180
E000
F800
7E00
1F80
0380
0180
C180
C180
6300
3E00
ENDCHAR
STARTCHAR scircumflex
ENCODING 349
SWIDTH 376 0
DWIDTH 8 0
BBX 6 15 1 0
BITMAP
30
38
4C
00
78
CC
C4
C0
F0
7C
1C
04
84
CC
78
ENDCHAR
STARTCHAR Scedilla
ENCODING 350
SWIDTH 503 0
DWIDTH 11 0
BBX 9 18 1 -4
BITMAP
3E00
6300
C180
C180
E000
F800
7E00
1F80
0380
0180
C180
C180
E300
7E00
0800
0C00
0400
1C00
ENDCHAR
STARTCHAR scedilla
ENCODING 351
SWIDTH 376 0
DWIDTH 8 0
BBX 6 15 1 -4
BITMAP
78
CC
C4
C0
F0
7C
1C
04
84
CC
FC
30
38
08
78
ENDCHAR
STARTCHAR Scaron
ENCODING 352
SWIDTH 503 0
DWIDTH 11 0
BBX 9 19 1 0
BITMAP
3600
1400
1C00
0800
0000
3E00
6300
C180
C180
E000
F800
7E00
1F80
0380
0180
C180
C180
6300
3E00
ENDCHAR
STARTCHAR scaron
ENCODING 353
SWIDTH 376 0
DWIDTH 8 0
BBX 6 15 1 0
BITMAP
6C
38
30
00
78
CC
C4
C0
F0
7C
1C
04
84
CC
78
ENDCHAR
STARTCHAR uni0162
ENCODING 354
SWIDTH 461 0
DWIDTH 10 0
BBX 10 18 0 -4
BITMAP
FFC0
0C00
0C00
0C00
0C00
0C00
0C00
0C00
0C00
0C00
0C00
0C00
0C00
0C00
0800
0E00
0600
1C00
ENDCHAR
STARTCHAR uni0163
ENCODING 355
SWIDTH 210 0
DWIDTH 5 0
BBX 5 18 0 -4
BITMAP
60
60
60
F0
60
60
60
60
60
60
60
60
60
30
30
18
18
70
ENDCHAR
STARTCHAR Tcaron
ENCODING 356
SWIDTH 461 0
DWIDTH 10 0
BBX 10 18 0 0
BITMAP
1300
0E00
0C00
0000
FFC0
0C00
0C00
0C00
0C00
0C00
0C00
0C00
0C00
0C00
0C00
0C00
0C00
0C00
ENDCHAR
STARTCHAR tcaron
ENCODING 357
SWIDTH 282 0
DWIDTH 6 0
BBX 7 14 0 0
BITMAP
66
66
62
F4
60
60
60
60
60
60
60
60
60
30
ENDCHAR
STARTCHAR Tbar
ENCODING 358
SWIDTH 461 0
DWIDTH 10 0
BBX 10 14 0 0
BITMAP
FFC0
0C00
0C00
0C00
0C00
0C00
3F80
0C00
0C00
0C00
0C00
0C00
0C00
0C00
ENDCHAR
STARTCHAR tbar
ENCODING 359
SWIDTH 210 0
DWIDTH 5 0
BBX 4 14 0 0
BITMAP
60
60
60
F0
60
60
60
F0
60
60
60
60
60
30
ENDCHAR
STARTCHAR Utilde
ENCODING 360
SWIDTH 544 0
DWIDTH 12 0
BBX 10 18 1 0
BITMAP
1900
2600
0000
0000
C0C0
C0C0
C0C0
C0C0
C0C0
C0C0
C0C0
C0C0
C0C0
C0C0
4080
6180
6180
1E00
ENDCHAR
STARTCHAR utilde
ENCODING 361
SWIDTH 419 0
DWIDTH 9 0
BBX 7 15 1 0
BITMAP
76
4C
00
00
C6
C6
C6
C6
C6
C6
C6
C6
C6
CE
7A
ENDCHAR
STARTCHAR Umacron
ENCODING 362
SWIDTH 544 0
DWIDTH 12 0
BBX 10 17 1 0
BITMAP
3F00
0000
0000
C0C0
C0C0
C0C0
C0C0
C0C0
C0C0
C0C0
C0C0
C0C0
C0C0
4080
6180
6180
1E00
ENDCHAR
STARTCHAR umacron
ENCODING 363
SWIDTH 419 0
DWIDTH 9 0
BBX 7 14 1 0
BITMAP
7C
00
00
C6
C6
C6
C6
C6
C6
C6
C6
C6
CE
7A
ENDCHAR
STARTCHAR Ubreve
ENCODING 364
SWIDTH 544 0
DWIDTH 12 0
BBX 10 19 1 0
BITMAP
3200
1200
0C00
0000
0000
C0C0
C0C0
C0C0
C0C0
C0C0
C0C0
C0C0
C0C0
C0C0
C0C0
4080
6180
6180
1E00
ENDCHAR
STARTCHAR ubreve
ENCODING 365
SWIDTH 419 0
DWIDTH 9 0
BBX 7 15 1 0
BITMAP
64
38
00
00
C6
C6
C6
C6
C6
C6
C6
C6
C6
CE
7A
ENDCHAR
STARTCHAR Uring
ENCODING 366
SWIDTH 544 0
DWIDTH 12 0
BBX 10 19 1 0
BITMAP
0C00
1200
1200
0C00
0000
C0C0
C0C0
C0C0
C0C0
C0C0
C0C0
C0C0
C0C0
C0C0
C0C0
4080
6180
6180
1E00
ENDCHAR
STARTCHAR uring
ENCODING 367
SWIDTH 419 0
DWIDTH 9 0
BBX 7 15 1 0
BITMAP
38
24
38
00
C6
C6
C6
C6
C6
C6
C6
C6
C6
CE
7A
ENDCHAR
STARTCHAR Uhungarumlaut
ENCODING 368
SWIDTH 544 0
DWIDTH 12 0
BBX 10 18 1 0
BITMAP
0D80
0B00
1A00
0000
C0C0
C0C0
C0C0
C0C0
C0C0
C0C0
C0C0
C0C0
C0C0
C0C0
4080
6180
6180
1E00
ENDCHAR
STARTCHAR uhungarumlaut
ENCODING 369
SWIDTH 419 0
DWIDTH 9 0
BBX 7 15 1 0
BITMAP
1E
36
2C
00
C6
C6
C6
C6
C6
C6
C6
C6
C6
CE
7A
ENDCHAR
STARTCHAR Uogonek
ENCODING 370
SWIDTH 544 0
DWIDTH 12 0
BBX 10 18 1 -4
BITMAP
C0C0
C0C0
C0C0
C0C0
C0C0
C0C0
C0C0
C0C0
C0C0
C0C0
40C0
6180
6180
1F00
0600
0600
0600
0700
ENDCHAR
STARTCHAR uogonek
ENCODING 371
SWIDTH 419 0
DWIDTH 9 0
BBX 8 15 1 -4
BITMAP
C6
C6
C6
C6
C6
C6
C6
C6
C6
CE
7A
06
06
06
07
ENDCHAR
STARTCHAR Wcircumflex
ENCODING 372
SWIDTH 711 0
DWIDTH 16 0
BBX 15 18 0 0
BITMAP
0180
0380
06C0
0000
C182
4382
63C6
63C6
62C4
62C4
324C
364C
3668
3668
1468
1C78
1C38
1C30
ENDCHAR
STARTCHAR wcircumflex
ENCODING 373
SWIDTH 544 0
DWIDTH 12 0
BBX 12 15 0 0
BITMAP
0600
0F00
1980
0000
C630
C630
4620
6F20
6F60
6B60
2940
2940
3940
39C0
1980
ENDCHAR
STARTCHAR Ycircumflex
ENCODING 374
SWIDTH 503 0
DWIDTH 11 0
BBX 11 18 0 0
BITMAP
0E00
0A00
1B00
0000
C060
60C0
20C0
3180
1900
1B00
0E00
0E00
0400
0400
0400
0400
0400
0400
ENDCHAR
STARTCHAR ycircumflex
ENCODING 375
SWIDTH 376 0
DWIDTH 8 0
BBX 8 19 0 -4
BITMAP
18
3C
26
00
C3
43
62
62
66
26
34
34
14
1C
18
18
18
10
60
ENDCHAR
STARTCHAR Ydieresis
ENCODING 376
SWIDTH 503 0
DWIDTH 11 0
BBX 11 18 0 0
BITMAP
1B00
1B00
0000
0000
C060
60C0
20C0
3180
1900
1B00
0E00
0E00
0400
0400
0400
0400
0400
0400
ENDCHAR
STARTCHAR Zacute
ENCODING 377
SWIDTH 461 0
DWIDTH 10 0
BBX 10 18 0 0
BITMAP
0600
0400
0800
0000
7FC0
0180
0300
0300
0600
0600
0C00
0C00
1800
1800
3000
7000
6000
FFC0
ENDCHAR
STARTCHAR zacute
ENCODING 378
SWIDTH 376 0
DWIDTH 8 0
BBX 7 15 1 0
BITMAP
1C
10
30
00
FC
0C
1C
18
38
30
70
60
60
C0
FE
ENDCHAR
STARTCHAR Zdotaccent
ENCODING 379
SWIDTH 461 0
DWIDTH 10 0
BBX 10 18 0 0
BITMAP
0C00
0C00
0000
0000
7FC0
0180
0300
0300
0600
0600
0C00
0C00
1800
1800
3000
7000
6000
FFC0
ENDCHAR
STARTCHAR zdotaccent
ENCODING 380
SWIDTH 376 0
DWIDTH 8 0
BBX 7 15 1 0
BITMAP
30
30
00
00
FC
0C
1C
18
38
30
70
60
60
C0
FE
ENDCHAR
STARTCHAR Zcaron
ENCODING 381
SWIDTH 461 0
DWIDTH 10 0
BBX 10 18 0 0
BITMAP
1300
0E00
0C00
0000
7FC0
0180
0300
0300
0600
0600
0C00
0C00
1800
1800
3000
7000
6000
FFC0
ENDCHAR
STARTCHAR zcaron
ENCODING 382
SWIDTH 376 0
DWIDTH 8 0
BBX 7 15 1 0
BITMAP
6C
38
30
00
FC
0C
1C
18
38
30
70
60
60
C0
FE
ENDCHAR
STARTCHAR longs
ENCODING 383
SWIDTH 167 0
DWIDTH 4 0
BBX 5 15 0 0
BITMAP
38
60
60
60
E0
60
60
60
60
60
60
60
60
60
60
ENDCHAR
STARTCHAR florin
ENCODING 402
SWIDTH 419 0
DWIDTH 9 0
BBX 7 19 1 -4
BITMAP
06
0C
08
08
18
18
3E
18
10
10
10
30
30
30
30
20
20
20
C0
ENDCHAR
STARTCHAR Aringacute
ENCODING 506
SWIDTH 503 0
DWIDTH 11 0
BBX 11 20 0 0
BITMAP
0300
0200
0400
0E00
0A00
0A00
0E00
0E00
0A00
1B00
1B00
1B00
3180
3180
3180
60C0
7FC0
60C0
C060
C060
ENDCHAR
STARTCHAR aringacute
ENCODING 507
SWIDTH 419 0
DWIDTH 9 0
BBX 8 18 1 0
BITMAP
0C
18
00
38
24
38
00
7C
C4
C6
C6
06
3E
C6
C6
86
CE
7F
ENDCHAR
STARTCHAR AEacute
ENCODING 508
SWIDTH 754 0
DWIDTH 17 0
BBX 16 18 0 0
BITMAP
0038
0020
0040
0000
07FF
0500
0580
0D80
0980
1980
19FE
10C0
30C0
30C0
7FC0
6040
4060
C07F
ENDCHAR
STARTCHAR aeacute
ENCODING 509
SWIDTH 670 0
DWIDTH 15 0
BBX 13 15 1 0
BITMAP
0180
0300
0600
0000
3DE0
4730
C610
C618
0618
3FF8
C600
C618
C618
CF30
79E0
ENDCHAR
STARTCHAR Oslashacute
ENCODING 510
SWIDTH 587 0
DWIDTH 13 0
BBX 11 19 1 0
BITMAP
0300
0600
0400
0C00
0060
1F40
31C0
61C0
4160
C360
C260
C460
C460
C860
D860
D040
60C0
7180
FF00
ENDCHAR
STARTCHAR oslashacute
ENCODING 511
SWIDTH 461 0
DWIDTH 10 0
BBX 8 15 1 0
BITMAP
0C
08
18
01
3E
66
47
C7
CB
CB
D3
D3
62
66
FC
ENDCHAR
STARTCHAR Scommaaccent
ENCODING 536
SWIDTH 503 0
DWIDTH 11 0
BBX 9 19 1 -5
BITMAP
3E00
6300
C180
C180
E000
F800
7E00
1F80
0380
0180
C180
C180
6300
3E00
0000
0000
0800
0800
0800
ENDCHAR
STARTCHAR scommaaccent
ENCODING 537
SWIDTH 376 0
DWIDTH 8 0
BBX 6 16 1 -5
BITMAP
78
CC
C4
C0
F0
7C
1C
04
84
CC
78
00
00
30
30
30
ENDCHAR
STARTCHAR uni021A
ENCODING 538
SWIDTH 461 0
DWIDTH 10 0
BBX 10 19 0 -5
BITMAP
FFC0
0C00
0C00
0C00
0C00
0C00
0C00
0C00
0C00
0C00
0C00
0C00
0C00
0C00
0000
0000
0C00
0C00
0C00
ENDCHAR
STARTCHAR uni021B
ENCODING 539
SWIDTH 210 0
DWIDTH 5 0
BBX 4 19 0 -5
BITMAP
60
60
60
F0
60
60
60
60
60
60
60
60
60
30
00
00
60
60
20
ENDCHAR
STARTCHAR circumflex
ENCODING 710
SWIDTH 251 0
DWIDTH 6 0
BBX 5 3 0 12
BITMAP
30
70
D8
ENDCHAR
STARTCHAR caron
ENCODING 711
SWIDTH 251 0
DWIDTH 6 0
BBX 5 2 0 13
BITMAP
D8
70
ENDCHAR
STARTCHAR uni02C9
ENCODING 713
SWIDTH 460 0
DWIDTH 10 0
BBX 10 1 0 16
BITMAP
FFC0
ENDCHAR
STARTCHAR breve
ENCODING 728
SWIDTH 251 0
DWIDTH 6 0
BBX 5 2 0 13
BITMAP
C8
70
ENDCHAR
STARTCHAR dotaccent
ENCODING 729
SWIDTH 251 0
DWIDTH 6 0
BBX 2 2 2 13
BITMAP
C0
C0
ENDCHAR
STARTCHAR ring
ENCODING 730
SWIDTH 251 0
DWIDTH 6 0
BBX 4 4 1 11
BITMAP
60
90
90
60
ENDCHAR
STARTCHAR ogonek
ENCODING 731
SWIDTH 251 0
DWIDTH 6 0
BBX 4 4 1 -4
BITMAP
60
40
C0
70
ENDCHAR
STARTCHAR tilde
ENCODING 732
SWIDTH 251 0
DWIDTH 6 0
BBX 6 2 0 13
BITMAP
EC
98
ENDCHAR
STARTCHAR hungarumlaut
ENCODING 733
SWIDTH 251 0
DWIDTH 6 0
BBX 6 3 0 12
BITMAP
6C
58
D0
ENDCHAR
STARTCHAR gravecomb
ENCODING 768
SWIDTH 0 0
DWIDTH 0 0
BBX 4 2 -5 13
BITMAP
C0
70
ENDCHAR
STARTCHAR acutecomb
ENCODING 769
SWIDTH 0 0
DWIDTH 0 0
BBX 3 2 -4 13
BITMAP
60
C0
ENDCHAR
STARTCHAR uni0302
ENCODING 770
SWIDTH 0 0
DWIDTH 0 0
BBX 5 3 -5 12
BITMAP
60
70
D8
ENDCHAR
STARTCHAR tildecomb
ENCODING 771
SWIDTH 0 0
DWIDTH 0 0
BBX 6 2 -6 13
BITMAP
64
DC
ENDCHAR
STARTCHAR uni0304
ENCODING 772
SWIDTH 0 0
DWIDTH 0 0
BBX 5 1 -5 13
BITMAP
F8
ENDCHAR
STARTCHAR uni0306
ENCODING 774
SWIDTH 0 0
DWIDTH 0 0
BBX 5 2 -5 13
BITMAP
98
70
ENDCHAR
STARTCHAR uni0307
ENCODING 775
SWIDTH 0 0
DWIDTH 0 0
BBX 2 2 -4 13
BITMAP
C0
C0
ENDCHAR
STARTCHAR uni0308
ENCODING 776
SWIDTH 0 0
DWIDTH 0 0
BBX 5 2 -5 13
BITMAP
D8
D8
ENDCHAR
STARTCHAR uni030A
ENCODING 778
SWIDTH 0 0
DWIDTH 0 0
BBX 4 4 -5 11
BITMAP
70
90
90
70
ENDCHAR
STARTCHAR uni030B
ENCODING 779
SWIDTH 0 0
DWIDTH 0 0
BBX 5 3 -5 12
BITMAP
78
D0
B0
ENDCHAR
STARTCHAR uni030C
ENCODING 780
SWIDTH 0 0
DWIDTH 0 0
BBX 5 2 -5 13
BITMAP
D8
70
ENDCHAR
STARTCHAR uni0326
ENCODING 806
SWIDTH 0 0
DWIDTH 0 0
BBX 2 3 -4 -5
BITMAP
C0
C0
40
ENDCHAR
STARTCHAR uni0327
ENCODING 807
SWIDTH 0 0
DWIDTH 0 0
BBX 4 4 -5 -4
BITMAP
60
70
30
F0
ENDCHAR
STARTCHAR uni0328
ENCODING 808
SWIDTH 0 0
DWIDTH 0 0
BBX 3 4 -4 -4
BITMAP
C0
C0
C0
E0
ENDCHAR
STARTCHAR Delta
ENCODING 916
SWIDTH 514 0
DWIDTH 11 0
BBX 11 14 0 0
BITMAP
0E00
0E00
0F00
1B00
1B00
1980
1180
3180
3180
20C0
60C0
60C0
6060
FFE0
ENDCHAR
STARTCHAR Omega
ENCODING 937
SWIDTH 706 0
DWIDTH 16 0
BBX 11 13 2 1
BITMAP
1F00
30C0
6040
6060
4060
C060
C060
C060
C060
4060
6040
30C0
FBE0
ENDCHAR
STARTCHAR mu
ENCODING 956
SWIDTH 419 0
DWIDTH 9 0
BBX 7 14 1 -4
BITMAP
C6
C6
C6
C6
C6
C6
C6
C6
C6
FA
C0
C0
C0
C0
ENDCHAR
STARTCHAR pi
ENCODING 960
SWIDTH 512 0
DWIDTH 11 0
BBX 11 10 0 0
BITMAP
FFE0
1180
1180
1180
3180
3180
3180
3180
2080
6080
ENDCHAR
STARTCHAR uni0900
ENCODING 2304
SWIDTH 0 0
DWIDTH 0 0
BBX 7 5 -6 15
BITMAP
38
44
C6
10
10
ENDCHAR
STARTCHAR uni0901
ENCODING 2305
SWIDTH 0 0
DWIDTH 0 0
BBX 7 5 -6 15
BITMAP
10
10
C6
44
38
ENDCHAR
STARTCHAR uni0902
ENCODING 2306
SWIDTH 0 0
DWIDTH 0 0
BBX 2 2 -3 16
BITMAP
C0
C0
ENDCHAR
STARTCHAR uni0903
ENCODING 2307
SWIDTH 205 0
DWIDTH 5 0
BBX 5 11 0 3
BITMAP
F8
00
00
60
60
00
00
00
00
60
60
ENDCHAR
STARTCHAR uni0904
ENCODING 2308
SWIDTH 614 0
DWIDTH 14 0
BBX 13 19 1 1
BITMAP
2000
2000
3FC0
0060
0060
0060
78F8
C460
C660
0660
0460
3860
0460
07E0
0660
C660
C460
7860
0060
ENDCHAR
STARTCHAR uni0905
ENCODING 2309
SWIDTH 614 0
DWIDTH 14 0
BBX 13 13 1 1
BITMAP
78F8
C460
C660
0660
0460
3860
0460
07E0
0660
C660
C460
7860
0060
ENDCHAR
STARTCHAR uni0906
ENCODING 2310
SWIDTH 842 0
DWIDTH 19 0
BBX 18 13 1 1
BITMAP
78FFC0
C46300
C66300
066300
046300
386300
046300
07E300
066300
C66300
C46300
786300
006300
ENDCHAR
STARTCHAR uni0907
ENCODING 2311
SWIDTH 433 0
DWIDTH 10 0
BBX 10 15 0 -1
BITMAP
FFC0
0300
0300
0300
3F00
6000
6000
3E00
0300
0180
2180
3300
3E00
2000
2000
ENDCHAR
STARTCHAR uni0908
ENCODING 2312
SWIDTH 433 0
DWIDTH 10 0
BBX 10 20 0 -1
BITMAP
0180
0200
0600
0600
0200
FFC0
0300
0300
0300
3F00
6000
6000
3E00
0300
0180
2180
3300
3E00
2000
2000
ENDCHAR
STARTCHAR uni0909
ENCODING 2313
SWIDTH 385 0
DWIDTH 8 0
BBX 9 12 0 2
BITMAP
FF80
0600
0200
0600
0600
1C00
0600
0200
C200
C200
6600
3C00
ENDCHAR
STARTCHAR uni090A
ENCODING 2314
SWIDTH 610 0
DWIDTH 13 0
BBX 14 13 0 1
BITMAP
FFFC
0600
0600
0200
0600
0600
1CE0
0710
0318
C218
C218
6618
3C70
ENDCHAR
STARTCHAR uni090B
ENCODING 2315
SWIDTH 698 0
DWIDTH 15 0
BBX 16 14 0 0
BITMAP
FFFF
0300
0300
0300
7B0C
0F1C
077C
03CC
078C
0F1C
3B30
3330
4330
031E
ENDCHAR
STARTCHAR uni090C
ENCODING 2316
SWIDTH 634 0
DWIDTH 14 0
BBX 14 15 0 -1
BITMAP
FFFC
0010
0010
0010
3DF0
6530
6210
4210
4210
4010
6070
3060
1CC0
0044
0038
ENDCHAR
STARTCHAR uni090D
ENCODING 2317
SWIDTH 456 0
DWIDTH 10 0
BBX 10 19 0 0
BITMAP
2100
3300
1E00
0000
0000
FFC0
2100
2100
2100
2100
2100
2700
3000
3800
1C00
0E00
0700
0300
0100
ENDCHAR
STARTCHAR uni090E
ENCODING 2318
SWIDTH 456 0
DWIDTH 10 0
BBX 11 20 -1 0
BITMAP
C000
C000
7F80
0080
0080
0080
7FE0
1080
1080
1080
1080
1080
1380
1800
1C00
0E00
0700
0380
0180
0080
ENDCHAR
STARTCHAR uni090F
ENCODING 2319
SWIDTH 456 0
DWIDTH 10 0
BBX 10 14 0 0
BITMAP
FFC0
2100
2100
2100
2100
2100
2700
3000
3800
1C00
0E00
0700
0300
0100
ENDCHAR
STARTCHAR uni0910
ENCODING 2320
SWIDTH 456 0
DWIDTH 10 0
BBX 10 20 0 0
BITMAP
0600
0600
0200
0200
0300
0100
FFC0
2100
2100
2100
2100
2100
2700
3000
3800
1C00
0E00
0700
0300
0100
ENDCHAR
STARTCHAR uni0911
ENCODING 2321
SWIDTH 842 0
DWIDTH 19 0
BBX 18 18 1 1
BITMAP
063000
066000
03C000
000000
000000
78FFC0
C46300
C66300
066300
046300
386300
046300
07E300
066300
C66300
C46300
786300
006300
ENDCHAR
STARTCHAR uni0912
ENCODING 2322
SWIDTH 842 0
DWIDTH 19 0
BBX 18 19 1 1
BITMAP
010000
010000
01FE00
000300
000300
000300
78FFC0
C46300
C66300
066300
046300
386300
046300
07E300
066300
C66300
C46300
786300
006300
ENDCHAR
STARTCHAR uni0913
ENCODING 2323
SWIDTH 842 0
DWIDTH 19 0
BBX 18 19 1 1
BITMAP
000C00
000400
000600
000600
000200
000200
78FFC0
C46300
C66300
066300
046300
386300
046300
07E300
066300
C66300
C46300
786300
006300
ENDCHAR
STARTCHAR uni0914
ENCODING 2324
SWIDTH 842 0
DWIDTH 19 0
BBX 18 19 1 1
BITMAP
001300
001B00
001B00
000B00
000B00
000F00
78FFC0
C46300
C66300
066300
046300
386300
046300
07E300
066300
C66300
C46300
786300
006300
ENDCHAR
STARTCHAR uni0915
ENCODING 2325
SWIDTH 638 0
DWIDTH 14 0
BBX 14 13 0 1
BITMAP
FFFC
0300
0300
3FF0
6718
4318
C318
C318
4318
6718
3F70
0300
0300
ENDCHAR
STARTCHAR uni0916
ENCODING 2326
SWIDTH 678 0
DWIDTH 15 0
BBX 15 14 0 0
BITMAP
FFFE
0808
0808
08E8
0998
1908
7108
6108
6198
60E8
3018
1838
0FE8
0008
ENDCHAR
STARTCHAR uni0917
ENCODING 2327
SWIDTH 564 0
DWIDTH 12 0
BBX 13 13 0 1
BITMAP
FFF8
0C60
0C60
0C60
0C60
7C60
4C60
CC60
4C60
3860
0060
0060
0060
ENDCHAR
STARTCHAR uni0918
ENCODING 2328
SWIDTH 484 0
DWIDTH 11 0
BBX 11 13 0 1
BITMAP
FFE0
6180
6180
6180
6180
1D80
6180
6180
6180
6380
3F80
0180
0180
ENDCHAR
STARTCHAR uni0919
ENCODING 2329
SWIDTH 476 0
DWIDTH 10 0
BBX 11 13 0 1
BITMAP
FFE0
0300
0300
3F00
60C0
60C0
6000
3E00
0300
6100
6100
6300
3E00
ENDCHAR
STARTCHAR uni091A
ENCODING 2330
SWIDTH 480 0
DWIDTH 11 0
BBX 11 13 0 1
BITMAP
FFE0
0180
0180
0180
FD80
3180
2180
2180
2180
3180
1F80
0180
0180
ENDCHAR
STARTCHAR uni091B
ENCODING 2331
SWIDTH 536 0
DWIDTH 12 0
BBX 12 12 0 2
BITMAP
FFF0
60C0
60C0
61C0
6360
1820
6020
6020
6060
6040
30C0
1F00
ENDCHAR
STARTCHAR uni091C
ENCODING 2332
SWIDTH 519 0
DWIDTH 11 0
BBX 12 13 0 1
BITMAP
FFF0
00C0
00C0
00C0
C7C0
C4C0
C4C0
C4C0
C4C0
44C0
38C0
00C0
00C0
ENDCHAR
STARTCHAR uni091D
ENCODING 2333
SWIDTH 659 0
DWIDTH 15 0
BBX 15 15 0 -1
BITMAP
FFFE
0318
0318
0318
3F18
6018
6018
3FF8
0318
0118
6118
6318
7E18
6018
6000
ENDCHAR
STARTCHAR uni091E
ENCODING 2334
SWIDTH 561 0
DWIDTH 12 0
BBX 13 13 0 1
BITMAP
FFF8
0060
0060
7860
4460
0460
0660
07E0
0660
4460
7860
0060
0060
ENDCHAR
STARTCHAR uni091F
ENCODING 2335
SWIDTH 408 0
DWIDTH 9 0
BBX 9 12 0 2
BITMAP
FF80
0200
0200
1E00
6000
6000
6000
6000
6100
6100
6300
1E00
ENDCHAR
STARTCHAR uni0920
ENCODING 2336
SWIDTH 436 0
DWIDTH 10 0
BBX 10 12 0 2
BITMAP
FFC0
0200
0200
1E00
6100
6180
4180
4180
4180
6180
6300
1E00
ENDCHAR
STARTCHAR uni0921
ENCODING 2337
SWIDTH 422 0
DWIDTH 9 0
BBX 10 13 0 1
BITMAP
FFC0
0300
0300
3F00
6000
6000
6000
3E00
0300
6100
6100
6300
3E00
ENDCHAR
STARTCHAR uni0922
ENCODING 2338
SWIDTH 435 0
DWIDTH 10 0
BBX 10 12 0 2
BITMAP
FFC0
0200
0200
1E00
6000
6000
6000
6F00
7900
7980
3900
1E00
ENDCHAR
STARTCHAR uni0923
ENCODING 2339
SWIDTH 651 0
DWIDTH 14 0
BBX 15 13 0 1
BITMAP
FFFE
6318
6318
6318
6318
6318
6318
6318
6318
2318
1E18
0018
0018
ENDCHAR
STARTCHAR uni0924
ENCODING 2340
SWIDTH 477 0
DWIDTH 11 0
BBX 11 13 0 1
BITMAP
FFE0
0180
0180
0180
3F80
6180
4180
4180
6180
6180
6180
3180
3980
ENDCHAR
STARTCHAR uni0925
ENCODING 2341
SWIDTH 547 0
DWIDTH 12 0
BBX 11 13 1 1
BITMAP
7BE0
C880
CC80
0C80
0C80
1880
7080
6180
6180
1E80
0080
0080
0080
ENDCHAR
STARTCHAR uni0926
ENCODING 2342
SWIDTH 422 0
DWIDTH 9 0
BBX 10 14 0 0
BITMAP
FFC0
0200
0200
1E00
6000
6000
6000
6000
6000
6300
2100
1F80
0180
0180
ENDCHAR
STARTCHAR uni0927
ENCODING 2343
SWIDTH 504 0
DWIDTH 11 0
BBX 10 13 1 1
BITMAP
77C0
D900
C100
C100
4100
3900
C100
C100
C100
C300
7D00
0100
0100
ENDCHAR
STARTCHAR uni0928
ENCODING 2344
SWIDTH 506 0
DWIDTH 11 0
BBX 11 13 0 1
BITMAP
FFE0
0080
0080
0080
0080
7F80
CC80
C880
C880
7080
0080
0080
0080
ENDCHAR
STARTCHAR uni0929
ENCODING 2345
SWIDTH 506 0
DWIDTH 11 0
BBX 11 13 0 1
BITMAP
FFE0
0080
0080
0080
0080
7F80
CC80
C880
C880
7080
0080
3080
3080
ENDCHAR
STARTCHAR uni092A
ENCODING 2346
SWIDTH 440 0
DWIDTH 10 0
BBX 10 13 0 1
BITMAP
FFC0
6300
6300
6300
6300
6300
6300
6300
2300
3F00
0300
0300
0300
ENDCHAR
STARTCHAR uni092B
ENCODING 2347
SWIDTH 652 0
DWIDTH 14 0
BBX 15 13 0 1
BITMAP
FFFE
6300
6300
63F0
6398
6308
630C
630C
2308
3F18
0330
0300
0300
ENDCHAR
STARTCHAR uni092C
ENCODING 2348
SWIDTH 454 0
DWIDTH 10 0
BBX 10 13 0 1
BITMAP
FFC0
0100
0100
3D00
7300
7100
4900
4900
6500
6700
3D00
0100
0100
ENDCHAR
STARTCHAR uni092D
ENCODING 2349
SWIDTH 589 0
DWIDTH 13 0
BBX 12 13 1 1
BITMAP
79F0
C840
CC40
0C40
0C40
0C40
7FC0
CC40
CC40
C840
7040
0040
0040
ENDCHAR
STARTCHAR uni092E
ENCODING 2350
SWIDTH 551 0
DWIDTH 12 0
BBX 12 13 0 1
BITMAP
FFF0
0C40
0C40
0C40
0C40
0C40
7FC0
CC40
CC40
C840
7040
0040
0040
ENDCHAR
STARTCHAR uni092F
ENCODING 2351
SWIDTH 491 0
DWIDTH 11 0
BBX 11 13 0 1
BITMAP
FFE0
1980
1980
1980
1980
7180
6180
6180
3180
1F80
0180
0180
0180
ENDCHAR
STARTCHAR uni0930
ENCODING 2352
SWIDTH 333 0
DWIDTH 7 0
BBX 8 13 0 1
BITMAP
FF
0C
0C
0C
0C
0C
18
70
60
20
30
10
18
ENDCHAR
STARTCHAR uni0931
ENCODING 2353
SWIDTH 333 0
DWIDTH 7 0
BBX 8 13 0 1
BITMAP
FF
0C
0C
0C
0C
0C
18
70
60
20
30
D8
D8
ENDCHAR
STARTCHAR uni0932
ENCODING 2354
SWIDTH 634 0
DWIDTH 14 0
BBX 14 13 0 1
BITMAP
FFFC
0010
0010
0010
3DF0
6530
6210
4210
4210
4010
6010
3010
1C10
ENDCHAR
STARTCHAR uni0933
ENCODING 2355
SWIDTH 658 0
DWIDTH 14 0
BBX 15 12 0 2
BITMAP
FFFE
0030
0030
3CF0
6798
638C
430C
430C
430C
638C
6698
3CF0
ENDCHAR
STARTCHAR uni0934
ENCODING 2356
SWIDTH 658 0
DWIDTH 14 0
BBX 15 15 0 -1
BITMAP
FFFE
0030
0030
3CF0
6798
638C
430C
430C
430C
638C
6698
3CF0
0000
0300
0300
ENDCHAR
STARTCHAR uni0935
ENCODING 2357
SWIDTH 434 0
DWIDTH 10 0
BBX 10 13 0 1
BITMAP
FFC0
0300
0300
3F00
6300
4300
C300
C300
4300
6300
3F00
0300
0300
ENDCHAR
STARTCHAR uni0936
ENCODING 2358
SWIDTH 554 0
DWIDTH 12 0
BBX 11 13 1 1
BITMAP
7BE0
C8C0
CCC0
0CC0
0CC0
18C0
F8C0
E0C0
60C0
60C0
30C0
10C0
1CC0
ENDCHAR
STARTCHAR uni0937
ENCODING 2359
SWIDTH 440 0
DWIDTH 10 0
BBX 10 13 0 1
BITMAP
FFC0
6300
7300
7300
6B00
6B00
6700
6700
2300
3F00
0300
0300
0300
ENDCHAR
STARTCHAR uni0938
ENCODING 2360
SWIDTH 536 0
DWIDTH 12 0
BBX 12 13 0 1
BITMAP
FFF0
0C40
0C40
0C40
0C40
0C40
1840
7FC0
6040
2040
3040
1040
1840
ENDCHAR
STARTCHAR uni0939
ENCODING 2361
SWIDTH 444 0
DWIDTH 10 0
BBX 10 14 0 0
BITMAP
FFC0
0300
0300
3F00
2000
6000
2000
3F00
3180
6180
6180
2000
3000
1E00
ENDCHAR
STARTCHAR uni093A
ENCODING 2362
SWIDTH 0 0
DWIDTH 0 0
BBX 1 4 -3 15
BITMAP
80
80
80
80
ENDCHAR
STARTCHAR uni093B
ENCODING 2363
SWIDTH 228 0
DWIDTH 5 0
BBX 5 18 0 1
BITMAP
20
20
20
20
20
F8
20
20
20
20
20
20
20
20
20
20
20
20
ENDCHAR
STARTCHAR uni093C
ENCODING 2364
SWIDTH 0 0
DWIDTH 0 0
BBX 2 2 -3 -3
BITMAP
C0
C0
ENDCHAR
STARTCHAR uni093D
ENCODING 2365
SWIDTH 405 0
DWIDTH 9 0
BBX 8 14 1 0
BITMAP
7F
C0
C0
C0
E0
70
38
1C
0E
06
C6
C6
C6
7C
ENDCHAR
STARTCHAR uni093E
ENCODING 2366
SWIDTH 228 0
DWIDTH 5 0
BBX 5 13 0 1
BITMAP
F8
20
20
20
20
20
20
20
20
20
20
20
20
ENDCHAR
STARTCHAR uni093F
ENCODING 2367
SWIDTH 228 0
DWIDTH 5 0
BBX 13 19 0 1
BITMAP
0FE0
1830
3018
2018
2000
2000
F800
2000
2000
2000
2000
2000
2000
2000
2000
2000
2000
2000
2000
ENDCHAR
STARTCHAR uni0940
ENCODING 2368
SWIDTH 228 0
DWIDTH 5 0
BBX 8 19 -3 1
BITMAP
78
CC
C4
C4
04
04
1F
04
04
04
04
04
04
04
04
04
04
04
04
ENDCHAR
STARTCHAR uni0941
ENCODING 2369
SWIDTH 0 0
DWIDTH 0 0
BBX 7 5 -7 -5
BITMAP
1C
86
82
C6
3C
ENDCHAR
STARTCHAR uni0942
ENCODING 2370
SWIDTH 0 0
DWIDTH 0 0
BBX 8 5 -6 -5
BITMAP
78
C6
C2
C3
73
ENDCHAR
STARTCHAR uni0943
ENCODING 2371
SWIDTH 0 0
DWIDTH 0 0
BBX 5 5 -6 -4
BITMAP
30
60
C0
60
38
ENDCHAR
STARTCHAR uni0944
ENCODING 2372
SWIDTH 0 0
DWIDTH 0 0
BBX 5 9 -6 -7
BITMAP
30
40
C0
60
70
40
C0
60
38
ENDCHAR
STARTCHAR uni0945
ENCODING 2373
SWIDTH 0 0
DWIDTH 0 0
BBX 7 3 -6 15
BITMAP
C6
44
38
ENDCHAR
STARTCHAR uni0946
ENCODING 2374
SWIDTH 0 0
DWIDTH 0 0
BBX 9 6 -11 13
BITMAP
C000
C000
7F80
0080
0080
0080
ENDCHAR
STARTCHAR uni0947
ENCODING 2375
SWIDTH 0 0
DWIDTH 0 0
BBX 3 7 -5 13
BITMAP
C0
C0
40
40
60
60
60
ENDCHAR
STARTCHAR uni0948
ENCODING 2376
SWIDTH 0 0
DWIDTH 0 0
BBX 5 7 -7 13
BITMAP
C8
48
48
68
68
28
38
ENDCHAR
STARTCHAR uni0949
ENCODING 2377
SWIDTH 228 0
DWIDTH 5 0
BBX 7 18 -1 1
BITMAP
C6
44
38
00
00
7C
10
10
10
10
10
10
10
10
10
10
10
10
ENDCHAR
STARTCHAR uni094A
ENCODING 2378
SWIDTH 228 0
DWIDTH 5 0
BBX 11 19 -6 1
BITMAP
C000
C000
7F80
0080
0080
0080
03E0
0080
0080
0080
0080
0080
0080
0080
0080
0080
0080
0080
0080
ENDCHAR
STARTCHAR uni094B
ENCODING 2379
SWIDTH 228 0
DWIDTH 5 0
BBX 5 19 0 1
BITMAP
C0
C0
40
40
60
60
F8
20
20
20
20
20
20
20
20
20
20
20
20
ENDCHAR
STARTCHAR uni094C
ENCODING 2380
SWIDTH 228 0
DWIDTH 5 0
BBX 7 19 -2 1
BITMAP
C8
C8
48
68
68
28
3E
08
08
08
08
08
08
08
08
08
08
08
08
ENDCHAR
STARTCHAR uni094D
ENCODING 2381
SWIDTH 0 0
DWIDTH 0 0
BBX 5 4 -5 -5
BITMAP
80
E0
78
08
ENDCHAR
STARTCHAR uni094E
ENCODING 2382
SWIDTH 228 0
DWIDTH 5 0
BBX 3 13 2 1
BITMAP
E0
80
80
80
80
80
80
80
80
80
80
80
80
ENDCHAR
STARTCHAR uni094F
ENCODING 2383
SWIDTH 228 0
DWIDTH 5 0
BBX 12 20 -7 0
BITMAP
3000
3000
9FE0
C020
FFA0
00A0
01F0
0040
0040
0040
0040
0040
0040
0040
0040
0040
0040
0040
0040
0040
ENDCHAR
STARTCHAR uni0950
ENCODING 2384
SWIDTH 769 0
DWIDTH 17 0
BBX 15 15 1 2
BITMAP
0018
0018
00C2
3C46
C63C
C600
0600
063C
3C66
0646
0246
03C6
C386
C61C
7C00
ENDCHAR
STARTCHAR uni0951
ENCODING 2385
SWIDTH 0 0
DWIDTH 0 0
BBX 1 5 -3 20
BITMAP
80
80
80
80
80
ENDCHAR
STARTCHAR uni0952
ENCODING 2386
SWIDTH 0 0
DWIDTH 0 0
BBX 10 1 -10 -9
BITMAP
FFC0
ENDCHAR
STARTCHAR uni0953
ENCODING 2387
SWIDTH 0 0
DWIDTH 0 0
BBX 3 3 -5 16
BITMAP
80
C0
60
ENDCHAR
STARTCHAR uni0954
ENCODING 2388
SWIDTH 0 0
DWIDTH 0 0
BBX 3 3 -3 16
BITMAP
20
60
C0
ENDCHAR
STARTCHAR uni0955
ENCODING 2389
SWIDTH 0 0
DWIDTH 0 0
BBX 7 5 -6 15
BITMAP
C6
C6
7C
00
FE
ENDCHAR
STARTCHAR uni0956
ENCODING 2390
SWIDTH 0 0
DWIDTH 0 0
BBX 7 3 -9 -3
BITMAP
82
C6
7C
ENDCHAR
STARTCHAR uni0957
ENCODING 2391
SWIDTH 0 0
DWIDTH 0 0
BBX 7 6 -9 -6
BITMAP
82
C6
7C
82
C6
7C
ENDCHAR
STARTCHAR uni0958
ENCODING 2392
SWIDTH 638 0
DWIDTH 14 0
BBX 14 14 0 0
BITMAP
FFFC
0300
0300
3FF0
6718
4318
C318
C318
4318
6718
3F70
0300
3300
3000
ENDCHAR
STARTCHAR uni0959
ENCODING 2393
SWIDTH 678 0
DWIDTH 15 0
BBX 15 14 0 0
BITMAP
FFFE
0808
0808
08E8
0998
1908
7108
6108
6198
60E8
3018
1838
6FE8
6008
ENDCHAR
STARTCHAR uni095A
ENCODING 2394
SWIDTH 564 0
DWIDTH 12 0
BBX 13 14 0 0
BITMAP
FFF8
0C60
0C60
0C60
0C60
7C60
4C60
CC60
4C60
3860
0060
0060
3060
3060
ENDCHAR
STARTCHAR uni095B
ENCODING 2395
SWIDTH 519 0
DWIDTH 11 0
BBX 12 15 0 -1
BITMAP
FFF0
00C0
00C0
00C0
C7C0
C4C0
C4C0
C4C0
C4C0
44C0
38C0
00C0
00C0
30C0
3000
ENDCHAR
STARTCHAR uni095C
ENCODING 2396
SWIDTH 422 0
DWIDTH 9 0
BBX 10 16 0 -2
BITMAP
FFC0
0300
0300
3F00
6000
6000
6000
3E00
0300
6100
6100
6300
3E00
0000
0C00
0C00
ENDCHAR
STARTCHAR uni095D
ENCODING 2397
SWIDTH 435 0
DWIDTH 10 0
BBX 10 16 0 -2
BITMAP
FFC0
0200
0200
1E00
6000
6000
6000
6F00
7900
7980
3900
1E00
0000
0000
0C00
0C00
ENDCHAR
STARTCHAR uni095E
ENCODING 2398
SWIDTH 652 0
DWIDTH 14 0
BBX 15 13 0 1
BITMAP
FFFE
6300
6300
63F0
6398
6308
630C
630C
2308
3F18
0330
C300
C300
ENDCHAR
STARTCHAR uni095F
ENCODING 2399
SWIDTH 491 0
DWIDTH 11 0
BBX 11 14 0 0
BITMAP
FFE0
1980
1980
1980
1980
7180
6180
6180
3180
1F80
0180
0180
6180
6180
ENDCHAR
STARTCHAR uni0960
ENCODING 2400
SWIDTH 698 0
DWIDTH 15 0
BBX 16 16 0 -2
BITMAP
FFFF
0300
0300
7B0C
0F1C
077C
03CC
078C
0F1C
1B30
3330
2330
031C
0030
0030
001E
ENDCHAR
STARTCHAR uni0961
ENCODING 2401
SWIDTH 634 0
DWIDTH 14 0
BBX 14 18 0 -4
BITMAP
FFFC
0010
0010
0010
3DF0
6530
6210
4210
4210
4010
6070
3060
1CC0
0040
0070
00C0
00C0
0078
ENDCHAR
STARTCHAR uni0962
ENCODING 2402
SWIDTH 0 0
DWIDTH 0 0
BBX 8 7 -6 -6
BITMAP
6E
D6
D6
C6
6C
0C
07
ENDCHAR
STARTCHAR uni0963
ENCODING 2403
SWIDTH 0 0
DWIDTH 0 0
BBX 8 9 -6 -8
BITMAP
6E
D6
D6
C4
6C
07
0C
0C
07
ENDCHAR
STARTCHAR uni0964
ENCODING 2404
SWIDTH 263 0
DWIDTH 6 0
BBX 2 14 2 0
BITMAP
C0
C0
C0
C0
C0
C0
C0
C0
C0
C0
C0
C0
C0
C0
ENDCHAR
STARTCHAR uni0965
ENCODING 2405
SWIDTH 434 0
DWIDTH 10 0
BBX 6 14 2 0
BITMAP
CC
CC
CC
CC
CC
CC
CC
CC
CC
CC
CC
CC
CC
CC
ENDCHAR
STARTCHAR uni0966
ENCODING 2406
SWIDTH 440 0
DWIDTH 10 0
BBX 8 9 1 3
BITMAP
3C
46
C2
C3
C3
C3
C2
46
3C
ENDCHAR
STARTCHAR uni0967
ENCODING 2407
SWIDTH 356 0
DWIDTH 8 0
BBX 6 14 1 0
BITMAP
78
CC
CC
CC
7C
18
30
60
C0
60
30
18
08
08
ENDCHAR
STARTCHAR uni0968
ENCODING 2408
SWIDTH 404 0
DWIDTH 9 0
BBX 7 14 1 0
BITMAP
78
CC
C6
06
06
06
C6
C6
CC
F8
C0
C0
C0
C0
ENDCHAR
STARTCHAR uni0969
ENCODING 2409
SWIDTH 420 0
DWIDTH 9 0
BBX 7 14 1 0
BITMAP
3C
66
C6
06
06
38
06
06
C2
C6
C6
FC
C0
C0
ENDCHAR
STARTCHAR uni096A
ENCODING 2410
SWIDTH 440 0
DWIDTH 10 0
BBX 8 14 1 0
BITMAP
C3
C3
C3
C3
C3
C2
46
3C
66
C2
C2
C2
66
3C
ENDCHAR
STARTCHAR uni096B
ENCODING 2411
SWIDTH 419 0
DWIDTH 9 0
BBX 7 14 1 0
BITMAP
60
60
40
C0
C0
C0
C6
C6
C6
46
3E
06
06
06
ENDCHAR
STARTCHAR uni096C
ENCODING 2412
SWIDTH 420 0
DWIDTH 9 0
BBX 8 14 1 0
BITMAP
3C
46
C6
C0
40
38
C0
C0
C6
C6
C6
7B
03
03
ENDCHAR
STARTCHAR uni096D
ENCODING 2413
SWIDTH 516 0
DWIDTH 11 0
BBX 9 14 1 0
BITMAP
6000
6000
4000
C700
CD80
C880
C880
CC80
C780
C080
C180
4180
6300
3E00
ENDCHAR
STARTCHAR uni096E
ENCODING 2414
SWIDTH 444 0
DWIDTH 10 0
BBX 8 15 1 0
BITMAP
06
0E
0C
18
30
30
60
60
C0
C0
C3
C3
C3
66
3C
ENDCHAR
STARTCHAR uni096F
ENCODING 2415
SWIDTH 402 0
DWIDTH 9 0
BBX 7 14 1 0
BITMAP
3C
46
C6
C6
CC
F8
C0
60
70
30
18
0C
04
04
ENDCHAR
STARTCHAR uni0970
ENCODING 2416
SWIDTH 422 0
DWIDTH 9 0
BBX 7 6 1 8
BITMAP
38
44
C2
C2
44
38
ENDCHAR
STARTCHAR uni0971
ENCODING 2417
SWIDTH 251 0
DWIDTH 6 0
BBX 2 2 2 12
BITMAP
C0
C0
ENDCHAR
STARTCHAR uni0972
ENCODING 2418
SWIDTH 614 0
DWIDTH 14 0
BBX 13 18 1 1
BITMAP
3180
1980
0F00
0000
0000
78F8
C460
C660
0660
0460
3860
0460
07E0
0660
C660
C460
7860
0060
ENDCHAR
STARTCHAR uni0973
ENCODING 2419
SWIDTH 614 0
DWIDTH 14 0
BBX 13 19 1 1
BITMAP
0060
0060
0060
0060
0000
0000
78F8
C460
C660
0660
0460
3860
0460
07E0
0660
C660
C460
7860
0060
ENDCHAR
STARTCHAR uni0974
ENCODING 2420
SWIDTH 842 0
DWIDTH 19 0
BBX 18 19 1 1
BITMAP
000300
000300
000300
000300
000000
000000
78FFC0
C46300
C66300
066300
046300
386300
046300
07E300
066300
C66300
C46300
786300
006300
ENDCHAR
STARTCHAR uni0975
ENCODING 2421
SWIDTH 842 0
DWIDTH 19 0
BBX 18 20 1 0
BITMAP
008000
008000
06FF00
060180
03FD80
000780
78FFC0
CC6300
C66300
066300
066300
0C6300
3C6300
07E300
066300
C66300
C66300
C46300
786300
006300
ENDCHAR
STARTCHAR uni0976
ENCODING 2422
SWIDTH 614 0
DWIDTH 14 0
BBX 13 17 1 -3
BITMAP
78F8
C460
C660
0660
0460
3860
0460
07E0
0660
C660
C460
7860
0060
0000
30C0
1080
0F00
ENDCHAR
STARTCHAR uni0977
ENCODING 2423
SWIDTH 614 0
DWIDTH 14 0
BBX 13 20 1 -6
BITMAP
78F8
C460
C660
0660
0460
3860
0460
07E0
0660
C660
C460
7860
0060
0000
30C0
1080
0F00
30C0
1080
0F00
ENDCHAR
STARTCHAR uni0978
ENCODING 2424
SWIDTH 458 0
DWIDTH 10 0
BBX 10 13 0 1
BITMAP
FFC0
0C00
0C00
0C00
0C00
0C00
1800
7E00
0300
0180
0180
0180
0300
ENDCHAR
STARTCHAR uni0979
ENCODING 2425
SWIDTH 519 0
DWIDTH 11 0
BBX 12 17 0 -3
BITMAP
FFF0
00C0
00C0
00C0
C7C0
C4C0
C4C0
C4C0
C4C0
44C0
38C0
00C0
00C0
C6C0
C600
1800
1800
ENDCHAR
STARTCHAR uni097A
ENCODING 2426
SWIDTH 491 0
DWIDTH 11 0
BBX 11 13 0 1
BITMAP
FFE0
1980
1980
1D80
1D80
7380
6380
6180
3180
1F80
0180
0180
0180
ENDCHAR
STARTCHAR uni097B
ENCODING 2427
SWIDTH 564 0
DWIDTH 12 0
BBX 13 13 0 1
BITMAP
FFF8
0C60
0C60
0C60
0C60
7C60
4C60
CC60
4C60
3860
0060
0060
7FE0
ENDCHAR
STARTCHAR uni097C
ENCODING 2428
SWIDTH 518 0
DWIDTH 11 0
BBX 12 13 0 1
BITMAP
FFF0
00C0
00C0
00C0
C7C0
C4C0
C4C0
C4C0
C4C0
4CC0
38C0
00C0
FFC0
ENDCHAR
STARTCHAR uni097D
ENCODING 2429
SWIDTH 420 0
DWIDTH 9 0
BBX 7 13 1 1
BITMAP
3C
46
C6
C6
06
0E
0C
18
18
10
10
10
10
ENDCHAR
STARTCHAR uni097E
ENCODING 2430
SWIDTH 412 0
DWIDTH 9 0
BBX 9 15 0 -1
BITMAP
FF80
0200
0200
3E00
6000
6000
6000
3E00
0300
4300
6300
3E00
0000
0000
7F00
ENDCHAR
STARTCHAR uni097F
ENCODING 2431
SWIDTH 454 0
DWIDTH 10 0
BBX 10 13 0 1
BITMAP
FFC0
0100
0100
3D00
7300
4900
4900
4500
6700
3D00
0100
0100
7F00
ENDCHAR
STARTCHAR uni1CDA
ENCODING 7386
SWIDTH 0 0
DWIDTH 0 0
BBX 4 5 -3 20
BITMAP
B0
B0
B0
B0
B0
ENDCHAR
STARTCHAR uni1CDB
ENCODING 7387
SWIDTH 0 0
DWIDTH 0 0
BBX 6 5 -3 20
BITMAP
B4
B4
B4
B4
B4
ENDCHAR
STARTCHAR uni1CF5
ENCODING 7413
SWIDTH 504 0
DWIDTH 11 0
BBX 11 14 0 0
BITMAP
60E0
60C0
3180
1900
1B00
0E00
0600
0E00
0B00
1B00
3180
3180
60C0
C060
ENDCHAR
STARTCHAR uni1CF6
ENCODING 7414
SWIDTH 594 0
DWIDTH 13 0
BBX 11 13 1 1
BITMAP
8420
8420
8420
C660
CA60
7BC0
0000
0000
7BC0
CA60
C420
8420
8420
ENDCHAR
STARTCHAR Wgrave
ENCODING 7808
SWIDTH 711 0
DWIDTH 16 0
BBX 15 18 0 0
BITMAP
0700
0100
0080
0000
C182
4382
63C6
63C6
62C4
62C4
324C
364C
3668
3668
1468
1C78
1C38
1C30
ENDCHAR
STARTCHAR wgrave
ENCODING 7809
SWIDTH 544 0
DWIDTH 12 0
BBX 12 15 0 0
BITMAP
0C00
0400
0200
0000
C630
C630
4620
6F20
6F60
6B60
2940
2940
3940
39C0
1980
ENDCHAR
STARTCHAR Wacute
ENCODING 7810
SWIDTH 711 0
DWIDTH 16 0
BBX 15 18 0 0
BITMAP
00C0
0180
0100
0000
C182
4382
63C6
63C6
62C4
62C4
324C
364C
3668
3668
1468
1C78
1C38
1C30
ENDCHAR
STARTCHAR wacute
ENCODING 7811
SWIDTH 544 0
DWIDTH 12 0
BBX 12 15 0 0
BITMAP
0300
0200
0400
0000
C630
C630
4620
6F20
6F60
6B60
2940
2940
3940
39C0
1980
ENDCHAR
STARTCHAR Wdieresis
ENCODING 7812
SWIDTH 711 0
DWIDTH 16 0
BBX 15 18 0 0
BITMAP
06C0
06C0
0000
0000
C182
4382
63C6
63C6
62C4
62C4
324C
364C
3668
3668
1468
1C78
1C38
1C30
ENDCHAR
STARTCHAR wdieresis
ENCODING 7813
SWIDTH 544 0
DWIDTH 12 0
BBX 12 15 0 0
BITMAP
0900
0900
0000
0000
C630
C630
4620
6F20
6F60
6B60
2940
2940
3940
39C0
1980
ENDCHAR
STARTCHAR Ygrave
ENCODING 7922
SWIDTH 503 0
DWIDTH 11 0
BBX 11 18 0 0
BITMAP
1800
0C00
0600
0000
C060
60C0
20C0
3180
1900
1B00
0E00
0E00
0400
0400
0400
0400
0400
0400
ENDCHAR
STARTCHAR ygrave
ENCODING 7923
SWIDTH 376 0
DWIDTH 8 0
BBX 8 19 0 -4
BITMAP
30
18
08
00
C3
43
62
62
66
26
34
34
14
1C
18
18
18
10
60
ENDCHAR
STARTCHAR uni200C
ENCODING 8204
SWIDTH 0 0
DWIDTH 0 0
BBX 2 29 0 -9
BITMAP
C0
C0
C0
C0
C0
C0
C0
C0
C0
C0
C0
C0
C0
C0
C0
C0
C0
C0
C0
C0
C0
C0
C0
C0
C0
C0
C0
C0
C0
ENDCHAR
STARTCHAR uni200D
ENCODING 8205
SWIDTH 0 0
DWIDTH 0 0
BBX 5 28 0 -9
BITMAP
F8
C0
C0
C0
C0
C0
C0
C0
C0
C0
C0
C0
C0
C0
C0
C0
C0
C0
C0
C0
C0
C0
C0
C0
C0
C0
C0
C0
ENDCHAR
STARTCHAR endash
ENCODING 8211
SWIDTH 419 0
DWIDTH 9 0
BBX 9 1 0 5
BITMAP
FF80
ENDCHAR
STARTCHAR emdash
ENCODING 8212
SWIDTH 754 0
DWIDTH 17 0
BBX 17 1 0 5
BITMAP
FFFF80
ENDCHAR
STARTCHAR uni2015
ENCODING 8213
SWIDTH 754 0
DWIDTH 17 0
BBX 12 1 2 5
BITMAP
FFF0
ENDCHAR
STARTCHAR underscoredbl
ENCODING 8215
SWIDTH 460 0
DWIDTH 10 0
BBX 10 3 0 -4
BITMAP
FFC0
0000
FFC0
ENDCHAR
STARTCHAR quoteleft
ENCODING 8216
SWIDTH 167 0
DWIDTH 4 0
BBX 2 5 1 9
BITMAP
40
80
80
C0
C0
ENDCHAR
STARTCHAR quoteright
ENCODING 8217
SWIDTH 167 0
DWIDTH 4 0
BBX 2 4 1 10
BITMAP
C0
C0
C0
80
ENDCHAR
STARTCHAR quotesinglbase
ENCODING 8218
SWIDTH 167 0
DWIDTH 4 0
BBX 2 4 1 -2
BITMAP
C0
C0
C0
80
ENDCHAR
STARTCHAR quotereversed
ENCODING 8219
SWIDTH 167 0
DWIDTH 4 0
BBX 2 4 1 10
BITMAP
C0
C0
80
C0
ENDCHAR
STARTCHAR quotedblleft
ENCODING 8220
SWIDTH 251 0
DWIDTH 6 0
BBX 5 5 0 9
BITMAP
48
48
50
D8
D8
ENDCHAR
STARTCHAR quotedblright
ENCODING 8221
SWIDTH 251 0
DWIDTH 6 0
BBX 5 4 0 10
BITMAP
F8
F8
48
D0
ENDCHAR
STARTCHAR quotedblbase
ENCODING 8222
SWIDTH 251 0
DWIDTH 6 0
BBX 5 4 0 -2
BITMAP
F8
F8
48
D0
ENDCHAR
STARTCHAR dagger
ENCODING 8224
SWIDTH 419 0
DWIDTH 9 0
BBX 7 18 1 -4
BITMAP
18
10
10
10
FE
92
10
10
10
10
10
10
10
10
10
10
10
18
ENDCHAR
STARTCHAR daggerdbl
ENCODING 8225
SWIDTH 419 0
DWIDTH 9 0
BBX 7 18 1 -4
BITMAP
18
10
10
10
FE
92
10
10
18
10
10
10
92
FE
10
10
10
18
ENDCHAR
STARTCHAR bullet
ENCODING 8226
SWIDTH 264 0
DWIDTH 6 0
BBX 4 5 1 5
BITMAP
60
F0
F0
F0
60
ENDCHAR
STARTCHAR ellipsis
ENCODING 8230
SWIDTH 754 0
DWIDTH 17 0
BBX 13 2 2 0
BITMAP
C618
C618
ENDCHAR
STARTCHAR perthousand
ENCODING 8240
SWIDTH 754 0
DWIDTH 17 0
BBX 16 14 1 0
BITMAP
7080
9180
9100
9A00
9200
9400
7400
0B8E
0A52
1253
3653
2253
6252
C38E
ENDCHAR
STARTCHAR minute
ENCODING 8242
SWIDTH 145 0
DWIDTH 3 0
BBX 3 3 0 11
BITMAP
60
40
C0
ENDCHAR
STARTCHAR second
ENCODING 8243
SWIDTH 267 0
DWIDTH 6 0
BBX 5 3 0 11
BITMAP
78
58
D8
ENDCHAR
STARTCHAR uni2038
ENCODING 8248
SWIDTH 260 0
DWIDTH 6 0
BBX 6 6 0 -4
BITMAP
30
30
70
78
58
CC
ENDCHAR
STARTCHAR guilsinglleft
ENCODING 8249
SWIDTH 251 0
DWIDTH 6 0
BBX 4 8 1 3
BITMAP
30
60
40
C0
C0
40
60
30
ENDCHAR
STARTCHAR guilsinglright
ENCODING 8250
SWIDTH 251 0
DWIDTH 6 0
BBX 4 8 1 3
BITMAP
80
C0
60
30
30
60
C0
80
ENDCHAR
STARTCHAR exclamdbl
ENCODING 8252
SWIDTH 419 0
DWIDTH 9 0
BBX 7 14 1 0
BITMAP
E6
C6
C6
C6
C6
C6
46
44
44
44
44
00
C6
C6
ENDCHAR
STARTCHAR uni203E
ENCODING 8254
SWIDTH 460 0
DWIDTH 10 0
BBX 10 1 0 16
BITMAP
FFC0
ENDCHAR
STARTCHAR fraction
ENCODING 8260
SWIDTH 126 0
DWIDTH 3 0
BBX 10 14 -4 0
BITMAP
0040
0080
0180
0100
0200
0200
0400
0C00
0800
1000
1000
2000
6000
C000
ENDCHAR
STARTCHAR uni207F
ENCODING 8319
SWIDTH 275 0
DWIDTH 6 0
BBX 4 7 1 8
BITMAP
F0
90
90
90
90
90
90
ENDCHAR
STARTCHAR franc
ENCODING 8355
SWIDTH 464 0
DWIDTH 10 0
BBX 9 14 1 0
BITMAP
FE00
C000
C000
C000
C180
C780
FE00
C600
C400
C400
C400
C400
C400
C400
ENDCHAR
STARTCHAR lira
ENCODING 8356
SWIDTH 419 0
DWIDTH 9 0
BBX 8 14 0 0
BITMAP
1E
33
31
31
30
30
FC
30
FC
20
20
20
20
7F
ENDCHAR
STARTCHAR peseta
ENCODING 8359
SWIDTH 876 0
DWIDTH 19 0
BBX 18 14 1 0
BITMAP
FC4000
C64000
C3C000
C3FF00
C3D980
C2D880
C6D8C0
FCCF00
C0C780
C0C1C0
C0C0C0
C0D8C0
C0D880
C06F00
ENDCHAR
STARTCHAR Euro
ENCODING 8364
SWIDTH 419 0
DWIDTH 9 0
BBX 9 14 0 0
BITMAP
0780
1C00
1000
3000
3000
FE00
2000
6000
FE00
3000
3000
1000
1C00
0780
ENDCHAR
STARTCHAR uni20B9
ENCODING 8377
SWIDTH 406 0
DWIDTH 9 0
BBX 8 13 0 1
BITMAP
FF
0C
0C
FF
04
0C
0C
F0
60
30
30
18
0E
ENDCHAR
STARTCHAR uni2105
ENCODING 8453
SWIDTH 697 0
DWIDTH 15 0
BBX 13 14 1 0
BITMAP
7020
D840
8840
8080
8180
8900
DA00
7270
04C8
0C88
0888
1088
10C8
2070
ENDCHAR
STARTCHAR uni2113
ENCODING 8467
SWIDTH 321 0
DWIDTH 7 0
BBX 5 15 1 0
BITMAP
30
48
48
48
48
C8
D0
D0
E0
C0
C0
C0
40
68
38
ENDCHAR
STARTCHAR uni2116
ENCODING 8470
SWIDTH 809 0
DWIDTH 18 0
BBX 16 14 1 0
BITMAP
C08E
E093
E093
F091
F091
D893
CC93
CC8E
C680
C69F
C380
C380
C180
C080
ENDCHAR
STARTCHAR trademark
ENCODING 8482
SWIDTH 754 0
DWIDTH 17 0
BBX 13 8 2 6
BITMAP
FB18
2318
2328
22A8
22A8
22C8
22C8
2248
ENDCHAR
STARTCHAR uni2126
ENCODING 8486
SWIDTH 706 0
DWIDTH 16 0
BBX 11 13 2 1
BITMAP
1F00
30C0
6040
6060
4060
C060
C060
C060
C060
4060
6040
30C0
FBE0
ENDCHAR
STARTCHAR estimated
ENCODING 8494
SWIDTH 551 0
DWIDTH 12 0
BBX 10 11 1 0
BITMAP
1E00
6180
4080
C0C0
C0C0
FFC0
C000
C000
4040
6180
1E00
ENDCHAR
STARTCHAR oneeighth
ENCODING 8539
SWIDTH 629 0
DWIDTH 14 0
BBX 12 14 1 0
BITMAP
4060
C040
4080
4080
4100
4300
42E0
F490
0490
08E0
1890
1190
2090
60E0
ENDCHAR
STARTCHAR threeeighths
ENCODING 8540
SWIDTH 629 0
DWIDTH 14 0
BBX 12 14 1 0
BITMAP
7060
9040
1080
6180
1100
9BE0
92B0
7490
0CB0
08E0
1890
1190
2090
60E0
ENDCHAR
STARTCHAR fiveeighths
ENCODING 8541
SWIDTH 629 0
DWIDTH 14 0
BBX 12 14 1 0
BITMAP
F060
8040
8080
F080
9100
1300
92E0
F490
0490
08E0
1890
1090
2090
60E0
ENDCHAR
STARTCHAR seveneighths
ENCODING 8542
SWIDTH 629 0
DWIDTH 14 0
BBX 12 14 1 0
BITMAP
F860
10C0
1080
2180
2100
6200
66E0
6490
0C90
0860
1090
3090
2090
60E0
ENDCHAR
STARTCHAR arrowleft
ENCODING 8592
SWIDTH 919 0
DWIDTH 20 0
BBX 18 8 1 2
BITMAP
080000
100000
300000
700000
FFFFC0
700000
300000
180000
ENDCHAR
STARTCHAR arrowup
ENCODING 8593
SWIDTH 460 0
DWIDTH 10 0
BBX 7 19 2 -4
BITMAP
10
30
78
FC
F6
30
30
30
30
30
30
30
30
30
30
30
30
30
30
ENDCHAR
STARTCHAR arrowright
ENCODING 8594
SWIDTH 919 0
DWIDTH 20 0
BBX 18 8 1 2
BITMAP
000400
000200
000300
0001C0
FFFFC0
000180
000300
000200
ENDCHAR
STARTCHAR arrowdown
ENCODING 8595
SWIDTH 460 0
DWIDTH 10 0
BBX 7 19 2 -4
BITMAP
30
30
30
30
30
30
30
30
30
30
30
30
30
30
B2
FC
78
38
30
ENDCHAR
STARTCHAR arrowboth
ENCODING 8596
SWIDTH 919 0
DWIDTH 20 0
BBX 18 8 1 2
BITMAP
080400
100200
300300
7001C0
FFFFC0
700180
300300
180200
ENDCHAR
STARTCHAR arrowupdn
ENCODING 8597
SWIDTH 460 0
DWIDTH 10 0
BBX 7 19 2 -4
BITMAP
10
30
78
FC
FE
30
30
30
30
30
30
30
30
30
B2
FC
78
38
30
ENDCHAR
STARTCHAR arrowupdnbse
ENCODING 8616
SWIDTH 460 0
DWIDTH 10 0
BBX 7 21 2 -6
BITMAP
10
30
78
FC
FE
30
30
30
30
30
30
30
30
30
B2
FC
78
38
30
00
FE
ENDCHAR
STARTCHAR partialdiff
ENCODING 8706
SWIDTH 454 0
DWIDTH 10 0
BBX 8 15 1 0
BITMAP
78
44
06
02
03
03
3B
67
43
C3
C2
C2
C6
64
38
ENDCHAR
STARTCHAR uni2206
ENCODING 8710
SWIDTH 514 0
DWIDTH 11 0
BBX 11 14 0 0
BITMAP
0E00
0E00
0F00
1B00
1B00
1980
1180
3180
3180
20C0
60C0
60C0
6060
FFE0
ENDCHAR
STARTCHAR product
ENCODING 8719
SWIDTH 757 0
DWIDTH 17 0
BBX 13 16 2 -2
BITMAP
FFF8
2060
2060
2060
2060
2060
2060
2060
2060
2060
2060
2060
2060
2060
2060
2060
ENDCHAR
STARTCHAR summation
ENCODING 8721
SWIDTH 655 0
DWIDTH 14 0
BBX 11 17 2 -3
BITMAP
FFE0
E000
7000
3000
1800
0C00
0E00
0700
0600
0400
0C00
1800
3000
6000
4000
FFE0
FFE0
ENDCHAR
STARTCHAR minus
ENCODING 8722
SWIDTH 440 0
DWIDTH 10 0
BBX 8 1 1 5
BITMAP
FF
ENDCHAR
STARTCHAR uni2215
ENCODING 8725
SWIDTH 86 0
DWIDTH 2 0
BBX 10 14 -4 0
BITMAP
0040
0080
0180
0100
0300
0200
0400
0C00
0800
1800
1000
2000
2000
C000
ENDCHAR
STARTCHAR uni2219
ENCODING 8729
SWIDTH 210 0
DWIDTH 5 0
BBX 2 2 1 6
BITMAP
C0
C0
ENDCHAR
STARTCHAR radical
ENCODING 8730
SWIDTH 504 0
DWIDTH 11 0
BBX 10 21 1 -3
BITMAP
0040
0040
00C0
00C0
0080
0080
0080
0080
0180
0180
2100
E100
B100
3100
3900
1B00
1B00
0E00
0E00
0E00
0600
ENDCHAR
STARTCHAR infinity
ENCODING 8734
SWIDTH 655 0
DWIDTH 14 0
BBX 12 6 1 3
BITMAP
78E0
CF30
8610
8710
CF30
78E0
ENDCHAR
STARTCHAR orthogonal
ENCODING 8735
SWIDTH 900 0
DWIDTH 20 0
BBX 12 13 4 0
BITMAP
8000
8000
8000
8000
8000
8000
8000
8000
8000
8000
8000
8000
FFF0
ENDCHAR
STARTCHAR intersection
ENCODING 8745
SWIDTH 664 0
DWIDTH 15 0
BBX 11 13 2 1
BITMAP
1F00
6180
40C0
C040
8060
8060
8060
8060
8060
8060
8060
8060
8060
ENDCHAR
STARTCHAR integral
ENCODING 8747
SWIDTH 252 0
DWIDTH 6 0
BBX 4 20 1 -3
BITMAP
30
40
40
40
40
40
40
40
60
60
60
60
60
60
60
60
60
60
60
C0
ENDCHAR
STARTCHAR approxequal
ENCODING 8776
SWIDTH 504 0
DWIDTH 11 0
BBX 9 9 1 0
BITMAP
7000
F880
8F80
8700
0000
7880
FF80
8700
8000
ENDCHAR
STARTCHAR notequal
ENCODING 8800
SWIDTH 504 0
DWIDTH 11 0
BBX 8 10 2 1
BITMAP
06
04
04
FF
18
10
10
FF
60
40
ENDCHAR
STARTCHAR equivalence
ENCODING 8801
SWIDTH 440 0
DWIDTH 10 0
BBX 8 10 1 1
BITMAP
FF
00
00
00
FF
00
00
00
00
FF
ENDCHAR
STARTCHAR lessequal
ENCODING 8804
SWIDTH 504 0
DWIDTH 11 0
BBX 8 12 2 0
BITMAP
01
07
1E
78
E0
80
E0
78
1E
07
01
FF
ENDCHAR
STARTCHAR greaterequal
ENCODING 8805
SWIDTH 504 0
DWIDTH 11 0
BBX 8 12 2 0
BITMAP
80
C0
F0
3C
0F
03
0F
3C
F0
C0
80
FF
ENDCHAR
STARTCHAR house
ENCODING 8962
SWIDTH 551 0
DWIDTH 12 0
BBX 9 11 2 0
BITMAP
1800
3C00
2600
4200
C100
8180
8180
8180
8180
8180
FF80
ENDCHAR
STARTCHAR revlogicalnot
ENCODING 8976
SWIDTH 440 0
DWIDTH 10 0
BBX 8 5 1 4
BITMAP
FF
FF
80
80
80
ENDCHAR
STARTCHAR integraltp
ENCODING 8992
SWIDTH 555 0
DWIDTH 12 0
BBX 3 22 5 -4
BITMAP
60
C0
C0
C0
C0
C0
C0
C0
C0
C0
C0
C0
C0
C0
C0
C0
C0
C0
C0
C0
C0
C0
ENDCHAR
STARTCHAR integralbt
ENCODING 8993
SWIDTH 555 0
DWIDTH 12 0
BBX 3 23 4 -5
BITMAP
60
60
60
60
60
60
60
60
60
60
60
60
60
60
60
60
60
60
60
20
20
60
C0
ENDCHAR
STARTCHAR lozenge
ENCODING 9674
SWIDTH 514 0
DWIDTH 11 0
BBX 7 14 2 0
BITMAP
38
38
2C
6C
6C
66
C6
C6
66
6C
6C
2C
38
38
ENDCHAR
STARTCHAR uni25CC
ENCODING 9676
SWIDTH 456 0
DWIDTH 10 0
BBX 10 10 0 0
BITMAP
1E00
2100
4080
8040
8040
8040
8040
4080
2100
1E00
ENDCHAR
STARTCHAR uniA8E0
ENCODING 43232
SWIDTH 0 0
DWIDTH 0 0
BBX 3 3 -4 16
BITMAP
E0
A0
E0
ENDCHAR
STARTCHAR uniA8E1
ENCODING 43233
SWIDTH 0 0
DWIDTH 0 0
BBX 3 5 -4 14
BITMAP
E0
A0
40
C0
20
ENDCHAR
STARTCHAR uniA8E2
ENCODING 43234
SWIDTH 0 0
DWIDTH 0 0
BBX 3 4 -4 15
BITMAP
E0
A0
E0
80
ENDCHAR
STARTCHAR uniA8E3
ENCODING 43235
SWIDTH 0 0
DWIDTH 0 0
BBX 3 4 -4 15
BITMAP
E0
40
E0
80
ENDCHAR
STARTCHAR uniA8E4
ENCODING 43236
SWIDTH 0 0
DWIDTH 0 0
BBX 3 5 -4 15
BITMAP
A0
A0
40
A0
E0
ENDCHAR
STARTCHAR uniA8E5
ENCODING 43237
SWIDTH 0 0
DWIDTH 0 0
BBX 3 4 -4 16
BITMAP
80
80
A0
E0
ENDCHAR
STARTCHAR uniA8E6
ENCODING 43238
SWIDTH 0 0
DWIDTH 0 0
BBX 3 4 -4 16
BITMAP
C0
A0
40
E0
ENDCHAR
STARTCHAR uniA8E7
ENCODING 43239
SWIDTH 0 0
DWIDTH 0 0
BBX 4 5 -5 15
BITMAP
40
70
B0
70
70
ENDCHAR
STARTCHAR uniA8E8
ENCODING 43240
SWIDTH 0 0
DWIDTH 0 0
BBX 3 5 -4 15
BITMAP
20
40
80
A0
E0
ENDCHAR
STARTCHAR uniA8E9
ENCODING 43241
SWIDTH 0 0
DWIDTH 0 0
BBX 3 4 -4 15
BITMAP
C0
A0
C0
60
ENDCHAR
STARTCHAR uniA8EA
ENCODING 43242
SWIDTH 0 0
DWIDTH 0 0
BBX 5 4 -6 15
BITMAP
D8
50
70
D0
ENDCHAR
STARTCHAR uniA8EB
ENCODING 43243
SWIDTH 0 0
DWIDTH 0 0
BBX 4 4 -5 15
BITMAP
F0
10
30
70
ENDCHAR
STARTCHAR uniA8EC
ENCODING 43244
SWIDTH 0 0
DWIDTH 0 0
BBX 5 4 -5 15
BITMAP
F8
F8
A8
F8
ENDCHAR
STARTCHAR uniA8ED
ENCODING 43245
SWIDTH 0 0
DWIDTH 0 0
BBX 5 4 -6 15
BITMAP
F8
F0
B0
50
ENDCHAR
STARTCHAR uniA8EE
ENCODING 43246
SWIDTH 0 0
DWIDTH 0 0
BBX 4 4 -5 15
BITMAP
F0
A0
E0
20
ENDCHAR
STARTCHAR uniA8EF
ENCODING 43247
SWIDTH 0 0
DWIDTH 0 0
BBX 3 4 -4 15
BITMAP
E0
40
C0
60
ENDCHAR
STARTCHAR uniA8F0
ENCODING 43248
SWIDTH 0 0
DWIDTH 0 0
BBX 6 6 -7 14
BITMAP
78
40
FC
78
78
48
ENDCHAR
STARTCHAR uniA8F1
ENCODING 43249
SWIDTH 0 0
DWIDTH 0 0
BBX 3 4 -4 15
BITMAP
E0
C0
20
E0
ENDCHAR
STARTCHAR uniA8F2
ENCODING 43250
SWIDTH 389 0
DWIDTH 9 0
BBX 7 5 1 10
BITMAP
30
30
86
C4
78
ENDCHAR
STARTCHAR uniA8F3
ENCODING 43251
SWIDTH 389 0
DWIDTH 9 0
BBX 7 10 1 5
BITMAP
30
30
86
C4
78
00
00
60
3C
0C
ENDCHAR
STARTCHAR uniA8F4
ENCODING 43252
SWIDTH 389 0
DWIDTH 9 0
BBX 7 15 1 0
BITMAP
30
30
86
C4
78
30
30
86
C4
78
00
40
70
3C
04
ENDCHAR
STARTCHAR uniA8F5
ENCODING 43253
SWIDTH 389 0
DWIDTH 9 0
BBX 7 15 1 0
BITMAP
30
30
86
C4
78
00
78
4C
0C
0C
0C
4C
78
40
40
ENDCHAR
STARTCHAR uniA8F6
ENCODING 43254
SWIDTH 389 0
DWIDTH 9 0
BBX 7 15 1 0
BITMAP
30
30
86
C4
78
00
78
CC
0C
0C
38
CC
CC
F8
C0
ENDCHAR
STARTCHAR uniA8F7
ENCODING 43255
SWIDTH 389 0
DWIDTH 9 0
BBX 7 15 1 0
BITMAP
30
30
86
C4
78
00
7E
C0
C0
F0
7C
1C
C6
C4
7C
ENDCHAR
STARTCHAR uniA8F8
ENCODING 43256
SWIDTH 594 0
DWIDTH 13 0
BBX 11 10 1 1
BITMAP
79C0
C360
C260
C060
7860
6060
C060
C0C0
6180
3F00
ENDCHAR
STARTCHAR uniA8F9
ENCODING 43257
SWIDTH 576 0
DWIDTH 13 0
BBX 11 10 1 1
BITMAP
0380
0240
0260
0060
7060
C040
C0C0
C0C0
6180
3E00
ENDCHAR
STARTCHAR uniA8FA
ENCODING 43258
SWIDTH 191 0
DWIDTH 4 0
BBX 5 6 0 13
BITMAP
98
90
D0
70
60
60
ENDCHAR
STARTCHAR uniA8FB
ENCODING 43259
SWIDTH 419 0
DWIDTH 9 0
BBX 9 1 0 18
BITMAP
FF80
ENDCHAR
STARTCHAR fi
ENCODING 64257
SWIDTH 376 0
DWIDTH 8 0
BBX 7 15 0 0
BITMAP
3A
62
60
60
FA
62
62
62
62
62
62
62
62
62
62
ENDCHAR
STARTCHAR fl
ENCODING 64258
SWIDTH 376 0
DWIDTH 8 0
BBX 7 15 0 0
BITMAP
3A
62
62
62
FA
62
62
62
62
62
62
62
62
62
62
ENDCHAR
STARTCHAR .notdef
ENCODING 64260
SWIDTH 460 0
DWIDTH 10 0
BBX 10 14 0 0
BITMAP
FFC0
C0C0
E1C0
A140
9240
9A40
8C40
8C40
9A40
9240
A140
E1C0
C0C0
FFC0
ENDCHAR
STARTCHAR NULL
ENCODING 64261
SWIDTH 0 0
DWIDTH 0 0
BBX 1 1 0 0
BITMAP
00
ENDCHAR
STARTCHAR uni09080902
ENCODING 64262
SWIDTH 433 0
DWIDTH 10 0
BBX 10 20 0 -1
BITMAP
0180
0200
0640
0640
0200
FFC0
0300
0300
0300
3F00
6000
6000
3E00
0300
0180
2180
3300
3E00
2000
2000
ENDCHAR
STARTCHAR uni093F0901
ENCODING 64263
SWIDTH 228 0
DWIDTH 5 0
BBX 18 20 0 1
BITMAP
000600
0FE600
1830C0
301880
201F00
200000
200000
F80000
200000
200000
200000
200000
200000
200000
200000
200000
200000
200000
200000
200000
ENDCHAR
STARTCHAR uni093F0902
ENCODING 64264
SWIDTH 228 0
DWIDTH 5 0
BBX 16 19 0 1
BITMAP
0FE3
1833
3018
2018
2000
2000
F800
2000
2000
2000
2000
2000
2000
2000
2000
2000
2000
2000
2000
ENDCHAR
STARTCHAR uni093F0930094D
ENCODING 64265
SWIDTH 228 0
DWIDTH 5 0
BBX 15 19 0 1
BITMAP
0FE0
183E
3018
2018
2018
2000
F800
2000
2000
2000
2000
2000
2000
2000
2000
2000
2000
2000
2000
ENDCHAR
STARTCHAR uni093F0930094D0901
ENCODING 64266
SWIDTH 228 0
DWIDTH 5 0
BBX 18 19 0 1
BITMAP
0FE600
183800
301900
201C40
201A40
200B80
F80000
200000
200000
200000
200000
200000
200000
200000
200000
200000
200000
200000
200000
ENDCHAR
STARTCHAR uni093F0930094D0902
ENCODING 64267
SWIDTH 228 0
DWIDTH 5 0
BBX 15 19 0 1
BITMAP
0FE0
183E
3018
201A
201A
2000
F800
2000
2000
2000
2000
2000
2000
2000
2000
2000
2000
2000
2000
ENDCHAR
STARTCHAR uni09400901
ENCODING 64268
SWIDTH 228 0
DWIDTH 5 0
BBX 11 19 -3 1
BITMAP
7B00
CF60
CF80
CC00
0C00
0C00
1F00
0400
0400
0400
0400
0400
0400
0400
0400
0400
0400
0400
0400
ENDCHAR
STARTCHAR uni09400902
ENCODING 64269
SWIDTH 228 0
DWIDTH 5 0
BBX 9 19 -3 1
BITMAP
7980
C980
CC00
CC00
0C00
0C00
1F00
0400
0400
0400
0400
0400
0400
0400
0400
0400
0400
0400
0400
ENDCHAR
STARTCHAR uni09400930094D
ENCODING 64270
SWIDTH 228 0
DWIDTH 5 0
BBX 8 19 -3 1
BITMAP
78
CF
CC
CC
0C
0C
1F
04
04
04
04
04
04
04
04
04
04
04
04
ENDCHAR
STARTCHAR uni09400930094D0901
ENCODING 64271
SWIDTH 228 0
DWIDTH 5 0
BBX 11 19 -3 1
BITMAP
7B00
CC00
CCC0
CF20
CD20
0DC0
1F00
0400
0400
0400
0400
0400
0400
0400
0400
0400
0400
0400
0400
ENDCHAR
STARTCHAR uni09400930094D0902
ENCODING 64272
SWIDTH 228 0
DWIDTH 5 0
BBX 9 19 -3 1
BITMAP
7800
CF00
CC00
CD80
0D80
0C00
1F00
0400
0400
0400
0400
0400
0400
0400
0400
0400
0400
0400
0400
ENDCHAR
STARTCHAR uni09490902
ENCODING 64273
SWIDTH 228 0
DWIDTH 5 0
BBX 7 19 -1 1
BITMAP
10
10
C6
7C
00
00
7C
10
10
10
10
10
10
10
10
10
10
10
10
ENDCHAR
STARTCHAR uni09490930094D
ENCODING 64274
SWIDTH 228 0
DWIDTH 5 0
BBX 8 18 0 1
BITMAP
30
60
40
59
6F
F8
20
20
20
20
20
20
20
20
20
20
20
20
ENDCHAR
STARTCHAR uni09490930094D0902
ENCODING 64275
SWIDTH 228 0
DWIDTH 5 0
BBX 8 19 0 1
BITMAP
18
20
66
79
69
6E
F8
20
20
20
20
20
20
20
20
20
20
20
20
ENDCHAR
STARTCHAR uni094A0901
ENCODING 64276
SWIDTH 228 0
DWIDTH 5 0
BBX 14 20 -6 1
BITMAP
0060
0060
C18C
7F88
00F0
0080
0080
03E0
0080
0080
0080
0080
0080
0080
0080
0080
0080
0080
0080
0080
ENDCHAR
STARTCHAR uni094A0902
ENCODING 64277
SWIDTH 228 0
DWIDTH 5 0
BBX 11 19 -6 1
BITMAP
0180
C180
7F80
0080
0080
0080
03E0
0080
0080
0080
0080
0080
0080
0080
0080
0080
0080
0080
0080
ENDCHAR
STARTCHAR uni094A0930094D
ENCODING 64278
SWIDTH 228 0
DWIDTH 5 0
BBX 11 18 -6 1
BITMAP
C0C0
7F80
0100
0100
0180
03E0
0080
0080
0080
0080
0080
0080
0080
0080
0080
0080
0080
0080
ENDCHAR
STARTCHAR uni094A0930094D0901
ENCODING 64279
SWIDTH 228 0
DWIDTH 5 0
BBX 14 19 -6 1
BITMAP
C0C0
C180
7F90
0144
014C
01B8
03E0
0080
0080
0080
0080
0080
0080
0080
0080
0080
0080
0080
0080
ENDCHAR
STARTCHAR uni094A0930094D0902
ENCODING 64280
SWIDTH 228 0
DWIDTH 5 0
BBX 12 18 -6 1
BITMAP
C0C0
7F80
0130
0130
0180
03E0
0080
0080
0080
0080
0080
0080
0080
0080
0080
0080
0080
0080
ENDCHAR
STARTCHAR uni094B0901
ENCODING 64281
SWIDTH 228 0
DWIDTH 5 0
BBX 7 19 0 1
BITMAP
D8
DA
46
7C
60
60
F8
20
20
20
20
20
20
20
20
20
20
20
20
ENDCHAR
STARTCHAR uni094B0902
ENCODING 64282
SWIDTH 228 0
DWIDTH 5 0
BBX 5 19 0 1
BITMAP
C0
D8
58
40
60
60
F8
20
20
20
20
20
20
20
20
20
20
20
20
ENDCHAR
STARTCHAR uni094B0930094D
ENCODING 64283
SWIDTH 228 0
DWIDTH 5 0
BBX 6 19 -1 1
BITMAP
C0
4C
70
30
30
30
7C
10
10
10
10
10
10
10
10
10
10
10
10
ENDCHAR
STARTCHAR uni094B0930094D0901
ENCODING 64284
SWIDTH 228 0
DWIDTH 5 0
BBX 9 19 -1 1
BITMAP
CC00
5000
7200
2880
3900
3700
7C00
1000
1000
1000
1000
1000
1000
1000
1000
1000
1000
1000
1000
ENDCHAR
STARTCHAR uni094B0930094D0902
ENCODING 64285
SWIDTH 228 0
DWIDTH 5 0
BBX 7 19 -1 1
BITMAP
C0
4C
70
36
36
30
7C
10
10
10
10
10
10
10
10
10
10
10
10
ENDCHAR
STARTCHAR uni094C0901
ENCODING 64286
SWIDTH 228 0
DWIDTH 5 0
BBX 11 19 -4 1
BITMAP
CD80
6DA0
2C60
37C0
1600
1E00
0F80
0200
0200
0200
0200
0200
0200
0200
0200
0200
0200
0200
0200
ENDCHAR
STARTCHAR uni094C0902
ENCODING 64287
SWIDTH 228 0
DWIDTH 5 0
BBX 8 19 -3 1
BITMAP
98
DB
6B
2C
3C
14
1F
04
04
04
04
04
04
04
04
04
04
04
04
ENDCHAR
STARTCHAR uni094C0930094D
ENCODING 64288
SWIDTH 228 0
DWIDTH 5 0
BBX 9 19 -3 1
BITMAP
9800
DB80
6A00
2C00
3C00
1400
1F00
0400
0400
0400
0400
0400
0400
0400
0400
0400
0400
0400
0400
ENDCHAR
STARTCHAR uni094C0930094D0901
ENCODING 64289
SWIDTH 228 0
DWIDTH 5 0
BBX 12 19 -4 1
BITMAP
DB00
4A00
6C40
2D30
1520
1EE0
1F80
0200
0200
0200
0200
0200
0200
0200
0200
0200
0200
0200
0200
ENDCHAR
STARTCHAR uni094C0930094D0902
ENCODING 64290
SWIDTH 228 0
DWIDTH 5 0
BBX 10 19 -4 1
BITMAP
D800
6D80
2E00
36C0
1EC0
0A00
0F80
0200
0200
0200
0200
0200
0200
0200
0200
0200
0200
0200
0200
ENDCHAR
STARTCHAR uni0940.0
ENCODING 64291
SWIDTH 228 0
DWIDTH 5 0
BBX 13 19 -8 1
BITMAP
1F80
6040
4060
C020
0020
0020
00F8
0020
0020
0020
0020
0020
0020
0020
0020
0020
0020
0020
0020
ENDCHAR
STARTCHAR uni09400901.0
ENCODING 64292
SWIDTH 228 0
DWIDTH 5 0
BBX 15 19 -8 1
BITMAP
1F98
60DA
C066
C07C
0060
0060
00F8
0020
0020
0020
0020
0020
0020
0020
0020
0020
0020
0020
0020
ENDCHAR
STARTCHAR uni09400902.0
ENCODING 64293
SWIDTH 228 0
DWIDTH 5 0
BBX 13 19 -8 1
BITMAP
1F98
60D8
4040
C060
0060
0060
00F8
0020
0020
0020
0020
0020
0020
0020
0020
0020
0020
0020
0020
ENDCHAR
STARTCHAR uni09400930094D.0
ENCODING 64294
SWIDTH 228 0
DWIDTH 5 0
BBX 13 19 -8 1
BITMAP
1F80
60D8
4060
C060
0060
0060
00F8
0020
0020
0020
0020
0020
0020
0020
0020
0020
0020
0020
0020
ENDCHAR
STARTCHAR uni09400930094D0901.0
ENCODING 64295
SWIDTH 228 0
DWIDTH 5 0
BBX 16 19 -8 1
BITMAP
1F98
60D0
4066
C079
C069
006E
00F8
0020
0020
0020
0020
0020
0020
0020
0020
0020
0020
0020
0020
ENDCHAR
STARTCHAR uni09400930094D0902.0
ENCODING 64296
SWIDTH 228 0
DWIDTH 5 0
BBX 14 19 -8 1
BITMAP
1F80
60D8
4060
C06C
006C
0060
00F8
0020
0020
0020
0020
0020
0020
0020
0020
0020
0020
0020
0020
ENDCHAR
STARTCHAR uni093F.00
ENCODING 64297
SWIDTH 228 0
DWIDTH 5 0
BBX 11 19 0 1
BITMAP
0F80
30C0
3060
2060
2000
2000
F800
2000
2000
2000
2000
2000
2000
2000
2000
2000
2000
2000
2000
ENDCHAR
STARTCHAR uni093F0901.00
ENCODING 64298
SWIDTH 228 0
DWIDTH 5 0
BBX 16 20 0 1
BITMAP
0018
0F99
30C2
3066
207C
2000
2000
F800
2000
2000
2000
2000
2000
2000
2000
2000
2000
2000
2000
2000
ENDCHAR
STARTCHAR uni093F0902.00
ENCODING 64299
SWIDTH 228 0
DWIDTH 5 0
BBX 14 19 0 1
BITMAP
0F8C
30CC
3060
2060
2000
2000
F800
2000
2000
2000
2000
2000
2000
2000
2000
2000
2000
2000
2000
ENDCHAR
STARTCHAR uni093F0930094D.00
ENCODING 64300
SWIDTH 228 0
DWIDTH 5 0
BBX 12 19 0 1
BITMAP
0F80
30F0
3060
2040
2060
2000
F800
2000
2000
2000
2000
2000
2000
2000
2000
2000
2000
2000
2000
ENDCHAR
STARTCHAR uni093F0930094D0901.00
ENCODING 64301
SWIDTH 228 0
DWIDTH 5 0
BBX 16 19 0 1
BITMAP
0FB0
30E0
3064
2051
2053
206E
F800
2000
2000
2000
2000
2000
2000
2000
2000
2000
2000
2000
2000
ENDCHAR
STARTCHAR uni093F0930094D0902.00
ENCODING 64302
SWIDTH 228 0
DWIDTH 5 0
BBX 13 19 0 1
BITMAP
0F80
30F0
3060
2058
2078
2000
F800
2000
2000
2000
2000
2000
2000
2000
2000
2000
2000
2000
2000
ENDCHAR
STARTCHAR uni093F.01
ENCODING 64303
SWIDTH 228 0
DWIDTH 5 0
BBX 14 19 0 1
BITMAP
0FE0
1818
300C
200C
2000
2000
F800
2000
2000
2000
2000
2000
2000
2000
2000
2000
2000
2000
2000
ENDCHAR
STARTCHAR uni093F.02
ENCODING 64304
SWIDTH 228 0
DWIDTH 5 0
BBX 15 19 0 1
BITMAP
0FF0
180C
3006
2006
2000
2000
F800
2000
2000
2000
2000
2000
2000
2000
2000
2000
2000
2000
2000
ENDCHAR
STARTCHAR uni093F.03
ENCODING 64305
SWIDTH 228 0
DWIDTH 5 0
BBX 16 19 0 1
BITMAP
07F8
1806
3003
2003
2000
2000
F800
2000
2000
2000
2000
2000
2000
2000
2000
2000
2000
2000
2000
ENDCHAR
STARTCHAR uni093F.04
ENCODING 64306
SWIDTH 228 0
DWIDTH 5 0
BBX 17 19 0 1
BITMAP
07FC00
180300
300180
200180
200000
200000
F80000
200000
200000
200000
200000
200000
200000
200000
200000
200000
200000
200000
200000
ENDCHAR
STARTCHAR uni093F.05
ENCODING 64307
SWIDTH 228 0
DWIDTH 5 0
BBX 18 19 0 1
BITMAP
07FE00
180380
300080
2000C0
200000
200000
F80000
200000
200000
200000
200000
200000
200000
200000
200000
200000
200000
200000
200000
ENDCHAR
STARTCHAR uni093F.06
ENCODING 64308
SWIDTH 228 0
DWIDTH 5 0
BBX 19 19 0 1
BITMAP
07FF00
1801C0
300040
200060
200000
200000
F80000
200000
200000
200000
200000
200000
200000
200000
200000
200000
200000
200000
200000
ENDCHAR
STARTCHAR uni093F.07
ENCODING 64309
SWIDTH 228 0
DWIDTH 5 0
BBX 20 19 0 1
BITMAP
07FF80
1800E0
300020
200030
200000
200000
F80000
200000
200000
200000
200000
200000
200000
200000
200000
200000
200000
200000
200000
ENDCHAR
STARTCHAR uni093F.08
ENCODING 64310
SWIDTH 228 0
DWIDTH 5 0
BBX 21 19 0 1
BITMAP
07FF80
1C0070
300030
200018
200000
200000
F80000
200000
200000
200000
200000
200000
200000
200000
200000
200000
200000
200000
200000
ENDCHAR
STARTCHAR uni093F.09
ENCODING 64311
SWIDTH 228 0
DWIDTH 5 0
BBX 21 19 0 1
BITMAP
07FFC0
1C0030
300018
200008
200000
200000
F80000
200000
200000
200000
200000
200000
200000
200000
200000
200000
200000
200000
200000
ENDCHAR
STARTCHAR uni093F.10
ENCODING 64312
SWIDTH 228 0
DWIDTH 5 0
BBX 22 19 0 1
BITMAP
07FFE0
1C0018
30000C
200004
200000
200000
F80000
200000
200000
200000
200000
200000
200000
200000
200000
200000
200000
200000
200000
ENDCHAR
STARTCHAR uni093F.11
ENCODING 64313
SWIDTH 228 0
DWIDTH 5 0
BBX 23 19 0 1
BITMAP
03FFF0
1C001C
300006
300002
200000
200000
F80000
200000
200000
200000
200000
200000
200000
200000
200000
200000
200000
200000
200000
ENDCHAR
STARTCHAR uni093F.12
ENCODING 64314
SWIDTH 228 0
DWIDTH 5 0
BBX 24 19 0 1
BITMAP
03FFF8
1C000E
300003
300001
200000
200000
F80000
200000
200000
200000
200000
200000
200000
200000
200000
200000
200000
200000
200000
ENDCHAR
STARTCHAR uni093F.13
ENCODING 64315
SWIDTH 228 0
DWIDTH 5 0
BBX 25 19 0 1
BITMAP
03FFFC00
1C000700
30000180
30000080
20000000
20000000
F8000000
20000000
20000000
20000000
20000000
20000000
20000000
20000000
20000000
20000000
20000000
20000000
20000000
ENDCHAR
STARTCHAR uni093F.14
ENCODING 64316
SWIDTH 228 0
DWIDTH 5 0
BBX 26 19 0 1
BITMAP
03FFFC00
1C000380
300000C0
300000C0
20000000
20000000
F8000000
20000000
20000000
20000000
20000000
20000000
20000000
20000000
20000000
20000000
20000000
20000000
20000000
ENDCHAR
STARTCHAR uni093F.15
ENCODING 64317
SWIDTH 228 0
DWIDTH 5 0
BBX 27 19 0 1
BITMAP
03FFFE00
1C0001C0
30000060
30000060
20000000
20000000
F8000000
20000000
20000000
20000000
20000000
20000000
20000000
20000000
20000000
20000000
20000000
20000000
20000000
ENDCHAR
STARTCHAR uni093F.16
ENCODING 64318
SWIDTH 228 0
DWIDTH 5 0
BBX 28 19 0 1
BITMAP
03FFFF00
1E0001E0
30000030
30000030
20000000
20000000
F8000000
20000000
20000000
20000000
20000000
20000000
20000000
20000000
20000000
20000000
20000000
20000000
20000000
ENDCHAR
STARTCHAR uni093F.17
ENCODING 64319
SWIDTH 228 0
DWIDTH 5 0
BBX 29 19 0 1
BITMAP
03FFFF80
0E0000F0
30000018
30000018
20000000
20000000
F8000000
20000000
20000000
20000000
20000000
20000000
20000000
20000000
20000000
20000000
20000000
20000000
20000000
ENDCHAR
STARTCHAR uni093F.18
ENCODING 64320
SWIDTH 228 0
DWIDTH 5 0
BBX 30 19 0 1
BITMAP
01FFFFC0
0E000078
3000000C
3000000C
20000000
20000000
F8000000
20000000
20000000
20000000
20000000
20000000
20000000
20000000
20000000
20000000
20000000
20000000
20000000
ENDCHAR
STARTCHAR uni093F.19
ENCODING 64321
SWIDTH 228 0
DWIDTH 5 0
BBX 31 19 0 1
BITMAP
01FFFFC0
0E000038
30000006
30000006
20000000
20000000
F8000000
20000000
20000000
20000000
20000000
20000000
20000000
20000000
20000000
20000000
20000000
20000000
20000000
ENDCHAR
STARTCHAR uni093F.20
ENCODING 64322
SWIDTH 228 0
DWIDTH 5 0
BBX 32 19 0 1
BITMAP
01FFFFE0
0E00001C
38000006
30000003
20000000
20000000
F8000000
20000000
20000000
20000000
20000000
20000000
20000000
20000000
20000000
20000000
20000000
20000000
20000000
ENDCHAR
STARTCHAR uni093F.21
ENCODING 64323
SWIDTH 228 0
DWIDTH 5 0
BBX 33 19 0 1
BITMAP
01FFFFF000
0E00001E00
3800000300
3000000180
2000000000
2000000000
F800000000
2000000000
2000000000
2000000000
2000000000
2000000000
2000000000
2000000000
2000000000
2000000000
2000000000
2000000000
2000000000
ENDCHAR
STARTCHAR uni093F.22
ENCODING 64324
SWIDTH 228 0
DWIDTH 5 0
BBX 34 19 0 1
BITMAP
01FFFFF800
0E00000F00
1000000180
30000000C0
2000000000
2000000000
F800000000
2000000000
2000000000
2000000000
2000000000
2000000000
2000000000
2000000000
2000000000
2000000000
2000000000
2000000000
2000000000
ENDCHAR
STARTCHAR uni093F.23
ENCODING 64325
SWIDTH 228 0
DWIDTH 5 0
BBX 35 19 0 1
BITMAP
01FFFFF800
0E00000780
10000000C0
3000000060
2000000000
2000000000
F800000000
2000000000
2000000000
2000000000
2000000000
2000000000
2000000000
2000000000
2000000000
2000000000
2000000000
2000000000
2000000000
ENDCHAR
STARTCHAR uni093F.24
ENCODING 64326
SWIDTH 228 0
DWIDTH 5 0
BBX 35 19 0 1
BITMAP
00FFFFFC00
0F000003C0
1800000060
3000000020
2000000000
2000000000
F800000000
2000000000
2000000000
2000000000
2000000000
2000000000
2000000000
2000000000
2000000000
2000000000
2000000000
2000000000
2000000000
ENDCHAR
STARTCHAR uni093F.26
ENCODING 64327
SWIDTH 228 0
DWIDTH 5 0
BBX 37 19 0 1
BITMAP
00FFFFFF00
0F000001F0
1800000018
3000000008
2000000000
2000000000
F800000000
2000000000
2000000000
2000000000
2000000000
2000000000
2000000000
2000000000
2000000000
2000000000
2000000000
2000000000
2000000000
ENDCHAR
STARTCHAR uni093F.30
ENCODING 64328
SWIDTH 228 0
DWIDTH 5 0
BBX 41 19 0 1
BITMAP
00FFFFFFE000
0F0000003E00
180000000180
300000000180
200000000000
200000000000
F80000000000
200000000000
200000000000
200000000000
200000000000
200000000000
200000000000
200000000000
200000000000
200000000000
200000000000
200000000000
200000000000
ENDCHAR
STARTCHAR uni093F0901.01
ENCODING 64329
SWIDTH 228 0
DWIDTH 5 0
BBX 19 20 0 1
BITMAP
000300
0FF300
181860
300C40
200F80
200000
200000
F80000
200000
200000
200000
200000
200000
200000
200000
200000
200000
200000
200000
200000
ENDCHAR
STARTCHAR uni093F0901.02
ENCODING 64330
SWIDTH 228 0
DWIDTH 5 0
BBX 20 20 0 1
BITMAP
000180
0FF980
180C30
300620
2007C0
200000
200000
F80000
200000
200000
200000
200000
200000
200000
200000
200000
200000
200000
200000
200000
ENDCHAR
STARTCHAR uni093F0901.03
ENCODING 64331
SWIDTH 228 0
DWIDTH 5 0
BBX 21 20 0 1
BITMAP
0000C0
07F8C0
180618
300310
2003E0
200000
200000
F80000
200000
200000
200000
200000
200000
200000
200000
200000
200000
200000
200000
200000
ENDCHAR
STARTCHAR uni093F0901.04
ENCODING 64332
SWIDTH 228 0
DWIDTH 5 0
BBX 22 20 0 1
BITMAP
000060
07FE60
18030C
300198
2001F0
200000
200000
F80000
200000
200000
200000
200000
200000
200000
200000
200000
200000
200000
200000
200000
ENDCHAR
STARTCHAR uni093F0901.05
ENCODING 64333
SWIDTH 228 0
DWIDTH 5 0
BBX 22 20 0 1
BITMAP
000030
07FE30
180384
3000CC
2000F8
200000
200000
F80000
200000
200000
200000
200000
200000
200000
200000
200000
200000
200000
200000
200000
ENDCHAR
STARTCHAR uni093F0901.06
ENCODING 64334
SWIDTH 228 0
DWIDTH 5 0
BBX 23 20 0 1
BITMAP
000018
07FF18
1801C2
300066
20007C
200000
200000
F80000
200000
200000
200000
200000
200000
200000
200000
200000
200000
200000
200000
200000
ENDCHAR
STARTCHAR uni093F0901.07
ENCODING 64335
SWIDTH 228 0
DWIDTH 5 0
BBX 24 20 0 1
BITMAP
00000C
07FF8C
1800E1
300033
20003E
200000
200000
F80000
200000
200000
200000
200000
200000
200000
200000
200000
200000
200000
200000
200000
ENDCHAR
STARTCHAR uni093F0901.08
ENCODING 64336
SWIDTH 228 0
DWIDTH 5 0
BBX 25 20 0 1
BITMAP
00000600
07FFC600
1C007080
30003180
20001F00
20000000
20000000
F8000000
20000000
20000000
20000000
20000000
20000000
20000000
20000000
20000000
20000000
20000000
20000000
20000000
ENDCHAR
STARTCHAR uni093F0901.09
ENCODING 64337
SWIDTH 228 0
DWIDTH 5 0
BBX 26 20 0 1
BITMAP
00000300
07FFE300
1C003840
300018C0
20000F80
20000000
20000000
F8000000
20000000
20000000
20000000
20000000
20000000
20000000
20000000
20000000
20000000
20000000
20000000
20000000
ENDCHAR
STARTCHAR uni093F0901.10
ENCODING 64338
SWIDTH 228 0
DWIDTH 5 0
BBX 27 20 0 1
BITMAP
00000180
07FFF180
1C001C20
30000C60
200007C0
20000000
20000000
F8000000
20000000
20000000
20000000
20000000
20000000
20000000
20000000
20000000
20000000
20000000
20000000
20000000
ENDCHAR
STARTCHAR uni093F0901.11
ENCODING 64339
SWIDTH 228 0
DWIDTH 5 0
BBX 28 20 0 1
BITMAP
000000C0
03FFF8C0
1C001E30
30000630
300003E0
20000000
20000000
F8000000
20000000
20000000
20000000
20000000
20000000
20000000
20000000
20000000
20000000
20000000
20000000
20000000
ENDCHAR
STARTCHAR uni093F0901.12
ENCODING 64340
SWIDTH 228 0
DWIDTH 5 0
BBX 29 20 0 1
BITMAP
00000060
03FFF860
1C000F18
30000318
300001F0
20000000
20000000
F8000000
20000000
20000000
20000000
20000000
20000000
20000000
20000000
20000000
20000000
20000000
20000000
20000000
ENDCHAR
STARTCHAR uni093F0901.13
ENCODING 64341
SWIDTH 228 0
DWIDTH 5 0
BBX 30 20 0 1
BITMAP
00000020
03FFFC20
1C00078C
3000018C
300000F0
20000000
20000000
F8000000
20000000
20000000
20000000
20000000
20000000
20000000
20000000
20000000
20000000
20000000
20000000
20000000
ENDCHAR
STARTCHAR uni093F0901.14
ENCODING 64342
SWIDTH 228 0
DWIDTH 5 0
BBX 31 20 0 1
BITMAP
00000030
03FFFE30
1C0003C6
300000C4
300000F8
20000000
20000000
F8000000
20000000
20000000
20000000
20000000
20000000
20000000
20000000
20000000
20000000
20000000
20000000
20000000
ENDCHAR
STARTCHAR uni093F0901.15
ENCODING 64343
SWIDTH 228 0
DWIDTH 5 0
BBX 32 20 0 1
BITMAP
00000018
03FFFF18
1C0001E3
30000062
3000007C
20000000
20000000
F8000000
20000000
20000000
20000000
20000000
20000000
20000000
20000000
20000000
20000000
20000000
20000000
20000000
ENDCHAR
STARTCHAR uni093F0901.16
ENCODING 64344
SWIDTH 228 0
DWIDTH 5 0
BBX 33 20 0 1
BITMAP
0000000C00
03FFFF8C00
1E0001E180
3000003100
3000003E00
2000000000
2000000000
F800000000
2000000000
2000000000
2000000000
2000000000
2000000000
2000000000
2000000000
2000000000
2000000000
2000000000
2000000000
2000000000
ENDCHAR
STARTCHAR uni093F0901.17
ENCODING 64345
SWIDTH 228 0
DWIDTH 5 0
BBX 34 20 0 1
BITMAP
0000000600
03FFFFC600
0E0000F0C0
3000001880
3000001F00
2000000000
2000000000
F800000000
2000000000
2000000000
2000000000
2000000000
2000000000
2000000000
2000000000
2000000000
2000000000
2000000000
2000000000
2000000000
ENDCHAR
STARTCHAR uni093F0901.18
ENCODING 64346
SWIDTH 228 0
DWIDTH 5 0
BBX 35 20 0 1
BITMAP
0000000300
01FFFFE300
0E00007860
3000000C40
3000000F80
2000000000
2000000000
F800000000
2000000000
2000000000
2000000000
2000000000
2000000000
2000000000
2000000000
2000000000
2000000000
2000000000
2000000000
2000000000
ENDCHAR
STARTCHAR uni093F0901.19
ENCODING 64347
SWIDTH 228 0
DWIDTH 5 0
BBX 36 20 0 1
BITMAP
0000000180
01FFFFE180
0E00003C30
3000000660
30000007C0
2000000000
2000000000
F800000000
2000000000
2000000000
2000000000
2000000000
2000000000
2000000000
2000000000
2000000000
2000000000
2000000000
2000000000
2000000000
ENDCHAR
STARTCHAR uni093F0901.20
ENCODING 64348
SWIDTH 228 0
DWIDTH 5 0
BBX 37 20 0 1
BITMAP
00000000C0
01FFFFF0C0
0E00001E18
3800000730
30000003E0
2000000000
2000000000
F800000000
2000000000
2000000000
2000000000
2000000000
2000000000
2000000000
2000000000
2000000000
2000000000
2000000000
2000000000
2000000000
ENDCHAR
STARTCHAR uni093F0901.21
ENCODING 64349
SWIDTH 228 0
DWIDTH 5 0
BBX 37 20 0 1
BITMAP
0000000060
01FFFFF860
0E00001F08
3800000398
30000001F0
2000000000
2000000000
F800000000
2000000000
2000000000
2000000000
2000000000
2000000000
2000000000
2000000000
2000000000
2000000000
2000000000
2000000000
2000000000
ENDCHAR
STARTCHAR uni093F0901.22
ENCODING 64350
SWIDTH 228 0
DWIDTH 5 0
BBX 38 20 0 1
BITMAP
0000000030
01FFFFFC30
0E00000F84
10000001CC
30000000F8
2000000000
2000000000
F800000000
2000000000
2000000000
2000000000
2000000000
2000000000
2000000000
2000000000
2000000000
2000000000
2000000000
2000000000
2000000000
ENDCHAR
STARTCHAR uni093F0901.23
ENCODING 64351
SWIDTH 228 0
DWIDTH 5 0
BBX 39 20 0 1
BITMAP
0000000018
01FFFFFE18
0E000007C2
10000000C6
300000007C
2000000000
2000000000
F800000000
2000000000
2000000000
2000000000
2000000000
2000000000
2000000000
2000000000
2000000000
2000000000
2000000000
2000000000
2000000000
ENDCHAR
STARTCHAR uni093F0901.24
ENCODING 64352
SWIDTH 228 0
DWIDTH 5 0
BBX 40 20 0 1
BITMAP
000000000C
00FFFFFE0C
0F000003E1
1800000063
300000003E
2000000000
2000000000
F800000000
2000000000
2000000000
2000000000
2000000000
2000000000
2000000000
2000000000
2000000000
2000000000
2000000000
2000000000
2000000000
ENDCHAR
STARTCHAR uni093F0901.26
ENCODING 64353
SWIDTH 228 0
DWIDTH 5 0
BBX 42 20 0 1
BITMAP
000000000300
00FFFFFF8300
0F000001F8C0
1800000018C0
300000000F80
200000000000
200000000000
F80000000000
200000000000
200000000000
200000000000
200000000000
200000000000
200000000000
200000000000
200000000000
200000000000
200000000000
200000000000
200000000000
ENDCHAR
STARTCHAR uni093F0901.30
ENCODING 64354
SWIDTH 228 0
DWIDTH 5 0
BBX 46 20 0 1
BITMAP
000000000060
00FFFFFFF060
0F0000003F8C
180000000188
3000000001F0
200000000000
200000000000
F80000000000
200000000000
200000000000
200000000000
200000000000
200000000000
200000000000
200000000000
200000000000
200000000000
200000000000
200000000000
200000000000
ENDCHAR
STARTCHAR uni093F0902.01
ENCODING 64355
SWIDTH 228 0
DWIDTH 5 0
BBX 17 19 0 1
BITMAP
0FE180
181980
300C00
200C00
200000
200000
F80000
200000
200000
200000
200000
200000
200000
200000
200000
200000
200000
200000
200000
ENDCHAR
STARTCHAR uni093F0902.02
ENCODING 64356
SWIDTH 228 0
DWIDTH 5 0
BBX 18 19 0 1
BITMAP
0FF0C0
180CC0
300600
200600
200000
200000
F80000
200000
200000
200000
200000
200000
200000
200000
200000
200000
200000
200000
200000
ENDCHAR
STARTCHAR uni093F0902.03
ENCODING 64357
SWIDTH 228 0
DWIDTH 5 0
BBX 19 19 0 1
BITMAP
07F860
180660
300300
200300
200000
200000
F80000
200000
200000
200000
200000
200000
200000
200000
200000
200000
200000
200000
200000
ENDCHAR
STARTCHAR uni093F0902.04
ENCODING 64358
SWIDTH 228 0
DWIDTH 5 0
BBX 20 19 0 1
BITMAP
07FC30
180330
300180
200180
200000
200000
F80000
200000
200000
200000
200000
200000
200000
200000
200000
200000
200000
200000
200000
ENDCHAR
STARTCHAR uni093F0902.05
ENCODING 64359
SWIDTH 228 0
DWIDTH 5 0
BBX 21 19 0 1
BITMAP
07FE18
180398
300080
2000C0
200000
200000
F80000
200000
200000
200000
200000
200000
200000
200000
200000
200000
200000
200000
200000
ENDCHAR
STARTCHAR uni093F0902.06
ENCODING 64360
SWIDTH 228 0
DWIDTH 5 0
BBX 21 19 0 1
BITMAP
07FF18
1801D8
300040
200060
200000
200000
F80000
200000
200000
200000
200000
200000
200000
200000
200000
200000
200000
200000
200000
ENDCHAR
STARTCHAR uni093F0902.07
ENCODING 64361
SWIDTH 228 0
DWIDTH 5 0
BBX 22 19 0 1
BITMAP
07FF8C
1800EC
300060
200030
200000
200000
F80000
200000
200000
200000
200000
200000
200000
200000
200000
200000
200000
200000
200000
ENDCHAR
STARTCHAR uni093F0902.08
ENCODING 64362
SWIDTH 228 0
DWIDTH 5 0
BBX 23 19 0 1
BITMAP
07FF86
1C0066
300030
200018
200000
200000
F80000
200000
200000
200000
200000
200000
200000
200000
200000
200000
200000
200000
200000
ENDCHAR
STARTCHAR uni093F0902.09
ENCODING 64363
SWIDTH 228 0
DWIDTH 5 0
BBX 24 19 0 1
BITMAP
07FFC3
1C0033
300018
200008
200000
200000
F80000
200000
200000
200000
200000
200000
200000
200000
200000
200000
200000
200000
200000
ENDCHAR
STARTCHAR uni093F0902.10
ENCODING 64364
SWIDTH 228 0
DWIDTH 5 0
BBX 25 19 0 1
BITMAP
03FFE180
1C003980
30000C00
20000400
20000000
20000000
F8000000
20000000
20000000
20000000
20000000
20000000
20000000
20000000
20000000
20000000
20000000
20000000
20000000
ENDCHAR
STARTCHAR uni093F0902.11
ENCODING 64365
SWIDTH 228 0
DWIDTH 5 0
BBX 26 19 0 1
BITMAP
03FFF0C0
1C001CC0
30000600
30000200
20000000
20000000
F8000000
20000000
20000000
20000000
20000000
20000000
20000000
20000000
20000000
20000000
20000000
20000000
20000000
ENDCHAR
STARTCHAR uni093F0902.12
ENCODING 64366
SWIDTH 228 0
DWIDTH 5 0
BBX 27 19 0 1
BITMAP
03FFF860
1C000E60
30000300
30000100
20000000
20000000
F8000000
20000000
20000000
20000000
20000000
20000000
20000000
20000000
20000000
20000000
20000000
20000000
20000000
ENDCHAR
STARTCHAR uni093F0902.13
ENCODING 64367
SWIDTH 228 0
DWIDTH 5 0
BBX 28 19 0 1
BITMAP
03FFF830
1C000730
30000180
30000080
20000000
20000000
F8000000
20000000
20000000
20000000
20000000
20000000
20000000
20000000
20000000
20000000
20000000
20000000
20000000
ENDCHAR
STARTCHAR uni093F0902.14
ENCODING 64368
SWIDTH 228 0
DWIDTH 5 0
BBX 29 19 0 1
BITMAP
03FFFC18
1C000398
300000C0
300000C0
20000000
20000000
F8000000
20000000
20000000
20000000
20000000
20000000
20000000
20000000
20000000
20000000
20000000
20000000
20000000
ENDCHAR
STARTCHAR uni093F0902.15
ENCODING 64369
SWIDTH 228 0
DWIDTH 5 0
BBX 30 19 0 1
BITMAP
03FFFE0C
1C0001CC
30000060
30000060
20000000
20000000
F8000000
20000000
20000000
20000000
20000000
20000000
20000000
20000000
20000000
20000000
20000000
20000000
20000000
ENDCHAR
STARTCHAR uni093F0902.16
ENCODING 64370
SWIDTH 228 0
DWIDTH 5 0
BBX 31 19 0 1
BITMAP
03FFFF06
1E0001E6
30000030
30000030
20000000
20000000
F8000000
20000000
20000000
20000000
20000000
20000000
20000000
20000000
20000000
20000000
20000000
20000000
20000000
ENDCHAR
STARTCHAR uni093F0902.17
ENCODING 64371
SWIDTH 228 0
DWIDTH 5 0
BBX 32 19 0 1
BITMAP
03FFFF83
0E0000F3
30000018
30000018
20000000
20000000
F8000000
20000000
20000000
20000000
20000000
20000000
20000000
20000000
20000000
20000000
20000000
20000000
20000000
ENDCHAR
STARTCHAR uni093F0902.18
ENCODING 64372
SWIDTH 228 0
DWIDTH 5 0
BBX 33 19 0 1
BITMAP
01FFFFC180
0E00007980
3000000C00
3000000C00
2000000000
2000000000
F800000000
2000000000
2000000000
2000000000
2000000000
2000000000
2000000000
2000000000
2000000000
2000000000
2000000000
2000000000
2000000000
ENDCHAR
STARTCHAR uni093F0902.19
ENCODING 64373
SWIDTH 228 0
DWIDTH 5 0
BBX 34 19 0 1
BITMAP
01FFFFC0C0
0E000038C0
3000000C00
3000000600
2000000000
2000000000
F800000000
2000000000
2000000000
2000000000
2000000000
2000000000
2000000000
2000000000
2000000000
2000000000
2000000000
2000000000
2000000000
ENDCHAR
STARTCHAR uni093F0902.20
ENCODING 64374
SWIDTH 228 0
DWIDTH 5 0
BBX 35 19 0 1
BITMAP
01FFFFE060
0E00003C60
3800000600
3000000300
2000000000
2000000000
F800000000
2000000000
2000000000
2000000000
2000000000
2000000000
2000000000
2000000000
2000000000
2000000000
2000000000
2000000000
2000000000
ENDCHAR
STARTCHAR uni093F0902.21
ENCODING 64375
SWIDTH 228 0
DWIDTH 5 0
BBX 36 19 0 1
BITMAP
01FFFFF030
0F00001E30
3800000300
3000000180
2000000000
2000000000
F800000000
2000000000
2000000000
2000000000
2000000000
2000000000
2000000000
2000000000
2000000000
2000000000
2000000000
2000000000
2000000000
ENDCHAR
STARTCHAR uni093F0902.22
ENCODING 64376
SWIDTH 228 0
DWIDTH 5 0
BBX 36 19 0 1
BITMAP
01FFFFF830
0E00000F30
1000000180
30000000C0
2000000000
2000000000
F800000000
2000000000
2000000000
2000000000
2000000000
2000000000
2000000000
2000000000
2000000000
2000000000
2000000000
2000000000
2000000000
ENDCHAR
STARTCHAR uni093F0902.23
ENCODING 64377
SWIDTH 228 0
DWIDTH 5 0
BBX 37 19 0 1
BITMAP
01FFFFF818
0E00000798
10000000C0
3000000060
2000000000
2000000000
F800000000
2000000000
2000000000
2000000000
2000000000
2000000000
2000000000
2000000000
2000000000
2000000000
2000000000
2000000000
2000000000
ENDCHAR
STARTCHAR uni093F0902.24
ENCODING 64378
SWIDTH 228 0
DWIDTH 5 0
BBX 38 19 0 1
BITMAP
00FFFFFC0C
0F000003CC
1800000060
3000000020
2000000000
2000000000
F800000000
2000000000
2000000000
2000000000
2000000000
2000000000
2000000000
2000000000
2000000000
2000000000
2000000000
2000000000
2000000000
ENDCHAR
STARTCHAR uni093F0902.26
ENCODING 64379
SWIDTH 228 0
DWIDTH 5 0
BBX 40 19 0 1
BITMAP
00FFFFFF03
0F000001F3
1800000018
3000000008
2000000000
2000000000
F800000000
2000000000
2000000000
2000000000
2000000000
2000000000
2000000000
2000000000
2000000000
2000000000
2000000000
2000000000
2000000000
ENDCHAR
STARTCHAR uni093F0902.30
ENCODING 64380
SWIDTH 228 0
DWIDTH 5 0
BBX 44 19 0 1
BITMAP
00FFFFFFE030
0F0000003E30
180000000380
300000000180
200000000000
200000000000
F80000000000
200000000000
200000000000
200000000000
200000000000
200000000000
200000000000
200000000000
200000000000
200000000000
200000000000
200000000000
200000000000
ENDCHAR
STARTCHAR uni093F0930094D.01
ENCODING 64381
SWIDTH 228 0
DWIDTH 5 0
BBX 16 19 0 1
BITMAP
0FF0
181F
300C
200C
200C
2000
F800
2000
2000
2000
2000
2000
2000
2000
2000
2000
2000
2000
2000
ENDCHAR
STARTCHAR uni093F0930094D.02
ENCODING 64382
SWIDTH 228 0
DWIDTH 5 0
BBX 16 19 0 1
BITMAP
0FF8
180F
3006
2004
2006
2000
F800
2000
2000
2000
2000
2000
2000
2000
2000
2000
2000
2000
2000
ENDCHAR
STARTCHAR uni093F0930094D.03
ENCODING 64383
SWIDTH 228 0
DWIDTH 5 0
BBX 16 19 0 1
BITMAP
0FF8
180F
3006
2004
2006
2000
F800
2000
2000
2000
2000
2000
2000
2000
2000
2000
2000
2000
2000
ENDCHAR
STARTCHAR uni093F0930094D.04
ENCODING 64384
SWIDTH 228 0
DWIDTH 5 0
BBX 18 19 0 1
BITMAP
0FFE00
1803C0
300180
200100
200100
200080
F80000
200000
200000
200000
200000
200000
200000
200000
200000
200000
200000
200000
200000
ENDCHAR
STARTCHAR uni093F0930094D.05
ENCODING 64385
SWIDTH 228 0
DWIDTH 5 0
BBX 19 19 0 1
BITMAP
07FE00
1801E0
3000C0
200080
200080
200000
F80000
200000
200000
200000
200000
200000
200000
200000
200000
200000
200000
200000
200000
ENDCHAR
STARTCHAR uni093F0930094D.06
ENCODING 64386
SWIDTH 228 0
DWIDTH 5 0
BBX 20 19 0 1
BITMAP
07FF00
1801F0
300060
200040
200040
200000
F80000
200000
200000
200000
200000
200000
200000
200000
200000
200000
200000
200000
200000
ENDCHAR
STARTCHAR uni093F0930094D.07
ENCODING 64387
SWIDTH 228 0
DWIDTH 5 0
BBX 21 19 0 1
BITMAP
07FF80
1800F8
300030
200020
200020
200000
F80000
200000
200000
200000
200000
200000
200000
200000
200000
200000
200000
200000
200000
ENDCHAR
STARTCHAR uni093F0930094D.08
ENCODING 64388
SWIDTH 228 0
DWIDTH 5 0
BBX 22 19 0 1
BITMAP
07FFC0
18007C
300038
200010
200010
200000
F80000
200000
200000
200000
200000
200000
200000
200000
200000
200000
200000
200000
200000
ENDCHAR
STARTCHAR uni093F0930094D.09
ENCODING 64389
SWIDTH 228 0
DWIDTH 5 0
BBX 23 19 0 1
BITMAP
07FFE0
18003E
30001C
200008
200008
200000
F80000
200000
200000
200000
200000
200000
200000
200000
200000
200000
200000
200000
200000
ENDCHAR
STARTCHAR uni093F0930094D.10
ENCODING 64390
SWIDTH 228 0
DWIDTH 5 0
BBX 24 19 0 1
BITMAP
07FFF0
1C001F
30000C
200004
200004
200000
F80000
200000
200000
200000
200000
200000
200000
200000
200000
200000
200000
200000
200000
ENDCHAR
STARTCHAR uni093F0930094D.11
ENCODING 64391
SWIDTH 228 0
DWIDTH 5 0
BBX 25 19 0 1
BITMAP
07FFF800
1C000F80
30000600
30000200
20000200
20000000
F8000000
20000000
20000000
20000000
20000000
20000000
20000000
20000000
20000000
20000000
20000000
20000000
20000000
ENDCHAR
STARTCHAR uni093F0930094D.12
ENCODING 64392
SWIDTH 228 0
DWIDTH 5 0
BBX 26 19 0 1
BITMAP
07FFF800
1C000FC0
30000300
30000300
20000100
20000000
F8000000
20000000
20000000
20000000
20000000
20000000
20000000
20000000
20000000
20000000
20000000
20000000
20000000
ENDCHAR
STARTCHAR uni093F0930094D.13
ENCODING 64393
SWIDTH 228 0
DWIDTH 5 0
BBX 27 19 0 1
BITMAP
03FFFC00
1C0007E0
30000180
30000180
20000080
20000000
F8000000
20000000
20000000
20000000
20000000
20000000
20000000
20000000
20000000
20000000
20000000
20000000
20000000
ENDCHAR
STARTCHAR uni093F0930094D.14
ENCODING 64394
SWIDTH 228 0
DWIDTH 5 0
BBX 28 19 0 1
BITMAP
03FFFE00
1C0003F0
300000C0
300000C0
200000C0
20000000
F8000000
20000000
20000000
20000000
20000000
20000000
20000000
20000000
20000000
20000000
20000000
20000000
20000000
ENDCHAR
STARTCHAR uni093F0930094D.15
ENCODING 64395
SWIDTH 228 0
DWIDTH 5 0
BBX 29 19 0 1
BITMAP
03FFFF00
1C0001F8
30000060
30000060
20000060
20000000
F8000000
20000000
20000000
20000000
20000000
20000000
20000000
20000000
20000000
20000000
20000000
20000000
20000000
ENDCHAR
STARTCHAR uni093F0930094D.16
ENCODING 64396
SWIDTH 228 0
DWIDTH 5 0
BBX 30 19 0 1
BITMAP
03FFFF80
1C0000FC
30000030
30000030
20000030
20000000
F8000000
20000000
20000000
20000000
20000000
20000000
20000000
20000000
20000000
20000000
20000000
20000000
20000000
ENDCHAR
STARTCHAR uni093F0930094D.17
ENCODING 64397
SWIDTH 228 0
DWIDTH 5 0
BBX 31 19 0 1
BITMAP
03FFFFC0
1E0000FE
30000018
30000018
20000018
20000000
F8000000
20000000
20000000
20000000
20000000
20000000
20000000
20000000
20000000
20000000
20000000
20000000
20000000
ENDCHAR
STARTCHAR uni093F0930094D.18
ENCODING 64398
SWIDTH 228 0
DWIDTH 5 0
BBX 32 19 0 1
BITMAP
03FFFFC0
1E00007F
3000000C
3000000C
2000000C
20000000
F8000000
20000000
20000000
20000000
20000000
20000000
20000000
20000000
20000000
20000000
20000000
20000000
20000000
ENDCHAR
STARTCHAR uni093F0930094D.19
ENCODING 64399
SWIDTH 228 0
DWIDTH 5 0
BBX 33 19 0 1
BITMAP
01FFFFE000
0E00003F80
3000000600
3000000400
2000000600
2000000000
F800000000
2000000000
2000000000
2000000000
2000000000
2000000000
2000000000
2000000000
2000000000
2000000000
2000000000
2000000000
2000000000
ENDCHAR
STARTCHAR uni093F0930094D.20
ENCODING 64400
SWIDTH 228 0
DWIDTH 5 0
BBX 33 19 0 1
BITMAP
01FFFFF000
0E00001F80
3000000300
3000000200
2000000300
2000000000
F800000000
2000000000
2000000000
2000000000
2000000000
2000000000
2000000000
2000000000
2000000000
2000000000
2000000000
2000000000
2000000000
ENDCHAR
STARTCHAR uni093F0930094D.21
ENCODING 64401
SWIDTH 228 0
DWIDTH 5 0
BBX 34 19 0 1
BITMAP
01FFFFF800
0E00000FC0
3800000180
3000000100
2000000180
2000000000
F800000000
2000000000
2000000000
2000000000
2000000000
2000000000
2000000000
2000000000
2000000000
2000000000
2000000000
2000000000
2000000000
ENDCHAR
STARTCHAR uni093F0930094D.22
ENCODING 64402
SWIDTH 228 0
DWIDTH 5 0
BBX 35 19 0 1
BITMAP
01FFFFFC00
0E00000FE0
30000001C0
3000000080
2000000080
2000000000
F800000000
2000000000
2000000000
2000000000
2000000000
2000000000
2000000000
2000000000
2000000000
2000000000
2000000000
2000000000
2000000000
ENDCHAR
STARTCHAR uni093F0930094D.23
ENCODING 64403
SWIDTH 228 0
DWIDTH 5 0
BBX 36 19 0 1
BITMAP
01FFFFFE00
0E000007F0
10000000E0
3000000040
2000000040
2000000000
F800000000
2000000000
2000000000
2000000000
2000000000
2000000000
2000000000
2000000000
2000000000
2000000000
2000000000
2000000000
2000000000
ENDCHAR
STARTCHAR uni093F0930094D.24
ENCODING 64404
SWIDTH 228 0
DWIDTH 5 0
BBX 37 19 0 1
BITMAP
00FFFFFE00
0F000003F8
1800000070
3000000020
2000000020
2000000000
F800000000
2000000000
2000000000
2000000000
2000000000
2000000000
2000000000
2000000000
2000000000
2000000000
2000000000
2000000000
2000000000
ENDCHAR
STARTCHAR uni093F0930094D.26
ENCODING 64405
SWIDTH 228 0
DWIDTH 5 0
BBX 39 19 0 1
BITMAP
00FFFFFF80
0F000001FE
180000001C
3000000008
2000000008
2000000000
F800000000
2000000000
2000000000
2000000000
2000000000
2000000000
2000000000
2000000000
2000000000
2000000000
2000000000
2000000000
2000000000
ENDCHAR
STARTCHAR uni093F0930094D.30
ENCODING 64406
SWIDTH 228 0
DWIDTH 5 0
BBX 43 19 0 1
BITMAP
00FFFFFFF000
0F0000003FE0
180000000180
300000000180
200000000080
200000000000
F80000000000
200000000000
200000000000
200000000000
200000000000
200000000000
200000000000
200000000000
200000000000
200000000000
200000000000
200000000000
200000000000
ENDCHAR
STARTCHAR uni093F0930094D0901.01
ENCODING 64407
SWIDTH 228 0
DWIDTH 5 0
BBX 19 19 0 1
BITMAP
0FF700
181C00
300C80
200A20
200E60
200DC0
F80000
200000
200000
200000
200000
200000
200000
200000
200000
200000
200000
200000
200000
ENDCHAR
STARTCHAR uni093F0930094D0901.02
ENCODING 64408
SWIDTH 228 0
DWIDTH 5 0
BBX 20 19 0 1
BITMAP
0FFB00
180E00
300640
200510
200530
2006E0
F80000
200000
200000
200000
200000
200000
200000
200000
200000
200000
200000
200000
200000
ENDCHAR
STARTCHAR uni093F0930094D0901.03
ENCODING 64409
SWIDTH 228 0
DWIDTH 5 0
BBX 20 19 0 1
BITMAP
0FFB00
180E00
300640
200510
200530
2006E0
F80000
200000
200000
200000
200000
200000
200000
200000
200000
200000
200000
200000
200000
ENDCHAR
STARTCHAR uni093F0930094D0901.04
ENCODING 64410
SWIDTH 228 0
DWIDTH 5 0
BBX 22 19 0 1
BITMAP
0FFEC0
180380
300110
20014C
200148
2001B8
F80000
200000
200000
200000
200000
200000
200000
200000
200000
200000
200000
200000
200000
ENDCHAR
STARTCHAR uni093F0930094D0901.05
ENCODING 64411
SWIDTH 228 0
DWIDTH 5 0
BBX 23 19 0 1
BITMAP
07FF60
1803C0
300098
2000A6
2000A4
20009C
F80000
200000
200000
200000
200000
200000
200000
200000
200000
200000
200000
200000
200000
ENDCHAR
STARTCHAR uni093F0930094D0901.06
ENCODING 64412
SWIDTH 228 0
DWIDTH 5 0
BBX 24 19 0 1
BITMAP
07FF30
1800E0
30004C
200053
200052
20004E
F80000
200000
200000
200000
200000
200000
200000
200000
200000
200000
200000
200000
200000
ENDCHAR
STARTCHAR uni093F0930094D0901.07
ENCODING 64413
SWIDTH 228 0
DWIDTH 5 0
BBX 25 19 0 1
BITMAP
07FF9800
1800F000
30006600
20002980
20002900
20002600
F8000000
20000000
20000000
20000000
20000000
20000000
20000000
20000000
20000000
20000000
20000000
20000000
20000000
ENDCHAR
STARTCHAR uni093F0930094D0901.08
ENCODING 64414
SWIDTH 228 0
DWIDTH 5 0
BBX 26 19 0 1
BITMAP
07FFCC00
18007800
30003340
20001480
20001480
20001300
F8000000
20000000
20000000
20000000
20000000
20000000
20000000
20000000
20000000
20000000
20000000
20000000
20000000
ENDCHAR
STARTCHAR uni093F0930094D0901.09
ENCODING 64415
SWIDTH 228 0
DWIDTH 5 0
BBX 26 19 0 1
BITMAP
07FFE600
18003C00
30001D80
20000A40
20000A40
20000980
F8000000
20000000
20000000
20000000
20000000
20000000
20000000
20000000
20000000
20000000
20000000
20000000
20000000
ENDCHAR
STARTCHAR uni093F0930094D0901.10
ENCODING 64416
SWIDTH 228 0
DWIDTH 5 0
BBX 27 19 0 1
BITMAP
07FFF300
1C001E00
30000CC0
20000720
20000520
200004C0
F8000000
20000000
20000000
20000000
20000000
20000000
20000000
20000000
20000000
20000000
20000000
20000000
20000000
ENDCHAR
STARTCHAR uni093F0930094D0901.11
ENCODING 64417
SWIDTH 228 0
DWIDTH 5 0
BBX 28 19 0 1
BITMAP
07FFF980
1C001F00
30000660
30000390
20000290
20000260
F8000000
20000000
20000000
20000000
20000000
20000000
20000000
20000000
20000000
20000000
20000000
20000000
20000000
ENDCHAR
STARTCHAR uni093F0930094D0901.12
ENCODING 64418
SWIDTH 228 0
DWIDTH 5 0
BBX 29 19 0 1
BITMAP
07FFFCC0
1C000F80
30000330
300003C8
20000148
20000170
F8000000
20000000
20000000
20000000
20000000
20000000
20000000
20000000
20000000
20000000
20000000
20000000
20000000
ENDCHAR
STARTCHAR uni093F0930094D0901.13
ENCODING 64419
SWIDTH 228 0
DWIDTH 5 0
BBX 30 19 0 1
BITMAP
03FFFE60
1C0007C0
30000198
300001E4
200001A4
200000B8
F8000000
20000000
20000000
20000000
20000000
20000000
20000000
20000000
20000000
20000000
20000000
20000000
20000000
ENDCHAR
STARTCHAR uni093F0930094D0901.14
ENCODING 64420
SWIDTH 228 0
DWIDTH 5 0
BBX 31 19 0 1
BITMAP
03FFFF30
1C0003C0
300000C8
300000F2
200000D2
2000005C
F8000000
20000000
20000000
20000000
20000000
20000000
20000000
20000000
20000000
20000000
20000000
20000000
20000000
ENDCHAR
STARTCHAR uni093F0930094D0901.15
ENCODING 64421
SWIDTH 228 0
DWIDTH 5 0
BBX 32 19 0 1
BITMAP
03FFFF98
1C0001E0
30000064
30000071
20000069
2000002E
F8000000
20000000
20000000
20000000
20000000
20000000
20000000
20000000
20000000
20000000
20000000
20000000
20000000
ENDCHAR
STARTCHAR uni093F0930094D0901.16
ENCODING 64422
SWIDTH 228 0
DWIDTH 5 0
BBX 33 19 0 1
BITMAP
03FFFF9C00
1C0000F000
3000003200
3000003880
2000003C80
2000001700
F800000000
2000000000
2000000000
2000000000
2000000000
2000000000
2000000000
2000000000
2000000000
2000000000
2000000000
2000000000
2000000000
ENDCHAR
STARTCHAR uni093F0930094D0901.17
ENCODING 64423
SWIDTH 228 0
DWIDTH 5 0
BBX 34 19 0 1
BITMAP
03FFFFCE00
1E00007800
3000001900
3000001C40
2000001EC0
2000001B80
F800000000
2000000000
2000000000
2000000000
2000000000
2000000000
2000000000
2000000000
2000000000
2000000000
2000000000
2000000000
2000000000
ENDCHAR
STARTCHAR uni093F0930094D0901.18
ENCODING 64424
SWIDTH 228 0
DWIDTH 5 0
BBX 35 19 0 1
BITMAP
03FFFFE700
1E00007C00
3000000C80
3000000E20
2000000F60
2000000DC0
F800000000
2000000000
2000000000
2000000000
2000000000
2000000000
2000000000
2000000000
2000000000
2000000000
2000000000
2000000000
2000000000
ENDCHAR
STARTCHAR uni093F0930094D0901.19
ENCODING 64425
SWIDTH 228 0
DWIDTH 5 0
BBX 36 19 0 1
BITMAP
01FFFFF380
0E00003E00
3000000640
3000000510
2000000730
20000006E0
F800000000
2000000000
2000000000
2000000000
2000000000
2000000000
2000000000
2000000000
2000000000
2000000000
2000000000
2000000000
2000000000
ENDCHAR
STARTCHAR uni093F0930094D0901.20
ENCODING 64426
SWIDTH 228 0
DWIDTH 5 0
BBX 37 19 0 1
BITMAP
01FFFFF980
0E00003F00
3000000720
3000000288
2000000290
2000000370
F800000000
2000000000
2000000000
2000000000
2000000000
2000000000
2000000000
2000000000
2000000000
2000000000
2000000000
2000000000
2000000000
ENDCHAR
STARTCHAR uni093F0930094D0901.21
ENCODING 64427
SWIDTH 228 0
DWIDTH 5 0
BBX 38 19 0 1
BITMAP
01FFFFFCC0
0E00001F80
3800000390
300000014C
2000000148
20000001B8
F800000000
2000000000
2000000000
2000000000
2000000000
2000000000
2000000000
2000000000
2000000000
2000000000
2000000000
2000000000
2000000000
ENDCHAR
STARTCHAR uni093F0930094D0901.22
ENCODING 64428
SWIDTH 228 0
DWIDTH 5 0
BBX 39 19 0 1
BITMAP
01FFFFFE60
0E00000FC0
3000000188
30000000A6
20000000A4
200000009C
F800000000
2000000000
2000000000
2000000000
2000000000
2000000000
2000000000
2000000000
2000000000
2000000000
2000000000
2000000000
2000000000
ENDCHAR
STARTCHAR uni093F0930094D0901.23
ENCODING 64429
SWIDTH 228 0
DWIDTH 5 0
BBX 40 19 0 1
BITMAP
01FFFFFF30
0E000007E0
10000000CC
3000000053
2000000052
200000004E
F800000000
2000000000
2000000000
2000000000
2000000000
2000000000
2000000000
2000000000
2000000000
2000000000
2000000000
2000000000
2000000000
ENDCHAR
STARTCHAR uni093F0930094D0901.24
ENCODING 64430
SWIDTH 228 0
DWIDTH 5 0
BBX 41 19 0 1
BITMAP
00FFFFFF1800
0F000007F000
180000006600
300000002980
200000002900
200000002700
F80000000000
200000000000
200000000000
200000000000
200000000000
200000000000
200000000000
200000000000
200000000000
200000000000
200000000000
200000000000
200000000000
ENDCHAR
STARTCHAR uni093F0930094D0901.26
ENCODING 64431
SWIDTH 228 0
DWIDTH 5 0
BBX 43 19 0 1
BITMAP
00FFFFFFC600
0F000000FC00
1800000009A0
300000000A40
200000000A40
200000000980
F80000000000
200000000000
200000000000
200000000000
200000000000
200000000000
200000000000
200000000000
200000000000
200000000000
200000000000
200000000000
200000000000
ENDCHAR
STARTCHAR uni093F0930094D0901.30
ENCODING 64432
SWIDTH 228 0
DWIDTH 5 0
BBX 46 19 0 1
BITMAP
00FFFFFFFC60
0F0000003FC0
180000000198
3000000001E4
2000000000A4
2000000000B8
F80000000000
200000000000
200000000000
200000000000
200000000000
200000000000
200000000000
200000000000
200000000000
200000000000
200000000000
200000000000
200000000000
ENDCHAR
STARTCHAR uni093F0930094D0902.01
ENCODING 64433
SWIDTH 228 0
DWIDTH 5 0
BBX 16 19 0 1
BITMAP
0FF0
181F
300C
200D
200D
2000
F800
2000
2000
2000
2000
2000
2000
2000
2000
2000
2000
2000
2000
ENDCHAR
STARTCHAR uni093F0930094D0902.02
ENCODING 64434
SWIDTH 228 0
DWIDTH 5 0
BBX 17 19 0 1
BITMAP
0FF800
180F00
300600
200480
200680
200000
F80000
200000
200000
200000
200000
200000
200000
200000
200000
200000
200000
200000
200000
ENDCHAR
STARTCHAR uni093F0930094D0902.03
ENCODING 64435
SWIDTH 228 0
DWIDTH 5 0
BBX 17 19 0 1
BITMAP
0FF800
180F00
300600
200480
200680
200000
F80000
200000
200000
200000
200000
200000
200000
200000
200000
200000
200000
200000
200000
ENDCHAR
STARTCHAR uni093F0930094D0902.04
ENCODING 64436
SWIDTH 228 0
DWIDTH 5 0
BBX 19 19 0 1
BITMAP
0FFE00
1803C0
300180
200160
200160
200080
F80000
200000
200000
200000
200000
200000
200000
200000
200000
200000
200000
200000
200000
ENDCHAR
STARTCHAR uni093F0930094D0902.05
ENCODING 64437
SWIDTH 228 0
DWIDTH 5 0
BBX 20 19 0 1
BITMAP
07FE00
1801E0
3000C0
2000B0
2000B0
200000
F80000
200000
200000
200000
200000
200000
200000
200000
200000
200000
200000
200000
200000
ENDCHAR
STARTCHAR uni093F0930094D0902.06
ENCODING 64438
SWIDTH 228 0
DWIDTH 5 0
BBX 21 19 0 1
BITMAP
07FF00
1801F0
300060
200058
200058
200000
F80000
200000
200000
200000
200000
200000
200000
200000
200000
200000
200000
200000
200000
ENDCHAR
STARTCHAR uni093F0930094D0902.07
ENCODING 64439
SWIDTH 228 0
DWIDTH 5 0
BBX 22 19 0 1
BITMAP
07FF80
1800F8
300030
20002C
20002C
200000
F80000
200000
200000
200000
200000
200000
200000
200000
200000
200000
200000
200000
200000
ENDCHAR
STARTCHAR uni093F0930094D0902.08
ENCODING 64440
SWIDTH 228 0
DWIDTH 5 0
BBX 23 19 0 1
BITMAP
07FFC0
18007C
300038
200016
200016
200000
F80000
200000
200000
200000
200000
200000
200000
200000
200000
200000
200000
200000
200000
ENDCHAR
STARTCHAR uni093F0930094D0902.09
ENCODING 64441
SWIDTH 228 0
DWIDTH 5 0
BBX 24 19 0 1
BITMAP
07FFE0
18003E
30001C
20000B
20000B
200000
F80000
200000
200000
200000
200000
200000
200000
200000
200000
200000
200000
200000
200000
ENDCHAR
STARTCHAR uni093F0930094D0902.10
ENCODING 64442
SWIDTH 228 0
DWIDTH 5 0
BBX 25 19 0 1
BITMAP
07FFF000
1C001F00
30000C00
20000580
20000580
20000000
F8000000
20000000
20000000
20000000
20000000
20000000
20000000
20000000
20000000
20000000
20000000
20000000
20000000
ENDCHAR
STARTCHAR uni093F0930094D0902.11
ENCODING 64443
SWIDTH 228 0
DWIDTH 5 0
BBX 26 19 0 1
BITMAP
07FFF800
1C000F80
30000600
300002C0
200002C0
20000000
F8000000
20000000
20000000
20000000
20000000
20000000
20000000
20000000
20000000
20000000
20000000
20000000
20000000
ENDCHAR
STARTCHAR uni093F0930094D0902.12
ENCODING 64444
SWIDTH 228 0
DWIDTH 5 0
BBX 27 19 0 1
BITMAP
07FFF800
1C0007C0
30000300
30000360
20000160
20000000
F8000000
20000000
20000000
20000000
20000000
20000000
20000000
20000000
20000000
20000000
20000000
20000000
20000000
ENDCHAR
STARTCHAR uni093F0930094D0902.13
ENCODING 64445
SWIDTH 228 0
DWIDTH 5 0
BBX 28 19 0 1
BITMAP
03FFFC00
1C0007E0
30000180
300001B0
200000B0
20000000
F8000000
20000000
20000000
20000000
20000000
20000000
20000000
20000000
20000000
20000000
20000000
20000000
20000000
ENDCHAR
STARTCHAR uni093F0930094D0902.14
ENCODING 64446
SWIDTH 228 0
DWIDTH 5 0
BBX 29 19 0 1
BITMAP
03FFFE00
1C0003F0
300000C0
300000D8
200000D8
20000000
F8000000
20000000
20000000
20000000
20000000
20000000
20000000
20000000
20000000
20000000
20000000
20000000
20000000
ENDCHAR
STARTCHAR uni093F0930094D0902.15
ENCODING 64447
SWIDTH 228 0
DWIDTH 5 0
BBX 29 19 0 1
BITMAP
03FFFF00
1C0001F8
30000060
30000068
20000068
20000000
F8000000
20000000
20000000
20000000
20000000
20000000
20000000
20000000
20000000
20000000
20000000
20000000
20000000
ENDCHAR
STARTCHAR uni093F0930094D0902.16
ENCODING 64448
SWIDTH 228 0
DWIDTH 5 0
BBX 30 19 0 1
BITMAP
03FFFF80
1C0000FC
30000030
30000034
20000034
20000000
F8000000
20000000
20000000
20000000
20000000
20000000
20000000
20000000
20000000
20000000
20000000
20000000
20000000
ENDCHAR
STARTCHAR uni093F0930094D0902.17
ENCODING 64449
SWIDTH 228 0
DWIDTH 5 0
BBX 31 19 0 1
BITMAP
03FFFFC0
1E0000FE
30000018
3000001A
2000001A
20000000
F8000000
20000000
20000000
20000000
20000000
20000000
20000000
20000000
20000000
20000000
20000000
20000000
20000000
ENDCHAR
STARTCHAR uni093F0930094D0902.18
ENCODING 64450
SWIDTH 228 0
DWIDTH 5 0
BBX 32 19 0 1
BITMAP
03FFFFC0
1E00007F
3000000C
3000000D
2000000D
20000000
F8000000
20000000
20000000
20000000
20000000
20000000
20000000
20000000
20000000
20000000
20000000
20000000
20000000
ENDCHAR
STARTCHAR uni093F0930094D0902.19
ENCODING 64451
SWIDTH 228 0
DWIDTH 5 0
BBX 33 19 0 1
BITMAP
01FFFFE000
0E00003F80
3000000600
3000000480
2000000680
2000000000
F800000000
2000000000
2000000000
2000000000
2000000000
2000000000
2000000000
2000000000
2000000000
2000000000
2000000000
2000000000
2000000000
ENDCHAR
STARTCHAR uni093F0930094D0902.20
ENCODING 64452
SWIDTH 228 0
DWIDTH 5 0
BBX 34 19 0 1
BITMAP
01FFFFF000
0E00001F80
3000000300
30000002C0
20000003C0
2000000000
F800000000
2000000000
2000000000
2000000000
2000000000
2000000000
2000000000
2000000000
2000000000
2000000000
2000000000
2000000000
2000000000
ENDCHAR
STARTCHAR uni093F0930094D0902.21
ENCODING 64453
SWIDTH 228 0
DWIDTH 5 0
BBX 35 19 0 1
BITMAP
01FFFFF800
0E00000FC0
3800000180
3000000160
20000001E0
2000000000
F800000000
2000000000
2000000000
2000000000
2000000000
2000000000
2000000000
2000000000
2000000000
2000000000
2000000000
2000000000
2000000000
ENDCHAR
STARTCHAR uni093F0930094D0902.22
ENCODING 64454
SWIDTH 228 0
DWIDTH 5 0
BBX 36 19 0 1
BITMAP
01FFFFFC00
0E00000FE0
30000001C0
30000000B0
20000000B0
2000000000
F800000000
2000000000
2000000000
2000000000
2000000000
2000000000
2000000000
2000000000
2000000000
2000000000
2000000000
2000000000
2000000000
ENDCHAR
STARTCHAR uni093F0930094D0902.23
ENCODING 64455
SWIDTH 228 0
DWIDTH 5 0
BBX 37 19 0 1
BITMAP
01FFFFFE00
0E000007F0
10000000E0
3000000058
2000000058
2000000000
F800000000
2000000000
2000000000
2000000000
2000000000
2000000000
2000000000
2000000000
2000000000
2000000000
2000000000
2000000000
2000000000
ENDCHAR
STARTCHAR uni093F0930094D0902.24
ENCODING 64456
SWIDTH 228 0
DWIDTH 5 0
BBX 38 19 0 1
BITMAP
00FFFFFE00
0F000003F8
1800000070
300000002C
200000002C
2000000000
F800000000
2000000000
2000000000
2000000000
2000000000
2000000000
2000000000
2000000000
2000000000
2000000000
2000000000
2000000000
2000000000
ENDCHAR
STARTCHAR uni093F0930094D0902.26
ENCODING 64457
SWIDTH 228 0
DWIDTH 5 0
BBX 40 19 0 1
BITMAP
00FFFFFF80
0F000001FE
180000001C
300000000B
200000000B
2000000000
F800000000
2000000000
2000000000
2000000000
2000000000
2000000000
2000000000
2000000000
2000000000
2000000000
2000000000
2000000000
2000000000
ENDCHAR
STARTCHAR uni093F0930094D0902.30
ENCODING 64458
SWIDTH 228 0
DWIDTH 5 0
BBX 44 19 0 1
BITMAP
00FFFFFFF000
0F0000003FE0
180000000180
3000000001B0
2000000000B0
200000000000
F80000000000
200000000000
200000000000
200000000000
200000000000
200000000000
200000000000
200000000000
200000000000
200000000000
200000000000
200000000000
200000000000
ENDCHAR
STARTCHAR uni0932.loclMAR
ENCODING 64459
SWIDTH 592 0
DWIDTH 13 0
BBX 13 13 0 1
BITMAP
FFF8
00C0
00C0
00C0
3DE0
6530
6230
4210
4210
4010
6030
6030
38E0
ENDCHAR
STARTCHAR uni0936.loclMAR
ENCODING 64460
SWIDTH 564 0
DWIDTH 12 0
BBX 13 14 0 0
BITMAP
FFF8
0860
0860
3E60
3260
2360
0360
0660
6E60
3C60
3060
3060
3060
1060
ENDCHAR
STARTCHAR uni091D.loclNEP
ENCODING 64461
SWIDTH 800 0
DWIDTH 18 0
BBX 17 13 1 1
BITMAP
79FF80
C84000
CC4000
0C5C00
0C6600
0C4300
7FC300
CC4300
CC4300
C84600
704C00
004000
004000
ENDCHAR
STARTCHAR uni0979.loclNEP
ENCODING 64462
SWIDTH 539 0
DWIDTH 12 0
BBX 12 13 0 1
BITMAP
FFF0
0200
0200
0200
43C0
4660
6660
3C60
0060
06E0
0380
0300
0300
ENDCHAR
STARTCHAR uni0915094D0915
ENCODING 64463
SWIDTH 630 0
DWIDTH 14 0
BBX 14 14 0 0
BITMAP
FFFC
0300
0300
3FF0
6398
4308
4308
6318
3FF0
6318
4308
4308
6318
3F30
ENDCHAR
STARTCHAR uni0915094D0924
ENCODING 64464
SWIDTH 705 0
DWIDTH 16 0
BBX 16 13 0 1
BITMAP
FFFF
00C0
00C0
00C0
FFFC
30C6
30C6
30C6
30C6
30C6
10C4
18D8
1CC0
ENDCHAR
STARTCHAR uni0915094D0930
ENCODING 64465
SWIDTH 636 0
DWIDTH 14 0
BBX 14 14 0 0
BITMAP
FFFC
0300
0300
3FF0
6718
4318
C318
C318
4318
7F18
1B70
7300
4300
8000
ENDCHAR
STARTCHAR uni0915094D0932
ENCODING 64466
SWIDTH 1123 0
DWIDTH 25 0
BBX 25 13 0 1
BITMAP
FFFFFF80
03000600
03000600
3BF00600
671F3E00
431CE600
C318C600
C318C600
4318C600
67080600
3F0C0600
030E0600
03038600
ENDCHAR
STARTCHAR uni0915094D0935
ENCODING 64467
SWIDTH 646 0
DWIDTH 14 0
BBX 14 14 0 0
BITMAP
FFFC
0300
0300
3FF0
6318
4308
4308
6308
3F08
6318
4370
4300
6300
3F00
ENDCHAR
STARTCHAR uni0915094D0937
ENCODING 64468
SWIDTH 604 0
DWIDTH 13 0
BBX 13 14 1 0
BITMAP
79F8
4C60
CC60
6C60
3FE0
6060
6060
C060
C060
C660
C660
7E60
0260
0360
ENDCHAR
STARTCHAR uni0915094D0937094D
ENCODING 64469
SWIDTH 376 0
DWIDTH 8 0
BBX 9 14 1 0
BITMAP
3800
4C00
CC00
4C00
6C00
3F80
6000
C000
C000
C600
C600
7E00
0200
0300
ENDCHAR
STARTCHAR uni0915094D0937094D0930
ENCODING 64470
SWIDTH 729 0
DWIDTH 16 0
BBX 15 14 1 0
BITMAP
783E
4C08
CC08
6C08
3FF8
6008
6008
C018
C038
C678
C668
7E48
0208
0308
ENDCHAR
STARTCHAR uni0915094D0937094D0072
ENCODING 64471
SWIDTH 493 0
DWIDTH 11 0
BBX 12 14 1 0
BITMAP
3C00
2600
6200
6200
3600
1FF0
3000
C010
C030
8C60
CCC0
7E80
0600
0600
ENDCHAR
STARTCHAR uni0915094D0072
ENCODING 64472
SWIDTH 465 0
DWIDTH 10 0
BBX 13 14 0 0
BITMAP
FFF0
0300
0300
3FF0
6710
4318
C318
4300
6700
7F00
3B00
6300
4300
8000
ENDCHAR
STARTCHAR uni0916094D0928
ENCODING 64473
SWIDTH 678 0
DWIDTH 15 0
BBX 15 18 0 -4
BITMAP
FFFE
0808
0808
08E8
0998
0908
1908
7108
6198
60E8
7018
3C78
0FE8
1F08
7800
6C00
6C00
3800
ENDCHAR
STARTCHAR uni0916094D0930
ENCODING 64474
SWIDTH 678 0
DWIDTH 15 0
BBX 15 15 0 -1
BITMAP
FFFE
0808
0808
08E8
0998
1908
7108
6108
6198
60E8
3018
1FF8
07C8
7C00
6000
ENDCHAR
STARTCHAR uni0916094D0072
ENCODING 64475
SWIDTH 483 0
DWIDTH 11 0
BBX 13 15 0 -1
BITMAP
FFF0
0800
0800
08F0
0998
1908
7908
7108
6198
60F8
3818
1FF0
1F80
7C00
4000
ENDCHAR
STARTCHAR uni0917094D0928
ENCODING 64476
SWIDTH 568 0
DWIDTH 13 0
BBX 13 15 0 -1
BITMAP
FFF8
0C60
0C60
0C60
0C60
7C60
4C60
4860
78E0
03E0
0E60
1C60
3660
3600
1C00
ENDCHAR
STARTCHAR uni0917094D0928094D
ENCODING 64477
SWIDTH 340 0
DWIDTH 7 0
BBX 10 15 0 -1
BITMAP
FF80
0C00
0C00
0C00
0C00
7C00
4C00
4840
78C0
0380
0E00
1C00
3600
3600
1C00
ENDCHAR
STARTCHAR uni0917094D0930
ENCODING 64478
SWIDTH 564 0
DWIDTH 12 0
BBX 13 14 0 0
BITMAP
FFF8
0C60
0C60
0C60
0C60
7C60
4C60
CC60
4CE0
39E0
0360
0660
0460
0400
ENDCHAR
STARTCHAR uni0917094D0072
ENCODING 64479
SWIDTH 336 0
DWIDTH 7 0
BBX 10 13 0 1
BITMAP
FF80
0C00
0C00
0C00
0C00
7C00
4C00
CC40
4CC0
3980
0300
0600
0400
ENDCHAR
STARTCHAR uni0918094D0928
ENCODING 64480
SWIDTH 477 0
DWIDTH 11 0
BBX 11 15 0 -1
BITMAP
FFE0
6180
6180
6180
3980
6180
6180
6180
6380
3F80
1D80
7180
5980
4800
7000
ENDCHAR
STARTCHAR uni0918094D0928094D
ENCODING 64481
SWIDTH 274 0
DWIDTH 6 0
BBX 9 16 0 -2
BITMAP
FE00
6000
6000
6000
6000
1C00
6180
6180
6180
6300
3E00
3800
7000
D800
D800
7000
ENDCHAR
STARTCHAR uni0918094D0930
ENCODING 64482
SWIDTH 484 0
DWIDTH 11 0
BBX 11 14 0 0
BITMAP
FFE0
6180
6180
6180
1D80
6180
6180
6180
7780
3F80
1980
3180
6180
4000
ENDCHAR
STARTCHAR uni0918094D0072
ENCODING 64483
SWIDTH 274 0
DWIDTH 6 0
BBX 9 14 0 0
BITMAP
FF00
6000
6000
6000
1C00
6180
6180
6180
6300
3E00
0C00
3000
6000
4000
ENDCHAR
STARTCHAR uni0919094D0915
ENCODING 64484
SWIDTH 549 0
DWIDTH 12 0
BBX 12 18 0 -4
BITMAP
FFF0
0180
0180
0180
3FB0
6030
6000
3FC0
00C0
60C0
3F80
0600
3FC0
6640
4660
4660
6640
3EC0
ENDCHAR
STARTCHAR uni0919094D0915094D
ENCODING 64485
SWIDTH 549 0
DWIDTH 12 0
BBX 12 18 0 -4
BITMAP
FFF0
0180
0180
0180
3FB0
6030
6000
3FC0
00C0
60C0
3F80
0600
3FC0
6640
4660
4600
6600
3E00
ENDCHAR
STARTCHAR uni0919094D0915094D0924
ENCODING 64486
SWIDTH 549 0
DWIDTH 12 0
BBX 12 18 0 -4
BITMAP
FFF0
0180
0180
0180
3FB0
6030
6000
3FC0
00C0
60C0
3F80
0600
7FC0
6640
6660
2660
3640
36C0
ENDCHAR
STARTCHAR uni0919094D0915094D0924094D092F
ENCODING 64487
SWIDTH 859 0
DWIDTH 19 0
BBX 19 18 0 -4
BITMAP
FFFFE0
018080
018080
018080
3FB080
603080
600080
3FC080
00F080
60D880
3F9880
061880
7FF080
666080
666180
263180
361E80
360080
ENDCHAR
STARTCHAR uni0919094D0915094D092F
ENCODING 64488
SWIDTH 856 0
DWIDTH 19 0
BBX 19 18 0 -4
BITMAP
FFFFE0
018180
018180
018180
3FB180
603180
600180
3FC180
00F180
60D980
3F9980
061980
3FF180
666180
466180
463180
661F80
3E0180
ENDCHAR
STARTCHAR uni0919094D0915094D0930
ENCODING 64489
SWIDTH 549 0
DWIDTH 12 0
BBX 12 20 0 -6
BITMAP
FFF0
0180
0180
0180
3FB0
6030
6000
3FC0
00C0
60C0
3F80
0600
3FC0
6640
4660
4660
6640
3EC0
6000
8000
ENDCHAR
STARTCHAR uni0919094D0915094D0937
ENCODING 64490
SWIDTH 549 0
DWIDTH 12 0
BBX 12 19 0 -5
BITMAP
FFF0
0180
0180
0180
3FB0
6030
6000
3F80
00C0
60C0
3FC0
64C0
6CC0
3FC0
60C0
40C0
6CC0
3CC0
0600
ENDCHAR
STARTCHAR uni0919094D0915094D0937094D092F
ENCODING 64491
SWIDTH 880 0
DWIDTH 19 0
BBX 20 19 0 -5
BITMAP
FFFFF0
0180C0
0180C0
0180C0
3FB0C0
6030C0
6000C0
3FC0C0
60F8C0
60CCC0
3F8CC0
323CC0
3670C0
1FE0C0
3031C0
201FC0
2600C0
3A0000
030000
ENDCHAR
STARTCHAR uni0919094D0915094D0072092F
ENCODING 64492
SWIDTH 856 0
DWIDTH 19 0
BBX 19 19 0 -5
BITMAP
FFFFE0
018180
018180
018180
3FB180
603180
600180
3FC180
00F180
60D980
3F9980
061980
3FF180
666180
466180
463180
6E1F80
7E0180
600000
ENDCHAR
STARTCHAR uni0919094D0916
ENCODING 64493
SWIDTH 549 0
DWIDTH 12 0
BBX 12 18 0 -4
BITMAP
FFF0
0180
0180
0180
3FB0
6030
6000
3F80
00C0
60C0
3FC0
30C0
E7C0
CCC0
CCC0
4CC0
67C0
38C0
ENDCHAR
STARTCHAR uni0919094D0916094D092F
ENCODING 64494
SWIDTH 846 0
DWIDTH 19 0
BBX 19 18 0 -4
BITMAP
FFFFE0
018180
018180
018180
3FB180
603180
600180
3FC180
00F180
60D980
3F9980
303180
73E180
46C180
46E180
66E380
63BF80
380180
ENDCHAR
STARTCHAR uni0919094D0917
ENCODING 64495
SWIDTH 549 0
DWIDTH 12 0
BBX 12 18 0 -4
BITMAP
FFF0
0180
0180
0180
3FB0
6030
6000
3F80
00C0
60C0
3FC0
08C0
08C0
78C0
48C0
48C0
70C0
00C0
ENDCHAR
STARTCHAR uni0919094D0917094D092F
ENCODING 64496
SWIDTH 850 0
DWIDTH 19 0
BBX 19 18 0 -4
BITMAP
FFFFE0
018180
018180
018180
3FB180
603180
600180
3FC180
00F180
60D980
3F9980
0C1980
0CF180
3C4180
6C6180
6C6380
381F80
000180
ENDCHAR
STARTCHAR uni0919094D0917094D0930
ENCODING 64497
SWIDTH 549 0
DWIDTH 12 0
BBX 12 19 0 -5
BITMAP
FFF0
0180
0180
0180
3FB0
6030
6000
3F80
00C0
60C0
3FC0
08C0
38C0
48C0
48C0
49C0
33C0
06C0
0400
ENDCHAR
STARTCHAR uni0919094D0917094D0072092F
ENCODING 64498
SWIDTH 850 0
DWIDTH 19 0
BBX 19 19 0 -5
BITMAP
FFFFE0
018180
018180
018180
3FB180
603180
600180
3FC180
00F180
60D980
3F9980
0C1980
0CF180
3C4180
6C6180
6C6380
399F80
010180
020000
ENDCHAR
STARTCHAR uni0919094D0918
ENCODING 64499
SWIDTH 549 0
DWIDTH 12 0
BBX 12 18 0 -4
BITMAP
FFF0
0180
0180
0180
3FB0
6030
6000
3F80
00C0
60C0
3F80
3080
3080
1C80
3080
3080
3180
1F80
ENDCHAR
STARTCHAR uni0919094D0918094D092F
ENCODING 64500
SWIDTH 841 0
DWIDTH 19 0
BBX 19 18 0 -4
BITMAP
FFFFE0
018180
018180
018180
3FB180
603180
600180
3F8180
00F180
60D180
3F9980
303180
30F180
1CC180
30E180
30E380
31BF80
1F0180
ENDCHAR
STARTCHAR uni0919094D0918094D0930
ENCODING 64501
SWIDTH 549 0
DWIDTH 12 0
BBX 12 20 0 -6
BITMAP
FFF0
0180
0180
0180
3FB0
6030
6000
3F80
00C0
60C0
3F80
3080
3080
1C80
3080
3180
3F80
1E80
3800
2000
ENDCHAR
STARTCHAR uni0919094D0918094D0072092F
ENCODING 64502
SWIDTH 842 0
DWIDTH 19 0
BBX 19 20 0 -6
BITMAP
FFFFE0
018180
018180
018180
3FB180
603180
600180
3F8180
00F180
60D180
3F9980
303180
30F180
1CC180
30E180
30E380
39BF80
0F0180
3C0000
200000
ENDCHAR
STARTCHAR uni0919094D091A
ENCODING 64503
SWIDTH 549 0
DWIDTH 12 0
BBX 12 18 0 -4
BITMAP
FFF0
0180
0180
0180
3FB0
6030
6000
3F80
00C0
60C0
3FC0
00C0
7EC0
18C0
10C0
10C0
19C0
0EC0
ENDCHAR
STARTCHAR uni0919094D0928
ENCODING 64504
SWIDTH 549 0
DWIDTH 12 0
BBX 12 18 0 -4
BITMAP
FFF0
0180
0180
0180
3FB0
6030
6000
3F80
00C0
60C0
3F80
0080
0080
3F80
6C80
6C80
3880
0080
ENDCHAR
STARTCHAR uni0919094D092E
ENCODING 64505
SWIDTH 549 0
DWIDTH 12 0
BBX 12 18 0 -4
BITMAP
FFF0
0180
0180
0180
3FB0
6030
6000
3F80
00C0
60C0
3FC0
08C0
08C0
08C0
7FC0
48C0
48C0
70C0
ENDCHAR
STARTCHAR uni0919094D092E094D092F
ENCODING 64506
SWIDTH 849 0
DWIDTH 19 0
BBX 19 18 0 -4
BITMAP
FFFFE0
018180
018180
018180
3FB180
603180
600180
3FC180
00F180
60D980
3F9980
0C1980
0C3180
0CE180
3FC180
6C6380
6C3F80
380180
ENDCHAR
STARTCHAR uni0919094D092F
ENCODING 64507
SWIDTH 942 0
DWIDTH 21 0
BBX 21 13 0 1
BITMAP
FFFFF8
030060
030060
3FFC60
600660
60C660
60C660
3E1C60
031860
011860
610C60
6307E0
3E0060
ENDCHAR
STARTCHAR uni091A094D091A
ENCODING 64508
SWIDTH 733 0
DWIDTH 16 0
BBX 16 13 0 1
BITMAP
FFFF
0004
0004
0004
F9E4
3084
2184
2184
2184
318C
1EFC
0004
0004
ENDCHAR
STARTCHAR uni091A094D091B094D0935
ENCODING 64509
SWIDTH 789 0
DWIDTH 17 0
BBX 18 18 0 -4
BITMAP
FFFFC0
010200
010200
018700
FCED80
318180
210180
210180
318700
31FE00
1F0600
007E00
004600
00C600
00C600
00C600
004600
007E00
ENDCHAR
STARTCHAR uni091A094D0930
ENCODING 64510
SWIDTH 480 0
DWIDTH 11 0
BBX 11 14 0 0
BITMAP
FFE0
0180
0180
FD80
3180
2180
2180
3180
3F80
1F80
1980
3180
6180
4000
ENDCHAR
STARTCHAR uni091A094D0932
ENCODING 64511
SWIDTH 928 0
DWIDTH 20 0
BBX 21 13 0 1
BITMAP
FFFFF8
000060
000060
000060
FC73E0
308C60
218C60
218C60
218C60
318060
1F8060
00C060
007860
ENDCHAR
STARTCHAR uni091A094D0072
ENCODING 64512
SWIDTH 280 0
DWIDTH 6 0
BBX 9 14 0 0
BITMAP
FE00
0000
0000
FC00
3000
3000
2180
3180
3100
1E00
0C00
3800
2000
4000
ENDCHAR
STARTCHAR uni091B094D0928
ENCODING 64513
SWIDTH 536 0
DWIDTH 12 0
BBX 12 18 0 -4
BITMAP
FFF0
60C0
60C0
61C0
1B60
6020
6020
6060
60C0
1FC0
00C0
00C0
00C0
3FC0
24C0
6CC0
38C0
00C0
ENDCHAR
STARTCHAR uni091B094D092F
ENCODING 64514
SWIDTH 1023 0
DWIDTH 23 0
BBX 23 13 0 1
BITMAP
FFFFFE
600018
600018
61FF18
236118
382198
602318
602718
606418
604618
308638
1F01F8
000018
ENDCHAR
STARTCHAR uni091B094D0932
ENCODING 64515
SWIDTH 1170 0
DWIDTH 26 0
BBX 26 13 0 1
BITMAP
FFFFFFC0
60000300
60000300
61C00300
6363DF00
18267300
60246300
602C6300
606C6300
60440300
30C60300
1F070300
0001C300
ENDCHAR
STARTCHAR uni091B094D0935
ENCODING 64516
SWIDTH 536 0
DWIDTH 12 0
BBX 12 18 0 -4
BITMAP
FFF0
60C0
60C0
61C0
1B60
6020
6020
6060
60C0
1F80
0080
0F80
1980
1080
1080
1080
1980
0E80
ENDCHAR
STARTCHAR uni091C094D091C
ENCODING 64517
SWIDTH 581 0
DWIDTH 13 0
BBX 13 15 0 -1
BITMAP
FFF8
0060
0060
47E0
4660
4660
4660
6460
3860
03E0
4760
4660
4660
6460
3C00
ENDCHAR
STARTCHAR uni091C094D091C094D
ENCODING 64518
SWIDTH 353 0
DWIDTH 8 0
BBX 11 15 0 -1
BITMAP
FF80
0000
0000
47E0
4600
4600
4600
6400
3840
0380
4700
4600
4600
6400
3C00
ENDCHAR
STARTCHAR uni091C094D091E
ENCODING 64519
SWIDTH 583 0
DWIDTH 13 0
BBX 13 13 0 1
BITMAP
FFF8
0060
0060
0060
1FE0
0260
0360
4360
4360
6260
7C60
4060
4060
ENDCHAR
STARTCHAR uni091C094D091E094D
ENCODING 64520
SWIDTH 397 0
DWIDTH 9 0
BBX 11 13 0 1
BITMAP
FFC0
0000
0000
0000
1FE0
0200
0300
4300
4300
6200
7C00
4000
4000
ENDCHAR
STARTCHAR uni091C094D091E094D0930
ENCODING 64521
SWIDTH 620 0
DWIDTH 14 0
BBX 14 14 0 0
BITMAP
FFFC
0030
0030
0030
1FF0
0230
0330
4330
4330
6230
7C70
41B0
4330
0200
ENDCHAR
STARTCHAR uni091C094D091E094D0072
ENCODING 64522
SWIDTH 392 0
DWIDTH 9 0
BBX 12 14 0 0
BITMAP
FFC0
0000
0000
0000
1FE0
0200
0300
4300
4310
6230
7CE0
41C0
4300
0200
ENDCHAR
STARTCHAR uni091C094D0930
ENCODING 64523
SWIDTH 576 0
DWIDTH 13 0
BBX 13 14 0 0
BITMAP
FFF8
0060
0060
C7E0
C460
C460
C460
4460
4C60
39E0
0360
0660
0460
0800
ENDCHAR
STARTCHAR uni091C094D0072
ENCODING 64524
SWIDTH 348 0
DWIDTH 8 0
BBX 11 14 0 0
BITMAP
FF80
0000
0000
C7E0
C400
C400
C400
4440
4CC0
39C0
0300
0600
0400
0800
ENDCHAR
STARTCHAR uni091D094D0930
ENCODING 64525
SWIDTH 679 0
DWIDTH 15 0
BBX 15 15 0 -1
BITMAP
FFFE
0308
0308
0308
3F08
6008
6008
3FF8
0308
0108
6108
6338
7E68
60C8
6080
ENDCHAR
STARTCHAR uni091D094D0072
ENCODING 64526
SWIDTH 444 0
DWIDTH 10 0
BBX 13 15 0 -1
BITMAP
FFE0
0300
0300
0300
3F00
6000
6000
3FF0
0300
0108
6118
6338
7E60
60C0
6080
ENDCHAR
STARTCHAR uni091E094D091A
ENCODING 64527
SWIDTH 529 0
DWIDTH 12 0
BBX 12 18 0 -4
BITMAP
FFF0
00C0
00C0
38C0
64C0
44C0
07C0
44C0
7CC0
00C0
00C0
7CC0
30C0
30C0
30C0
10C0
0FC0
00C0
ENDCHAR
STARTCHAR uni091E094D091A094D
ENCODING 64528
SWIDTH 321 0
DWIDTH 7 0
BBX 10 17 0 -3
BITMAP
FF00
0000
0000
3800
6400
4400
0780
4400
7C00
0000
0000
7C00
3000
30C0
30C0
1080
0F00
ENDCHAR
STARTCHAR uni091E094D091C
ENCODING 64529
SWIDTH 529 0
DWIDTH 12 0
BBX 12 16 0 -2
BITMAP
FFF0
00C0
00C0
38C0
64C0
44C0
07C0
44C0
7CC0
01C0
07C0
46C0
46C0
46C0
6400
3C00
ENDCHAR
STARTCHAR uni091E094D091C094D
ENCODING 64530
SWIDTH 311 0
DWIDTH 7 0
BBX 10 16 0 -2
BITMAP
FF80
0000
0000
3800
6400
4400
07C0
4400
7C40
01C0
0700
4600
4600
4600
6400
3C00
ENDCHAR
STARTCHAR uni091E094D0930
ENCODING 64531
SWIDTH 529 0
DWIDTH 12 0
BBX 12 14 0 0
BITMAP
FFF0
00C0
00C0
78C0
44C0
06C0
07C0
06C0
44C0
78C0
03C0
06C0
04C0
0800
ENDCHAR
STARTCHAR uni091E094D0072
ENCODING 64532
SWIDTH 332 0
DWIDTH 7 0
BBX 10 14 0 0
BITMAP
FF80
0000
0000
7800
4400
0600
0780
0600
4440
78C0
0380
0600
0400
0800
ENDCHAR
STARTCHAR uni091F094D091F
ENCODING 64533
SWIDTH 408 0
DWIDTH 9 0
BBX 9 18 0 -4
BITMAP
FF80
0200
0200
0200
3E00
6000
6000
6100
6300
3E00
0200
3E00
6000
6000
6100
6100
6300
3E00
ENDCHAR
STARTCHAR uni091F094D091F094D092F
ENCODING 64534
SWIDTH 905 0
DWIDTH 20 0
BBX 20 18 0 -4
BITMAP
FFFFF0
020040
020040
020040
3FF840
600C40
600C40
610C40
633840
3E3040
0230C0
3E18C0
600F40
600040
600000
610000
630000
3E0000
ENDCHAR
STARTCHAR uni091F094D0920
ENCODING 64535
SWIDTH 408 0
DWIDTH 9 0
BBX 9 18 0 -4
BITMAP
FF80
0200
0200
0200
3E00
6000
6000
6100
6300
3E00
0200
3F00
6180
6180
4180
6180
6100
3E00
ENDCHAR
STARTCHAR uni091F094D0920094D092F
ENCODING 64536
SWIDTH 905 0
DWIDTH 20 0
BBX 20 18 0 -4
BITMAP
FFFFF0
020040
020040
020040
3FF840
600C40
600C40
610C40
633840
3E3040
0230C0
0218C0
3F0F40
618040
418000
418000
618000
3E0000
ENDCHAR
STARTCHAR uni091F094D0922
ENCODING 64537
SWIDTH 408 0
DWIDTH 9 0
BBX 9 17 0 -3
BITMAP
FF80
0200
0200
0200
3E00
6000
6000
6100
6300
3E00
6000
6000
4F00
5900
7180
3900
1E00
ENDCHAR
STARTCHAR uni091F094D0922094D092F
ENCODING 64538
SWIDTH 894 0
DWIDTH 20 0
BBX 20 17 0 -3
BITMAP
FFFFF0
0200C0
0200C0
0200C0
3FF8C0
600CC0
600CC0
611CC0
6338C0
3E30C0
6030C0
6019C0
4F0FC0
5900C0
718000
390000
1E0000
ENDCHAR
STARTCHAR uni091F094D0924094D0930
ENCODING 64539
SWIDTH 408 0
DWIDTH 9 0
BBX 9 18 0 -4
BITMAP
FF80
0200
0200
3E00
6000
6000
6100
6100
6300
3E00
0200
7A00
0E00
0600
0E00
1A00
3200
4200
ENDCHAR
STARTCHAR uni091F094D0928
ENCODING 64540
SWIDTH 428 0
DWIDTH 9 0
BBX 10 18 0 -4
BITMAP
FFC0
0300
0300
1F00
3000
6000
6180
6180
3180
1F00
0100
0100
0100
3F00
4D00
4900
3900
0100
ENDCHAR
STARTCHAR uni091F094D092F
ENCODING 64541
SWIDTH 905 0
DWIDTH 20 0
BBX 20 13 0 1
BITMAP
FFFFF0
020040
020040
1FF840
600C40
600C40
600C40
603C40
613040
6130C0
6318C0
1E0F40
000040
ENDCHAR
STARTCHAR uni091F094D0935
ENCODING 64542
SWIDTH 408 0
DWIDTH 9 0
BBX 9 18 0 -4
BITMAP
FF80
0200
0200
3E00
6000
6000
6100
6100
6300
3E00
0200
3A00
6600
4200
4200
4200
6600
3A00
ENDCHAR
STARTCHAR uni0920094D0920
ENCODING 64543
SWIDTH 436 0
DWIDTH 10 0
BBX 10 18 0 -4
BITMAP
FFC0
0200
0200
0200
3F00
6180
4180
4180
6180
3F00
0200
3F00
6180
6180
4180
6180
6100
3E00
ENDCHAR
STARTCHAR uni0920094D0920094D092F
ENCODING 64544
SWIDTH 922 0
DWIDTH 20 0
BBX 21 18 0 -4
BITMAP
FFFFF8
020060
020060
020060
3FF860
618C60
418460
418C60
61B860
3F3060
021860
0218E0
3F0FE0
618060
418000
418000
618000
3E0000
ENDCHAR
STARTCHAR uni0920094D0928
ENCODING 64545
SWIDTH 436 0
DWIDTH 10 0
BBX 10 18 0 -4
BITMAP
FFC0
0200
0200
3E00
6100
6180
4180
6180
6180
3F00
0100
0100
0100
7F00
4900
4900
7100
0100
ENDCHAR
STARTCHAR uni0920094D092F
ENCODING 64546
SWIDTH 943 0
DWIDTH 21 0
BBX 21 13 0 1
BITMAP
FFFFF8
020060
020060
1FFC60
610660
618660
418660
419C60
419860
619860
630C60
1E07E0
000060
ENDCHAR
STARTCHAR uni0920094D0935
ENCODING 64547
SWIDTH 436 0
DWIDTH 10 0
BBX 10 18 0 -4
BITMAP
FFC0
0200
0200
3E00
6100
6180
4180
6180
6180
3F00
0300
3F00
2300
6300
6300
6300
2300
3F00
ENDCHAR
STARTCHAR uni0921094D0918
ENCODING 64548
SWIDTH 528 0
DWIDTH 12 0
BBX 12 18 0 -4
BITMAP
FFF0
0180
0180
0180
3F80
6000
6000
3F80
00C0
60C0
3F80
3080
3080
1C80
3080
3080
3180
1F80
ENDCHAR
STARTCHAR uni0921094D091F
ENCODING 64549
SWIDTH 508 0
DWIDTH 11 0
BBX 11 18 0 -4
BITMAP
FFE0
0180
0180
0180
3F80
6000
3F80
00C0
60C0
60C0
1F80
0300
1F00
3000
2000
2180
3180
1F00
ENDCHAR
STARTCHAR uni0921094D091F094D092F
ENCODING 64550
SWIDTH 984 0
DWIDTH 22 0
BBX 22 18 0 -4
BITMAP
FFFFFC
018030
018030
018030
3FFE30
600330
3F8330
00CF30
60CE30
60CC30
1F8470
0303F0
1F0030
300030
200000
218000
318000
1F0000
ENDCHAR
STARTCHAR uni0921094D0921
ENCODING 64551
SWIDTH 508 0
DWIDTH 11 0
BBX 11 18 0 -4
BITMAP
FFE0
0180
0180
0180
3F80
6000
6000
3FC0
60C0
60C0
3F80
2000
2000
3F80
00C0
60C0
60C0
1F80
ENDCHAR
STARTCHAR uni0921094D0921094D092F
ENCODING 64552
SWIDTH 994 0
DWIDTH 22 0
BBX 22 18 0 -4
BITMAP
FFFFFC
018010
018010
018010
3FFE10
600310
600310
3FC310
60CE10
60CC30
7F8C30
200630
2003D0
3F8010
00C000
60C000
60C000
1F8000
ENDCHAR
STARTCHAR uni0921094D0922
ENCODING 64553
SWIDTH 508 0
DWIDTH 11 0
BBX 11 18 0 -4
BITMAP
FFE0
0180
0180
0180
3F80
2000
2000
3FC0
60C0
60C0
3F80
3000
3000
2780
2C80
38C0
1C80
0F00
ENDCHAR
STARTCHAR uni0921094D0922094D092F
ENCODING 64554
SWIDTH 994 0
DWIDTH 22 0
BBX 22 18 0 -4
BITMAP
FFFFFC
018010
018010
018010
3FFE10
200310
200310
3FC310
60CE10
60CC30
7F8C30
100630
3003D0
278010
2C8000
38C000
3C8000
0F0000
ENDCHAR
STARTCHAR uni0921094D0928
ENCODING 64555
SWIDTH 528 0
DWIDTH 12 0
BBX 12 18 0 -4
BITMAP
FFF0
0180
0180
0180
3F80
6000
6000
3F80
00C0
60C0
3F80
0080
0080
3F80
6C80
6C80
3880
0080
ENDCHAR
STARTCHAR uni0921094D092D
ENCODING 64556
SWIDTH 528 0
DWIDTH 12 0
BBX 12 18 0 -4
BITMAP
FFF0
0180
0180
3F80
6000
6000
3F80
00C0
60C0
60C0
3F80
7880
6880
0880
3F80
6880
6880
3880
ENDCHAR
STARTCHAR uni0921094D092E
ENCODING 64557
SWIDTH 973 0
DWIDTH 21 0
BBX 22 13 0 1
BITMAP
FFFFFC
030030
030030
3FFC30
600630
600630
600630
3E3FF0
032630
016630
612630
633C30
3E0030
ENDCHAR
STARTCHAR uni0921094D092F
ENCODING 64558
SWIDTH 888 0
DWIDTH 20 0
BBX 20 13 0 1
BITMAP
FFFFF0
0300C0
0300C0
3FF8C0
6008C0
600CC0
600CC0
3E38C0
0320C0
0130C0
6131C0
631FC0
3E00C0
ENDCHAR
STARTCHAR uni0921094D0935
ENCODING 64559
SWIDTH 528 0
DWIDTH 12 0
BBX 12 18 0 -4
BITMAP
FFF0
0180
0180
0180
3F80
6000
6000
3FC0
00C0
60C0
3F80
0180
1F80
3180
3180
3180
1180
1F80
ENDCHAR
STARTCHAR uni0922094D0922
ENCODING 64560
SWIDTH 470 0
DWIDTH 10 0
BBX 11 18 0 -4
BITMAP
FFE0
0200
0200
0200
3E00
6000
6F00
7900
7980
7900
3E00
6000
6000
6F00
7900
7980
3900
1E00
ENDCHAR
STARTCHAR uni0922094D0922094D092F
ENCODING 64561
SWIDTH 926 0
DWIDTH 20 0
BBX 21 18 0 -4
BITMAP
FFFFF8
020060
020060
020060
3FF860
600460
6F0660
793C60
79B860
791060
3E1860
2018E0
600F60
6F0060
790000
798000
790000
1E0000
ENDCHAR
STARTCHAR uni0922094D0928
ENCODING 64562
SWIDTH 470 0
DWIDTH 10 0
BBX 11 18 0 -4
BITMAP
FFE0
0200
0200
3E00
6000
6000
6F00
7900
7980
3900
1F00
0300
0300
7F00
4B00
CB00
5B00
7300
ENDCHAR
STARTCHAR uni0922094D092F
ENCODING 64563
SWIDTH 911 0
DWIDTH 20 0
BBX 20 13 0 1
BITMAP
FFFFF0
020040
020040
1FF840
600C40
600C40
600C40
6F3C40
793040
79B040
3918C0
1E0F40
000040
ENDCHAR
STARTCHAR uni0922094D0935
ENCODING 64564
SWIDTH 470 0
DWIDTH 10 0
BBX 11 18 0 -4
BITMAP
FFE0
0200
0200
3E00
6000
6000
6F00
7900
7980
3900
1F00
0300
3F00
6300
6300
6300
6300
3F00
ENDCHAR
STARTCHAR uni0923094D0930
ENCODING 64565
SWIDTH 660 0
DWIDTH 15 0
BBX 15 14 0 0
BITMAP
FFFE
6318
6318
6318
6318
6318
6318
6318
2318
1E38
00D8
0198
0118
0100
ENDCHAR
STARTCHAR uni0923094D0072
ENCODING 64566
SWIDTH 449 0
DWIDTH 10 0
BBX 12 13 0 1
BITMAP
FFE0
6300
6300
6300
6300
6300
6300
6300
2310
1E30
00E0
0180
0100
ENDCHAR
STARTCHAR uni0924094D0924
ENCODING 64567
SWIDTH 509 0
DWIDTH 11 0
BBX 11 13 0 1
BITMAP
FFE0
00C0
00C0
00C0
FFC0
30C0
30C0
30C0
30C0
30C0
10C0
18C0
1CC0
ENDCHAR
STARTCHAR uni0924094D0924094D
ENCODING 64568
SWIDTH 320 0
DWIDTH 7 0
BBX 10 13 0 1
BITMAP
FF80
0000
0000
0000
FFC0
3000
3000
3000
3000
3000
1000
1800
1C00
ENDCHAR
STARTCHAR uni0924094D0930
ENCODING 64569
SWIDTH 444 0
DWIDTH 10 0
BBX 10 13 0 1
BITMAP
FFC0
0300
0300
0300
7B00
0F00
0700
0300
0700
1F00
3300
2300
0300
ENDCHAR
STARTCHAR uni0924094D0072
ENCODING 64570
SWIDTH 219 0
DWIDTH 5 0
BBX 7 12 0 2
BITMAP
FE
00
00
00
78
0C
06
02
06
1C
30
20
ENDCHAR
STARTCHAR uni0925094D0930
ENCODING 64571
SWIDTH 547 0
DWIDTH 12 0
BBX 11 14 1 0
BITMAP
7BE0
CC80
CC80
0C80
0C80
7880
6080
6180
3F80
1E80
1C80
3080
6080
4000
ENDCHAR
STARTCHAR uni0925094D0072
ENCODING 64572
SWIDTH 339 0
DWIDTH 7 0
BBX 9 14 1 0
BITMAP
7800
CC00
CC00
0C00
0C00
3800
7080
6180
3F00
1E00
1C00
3800
6000
4000
ENDCHAR
STARTCHAR uni0926094D0917
ENCODING 64573
SWIDTH 508 0
DWIDTH 11 0
BBX 11 16 0 -2
BITMAP
FFE0
0180
0180
0180
0F80
1000
3000
3080
30C0
1FC0
0840
0840
7860
4860
4860
7020
ENDCHAR
STARTCHAR uni0926094D09170941
ENCODING 64574
SWIDTH 508 0
DWIDTH 11 0
BBX 13 20 0 -6
BITMAP
FFE0
0180
0180
0180
0F80
1000
3000
3080
30C0
1FC0
0840
0840
7860
4860
4860
7070
00B8
0118
0198
00F0
ENDCHAR
STARTCHAR uni0926094D09170942
ENCODING 64575
SWIDTH 508 0
DWIDTH 11 0
BBX 13 20 0 -6
BITMAP
FFE0
0180
0180
0180
0F80
1000
3000
3080
30C0
1FC0
0840
0840
7860
4860
4860
7070
00D8
0198
0188
00E8
ENDCHAR
STARTCHAR uni0926094D0917094D0930
ENCODING 64576
SWIDTH 508 0
DWIDTH 11 0
BBX 11 18 0 -4
BITMAP
FFE0
0180
0180
0180
0F80
1000
3000
3080
30C0
1FC0
0840
0840
7860
48E0
49E0
7320
0200
0400
ENDCHAR
STARTCHAR uni0926094D0918
ENCODING 64577
SWIDTH 540 0
DWIDTH 12 0
BBX 12 14 0 0
BITMAP
FFF0
00C0
00C0
07C0
0C00
1800
7800
D860
CC60
77E0
4220
C230
4630
7C30
ENDCHAR
STARTCHAR uni0926094D09180941
ENCODING 64578
SWIDTH 540 0
DWIDTH 12 0
BBX 14 18 0 -4
BITMAP
FFF0
00C0
00C0
07C0
0C00
1800
7800
D860
CC60
77E0
4220
C230
4630
7C38
004C
008C
00CC
0078
ENDCHAR
STARTCHAR uni0926094D09180942
ENCODING 64579
SWIDTH 540 0
DWIDTH 12 0
BBX 15 18 0 -4
BITMAP
FFF0
00C0
00C0
07C0
0C00
1800
7800
D860
CC60
77E0
4220
C230
4630
7C3C
006C
00C4
0046
0076
ENDCHAR
STARTCHAR uni0926094D0918094D092F
ENCODING 64580
SWIDTH 1009 0
DWIDTH 22 0
BBX 22 14 0 0
BITMAP
FFFFFC
00C018
00C018
07FE18
0C0318
180118
780318
D86F18
CC6C18
77E418
422638
C233F8
463018
7C3018
ENDCHAR
STARTCHAR uni0926094D0918094D0930
ENCODING 64581
SWIDTH 540 0
DWIDTH 12 0
BBX 12 18 0 -4
BITMAP
FFF0
00C0
00C0
07C0
0C00
1800
7800
D860
CC60
77E0
4220
C230
C630
7C30
1800
6000
4000
4000
ENDCHAR
STARTCHAR uni0926094D0918094D0072092F
ENCODING 64582
SWIDTH 1009 0
DWIDTH 22 0
BBX 22 18 0 -4
BITMAP
FFFFFC
00C018
00C018
07FE18
0C0318
180118
780318
D86F18
CC6C18
77E418
422638
C233F8
C63018
7C3018
180000
600000
400000
400000
ENDCHAR
STARTCHAR uni0926094D0926
ENCODING 64583
SWIDTH 412 0
DWIDTH 9 0
BBX 9 15 0 -1
BITMAP
FF80
0600
0600
3E00
6000
6000
6000
3800
6000
6000
6300
6100
3F80
0180
0180
ENDCHAR
STARTCHAR uni0926094D0926094D092F
ENCODING 64584
SWIDTH 816 0
DWIDTH 18 0
BBX 18 15 0 -1
BITMAP
FFFFC0
060100
060100
3FE100
603100
603100
603100
38E100
60C100
60C300
636300
613D00
3F8100
018000
018000
ENDCHAR
STARTCHAR uni0926094D0926094D0935
ENCODING 64585
SWIDTH 412 0
DWIDTH 9 0
BBX 10 18 0 -4
BITMAP
FF80
0600
0600
0600
3E00
6000
6000
6000
3800
6000
6000
6300
6100
3F80
6180
6180
6380
3EC0
ENDCHAR
STARTCHAR uni0926094D0927
ENCODING 64586
SWIDTH 571 0
DWIDTH 13 0
BBX 13 14 0 0
BITMAP
FFF8
0060
0060
07E0
0C00
0C00
6C00
CC20
C430
73F0
6330
4310
6218
3C18
ENDCHAR
STARTCHAR uni0926094D09270941
ENCODING 64587
SWIDTH 571 0
DWIDTH 13 0
BBX 15 18 0 -4
BITMAP
FFF8
0060
0060
07E0
0C00
0C00
6C00
CC20
C430
73F0
6330
4310
6218
3C3C
002E
0046
0064
003C
ENDCHAR
STARTCHAR uni0926094D09270942
ENCODING 64588
SWIDTH 571 0
DWIDTH 13 0
BBX 15 18 0 -4
BITMAP
FFF8
0060
0060
07E0
0C00
0C00
6C00
CC20
C430
73F0
6330
4310
6218
3C3C
0066
0066
0066
0036
ENDCHAR
STARTCHAR uni0926094D0927094D092F
ENCODING 64589
SWIDTH 1030 0
DWIDTH 23 0
BBX 23 14 0 0
BITMAP
FFFFFE
006018
006018
07FF18
0C0198
0C0198
6C0198
CC2718
C43618
73F618
633238
4311F8
621818
3C0000
ENDCHAR
STARTCHAR uni0926094D0927094D0930
ENCODING 64590
SWIDTH 571 0
DWIDTH 13 0
BBX 13 18 0 -4
BITMAP
FFF8
0060
0060
07E0
0C00
0C00
6C00
CC20
C430
73F0
6330
4310
6218
3C18
1800
3000
2000
4000
ENDCHAR
STARTCHAR uni0926094D0927094D0072092F
ENCODING 64591
SWIDTH 1030 0
DWIDTH 23 0
BBX 23 18 0 -4
BITMAP
FFFFFE
006018
006018
07FF18
0C0198
0C0198
6C0198
CC2718
C43618
73F618
633238
4311F8
621818
3C0000
180000
300000
200000
400000
ENDCHAR
STARTCHAR uni0926094D0928
ENCODING 64592
SWIDTH 425 0
DWIDTH 9 0
BBX 10 17 0 -3
BITMAP
FFC0
0200
0200
3E00
6000
6000
6000
6300
6300
3F80
0180
0F80
3C80
78C0
4C00
6800
3800
ENDCHAR
STARTCHAR uni0926094D09280941
ENCODING 64593
SWIDTH 425 0
DWIDTH 9 0
BBX 12 18 0 -4
BITMAP
FFC0
0200
0200
3E00
6000
6000
6000
6300
6300
3F80
0180
0F80
3C80
79E0
4DE0
6830
3A20
01C0
ENDCHAR
STARTCHAR uni0926094D09280942
ENCODING 64594
SWIDTH 425 0
DWIDTH 9 0
BBX 12 18 0 -4
BITMAP
FFC0
0200
0200
3E00
6000
6000
6000
6300
6300
3F80
0180
0F80
3C80
79E0
4FF0
6B30
3B30
01B0
ENDCHAR
STARTCHAR uni0926094D092C
ENCODING 64595
SWIDTH 433 0
DWIDTH 10 0
BBX 10 13 0 1
BITMAP
FFC0
0200
0200
3E00
6000
6000
6300
6100
6380
3F80
6980
6780
3EC0
ENDCHAR
STARTCHAR uni0926094D092C0941
ENCODING 64596
SWIDTH 433 0
DWIDTH 10 0
BBX 12 18 0 -4
BITMAP
FFC0
0200
0200
3E00
6000
6000
6300
6100
6380
3F80
6980
6780
3EC0
01E0
0030
0230
0320
01E0
ENDCHAR
STARTCHAR uni0926094D092C0942
ENCODING 64597
SWIDTH 433 0
DWIDTH 10 0
BBX 12 18 0 -4
BITMAP
FFC0
0200
0200
3E00
6000
6000
6300
6100
6380
3F80
6980
6780
3EC0
01E0
0330
0330
0330
01B0
ENDCHAR
STARTCHAR uni0926094D092C094D0930
ENCODING 64598
SWIDTH 433 0
DWIDTH 10 0
BBX 10 17 0 -3
BITMAP
FFC0
0200
0200
3E00
6000
6000
6300
6100
6300
3F80
6980
6580
3F80
1C40
1800
3000
2000
ENDCHAR
STARTCHAR uni0926094D092D
ENCODING 64599
SWIDTH 658 0
DWIDTH 14 0
BBX 15 15 0 -1
BITMAP
FFFE
0018
0018
00F8
0100
0300
7300
5B00
5B00
1B18
1988
7FFC
580C
5804
7000
ENDCHAR
STARTCHAR uni0926094D092E
ENCODING 64600
SWIDTH 607 0
DWIDTH 13 0
BBX 14 14 0 0
BITMAP
FFFC
0430
0430
0430
3C30
6030
6030
3E30
0230
0230
0FF0
1230
1230
0E30
ENDCHAR
STARTCHAR uni0926094D092E094D
ENCODING 64601
SWIDTH 379 0
DWIDTH 8 0
BBX 13 14 0 0
BITMAP
FFE0
0400
0400
0400
3C00
6000
6000
3E00
0200
0200
0FF8
1200
1200
0E00
ENDCHAR
STARTCHAR uni0926094D092F
ENCODING 64602
SWIDTH 587 0
DWIDTH 13 0
BBX 13 13 0 1
BITMAP
FFF8
0620
0620
3E20
6020
6020
6020
3C20
3020
6060
6060
30E0
1FA0
ENDCHAR
STARTCHAR uni0926094D092F094D
ENCODING 64603
SWIDTH 368 0
DWIDTH 8 0
BBX 11 13 0 1
BITMAP
FF80
0600
0600
3E00
6000
6000
6000
3C00
3020
6060
6060
30C0
1F00
ENDCHAR
STARTCHAR uni0926094D0930
ENCODING 64604
SWIDTH 422 0
DWIDTH 9 0
BBX 10 13 0 1
BITMAP
FFC0
0200
0200
3E00
6000
6000
6000
6300
6100
3F80
0D80
3180
6080
ENDCHAR
STARTCHAR uni0926094D09300941
ENCODING 64605
SWIDTH 422 0
DWIDTH 9 0
BBX 11 18 0 -4
BITMAP
FFC0
0200
0200
3E00
6000
6000
6000
6300
6100
3F80
0D80
3980
6080
41C0
0060
0460
0660
03C0
ENDCHAR
STARTCHAR uni0926094D09300942
ENCODING 64606
SWIDTH 422 0
DWIDTH 9 0
BBX 11 18 0 -4
BITMAP
FFC0
0200
0200
3E00
6000
6000
6000
6300
6100
3F80
0D80
3980
6080
43E0
0660
0620
0220
03A0
ENDCHAR
STARTCHAR uni0926094D0935
ENCODING 64607
SWIDTH 433 0
DWIDTH 10 0
BBX 10 13 0 1
BITMAP
FFC0
0200
0200
3E00
6000
6000
6300
6100
6380
3F80
6180
6180
3EC0
ENDCHAR
STARTCHAR uni0926094D09350941
ENCODING 64608
SWIDTH 433 0
DWIDTH 10 0
BBX 12 18 0 -4
BITMAP
FFC0
0200
0200
3E00
6000
6000
6300
6100
6380
3F80
6180
6180
3EC0
01E0
0030
0230
0320
01E0
ENDCHAR
STARTCHAR uni0926094D09350942
ENCODING 64609
SWIDTH 433 0
DWIDTH 10 0
BBX 12 18 0 -4
BITMAP
FFC0
0200
0200
3E00
6000
6000
6300
6100
6380
3F80
6180
6180
3EC0
01E0
0330
0330
0330
01B0
ENDCHAR
STARTCHAR uni0926094D0935094D0930
ENCODING 64610
SWIDTH 433 0
DWIDTH 10 0
BBX 10 17 0 -3
BITMAP
FFC0
0200
0200
3E00
6000
6000
6300
6100
6300
3F80
6180
6180
3F80
1C40
1800
3000
2000
ENDCHAR
STARTCHAR uni0926094D0943
ENCODING 64611
SWIDTH 433 0
DWIDTH 10 0
BBX 10 18 0 -4
BITMAP
FFC0
0200
0200
0200
3E00
6000
6000
6300
6100
3F80
0180
0180
0080
03C0
0400
0C00
0400
0380
ENDCHAR
STARTCHAR uni0927094D0930
ENCODING 64612
SWIDTH 504 0
DWIDTH 11 0
BBX 10 14 1 0
BITMAP
77C0
D900
C100
C100
3900
C100
C100
C300
E700
7D00
3900
7100
4100
8000
ENDCHAR
STARTCHAR uni0927094D0072
ENCODING 64613
SWIDTH 315 0
DWIDTH 7 0
BBX 9 14 1 0
BITMAP
7000
D800
C000
C000
3800
C180
C180
C100
C300
7E00
1800
3000
6000
8000
ENDCHAR
STARTCHAR uni0928094D0928
ENCODING 64614
SWIDTH 538 0
DWIDTH 12 0
BBX 12 15 0 -1
BITMAP
FFF0
00C0
00C0
70C0
CCC0
DFC0
71C0
01C0
03C0
0FC0
3CC0
3CC0
6CC0
2CC0
3800
ENDCHAR
STARTCHAR uni0928094D0928094D
ENCODING 64615
SWIDTH 310 0
DWIDTH 7 0
BBX 9 15 0 -1
BITMAP
FF80
0000
0000
7000
CC00
DF00
7180
0180
0380
0F00
3C00
3C00
6C00
2C00
3800
ENDCHAR
STARTCHAR uni0928094D0930
ENCODING 64616
SWIDTH 506 0
DWIDTH 11 0
BBX 11 14 0 0
BITMAP
FFE0
0080
0080
0080
0080
7F80
CC80
C880
C880
7180
0280
0C80
0880
1000
ENDCHAR
STARTCHAR uni0928094D0072
ENCODING 64617
SWIDTH 289 0
DWIDTH 6 0
BBX 9 14 0 0
BITMAP
FF00
0000
0000
0000
0000
7F80
CC00
C800
C880
7180
0700
0E00
0800
0800
ENDCHAR
STARTCHAR uni092A094D0924
ENCODING 64618
SWIDTH 475 0
DWIDTH 10 0
BBX 11 13 0 1
BITMAP
FFE0
2180
2180
2180
2180
2180
3180
3F80
3180
2180
3180
3180
1980
ENDCHAR
STARTCHAR uni092A094D0928
ENCODING 64619
SWIDTH 460 0
DWIDTH 10 0
BBX 10 15 0 -1
BITMAP
FFC0
2100
2100
2100
2100
2100
2100
3100
3F00
1D00
3900
F100
9100
9100
7000
ENDCHAR
STARTCHAR uni092A094D0928094D
ENCODING 64620
SWIDTH 259 0
DWIDTH 6 0
BBX 8 15 0 -1
BITMAP
FF
20
20
20
20
21
21
31
3F
0E
18
78
48
48
78
ENDCHAR
STARTCHAR uni092A094D0930
ENCODING 64621
SWIDTH 439 0
DWIDTH 10 0
BBX 10 14 0 0
BITMAP
FFC0
6300
6300
6300
6300
6300
6300
6300
3F00
1F00
1B00
3300
6300
4000
ENDCHAR
STARTCHAR uni092A094D0932
ENCODING 64622
SWIDTH 894 0
DWIDTH 20 0
BBX 20 13 0 1
BITMAP
FFFFF0
6000C0
6000C0
6000C0
60E7C0
619CC0
6118C0
6318C0
2318C0
1F00C0
0180C0
0180C0
0070C0
ENDCHAR
STARTCHAR uni092A094D0072
ENCODING 64623
SWIDTH 241 0
DWIDTH 5 0
BBX 8 14 0 0
BITMAP
FE
60
60
60
60
61
61
63
3E
0C
18
30
20
40
ENDCHAR
STARTCHAR uni092B094D0930
ENCODING 64624
SWIDTH 652 0
DWIDTH 14 0
BBX 15 14 0 0
BITMAP
FFFE
6300
6300
63F0
6398
6308
630C
630C
3F08
3F18
1B30
3300
6300
4000
ENDCHAR
STARTCHAR uni092B094D0932
ENCODING 64625
SWIDTH 1137 0
DWIDTH 25 0
BBX 25 13 0 1
BITMAP
FFFFFF80
63000200
63000200
63700200
639FBE00
630CA600
630C6200
63084200
23084200
3F0C0200
030C0200
03060200
0303C200
ENDCHAR
STARTCHAR uni092B094D0072
ENCODING 64626
SWIDTH 479 0
DWIDTH 11 0
BBX 13 14 0 0
BITMAP
FFF0
6300
6300
63F0
6398
6308
6308
6300
3F00
1F00
3B00
7300
6300
4000
ENDCHAR
STARTCHAR uni092C094D0930
ENCODING 64627
SWIDTH 445 0
DWIDTH 10 0
BBX 10 14 0 0
BITMAP
FFC0
0300
0300
3F00
7300
5300
CB00
4F00
6700
7F00
1B00
3300
6300
4000
ENDCHAR
STARTCHAR uni092C094D0072
ENCODING 64628
SWIDTH 230 0
DWIDTH 5 0
BBX 8 14 -1 0
BITMAP
FF
00
00
1F
39
28
64
64
33
3F
0E
18
30
20
ENDCHAR
STARTCHAR uni092D094D0930
ENCODING 64629
SWIDTH 589 0
DWIDTH 13 0
BBX 12 14 1 0
BITMAP
79F0
C840
CC40
0C40
0C40
0C40
7FC0
CC40
C8C0
79C0
0340
0640
0440
0800
ENDCHAR
STARTCHAR uni092D094D0072
ENCODING 64630
SWIDTH 361 0
DWIDTH 8 0
BBX 10 14 1 0
BITMAP
7800
C800
CC00
0C00
0C00
0C00
7F80
CC00
CC40
C8C0
7380
0700
0600
0800
ENDCHAR
STARTCHAR uni092E094D0930
ENCODING 64631
SWIDTH 562 0
DWIDTH 12 0
BBX 13 14 0 0
BITMAP
FFF8
0C60
0C60
0C60
0C60
0C60
7FE0
CC60
CC60
79E0
0360
0660
0460
0400
ENDCHAR
STARTCHAR uni092E094D0072
ENCODING 64632
SWIDTH 364 0
DWIDTH 8 0
BBX 10 13 0 1
BITMAP
FF80
0C00
0C00
0C00
0C00
0C00
7FC0
CC40
CC40
7980
0300
0600
0400
ENDCHAR
STARTCHAR uni092F094D0930
ENCODING 64633
SWIDTH 491 0
DWIDTH 11 0
BBX 11 14 0 0
BITMAP
FFE0
1980
1980
1980
1980
7180
6180
6180
3380
1F80
1D80
3180
6180
4000
ENDCHAR
STARTCHAR uni092F094D0072
ENCODING 64634
SWIDTH 263 0
DWIDTH 6 0
BBX 9 14 0 0
BITMAP
FF00
1800
1800
1800
1800
7000
6180
6180
3180
1F00
0C00
3800
6000
4000
ENDCHAR
STARTCHAR uni09300941
ENCODING 64635
SWIDTH 531 0
DWIDTH 12 0
BBX 12 13 0 1
BITMAP
FFF0
0C00
0C00
0FC0
0C60
0C60
1860
7060
6060
2060
31C0
1000
1800
ENDCHAR
STARTCHAR uni09300942
ENCODING 64636
SWIDTH 539 0
DWIDTH 12 0
BBX 12 13 0 1
BITMAP
FFF0
0C00
0C00
0FC0
0C60
0C30
1C30
7730
6000
2000
3000
1000
1800
ENDCHAR
STARTCHAR uni0932094D0930
ENCODING 64637
SWIDTH 634 0
DWIDTH 14 0
BBX 14 13 0 1
BITMAP
FFFC
0010
0010
0010
3DF0
6530
6210
4210
4230
4070
60D0
6190
3910
ENDCHAR
STARTCHAR uni0932094D0932
ENCODING 64638
SWIDTH 1081 0
DWIDTH 24 0
BBX 24 13 0 1
BITMAP
FFFFFF
00000C
00000C
00000C
3DEE7C
6539CC
62118C
42318C
42118C
40100C
60180C
300C0C
1C070C
ENDCHAR
STARTCHAR uni0932094D0072
ENCODING 64639
SWIDTH 426 0
DWIDTH 9 0
BBX 12 13 0 1
BITMAP
FFE0
0000
0000
0000
3DE0
6520
6210
4210
4230
4060
60C0
6180
3900
ENDCHAR
STARTCHAR uni0933094D092F
ENCODING 64640
SWIDTH 1145 0
DWIDTH 25 0
BBX 25 13 0 1
BITMAP
FFFFFF80
00000300
00000300
3CFFC300
67986300
638C6300
430DE300
430DC300
430C8300
6388C700
66987F00
3C700300
00000300
ENDCHAR
STARTCHAR uni0935094D0930
ENCODING 64641
SWIDTH 424 0
DWIDTH 9 0
BBX 10 14 0 0
BITMAP
FFC0
0300
0300
3F00
6700
4300
C300
4300
6700
7F00
3B00
7300
4300
8000
ENDCHAR
STARTCHAR uni0935094D0072
ENCODING 64642
SWIDTH 206 0
DWIDTH 5 0
BBX 6 14 0 0
BITMAP
FC
00
00
3C
64
40
C0
C0
64
7C
18
70
C0
80
ENDCHAR
STARTCHAR uni0936094D090B
ENCODING 64643
SWIDTH 545 0
DWIDTH 12 0
BBX 12 18 0 -4
BITMAP
39F0
6440
4640
6640
6640
7C40
3C40
F7C0
0040
0040
0040
0040
0040
01C0
0180
0300
0100
00E0
ENDCHAR
STARTCHAR uni0936094D091A
ENCODING 64644
SWIDTH 579 0
DWIDTH 13 0
BBX 12 14 1 0
BITMAP
39F0
4CC0
44C0
44C0
6CC0
1FC0
F0C0
00C0
00C0
FCC0
30C0
20C0
31C0
1EC0
ENDCHAR
STARTCHAR uni0936094D091A094D
ENCODING 64645
SWIDTH 363 0
DWIDTH 8 0
BBX 10 14 1 0
BITMAP
3800
4C00
4400
4400
6C00
1FC0
F000
00C0
00C0
FCC0
3080
2180
3100
1E00
ENDCHAR
STARTCHAR uni0936094D0928
ENCODING 64646
SWIDTH 545 0
DWIDTH 12 0
BBX 12 15 0 -1
BITMAP
39F0
6440
4640
6640
6C40
3C40
3FC0
E040
00C0
03C0
0F40
1C40
3640
3600
1C00
ENDCHAR
STARTCHAR uni0936094D0928094D
ENCODING 64647
SWIDTH 337 0
DWIDTH 7 0
BBX 10 16 0 -2
BITMAP
3800
6400
4600
6600
6600
7C00
3C00
F7C0
0040
01C0
0700
0E00
3C00
3600
3600
1C00
ENDCHAR
STARTCHAR uni0936094D0930
ENCODING 64648
SWIDTH 545 0
DWIDTH 12 0
BBX 12 14 0 0
BITMAP
39F0
6440
4640
6640
6C40
3C40
3FC0
E040
00C0
03C0
0F40
3C40
3040
2000
ENDCHAR
STARTCHAR uni0936094D0932
ENCODING 64649
SWIDTH 597 0
DWIDTH 13 0
BBX 12 16 1 -2
BITMAP
79F0
CC40
CC40
CC40
6C40
7FC0
10C0
E040
0040
73C0
CCC0
8C40
8C40
8040
C000
6000
ENDCHAR
STARTCHAR uni0936094D0932094D
ENCODING 64650
SWIDTH 358 0
DWIDTH 8 0
BBX 10 16 1 -2
BITMAP
7800
CC00
CC00
CC00
6C00
7F80
10C0
E000
0000
73C0
CC00
8C00
8C00
8000
C000
6000
ENDCHAR
STARTCHAR uni0936094D0935
ENCODING 64651
SWIDTH 545 0
DWIDTH 12 0
BBX 12 13 0 1
BITMAP
39F0
6440
4640
6640
3C40
1FC0
F040
07C0
0CC0
0840
0840
0CC0
0740
ENDCHAR
STARTCHAR uni0936094D0935094D
ENCODING 64652
SWIDTH 327 0
DWIDTH 7 0
BBX 9 13 0 1
BITMAP
3800
6400
4600
6600
3C00
1F80
F000
0780
0C80
0800
0800
0C80
0780
ENDCHAR
STARTCHAR uni0936094D0072
ENCODING 64653
SWIDTH 317 0
DWIDTH 7 0
BBX 10 14 0 0
BITMAP
3800
6400
4600
6600
6C00
3C00
3F80
E040
00C0
0380
0E00
3C00
3000
2000
ENDCHAR
STARTCHAR uni0937094D091F
ENCODING 64654
SWIDTH 475 0
DWIDTH 10 0
BBX 11 13 0 1
BITMAP
FFE0
3180
2980
2980
2580
2380
3180
3F80
3000
6000
60C0
3080
1F00
ENDCHAR
STARTCHAR uni0937094D091F094D092F
ENCODING 64655
SWIDTH 941 0
DWIDTH 21 0
BBX 21 13 0 1
BITMAP
FFFFF8
318060
298060
2DFC60
258660
238660
318660
3F9C60
301860
601860
60CC60
3087E0
1F0060
ENDCHAR
STARTCHAR uni0937094D091F094D0935
ENCODING 64656
SWIDTH 475 0
DWIDTH 10 0
BBX 11 17 0 -3
BITMAP
FFE0
3180
2980
2580
2780
3380
3F80
3000
6000
60C0
30C0
1F80
3180
3180
3180
1F80
0180
ENDCHAR
STARTCHAR uni0937094D0920
ENCODING 64657
SWIDTH 475 0
DWIDTH 10 0
BBX 11 13 0 1
BITMAP
FFE0
3180
2980
2980
2580
2380
3180
1F80
30C0
60C0
60C0
3180
1F00
ENDCHAR
STARTCHAR uni0937094D0920094D092F
ENCODING 64658
SWIDTH 941 0
DWIDTH 21 0
BBX 21 13 0 1
BITMAP
FFFFF8
318060
298060
2DFC60
258660
238660
318660
1F9C60
30D860
60D860
60CC60
3187E0
1F0060
ENDCHAR
STARTCHAR uni0937094D0920094D0935
ENCODING 64659
SWIDTH 475 0
DWIDTH 10 0
BBX 11 17 0 -3
BITMAP
FFE0
3180
2980
2580
2580
3380
1F80
3080
60C0
60C0
31C0
1F80
3180
2180
3180
1F80
0180
ENDCHAR
STARTCHAR uni0937094D0930
ENCODING 64660
SWIDTH 439 0
DWIDTH 10 0
BBX 10 14 0 0
BITMAP
FFC0
6300
7300
7B00
6B00
6700
6300
6300
3F00
1F00
1B00
3300
6300
4000
ENDCHAR
STARTCHAR uni0937094D0072
ENCODING 64661
SWIDTH 240 0
DWIDTH 5 0
BBX 8 14 0 0
BITMAP
FE
60
70
78
68
64
62
63
3E
0C
18
30
20
40
ENDCHAR
STARTCHAR uni0938094D0924094D0930
ENCODING 64662
SWIDTH 742 0
DWIDTH 16 0
BBX 17 13 0 1
BITMAP
FFFF80
0C0600
0C0600
0C0600
0CF600
0D9E00
1B0E00
7F0600
600E00
203E00
30E600
11C600
190600
ENDCHAR
STARTCHAR uni0938094D0924094D0072
ENCODING 64663
SWIDTH 524 0
DWIDTH 12 0
BBX 14 13 0 1
BITMAP
FFF8
0C00
0C00
0C00
0CF0
0D98
1B08
7F04
600C
2038
30E0
11C0
1900
ENDCHAR
STARTCHAR uni0938094D0930
ENCODING 64664
SWIDTH 599 0
DWIDTH 13 0
BBX 13 13 0 1
BITMAP
FFF8
0C20
0C20
0C20
0C20
0F20
19E0
70E0
60E0
23A0
3220
1220
1820
ENDCHAR
STARTCHAR uni0938094D0072
ENCODING 64665
SWIDTH 382 0
DWIDTH 8 0
BBX 11 13 0 1
BITMAP
FFC0
0C00
0C00
0C00
0C00
0F00
1980
70E0
60C0
2380
3200
1200
1800
ENDCHAR
STARTCHAR uni09390941
ENCODING 64666
SWIDTH 444 0
DWIDTH 10 0
BBX 10 18 0 -4
BITMAP
FFC0
0300
0300
3F00
2000
6000
2000
1E00
3180
6180
6180
3000
3C00
1F00
4380
6180
3180
0F00
ENDCHAR
STARTCHAR uni09390942
ENCODING 64667
SWIDTH 444 0
DWIDTH 10 0
BBX 10 18 0 -4
BITMAP
FFC0
0300
0300
3F00
2000
6000
2000
3F00
3180
6180
6180
6000
3000
1E00
3300
3180
3180
1C80
ENDCHAR
STARTCHAR uni09390943
ENCODING 64668
SWIDTH 453 0
DWIDTH 10 0
BBX 10 16 0 -2
BITMAP
FFC0
0100
0100
3F00
2000
6000
2000
3F00
3180
2380
6780
6600
6600
33C0
1800
07C0
ENDCHAR
STARTCHAR uni09390944
ENCODING 64669
SWIDTH 453 0
DWIDTH 10 0
BBX 10 18 0 -4
BITMAP
FFC0
0100
0100
3F00
2000
6000
2000
3F00
3180
2380
6600
6600
6380
6600
2600
33C0
1C00
07C0
ENDCHAR
STARTCHAR uni0939094D0923
ENCODING 64670
SWIDTH 519 0
DWIDTH 11 0
BBX 12 16 0 -2
BITMAP
FFF0
0100
0100
3F00
2000
6000
3000
3F80
3DC0
6D60
6D60
6D60
6760
2000
3800
0F00
ENDCHAR
STARTCHAR uni0939094D0928
ENCODING 64671
SWIDTH 519 0
DWIDTH 11 0
BBX 12 18 0 -4
BITMAP
FFF0
0100
0100
0100
3F00
2000
6000
3000
3F80
30C0
67E0
6960
6960
6960
6660
3000
1800
07C0
ENDCHAR
STARTCHAR uni0939094D092E
ENCODING 64672
SWIDTH 662 0
DWIDTH 15 0
BBX 15 15 0 -1
BITMAP
FFFE
0118
0118
3F18
2018
6018
2018
3F18
3198
67F8
6498
6D98
6718
3000
0F00
ENDCHAR
STARTCHAR uni0939094D092F
ENCODING 64673
SWIDTH 662 0
DWIDTH 15 0
BBX 15 15 0 -1
BITMAP
FFFE
0118
0118
3F18
2018
6018
2018
3F18
3198
2198
6718
6238
33F8
3818
0F00
ENDCHAR
STARTCHAR uni0939094D0930
ENCODING 64674
SWIDTH 453 0
DWIDTH 10 0
BBX 10 14 0 0
BITMAP
FFC0
0100
0100
3F00
2000
6000
2000
3F00
3380
6780
6580
2800
3000
1E00
ENDCHAR
STARTCHAR uni0939094D0932
ENCODING 64675
SWIDTH 519 0
DWIDTH 11 0
BBX 12 18 0 -4
BITMAP
FFF0
0100
0100
0100
3F00
2000
6000
3000
3F80
30C0
66E0
6D60
6860
6C00
6600
3000
1800
07C0
ENDCHAR
STARTCHAR uni0939094D0935
ENCODING 64676
SWIDTH 509 0
DWIDTH 11 0
BBX 11 18 0 -4
BITMAP
FFE0
0100
0100
0100
3F00
2000
6000
3000
3F80
3040
27E0
6460
6C60
6460
67E0
3000
1800
07C0
ENDCHAR
STARTCHAR uni095E094D0930
ENCODING 64677
SWIDTH 691 0
DWIDTH 15 0
BBX 15 14 0 0
BITMAP
FFFE
3180
3180
31F8
318C
3184
3184
3184
3F84
DF8C
CDB8
3980
3180
2000
ENDCHAR
STARTCHAR uni0915094D0937094D.01
ENCODING 64678
SWIDTH 376 0
DWIDTH 8 0
BBX 9 14 1 0
BITMAP
3800
4C00
CC00
CC00
4C00
7800
7800
EF80
C000
C600
C600
7E00
0200
0300
ENDCHAR
STARTCHAR uni0915094D0937094D0072.01
ENCODING 64679
SWIDTH 493 0
DWIDTH 11 0
BBX 12 14 1 0
BITMAP
3C00
2600
6200
6600
6600
3C00
3C00
67F0
C030
8C60
CCC0
7E80
0600
0600
ENDCHAR
STARTCHAR uni0915094D0072.01
ENCODING 64680
SWIDTH 465 0
DWIDTH 10 0
BBX 13 14 0 0
BITMAP
FFF0
0300
0300
3F00
67F8
4300
C300
4300
6700
7F00
3B00
6300
4300
8000
ENDCHAR
STARTCHAR uni0924094D0924094D.01
ENCODING 64681
SWIDTH 322 0
DWIDTH 7 0
BBX 9 13 0 1
BITMAP
FF80
0000
0000
0000
0000
0000
0000
FF80
3000
3000
3000
1000
1C00
ENDCHAR
STARTCHAR uni092B094D0072.01
ENCODING 64682
SWIDTH 479 0
DWIDTH 11 0
BBX 13 14 0 0
BITMAP
FFF0
6300
6300
6300
63F8
6380
6300
6300
3F00
1F00
1B00
3300
6300
4000
ENDCHAR
STARTCHAR uni0915094D0932.loclMAR
ENCODING 64683
SWIDTH 630 0
DWIDTH 14 0
BBX 14 18 0 -4
BITMAP
FFFC
0300
0300
3FF0
6318
4308
4308
6318
3F30
0300
0300
1FE0
3330
2310
2310
2010
3030
1860
ENDCHAR
STARTCHAR uni091A094D0932.loclMAR
ENCODING 64684
SWIDTH 480 0
DWIDTH 11 0
BBX 11 18 0 -4
BITMAP
FFE0
0180
0180
0180
FD80
3180
2180
2180
3180
1F80
0180
0180
3B80
6EC0
4440
40C0
60C0
3180
ENDCHAR
STARTCHAR uni091B094D0932.loclMAR
ENCODING 64685
SWIDTH 536 0
DWIDTH 12 0
BBX 12 18 0 -4
BITMAP
FFF0
60C0
60C0
61C0
1B60
6020
6020
6060
60C0
1FC0
00C0
00C0
3DE0
6330
6230
6230
2030
38E0
ENDCHAR
STARTCHAR uni092A094D0932.loclMAR
ENCODING 64686
SWIDTH 473 0
DWIDTH 10 0
BBX 11 18 0 -4
BITMAP
FFE0
2180
2180
2180
2180
2180
2180
3380
1F80
0180
0180
3B80
6EC0
44C0
4440
40C0
60C0
3180
ENDCHAR
STARTCHAR uni092B094D0932.loclMAR
ENCODING 64687
SWIDTH 638 0
DWIDTH 14 0
BBX 14 18 0 -4
BITMAP
FFFC
6300
6300
63F0
6398
630C
630C
2308
3F30
0300
0300
1FE0
3330
2310
2318
2010
3030
1860
ENDCHAR
STARTCHAR uni0932094D0932.loclMAR
ENCODING 64688
SWIDTH 592 0
DWIDTH 13 0
BBX 13 18 0 -4
BITMAP
FFF8
00C0
00C0
00C0
3DE0
6530
4210
4210
4210
6030
3870
7DF0
6530
4210
4210
4010
6030
38E0
ENDCHAR
STARTCHAR uni0936094D0932.loclMAR
ENCODING 64689
SWIDTH 927 0
DWIDTH 20 0
BBX 21 13 0 1
BITMAP
39FFF8
640080
460080
660080
6C39C0
3C4660
1FC630
F3C630
00C630
00C030
00C020
006060
0030C0
ENDCHAR
STARTCHAR uni0915094D0930.loclNEP
ENCODING 64690
SWIDTH 636 0
DWIDTH 14 0
BBX 15 13 0 1
BITMAP
FFFE
0300
0300
0370
7B98
0F08
070C
030C
0708
1F18
3B30
2300
0300
ENDCHAR
STARTCHAR uni0915094D
ENCODING 64691
SWIDTH 466 0
DWIDTH 10 0
BBX 13 13 0 1
BITMAP
FFF0
0300
0300
3FF0
6710
4318
C318
C318
4300
6700
3F00
0300
0300
ENDCHAR
STARTCHAR uni0916094D
ENCODING 64692
SWIDTH 483 0
DWIDTH 11 0
BBX 13 13 0 1
BITMAP
FFF0
0800
0800
08F0
0998
1908
7908
7108
6198
60F8
3018
1830
0FC0
ENDCHAR
STARTCHAR uni0917094D
ENCODING 64693
SWIDTH 355 0
DWIDTH 8 0
BBX 9 10 0 4
BITMAP
FF80
0C00
0C00
0C00
0C00
7C00
4C00
CC00
4C00
3800
ENDCHAR
STARTCHAR uni0918094D
ENCODING 64694
SWIDTH 274 0
DWIDTH 6 0
BBX 9 11 0 3
BITMAP
FE00
6000
6000
6000
6000
1C00
6180
6180
6180
6300
3E00
ENDCHAR
STARTCHAR uni0919094D
ENCODING 64695
SWIDTH 476 0
DWIDTH 10 0
BBX 11 18 0 -4
BITMAP
FFE0
0300
0300
3F00
60C0
60C0
6000
3E00
0300
6100
6100
6300
3E00
0000
2000
3800
1E00
0200
ENDCHAR
STARTCHAR uni091A094D
ENCODING 64696
SWIDTH 280 0
DWIDTH 6 0
BBX 9 11 0 3
BITMAP
FE00
0000
0000
0000
FC00
3000
2180
2180
2180
3100
1E00
ENDCHAR
STARTCHAR uni091B094D
ENCODING 64697
SWIDTH 536 0
DWIDTH 12 0
BBX 12 12 0 2
BITMAP
FFF0
6000
6000
61C0
6360
1820
6020
6020
6060
6040
30C0
1F00
ENDCHAR
STARTCHAR uni091C094D
ENCODING 64698
SWIDTH 343 0
DWIDTH 8 0
BBX 10 11 0 3
BITMAP
FF80
0000
0000
0000
47C0
4600
4600
4600
4600
6400
3800
ENDCHAR
STARTCHAR uni091D094D
ENCODING 64699
SWIDTH 431 0
DWIDTH 9 0
BBX 12 15 0 -1
BITMAP
FFC0
0300
0300
0300
3F00
6000
6000
3FF0
0300
0100
6100
6300
7E00
6000
6000
ENDCHAR
STARTCHAR uni091E094D
ENCODING 64700
SWIDTH 333 0
DWIDTH 7 0
BBX 10 11 0 3
BITMAP
FF80
0000
0000
7800
4400
0400
0600
07C0
0600
4400
7800
ENDCHAR
STARTCHAR uni091F094D
ENCODING 64701
SWIDTH 408 0
DWIDTH 9 0
BBX 9 17 0 -3
BITMAP
FF80
0200
0200
1E00
6000
6000
6000
6000
6100
6100
6300
1E00
0000
2000
3800
1E00
0200
ENDCHAR
STARTCHAR uni0920094D
ENCODING 64702
SWIDTH 436 0
DWIDTH 10 0
BBX 10 17 0 -3
BITMAP
FFC0
0200
0200
1E00
6100
6180
4180
4180
4180
6180
6300
1E00
0000
2000
3800
1E00
0200
ENDCHAR
STARTCHAR uni0921094D
ENCODING 64703
SWIDTH 422 0
DWIDTH 9 0
BBX 10 18 0 -4
BITMAP
FFC0
0300
0300
3F00
6000
6000
6000
3E00
0300
6100
6100
6300
3E00
0000
2000
3800
1E00
0200
ENDCHAR
STARTCHAR uni0922094D
ENCODING 64704
SWIDTH 435 0
DWIDTH 10 0
BBX 10 17 0 -3
BITMAP
FFC0
0200
0200
1E00
6000
6000
6000
6F00
7900
7980
3900
1E00
0000
2000
1800
0F00
0300
ENDCHAR
STARTCHAR uni0923094D
ENCODING 64705
SWIDTH 454 0
DWIDTH 10 0
BBX 11 11 0 3
BITMAP
FFE0
6300
6300
6300
6300
6300
6300
6300
6300
2300
1E00
ENDCHAR
STARTCHAR uni0924094D
ENCODING 64706
SWIDTH 281 0
DWIDTH 6 0
BBX 9 13 0 1
BITMAP
FF00
0000
0000
0000
3F80
6000
6000
6000
6000
6000
2000
3000
3800
ENDCHAR
STARTCHAR uni0925094D
ENCODING 64707
SWIDTH 340 0
DWIDTH 7 0
BBX 8 10 1 4
BITMAP
78
C8
CC
0C
0C
18
70
60
61
1F
ENDCHAR
STARTCHAR uni0926094D
ENCODING 64708
SWIDTH 422 0
DWIDTH 9 0
BBX 10 19 0 -5
BITMAP
FFC0
0200
0200
1E00
6000
6000
6000
6000
6000
6300
2100
1F80
0180
0180
0000
0800
0600
03C0
0040
ENDCHAR
STARTCHAR uni0927094D
ENCODING 64709
SWIDTH 315 0
DWIDTH 7 0
BBX 9 11 1 3
BITMAP
7000
D800
C000
C000
4000
7800
C000
C180
C100
C300
3E00
ENDCHAR
STARTCHAR uni0928094D
ENCODING 64710
SWIDTH 331 0
DWIDTH 7 0
BBX 9 10 0 4
BITMAP
FF00
0000
0000
0000
0000
7F80
CC00
C800
C800
7000
ENDCHAR
STARTCHAR uni0929094D
ENCODING 64711
SWIDTH 331 0
DWIDTH 7 0
BBX 9 14 0 0
BITMAP
FF00
0000
0000
0000
0000
7F80
CC00
C800
C800
7000
0000
0000
3000
3000
ENDCHAR
STARTCHAR uni092A094D
ENCODING 64712
SWIDTH 243 0
DWIDTH 5 0
BBX 8 10 0 4
BITMAP
FF
60
60
60
60
60
61
61
23
1E
ENDCHAR
STARTCHAR uni092B094D
ENCODING 64713
SWIDTH 480 0
DWIDTH 11 0
BBX 13 13 0 1
BITMAP
FFF0
6300
6300
63F0
6398
6308
6308
6308
2300
3F00
0300
0300
0300
ENDCHAR
STARTCHAR uni092C094D
ENCODING 64714
SWIDTH 220 0
DWIDTH 5 0
BBX 7 11 0 3
BITMAP
FE
00
00
3E
72
78
48
44
64
62
3E
ENDCHAR
STARTCHAR uni092D094D
ENCODING 64715
SWIDTH 392 0
DWIDTH 9 0
BBX 10 11 1 3
BITMAP
7800
C800
CC00
0C00
0C00
0C00
0C00
7FC0
CC00
C800
7800
ENDCHAR
STARTCHAR uni092E094D
ENCODING 64716
SWIDTH 373 0
DWIDTH 8 0
BBX 11 11 0 3
BITMAP
FFE0
0C00
0C00
0C00
0C00
0C00
7FC0
4C00
CC00
4C00
3800
ENDCHAR
STARTCHAR uni092F094D
ENCODING 64717
SWIDTH 283 0
DWIDTH 6 0
BBX 9 10 0 4
BITMAP
FE00
1800
1800
1800
1800
7000
6180
6180
3180
1E00
ENDCHAR
STARTCHAR uni0931094D
ENCODING 64718
SWIDTH 250 0
DWIDTH 6 0
BBX 8 8 0 6
BITMAP
FF
00
00
00
00
60
60
3F
ENDCHAR
STARTCHAR uni0932094D
ENCODING 64719
SWIDTH 426 0
DWIDTH 9 0
BBX 12 13 0 1
BITMAP
FFE0
0000
0000
0000
3DE0
6530
6210
4200
4200
4000
6000
3000
1C00
ENDCHAR
STARTCHAR uni0933094D
ENCODING 64720
SWIDTH 658 0
DWIDTH 14 0
BBX 15 12 0 2
BITMAP
FFFE
0000
0000
3CF0
6798
638C
430C
430C
430C
638C
6698
3CF0
ENDCHAR
STARTCHAR uni0934094D
ENCODING 64721
SWIDTH 658 0
DWIDTH 14 0
BBX 15 15 0 -1
BITMAP
FFFE
0000
0000
3CF0
6798
638C
430C
430C
430C
638C
6698
3CF0
0000
0300
0300
ENDCHAR
STARTCHAR uni0935094D
ENCODING 64722
SWIDTH 206 0
DWIDTH 5 0
BBX 6 11 0 3
BITMAP
FC
00
00
3C
64
40
40
40
40
64
3C
ENDCHAR
STARTCHAR uni0936094D
ENCODING 64723
SWIDTH 336 0
DWIDTH 7 0
BBX 6 13 1 1
BITMAP
78
C8
CC
0C
0C
18
38
E0
60
60
30
10
1C
ENDCHAR
STARTCHAR uni0937094D
ENCODING 64724
SWIDTH 243 0
DWIDTH 5 0
BBX 8 10 0 4
BITMAP
FF
60
70
70
68
68
65
65
23
1E
ENDCHAR
STARTCHAR uni0938094D
ENCODING 64725
SWIDTH 349 0
DWIDTH 8 0
BBX 10 13 0 1
BITMAP
FF80
0C00
0C00
0C00
0C00
0C00
1800
7FC0
6000
2000
3000
1000
1800
ENDCHAR
STARTCHAR uni0939094D
ENCODING 64726
SWIDTH 391 0
DWIDTH 9 0
BBX 11 14 0 0
BITMAP
FF80
0600
0600
3E00
6000
6000
6000
3FE0
6000
6000
6000
6000
3000
1E00
ENDCHAR
STARTCHAR uni0958094D
ENCODING 64727
SWIDTH 466 0
DWIDTH 10 0
BBX 13 14 0 0
BITMAP
FFF0
0300
0300
3FF0
6710
4318
C318
C318
4300
6700
3F00
0300
3300
3000
ENDCHAR
STARTCHAR uni0959094D
ENCODING 64728
SWIDTH 483 0
DWIDTH 11 0
BBX 13 14 0 0
BITMAP
FFF0
0800
0800
08F0
0998
1908
7908
7108
6198
60F8
3018
1830
6FC0
6000
ENDCHAR
STARTCHAR uni095A094D
ENCODING 64729
SWIDTH 355 0
DWIDTH 8 0
BBX 9 14 0 0
BITMAP
FF80
0C00
0C00
0C00
0C00
7C00
4C00
CC00
4C00
3800
0000
0000
3000
3000
ENDCHAR
STARTCHAR uni095B094D
ENCODING 64730
SWIDTH 343 0
DWIDTH 8 0
BBX 10 15 0 -1
BITMAP
FF80
0000
0000
0000
47C0
4600
4600
4600
4600
6400
3C00
0000
0000
1800
1800
ENDCHAR
STARTCHAR uni095E094D
ENCODING 64731
SWIDTH 480 0
DWIDTH 11 0
BBX 13 14 0 0
BITMAP
FFF0
6300
6300
63F0
6398
6308
6308
6308
2300
3F00
0300
0300
3300
3300
ENDCHAR
STARTCHAR uni091D094D.loclNEP.01
ENCODING 64732
SWIDTH 628 0
DWIDTH 14 0
BBX 15 13 1 1
BITMAP
79FC
C840
CC40
0C40
0C5E
0C60
7FC0
CC40
CC40
C840
7040
0040
0040
ENDCHAR
STARTCHAR uni0915094D.01
ENCODING 64733
SWIDTH 466 0
DWIDTH 10 0
BBX 13 13 0 1
BITMAP
FFF0
0300
0300
3B00
67F8
4300
C300
C300
4300
6700
3F00
0300
0300
ENDCHAR
STARTCHAR uni091C094D.01
ENCODING 64734
SWIDTH 343 0
DWIDTH 8 0
BBX 9 13 0 1
BITMAP
FF80
0000
0000
0000
0000
0000
0000
4780
4600
4600
4600
6400
3800
ENDCHAR
STARTCHAR uni0924094D.01
ENCODING 64735
SWIDTH 281 0
DWIDTH 6 0
BBX 8 13 0 1
BITMAP
FF
00
00
00
00
00
00
3F
60
60
60
20
38
ENDCHAR
STARTCHAR uni0928094D.01
ENCODING 64736
SWIDTH 331 0
DWIDTH 7 0
BBX 9 12 0 2
BITMAP
FF00
0000
0000
0000
0000
0000
0000
7F80
CC00
C800
C800
7000
ENDCHAR
STARTCHAR uni0929094D.01
ENCODING 64737
SWIDTH 331 0
DWIDTH 7 0
BBX 9 15 0 -1
BITMAP
FF00
0000
0000
0000
0000
0000
0000
7F80
CC00
C800
C800
7000
0000
3000
3000
ENDCHAR
STARTCHAR uni092B094D.01
ENCODING 64738
SWIDTH 480 0
DWIDTH 11 0
BBX 13 13 0 1
BITMAP
FFF0
6300
6300
6300
63F8
6380
6300
6300
2300
3F00
0300
0300
0300
ENDCHAR
STARTCHAR uni0958094D.01
ENCODING 64739
SWIDTH 466 0
DWIDTH 10 0
BBX 13 14 0 0
BITMAP
FFF0
0300
0300
3B00
67F8
4300
C300
C300
4300
6700
3F00
0300
3300
3000
ENDCHAR
STARTCHAR uni095E094D.01
ENCODING 64740
SWIDTH 480 0
DWIDTH 11 0
BBX 13 14 0 0
BITMAP
FFF0
6300
6300
6300
63F8
6380
6300
6300
2300
3F00
0300
0300
3300
3300
ENDCHAR
STARTCHAR uni0936094D.loclMAR
ENCODING 64741
SWIDTH 336 0
DWIDTH 7 0
BBX 8 14 0 0
BITMAP
FF
08
08
3E
32
23
03
06
6E
3C
30
30
30
10
ENDCHAR
STARTCHAR uni091D094D.loclNEP
ENCODING 64742
SWIDTH 628 0
DWIDTH 14 0
BBX 16 13 1 1
BITMAP
79FC
C840
CC40
0C5C
0C62
0C42
7FC3
CC40
CC40
C840
7040
0040
0040
ENDCHAR
STARTCHAR uni0936094D.ss02
ENCODING 64743
SWIDTH 335 0
DWIDTH 7 0
BBX 10 8 0 6
BITMAP
3800
6400
4600
4600
6600
7C00
3C00
F7C0
ENDCHAR
STARTCHAR uni096B.loclNEP
ENCODING 64744
SWIDTH 427 0
DWIDTH 9 0
BBX 7 15 1 -1
BITMAP
60
60
40
C2
C2
C2
C2
C6
46
3E
02
C2
C6
FC
C0
ENDCHAR
STARTCHAR uni096E.loclNEP
ENCODING 64745
SWIDTH 469 0
DWIDTH 10 0
BBX 8 12 1 0
BITMAP
FF
18
30
60
60
C0
C0
C0
C3
C3
66
3C
ENDCHAR
STARTCHAR uni09450930094D
ENCODING 64746
SWIDTH 0 0
DWIDTH 0 0
BBX 7 6 -4 12
BITMAP
60
C0
B2
DE
C0
60
ENDCHAR
STARTCHAR uni09460901
ENCODING 64747
SWIDTH 0 0
DWIDTH 0 0
BBX 14 7 -11 14
BITMAP
0060
0060
C18C
7F88
00F0
0080
0080
ENDCHAR
STARTCHAR uni09460902
ENCODING 64748
SWIDTH 0 0
DWIDTH 0 0
BBX 9 6 -11 14
BITMAP
0180
C180
7F80
0080
0080
0080
ENDCHAR
STARTCHAR uni09460930094D
ENCODING 64749
SWIDTH 0 0
DWIDTH 0 0
BBX 10 6 -11 13
BITMAP
C0C0
FF80
7F00
0100
0180
00C0
ENDCHAR
STARTCHAR uni09460930094D0901
ENCODING 64750
SWIDTH 0 0
DWIDTH 0 0
BBX 14 7 -11 12
BITMAP
C0C0
C180
7F10
0144
01B8
0080
00C0
ENDCHAR
STARTCHAR uni09460930094D0902
ENCODING 64751
SWIDTH 0 0
DWIDTH 0 0
BBX 12 6 -11 13
BITMAP
C0C0
7F80
0130
0130
0180
00C0
ENDCHAR
STARTCHAR uni09470901
ENCODING 64752
SWIDTH 0 0
DWIDTH 0 0
BBX 7 7 -5 13
BITMAP
D8
DA
46
7C
60
20
60
ENDCHAR
STARTCHAR uni09470902
ENCODING 64753
SWIDTH 0 0
DWIDTH 0 0
BBX 5 7 -5 13
BITMAP
C0
D8
58
40
60
20
60
ENDCHAR
STARTCHAR uni09470930094D
ENCODING 64754
SWIDTH 0 0
DWIDTH 0 0
BBX 6 7 -6 13
BITMAP
C0
4C
70
30
30
30
38
ENDCHAR
STARTCHAR uni09470930094D0901
ENCODING 64755
SWIDTH 0 0
DWIDTH 0 0
BBX 9 7 -6 13
BITMAP
CC00
5000
7200
3880
3980
3700
3800
ENDCHAR
STARTCHAR uni09470930094D0902
ENCODING 64756
SWIDTH 0 0
DWIDTH 0 0
BBX 6 7 -6 13
BITMAP
C0
4C
70
34
34
30
38
ENDCHAR
STARTCHAR uni09480901
ENCODING 64757
SWIDTH 0 0
DWIDTH 0 0
BBX 11 7 -8 13
BITMAP
DB00
DB60
6CC0
2F80
3C00
1400
1C00
ENDCHAR
STARTCHAR uni09480902
ENCODING 64758
SWIDTH 0 0
DWIDTH 0 0
BBX 8 7 -8 13
BITMAP
D8
DB
6B
2C
3C
14
1C
ENDCHAR
STARTCHAR uni09480930094D
ENCODING 64759
SWIDTH 0 0
DWIDTH 0 0
BBX 9 7 -9 13
BITMAP
CC00
6D80
2500
3600
1E00
0E00
0E00
ENDCHAR
STARTCHAR uni09480930094D0901
ENCODING 64760
SWIDTH 0 0
DWIDTH 0 0
BBX 12 7 -9 13
BITMAP
D980
6E00
2E40
3710
1690
0AE0
0E00
ENDCHAR
STARTCHAR uni09480930094D0902
ENCODING 64761
SWIDTH 0 0
DWIDTH 0 0
BBX 10 7 -9 13
BITMAP
D800
6980
2E00
36C0
16C0
0A00
0E00
ENDCHAR
STARTCHAR uni093C094D
ENCODING 64762
SWIDTH 0 0
DWIDTH 0 0
BBX 8 4 -3 -5
BITMAP
C0
D8
1E
03
ENDCHAR
STARTCHAR uni093C094D0930
ENCODING 64763
SWIDTH 0 0
DWIDTH 0 0
BBX 9 6 -7 -7
BITMAP
0C00
0C00
0000
1C00
3600
E380
ENDCHAR
STARTCHAR uni093C094D09300941
ENCODING 64764
SWIDTH 0 0
DWIDTH 0 0
BBX 9 11 -7 -12
BITMAP
0C00
0C00
0000
0C00
3600
6300
8080
1E00
8300
E300
3E00
ENDCHAR
STARTCHAR uni093C094D09300942
ENCODING 64765
SWIDTH 0 0
DWIDTH 0 0
BBX 9 11 -7 -12
BITMAP
0C00
0C00
0000
1C00
3600
C180
3C00
6200
6300
6100
3D80
ENDCHAR
STARTCHAR uni093C094D09300943
ENCODING 64766
SWIDTH 0 0
DWIDTH 0 0
BBX 9 11 -7 -12
BITMAP
0C00
0C00
0000
1C00
3600
E380
1C00
3000
3000
3000
1E00
ENDCHAR
STARTCHAR uni093C094D09300944
ENCODING 64767
SWIDTH 0 0
DWIDTH 0 0
BBX 9 11 -7 -12
BITMAP
0C00
0C00
0000
1E00
E380
1C00
3000
3000
1C00
3000
1C00
ENDCHAR
STARTCHAR uni093C094D09300962
ENCODING 64768
SWIDTH 0 0
DWIDTH 0 0
BBX 9 11 -7 -12
BITMAP
0C00
0C00
0000
1C00
3700
C080
3700
6B00
6B00
6200
3380
ENDCHAR
STARTCHAR uni093C094D09300963
ENCODING 64769
SWIDTH 0 0
DWIDTH 0 0
BBX 9 11 -7 -12
BITMAP
0C00
0C00
0000
1C00
3700
C080
3700
6A00
6380
6200
3380
ENDCHAR
STARTCHAR uni0930094D
ENCODING 64770
SWIDTH 0 0
DWIDTH 0 0
BBX 3 6 -4 13
BITMAP
60
C0
80
C0
C0
60
ENDCHAR
STARTCHAR uni0930094D0901
ENCODING 64771
SWIDTH 0 0
DWIDTH 0 0
BBX 7 7 -4 12
BITMAP
60
C0
88
A2
DC
C0
60
ENDCHAR
STARTCHAR uni0930094D0902
ENCODING 64772
SWIDTH 0 0
DWIDTH 0 0
BBX 5 6 -4 13
BITMAP
60
C0
98
98
C0
60
ENDCHAR
STARTCHAR uni094D0930
ENCODING 64773
SWIDTH 0 0
DWIDTH 0 0
BBX 9 4 -7 -4
BITMAP
0800
1C00
3600
E380
ENDCHAR
STARTCHAR uni094D09300941
ENCODING 64774
SWIDTH 0 0
DWIDTH 0 0
BBX 9 10 -7 -9
BITMAP
0800
1C00
3300
C180
0000
1C00
8200
C300
6200
1E00
ENDCHAR
STARTCHAR uni094D09300942
ENCODING 64775
SWIDTH 0 0
DWIDTH 0 0
BBX 9 10 -7 -9
BITMAP
0800
1C00
6700
C180
0000
3C00
6200
6300
6100
3D80
ENDCHAR
STARTCHAR uni094D09300943
ENCODING 64776
SWIDTH 0 0
DWIDTH 0 0
BBX 9 10 -7 -9
BITMAP
0800
1C00
6700
C180
0000
1C00
3000
3000
3000
1E00
ENDCHAR
STARTCHAR uni094D09300944
ENCODING 64777
SWIDTH 0 0
DWIDTH 0 0
BBX 9 11 -7 -10
BITMAP
0800
1C00
6700
C180
1C00
3000
3000
1C00
3000
3000
1E00
ENDCHAR
STARTCHAR uni094D09300962
ENCODING 64778
SWIDTH 0 0
DWIDTH 0 0
BBX 9 10 -7 -9
BITMAP
0800
1C00
6700
C180
3600
6B00
6B00
6200
3200
0380
ENDCHAR
STARTCHAR uni094D09300963
ENCODING 64779
SWIDTH 0 0
DWIDTH 0 0
BBX 9 11 -7 -11
BITMAP
1C00
3600
E380
0000
3700
6B00
6B00
6280
3380
0600
0380
ENDCHAR
STARTCHAR uni0930094D.loclMAR
ENCODING 64780
SWIDTH 0 0
DWIDTH 0 0
BBX 9 8 -6 6
BITMAP
FF80
0000
0000
0000
0000
6000
6000
3F00
ENDCHAR
STARTCHAR rupeeIndiandeva
ENCODING 64781
SWIDTH 478 0
DWIDTH 11 0
BBX 8 13 1 1
BITMAP
FF
04
04
FF
04
0C
0C
38
30
30
18
18
0C
ENDCHAR
STARTCHAR onehalfdeva
ENCODING 64782
SWIDTH 764 0
DWIDTH 17 0
BBX 12 15 2 0
BITMAP
6000
9060
70C0
2080
6180
4100
6200
2270
34D0
0C90
0810
1090
10F0
2080
6080
ENDCHAR
STARTCHAR onethirddeva
ENCODING 64783
SWIDTH 764 0
DWIDTH 17 0
BBX 12 15 2 0
BITMAP
6000
9060
7040
2080
6180
4100
6200
2270
3490
0C10
0820
1890
1090
20F0
6080
ENDCHAR
STARTCHAR twothirdsdeva
ENCODING 64784
SWIDTH 764 0
DWIDTH 17 0
BBX 12 15 2 0
BITMAP
7000
D060
10C0
1080
9100
F100
8200
8670
8490
0C10
0860
1090
1090
20F0
6080
ENDCHAR
STARTCHAR onequarterdeva
ENCODING 64785
SWIDTH 764 0
DWIDTH 17 0
BBX 13 16 2 -1
BITMAP
E000
A040
E0C0
2080
C100
C100
4200
2288
0488
0C88
0848
1870
1048
2048
2048
4070
ENDCHAR
STARTCHAR threequartersdeva
ENCODING 64786
SWIDTH 764 0
DWIDTH 17 0
BBX 13 16 2 -1
BITMAP
E000
9060
10C0
6080
1180
9100
E200
8248
8448
0C48
0848
1830
1048
3048
2048
4070
ENDCHAR
STARTCHAR oneeighthdeva
ENCODING 64787
SWIDTH 764 0
DWIDTH 17 0
BBX 11 16 3 -1
BITMAP
E000
A080
E180
2100
C200
8200
4420
2C40
2880
1880
1100
2100
2100
4220
4120
81C0
ENDCHAR
STARTCHAR oneeighthdeva.loclNEP
ENCODING 64788
SWIDTH 764 0
DWIDTH 17 0
BBX 13 16 2 -1
BITMAP
E000
A040
E080
4180
8100
8300
4200
2400
04F8
0820
1840
1040
3080
2088
60C8
C070
ENDCHAR
STARTCHAR braceleftdeva
ENCODING 64789
SWIDTH 276 0
DWIDTH 6 0
BBX 5 21 0 -3
BITMAP
18
30
30
30
30
20
20
20
20
20
C0
20
20
20
20
20
30
30
30
30
18
ENDCHAR
STARTCHAR bracerightdeva
ENCODING 64790
SWIDTH 276 0
DWIDTH 6 0
BBX 5 21 1 -3
BITMAP
C0
60
20
20
20
20
20
20
20
20
18
20
20
20
20
20
20
20
20
60
C0
ENDCHAR
STARTCHAR bracketleftdeva
ENCODING 64791
SWIDTH 233 0
DWIDTH 5 0
BBX 3 21 1 -3
BITMAP
E0
C0
C0
C0
C0
C0
C0
C0
C0
C0
C0
C0
C0
C0
C0
C0
C0
C0
C0
C0
E0
ENDCHAR
STARTCHAR bracketrightdeva
ENCODING 64792
SWIDTH 233 0
DWIDTH 5 0
BBX 3 21 1 -3
BITMAP
E0
20
20
20
20
20
20
20
20
20
20
20
20
20
20
20
20
20
20
20
E0
ENDCHAR
STARTCHAR parenleftdeva
ENCODING 64793
SWIDTH 258 0
DWIDTH 6 0
BBX 4 21 1 -3
BITMAP
10
20
20
60
40
C0
C0
C0
C0
C0
C0
C0
C0
C0
C0
C0
40
60
20
20
10
ENDCHAR
STARTCHAR parenrightdeva
ENCODING 64794
SWIDTH 258 0
DWIDTH 6 0
BBX 5 21 0 -3
BITMAP
C0
60
20
30
30
10
10
18
18
18
18
18
18
18
10
10
30
20
20
60
C0
ENDCHAR
STARTCHAR endashdeva
ENCODING 64795
SWIDTH 419 0
DWIDTH 9 0
BBX 9 1 0 6
BITMAP
FF80
ENDCHAR
STARTCHAR hyphendeva
ENCODING 64796
SWIDTH 251 0
DWIDTH 6 0
BBX 5 2 0 6
BITMAP
F8
F8
ENDCHAR
STARTCHAR guilsinglleftdeva
ENCODING 64797
SWIDTH 271 0
DWIDTH 6 0
BBX 4 8 1 3
BITMAP
30
60
40
C0
C0
40
60
30
ENDCHAR
STARTCHAR guilsinglrightdeva
ENCODING 64798
SWIDTH 271 0
DWIDTH 6 0
BBX 4 8 1 3
BITMAP
C0
60
20
30
30
20
60
C0
ENDCHAR
STARTCHAR quotedblleftdeva
ENCODING 64799
SWIDTH 344 0
DWIDTH 8 0
BBX 4 5 2 12
BITMAP
50
90
B0
F0
F0
ENDCHAR
STARTCHAR quotedblrightdeva
ENCODING 64800
SWIDTH 334 0
DWIDTH 7 0
BBX 5 5 1 9
BITMAP
D8
D8
48
50
80
ENDCHAR
STARTCHAR quoteleftdeva
ENCODING 64801
SWIDTH 240 0
DWIDTH 5 0
BBX 3 5 1 12
BITMAP
60
40
40
E0
E0
ENDCHAR
STARTCHAR quoterightdeva
ENCODING 64802
SWIDTH 240 0
DWIDTH 5 0
BBX 2 4 2 10
BITMAP
C0
C0
C0
80
ENDCHAR
STARTCHAR quotesinglbasedeva
ENCODING 64803
SWIDTH 167 0
DWIDTH 4 0
BBX 2 4 1 -2
BITMAP
C0
C0
C0
80
ENDCHAR
STARTCHAR quotedbldeva
ENCODING 64804
SWIDTH 333 0
DWIDTH 7 0
BBX 5 6 1 8
BITMAP
D8
D8
D8
58
58
50
ENDCHAR
STARTCHAR quotesingledeva
ENCODING 64805
SWIDTH 205 0
DWIDTH 5 0
BBX 2 6 1 8
BITMAP
C0
C0
C0
C0
40
40
ENDCHAR
STARTCHAR .ttfautohint
ENCODING 64806
SWIDTH 205 0
DWIDTH 5 0
BBX 1 1 0 0
BITMAP
00
ENDCHAR
ENDFONT
